
I20260910 06:21:55.118142 0x1fa65e140 incremental_pipeline.cc:353] Loading database
I20260910 06:21:55.118430 0x1fa65e140 database_cache.cc:73] Loading rigs...
I20260910 06:21:55.118448 0x1fa65e140 database_cache.cc:83]  1 in 0.000s
I20260910 06:21:55.118451 0x1fa65e140 database_cache.cc:91] Loading cameras...
I20260910 06:21:55.118457 0x1fa65e140 database_cache.cc:109]  1 in 0.000s
I20260910 06:21:55.118459 0x1fa65e140 database_cache.cc:117] Loading frames...
I20260910 06:21:55.118471 0x1fa65e140 database_cache.cc:127]  4 in 0.000s
I20260910 06:21:55.118474 0x1fa65e140 database_cache.cc:135] Loading matches...
I20260910 06:21:55.118495 0x1fa65e140 database_cache.cc:140]  2 in 0.000s
I20260910 06:21:55.118498 0x1fa65e140 database_cache.cc:148] Loading images...
I20260910 06:21:55.118679 0x1fa65e140 database_cache.cc:245]  4 in 0.000s (connected 3, loaded 3)
I20260910 06:21:55.118682 0x1fa65e140 database_cache.cc:259] Loading pose priors...
I20260910 06:21:55.118686 0x1fa65e140 database_cache.cc:267]  0 in 0.000s
I20260910 06:21:55.118688 0x1fa65e140 database_cache.cc:275] Building correspondence graph...
I20260910 06:21:55.118734 0x1fa65e140 database_cache.cc:304]  in 0.000s (ignored 0)
I20260910 06:21:55.118737 0x1fa65e140 timer.cc:90] Elapsed time: 0.000 [minutes]
I20260910 06:21:55.120896 0x1fa65e140 incremental_pipeline.cc:487] => Provided pair is unsuitable for initialization.
I20260910 06:21:55.120900 0x1fa65e140 incremental_pipeline.cc:791] Discarding reconstruction due to bad initial pair
I20260910 06:21:55.122689 0x1fa65e140 incremental_pipeline.cc:487] => Provided pair is unsuitable for initialization.
I20260910 06:21:55.122692 0x1fa65e140 incremental_pipeline.cc:791] Discarding reconstruction due to bad initial pair
I20260910 06:21:55.123737 0x1fa65e140 incremental_pipeline.cc:487] => Provided pair is unsuitable for initialization.
I20260910 06:21:55.123740 0x1fa65e140 incremental_pipeline.cc:791] Discarding reconstruction due to bad initial pair
I20260910 06:21:55.125643 0x1fa65e140 incremental_pipeline.cc:487] => Provided pair is unsuitable for initialization.
I20260910 06:21:55.125652 0x1fa65e140 incremental_pipeline.cc:791] Discarding reconstruction due to bad initial pair
I20260910 06:21:55.128035 0x1fa65e140 incremental_pipeline.cc:487] => Provided pair is unsuitable for initialization.
I20260910 06:21:55.128037 0x1fa65e140 incremental_pipeline.cc:791] Discarding reconstruction due to bad initial pair
I20260910 06:21:55.129820 0x1fa65e140 incremental_pipeline.cc:487] => Provided pair is unsuitable for initialization.
I20260910 06:21:55.129822 0x1fa65e140 incremental_pipeline.cc:791] Discarding reconstruction due to bad initial pair
I20260910 06:21:55.130924 0x1fa65e140 incremental_pipeline.cc:487] => Provided pair is unsuitable for initialization.
I20260910 06:21:55.130929 0x1fa65e140 incremental_pipeline.cc:791] Discarding reconstruction due to bad initial pair
I20260910 06:21:55.132737 0x1fa65e140 incremental_pipeline.cc:487] => Provided pair is unsuitable for initialization.
I20260910 06:21:55.132740 0x1fa65e140 incremental_pipeline.cc:791] Discarding reconstruction due to bad initial pair
I20260910 06:21:55.134927 0x1fa65e140 incremental_pipeline.cc:487] => Provided pair is unsuitable for initialization.
I20260910 06:21:55.134932 0x1fa65e140 incremental_pipeline.cc:791] Discarding reconstruction due to bad initial pair
I20260910 06:21:55.136744 0x1fa65e140 incremental_pipeline.cc:487] => Provided pair is unsuitable for initialization.
I20260910 06:21:55.136746 0x1fa65e140 incremental_pipeline.cc:791] Discarding reconstruction due to bad initial pair
I20260910 06:21:55.137762 0x1fa65e140 incremental_pipeline.cc:487] => Provided pair is unsuitable for initialization.
I20260910 06:21:55.137764 0x1fa65e140 incremental_pipeline.cc:791] Discarding reconstruction due to bad initial pair
I20260910 06:21:55.140516 0x1fa65e140 incremental_pipeline.cc:487] => Provided pair is unsuitable for initialization.
I20260910 06:21:55.140519 0x1fa65e140 incremental_pipeline.cc:791] Discarding reconstruction due to bad initial pair
I20260910 06:21:55.141628 0x1fa65e140 incremental_pipeline.cc:487] => Provided pair is unsuitable for initialization.
I20260910 06:21:55.141641 0x1fa65e140 incremental_pipeline.cc:791] Discarding reconstruction due to bad initial pair
I20260910 06:21:55.143414 0x1fa65e140 incremental_pipeline.cc:487] => Provided pair is unsuitable for initialization.
I20260910 06:21:55.143416 0x1fa65e140 incremental_pipeline.cc:791] Discarding reconstruction due to bad initial pair
I20260910 06:21:55.145117 0x1fa65e140 incremental_pipeline.cc:487] => Provided pair is unsuitable for initialization.
I20260910 06:21:55.145120 0x1fa65e140 incremental_pipeline.cc:791] Discarding reconstruction due to bad initial pair
I20260910 06:21:55.146913 0x1fa65e140 incremental_pipeline.cc:487] => Provided pair is unsuitable for initialization.
I20260910 06:21:55.146915 0x1fa65e140 incremental_pipeline.cc:791] Discarding reconstruction due to bad initial pair
I20260910 06:21:55.148027 0x1fa65e140 incremental_pipeline.cc:487] => Provided pair is unsuitable for initialization.
I20260910 06:21:55.148030 0x1fa65e140 incremental_pipeline.cc:791] Discarding reconstruction due to bad initial pair
I20260910 06:21:55.150895 0x1fa65e140 incremental_pipeline.cc:487] => Provided pair is unsuitable for initialization.
I20260910 06:21:55.150898 0x1fa65e140 incremental_pipeline.cc:791] Discarding reconstruction due to bad initial pair
I20260910 06:21:55.152711 0x1fa65e140 incremental_pipeline.cc:487] => Provided pair is unsuitable for initialization.
I20260910 06:21:55.152714 0x1fa65e140 incremental_pipeline.cc:791] Discarding reconstruction due to bad initial pair
I20260910 06:21:55.153818 0x1fa65e140 incremental_pipeline.cc:487] => Provided pair is unsuitable for initialization.
I20260910 06:21:55.153821 0x1fa65e140 incremental_pipeline.cc:791] Discarding reconstruction due to bad initial pair
I20260910 06:21:55.155611 0x1fa65e140 incremental_pipeline.cc:487] => Provided pair is unsuitable for initialization.
I20260910 06:21:55.155614 0x1fa65e140 incremental_pipeline.cc:791] Discarding reconstruction due to bad initial pair
I20260910 06:21:55.157461 0x1fa65e140 incremental_pipeline.cc:487] => Provided pair is unsuitable for initialization.
I20260910 06:21:55.157463 0x1fa65e140 incremental_pipeline.cc:791] Discarding reconstruction due to bad initial pair
I20260910 06:21:55.159522 0x1fa65e140 incremental_pipeline.cc:487] => Provided pair is unsuitable for initialization.
I20260910 06:21:55.159525 0x1fa65e140 incremental_pipeline.cc:791] Discarding reconstruction due to bad initial pair
I20260910 06:21:55.160581 0x1fa65e140 incremental_pipeline.cc:487] => Provided pair is unsuitable for initialization.
I20260910 06:21:55.160583 0x1fa65e140 incremental_pipeline.cc:791] Discarding reconstruction due to bad initial pair
I20260910 06:21:55.162258 0x1fa65e140 incremental_pipeline.cc:487] => Provided pair is unsuitable for initialization.
I20260910 06:21:55.162261 0x1fa65e140 incremental_pipeline.cc:791] Discarding reconstruction due to bad initial pair
I20260910 06:21:55.164116 0x1fa65e140 incremental_pipeline.cc:487] => Provided pair is unsuitable for initialization.
I20260910 06:21:55.164118 0x1fa65e140 incremental_pipeline.cc:791] Discarding reconstruction due to bad initial pair
I20260910 06:21:55.165881 0x1fa65e140 incremental_pipeline.cc:487] => Provided pair is unsuitable for initialization.
I20260910 06:21:55.165883 0x1fa65e140 incremental_pipeline.cc:791] Discarding reconstruction due to bad initial pair
I20260910 06:21:55.167191 0x1fa65e140 incremental_pipeline.cc:487] => Provided pair is unsuitable for initialization.
I20260910 06:21:55.167193 0x1fa65e140 incremental_pipeline.cc:791] Discarding reconstruction due to bad initial pair
I20260910 06:21:55.168927 0x1fa65e140 incremental_pipeline.cc:487] => Provided pair is unsuitable for initialization.
I20260910 06:21:55.168931 0x1fa65e140 incremental_pipeline.cc:791] Discarding reconstruction due to bad initial pair
I20260910 06:21:55.170929 0x1fa65e140 incremental_pipeline.cc:487] => Provided pair is unsuitable for initialization.
I20260910 06:21:55.170932 0x1fa65e140 incremental_pipeline.cc:791] Discarding reconstruction due to bad initial pair
I20260910 06:21:55.174002 0x1fa65e140 incremental_pipeline.cc:487] => Provided pair is unsuitable for initialization.
I20260910 06:21:55.174004 0x1fa65e140 incremental_pipeline.cc:791] Discarding reconstruction due to bad initial pair
I20260910 06:21:55.177017 0x1fa65e140 incremental_pipeline.cc:487] => Provided pair is unsuitable for initialization.
I20260910 06:21:55.177019 0x1fa65e140 incremental_pipeline.cc:791] Discarding reconstruction due to bad initial pair
I20260910 06:21:55.178939 0x1fa65e140 incremental_pipeline.cc:487] => Provided pair is unsuitable for initialization.
I20260910 06:21:55.178941 0x1fa65e140 incremental_pipeline.cc:791] Discarding reconstruction due to bad initial pair
I20260910 06:21:55.180711 0x1fa65e140 incremental_pipeline.cc:487] => Provided pair is unsuitable for initialization.
I20260910 06:21:55.180714 0x1fa65e140 incremental_pipeline.cc:791] Discarding reconstruction due to bad initial pair
I20260910 06:21:55.182438 0x1fa65e140 incremental_pipeline.cc:487] => Provided pair is unsuitable for initialization.
I20260910 06:21:55.182440 0x1fa65e140 incremental_pipeline.cc:791] Discarding reconstruction due to bad initial pair
I20260910 06:21:55.184184 0x1fa65e140 incremental_pipeline.cc:487] => Provided pair is unsuitable for initialization.
I20260910 06:21:55.184186 0x1fa65e140 incremental_pipeline.cc:791] Discarding reconstruction due to bad initial pair
I20260910 06:21:55.185192 0x1fa65e140 incremental_pipeline.cc:487] => Provided pair is unsuitable for initialization.
I20260910 06:21:55.185194 0x1fa65e140 incremental_pipeline.cc:791] Discarding reconstruction due to bad initial pair
I20260910 06:21:55.188090 0x1fa65e140 incremental_pipeline.cc:487] => Provided pair is unsuitable for initialization.
I20260910 06:21:55.188093 0x1fa65e140 incremental_pipeline.cc:791] Discarding reconstruction due to bad initial pair
I20260910 06:21:55.189478 0x1fa65e140 incremental_pipeline.cc:487] => Provided pair is unsuitable for initialization.
I20260910 06:21:55.189481 0x1fa65e140 incremental_pipeline.cc:791] Discarding reconstruction due to bad initial pair
I20260910 06:21:55.191394 0x1fa65e140 incremental_pipeline.cc:487] => Provided pair is unsuitable for initialization.
I20260910 06:21:55.191396 0x1fa65e140 incremental_pipeline.cc:791] Discarding reconstruction due to bad initial pair
I20260910 06:21:55.193208 0x1fa65e140 incremental_pipeline.cc:487] => Provided pair is unsuitable for initialization.
I20260910 06:21:55.193212 0x1fa65e140 incremental_pipeline.cc:791] Discarding reconstruction due to bad initial pair
I20260910 06:21:55.194946 0x1fa65e140 incremental_pipeline.cc:487] => Provided pair is unsuitable for initialization.
I20260910 06:21:55.194949 0x1fa65e140 incremental_pipeline.cc:791] Discarding reconstruction due to bad initial pair
I20260910 06:21:55.196019 0x1fa65e140 incremental_pipeline.cc:487] => Provided pair is unsuitable for initialization.
I20260910 06:21:55.196022 0x1fa65e140 incremental_pipeline.cc:791] Discarding reconstruction due to bad initial pair
I20260910 06:21:55.197684 0x1fa65e140 incremental_pipeline.cc:487] => Provided pair is unsuitable for initialization.
I20260910 06:21:55.197686 0x1fa65e140 incremental_pipeline.cc:791] Discarding reconstruction due to bad initial pair
I20260910 06:21:55.199466 0x1fa65e140 incremental_pipeline.cc:487] => Provided pair is unsuitable for initialization.
I20260910 06:21:55.199468 0x1fa65e140 incremental_pipeline.cc:791] Discarding reconstruction due to bad initial pair
I20260910 06:21:55.201234 0x1fa65e140 incremental_pipeline.cc:487] => Provided pair is unsuitable for initialization.
I20260910 06:21:55.201236 0x1fa65e140 incremental_pipeline.cc:791] Discarding reconstruction due to bad initial pair
I20260910 06:21:55.202966 0x1fa65e140 incremental_pipeline.cc:487] => Provided pair is unsuitable for initialization.
I20260910 06:21:55.202969 0x1fa65e140 incremental_pipeline.cc:791] Discarding reconstruction due to bad initial pair
I20260910 06:21:55.204830 0x1fa65e140 incremental_pipeline.cc:487] => Provided pair is unsuitable for initialization.
I20260910 06:21:55.204839 0x1fa65e140 incremental_pipeline.cc:791] Discarding reconstruction due to bad initial pair
I20260910 06:21:55.207105 0x1fa65e140 incremental_pipeline.cc:487] => Provided pair is unsuitable for initialization.
I20260910 06:21:55.207107 0x1fa65e140 incremental_pipeline.cc:791] Discarding reconstruction due to bad initial pair
I20260910 06:21:55.208890 0x1fa65e140 incremental_pipeline.cc:487] => Provided pair is unsuitable for initialization.
I20260910 06:21:55.208893 0x1fa65e140 incremental_pipeline.cc:791] Discarding reconstruction due to bad initial pair
I20260910 06:21:55.210795 0x1fa65e140 incremental_pipeline.cc:487] => Provided pair is unsuitable for initialization.
I20260910 06:21:55.210797 0x1fa65e140 incremental_pipeline.cc:791] Discarding reconstruction due to bad initial pair
I20260910 06:21:55.212844 0x1fa65e140 incremental_pipeline.cc:487] => Provided pair is unsuitable for initialization.
I20260910 06:21:55.212846 0x1fa65e140 incremental_pipeline.cc:791] Discarding reconstruction due to bad initial pair
I20260910 06:21:55.215159 0x1fa65e140 incremental_pipeline.cc:487] => Provided pair is unsuitable for initialization.
I20260910 06:21:55.215161 0x1fa65e140 incremental_pipeline.cc:791] Discarding reconstruction due to bad initial pair
I20260910 06:21:55.216122 0x1fa65e140 incremental_pipeline.cc:487] => Provided pair is unsuitable for initialization.
I20260910 06:21:55.216124 0x1fa65e140 incremental_pipeline.cc:791] Discarding reconstruction due to bad initial pair
I20260910 06:21:55.217906 0x1fa65e140 incremental_pipeline.cc:487] => Provided pair is unsuitable for initialization.
I20260910 06:21:55.217908 0x1fa65e140 incremental_pipeline.cc:791] Discarding reconstruction due to bad initial pair
I20260910 06:21:55.219782 0x1fa65e140 incremental_pipeline.cc:487] => Provided pair is unsuitable for initialization.
I20260910 06:21:55.219787 0x1fa65e140 incremental_pipeline.cc:791] Discarding reconstruction due to bad initial pair
I20260910 06:21:55.222105 0x1fa65e140 incremental_pipeline.cc:487] => Provided pair is unsuitable for initialization.
I20260910 06:21:55.222108 0x1fa65e140 incremental_pipeline.cc:791] Discarding reconstruction due to bad initial pair
I20260910 06:21:55.224158 0x1fa65e140 incremental_pipeline.cc:487] => Provided pair is unsuitable for initialization.
I20260910 06:21:55.224163 0x1fa65e140 incremental_pipeline.cc:791] Discarding reconstruction due to bad initial pair
I20260910 06:21:55.225940 0x1fa65e140 incremental_pipeline.cc:487] => Provided pair is unsuitable for initialization.
I20260910 06:21:55.225943 0x1fa65e140 incremental_pipeline.cc:791] Discarding reconstruction due to bad initial pair
I20260910 06:21:55.227757 0x1fa65e140 incremental_pipeline.cc:487] => Provided pair is unsuitable for initialization.
I20260910 06:21:55.227760 0x1fa65e140 incremental_pipeline.cc:791] Discarding reconstruction due to bad initial pair
I20260910 06:21:55.229525 0x1fa65e140 incremental_pipeline.cc:487] => Provided pair is unsuitable for initialization.
I20260910 06:21:55.229527 0x1fa65e140 incremental_pipeline.cc:791] Discarding reconstruction due to bad initial pair
I20260910 06:21:55.231296 0x1fa65e140 incremental_pipeline.cc:487] => Provided pair is unsuitable for initialization.
I20260910 06:21:55.231298 0x1fa65e140 incremental_pipeline.cc:791] Discarding reconstruction due to bad initial pair
I20260910 06:21:55.233124 0x1fa65e140 incremental_pipeline.cc:487] => Provided pair is unsuitable for initialization.
I20260910 06:21:55.233126 0x1fa65e140 incremental_pipeline.cc:791] Discarding reconstruction due to bad initial pair
I20260910 06:21:55.234899 0x1fa65e140 incremental_pipeline.cc:487] => Provided pair is unsuitable for initialization.
I20260910 06:21:55.234901 0x1fa65e140 incremental_pipeline.cc:791] Discarding reconstruction due to bad initial pair
I20260910 06:21:55.237142 0x1fa65e140 incremental_pipeline.cc:487] => Provided pair is unsuitable for initialization.
I20260910 06:21:55.237145 0x1fa65e140 incremental_pipeline.cc:791] Discarding reconstruction due to bad initial pair
I20260910 06:21:55.238932 0x1fa65e140 incremental_pipeline.cc:487] => Provided pair is unsuitable for initialization.
I20260910 06:21:55.238934 0x1fa65e140 incremental_pipeline.cc:791] Discarding reconstruction due to bad initial pair
I20260910 06:21:55.239826 0x1fa65e140 incremental_pipeline.cc:487] => Provided pair is unsuitable for initialization.
I20260910 06:21:55.239828 0x1fa65e140 incremental_pipeline.cc:791] Discarding reconstruction due to bad initial pair
I20260910 06:21:55.241582 0x1fa65e140 incremental_pipeline.cc:487] => Provided pair is unsuitable for initialization.
I20260910 06:21:55.241584 0x1fa65e140 incremental_pipeline.cc:791] Discarding reconstruction due to bad initial pair
I20260910 06:21:55.243469 0x1fa65e140 incremental_pipeline.cc:487] => Provided pair is unsuitable for initialization.
I20260910 06:21:55.243472 0x1fa65e140 incremental_pipeline.cc:791] Discarding reconstruction due to bad initial pair
I20260910 06:21:55.244401 0x1fa65e140 incremental_pipeline.cc:487] => Provided pair is unsuitable for initialization.
I20260910 06:21:55.244406 0x1fa65e140 incremental_pipeline.cc:791] Discarding reconstruction due to bad initial pair
I20260910 06:21:55.245471 0x1fa65e140 incremental_pipeline.cc:487] => Provided pair is unsuitable for initialization.
I20260910 06:21:55.245473 0x1fa65e140 incremental_pipeline.cc:791] Discarding reconstruction due to bad initial pair
I20260910 06:21:55.247850 0x1fa65e140 incremental_pipeline.cc:487] => Provided pair is unsuitable for initialization.
I20260910 06:21:55.247852 0x1fa65e140 incremental_pipeline.cc:791] Discarding reconstruction due to bad initial pair
I20260910 06:21:55.249085 0x1fa65e140 incremental_pipeline.cc:487] => Provided pair is unsuitable for initialization.
I20260910 06:21:55.249090 0x1fa65e140 incremental_pipeline.cc:791] Discarding reconstruction due to bad initial pair
I20260910 06:21:55.250161 0x1fa65e140 incremental_pipeline.cc:487] => Provided pair is unsuitable for initialization.
I20260910 06:21:55.250167 0x1fa65e140 incremental_pipeline.cc:791] Discarding reconstruction due to bad initial pair
I20260910 06:21:55.251937 0x1fa65e140 incremental_pipeline.cc:487] => Provided pair is unsuitable for initialization.
I20260910 06:21:55.251940 0x1fa65e140 incremental_pipeline.cc:791] Discarding reconstruction due to bad initial pair
I20260910 06:21:55.254251 0x1fa65e140 incremental_pipeline.cc:487] => Provided pair is unsuitable for initialization.
I20260910 06:21:55.254254 0x1fa65e140 incremental_pipeline.cc:791] Discarding reconstruction due to bad initial pair
I20260910 06:21:55.256108 0x1fa65e140 incremental_pipeline.cc:487] => Provided pair is unsuitable for initialization.
I20260910 06:21:55.256111 0x1fa65e140 incremental_pipeline.cc:791] Discarding reconstruction due to bad initial pair
I20260910 06:21:55.258445 0x1fa65e140 incremental_pipeline.cc:487] => Provided pair is unsuitable for initialization.
I20260910 06:21:55.258448 0x1fa65e140 incremental_pipeline.cc:791] Discarding reconstruction due to bad initial pair
I20260910 06:21:55.260726 0x1fa65e140 incremental_pipeline.cc:487] => Provided pair is unsuitable for initialization.
I20260910 06:21:55.260729 0x1fa65e140 incremental_pipeline.cc:791] Discarding reconstruction due to bad initial pair
I20260910 06:21:55.261872 0x1fa65e140 incremental_pipeline.cc:487] => Provided pair is unsuitable for initialization.
I20260910 06:21:55.261874 0x1fa65e140 incremental_pipeline.cc:791] Discarding reconstruction due to bad initial pair
I20260910 06:21:55.263838 0x1fa65e140 incremental_pipeline.cc:487] => Provided pair is unsuitable for initialization.
I20260910 06:21:55.263840 0x1fa65e140 incremental_pipeline.cc:791] Discarding reconstruction due to bad initial pair
I20260910 06:21:55.265286 0x1fa65e140 incremental_pipeline.cc:487] => Provided pair is unsuitable for initialization.
I20260910 06:21:55.265291 0x1fa65e140 incremental_pipeline.cc:791] Discarding reconstruction due to bad initial pair
I20260910 06:21:55.267120 0x1fa65e140 incremental_pipeline.cc:487] => Provided pair is unsuitable for initialization.
I20260910 06:21:55.267131 0x1fa65e140 incremental_pipeline.cc:791] Discarding reconstruction due to bad initial pair
I20260910 06:21:55.268820 0x1fa65e140 incremental_pipeline.cc:487] => Provided pair is unsuitable for initialization.
I20260910 06:21:55.268822 0x1fa65e140 incremental_pipeline.cc:791] Discarding reconstruction due to bad initial pair
I20260910 06:21:55.270714 0x1fa65e140 incremental_pipeline.cc:487] => Provided pair is unsuitable for initialization.
I20260910 06:21:55.270716 0x1fa65e140 incremental_pipeline.cc:791] Discarding reconstruction due to bad initial pair
I20260910 06:21:55.272653 0x1fa65e140 incremental_pipeline.cc:487] => Provided pair is unsuitable for initialization.
I20260910 06:21:55.272655 0x1fa65e140 incremental_pipeline.cc:791] Discarding reconstruction due to bad initial pair
I20260910 06:21:55.275846 0x1fa65e140 incremental_pipeline.cc:487] => Provided pair is unsuitable for initialization.
I20260910 06:21:55.275851 0x1fa65e140 incremental_pipeline.cc:791] Discarding reconstruction due to bad initial pair
I20260910 06:21:55.277971 0x1fa65e140 incremental_pipeline.cc:487] => Provided pair is unsuitable for initialization.
I20260910 06:21:55.277974 0x1fa65e140 incremental_pipeline.cc:791] Discarding reconstruction due to bad initial pair
I20260910 06:21:55.279105 0x1fa65e140 incremental_pipeline.cc:487] => Provided pair is unsuitable for initialization.
I20260910 06:21:55.279110 0x1fa65e140 incremental_pipeline.cc:791] Discarding reconstruction due to bad initial pair
I20260910 06:21:55.280986 0x1fa65e140 incremental_pipeline.cc:487] => Provided pair is unsuitable for initialization.
I20260910 06:21:55.280988 0x1fa65e140 incremental_pipeline.cc:791] Discarding reconstruction due to bad initial pair
I20260910 06:21:55.282956 0x1fa65e140 incremental_pipeline.cc:487] => Provided pair is unsuitable for initialization.
I20260910 06:21:55.282960 0x1fa65e140 incremental_pipeline.cc:791] Discarding reconstruction due to bad initial pair
I20260910 06:21:55.284792 0x1fa65e140 incremental_pipeline.cc:487] => Provided pair is unsuitable for initialization.
I20260910 06:21:55.284795 0x1fa65e140 incremental_pipeline.cc:791] Discarding reconstruction due to bad initial pair
I20260910 06:21:55.286743 0x1fa65e140 incremental_pipeline.cc:487] => Provided pair is unsuitable for initialization.
I20260910 06:21:55.286746 0x1fa65e140 incremental_pipeline.cc:791] Discarding reconstruction due to bad initial pair
I20260910 06:21:55.288539 0x1fa65e140 incremental_pipeline.cc:487] => Provided pair is unsuitable for initialization.
I20260910 06:21:55.288544 0x1fa65e140 incremental_pipeline.cc:791] Discarding reconstruction due to bad initial pair
I20260910 06:21:55.290456 0x1fa65e140 incremental_pipeline.cc:487] => Provided pair is unsuitable for initialization.
I20260910 06:21:55.290460 0x1fa65e140 incremental_pipeline.cc:791] Discarding reconstruction due to bad initial pair
I20260910 06:21:55.292430 0x1fa65e140 incremental_pipeline.cc:487] => Provided pair is unsuitable for initialization.
I20260910 06:21:55.292432 0x1fa65e140 incremental_pipeline.cc:791] Discarding reconstruction due to bad initial pair
I20260910 06:21:55.293532 0x1fa65e140 incremental_pipeline.cc:487] => Provided pair is unsuitable for initialization.
I20260910 06:21:55.293534 0x1fa65e140 incremental_pipeline.cc:791] Discarding reconstruction due to bad initial pair
I20260910 06:21:55.294866 0x1fa65e140 incremental_pipeline.cc:487] => Provided pair is unsuitable for initialization.
I20260910 06:21:55.294868 0x1fa65e140 incremental_pipeline.cc:791] Discarding reconstruction due to bad initial pair
I20260910 06:21:55.296845 0x1fa65e140 incremental_pipeline.cc:487] => Provided pair is unsuitable for initialization.
I20260910 06:21:55.296848 0x1fa65e140 incremental_pipeline.cc:791] Discarding reconstruction due to bad initial pair
I20260910 06:21:55.300048 0x1fa65e140 incremental_pipeline.cc:487] => Provided pair is unsuitable for initialization.
I20260910 06:21:55.300057 0x1fa65e140 incremental_pipeline.cc:791] Discarding reconstruction due to bad initial pair
I20260910 06:21:55.301909 0x1fa65e140 incremental_pipeline.cc:487] => Provided pair is unsuitable for initialization.
I20260910 06:21:55.301912 0x1fa65e140 incremental_pipeline.cc:791] Discarding reconstruction due to bad initial pair
I20260910 06:21:55.302993 0x1fa65e140 incremental_pipeline.cc:487] => Provided pair is unsuitable for initialization.
I20260910 06:21:55.302996 0x1fa65e140 incremental_pipeline.cc:791] Discarding reconstruction due to bad initial pair
I20260910 06:21:55.304051 0x1fa65e140 incremental_pipeline.cc:487] => Provided pair is unsuitable for initialization.
I20260910 06:21:55.304054 0x1fa65e140 incremental_pipeline.cc:791] Discarding reconstruction due to bad initial pair
I20260910 06:21:55.305161 0x1fa65e140 incremental_pipeline.cc:487] => Provided pair is unsuitable for initialization.
I20260910 06:21:55.305163 0x1fa65e140 incremental_pipeline.cc:791] Discarding reconstruction due to bad initial pair
I20260910 06:21:55.306145 0x1fa65e140 incremental_pipeline.cc:487] => Provided pair is unsuitable for initialization.
I20260910 06:21:55.306150 0x1fa65e140 incremental_pipeline.cc:791] Discarding reconstruction due to bad initial pair
I20260910 06:21:55.307985 0x1fa65e140 incremental_pipeline.cc:487] => Provided pair is unsuitable for initialization.
I20260910 06:21:55.307987 0x1fa65e140 incremental_pipeline.cc:791] Discarding reconstruction due to bad initial pair
I20260910 06:21:55.309005 0x1fa65e140 incremental_pipeline.cc:487] => Provided pair is unsuitable for initialization.
I20260910 06:21:55.309007 0x1fa65e140 incremental_pipeline.cc:791] Discarding reconstruction due to bad initial pair
I20260910 06:21:55.310014 0x1fa65e140 incremental_pipeline.cc:487] => Provided pair is unsuitable for initialization.
I20260910 06:21:55.310016 0x1fa65e140 incremental_pipeline.cc:791] Discarding reconstruction due to bad initial pair
I20260910 06:21:55.311939 0x1fa65e140 incremental_pipeline.cc:487] => Provided pair is unsuitable for initialization.
I20260910 06:21:55.311941 0x1fa65e140 incremental_pipeline.cc:791] Discarding reconstruction due to bad initial pair
I20260910 06:21:55.314852 0x1fa65e140 incremental_pipeline.cc:487] => Provided pair is unsuitable for initialization.
I20260910 06:21:55.314854 0x1fa65e140 incremental_pipeline.cc:791] Discarding reconstruction due to bad initial pair
I20260910 06:21:55.317243 0x1fa65e140 incremental_pipeline.cc:487] => Provided pair is unsuitable for initialization.
I20260910 06:21:55.317245 0x1fa65e140 incremental_pipeline.cc:791] Discarding reconstruction due to bad initial pair
I20260910 06:21:55.319111 0x1fa65e140 incremental_pipeline.cc:487] => Provided pair is unsuitable for initialization.
I20260910 06:21:55.319113 0x1fa65e140 incremental_pipeline.cc:791] Discarding reconstruction due to bad initial pair
I20260910 06:21:55.321768 0x1fa65e140 incremental_pipeline.cc:487] => Provided pair is unsuitable for initialization.
I20260910 06:21:55.321771 0x1fa65e140 incremental_pipeline.cc:791] Discarding reconstruction due to bad initial pair
I20260910 06:21:55.323600 0x1fa65e140 incremental_pipeline.cc:487] => Provided pair is unsuitable for initialization.
I20260910 06:21:55.323604 0x1fa65e140 incremental_pipeline.cc:791] Discarding reconstruction due to bad initial pair
I20260910 06:21:55.326765 0x1fa65e140 incremental_pipeline.cc:487] => Provided pair is unsuitable for initialization.
I20260910 06:21:55.326767 0x1fa65e140 incremental_pipeline.cc:791] Discarding reconstruction due to bad initial pair
I20260910 06:21:55.329263 0x1fa65e140 incremental_pipeline.cc:487] => Provided pair is unsuitable for initialization.
I20260910 06:21:55.329270 0x1fa65e140 incremental_pipeline.cc:791] Discarding reconstruction due to bad initial pair
I20260910 06:21:55.331123 0x1fa65e140 incremental_pipeline.cc:487] => Provided pair is unsuitable for initialization.
I20260910 06:21:55.331127 0x1fa65e140 incremental_pipeline.cc:791] Discarding reconstruction due to bad initial pair
I20260910 06:21:55.333060 0x1fa65e140 incremental_pipeline.cc:487] => Provided pair is unsuitable for initialization.
I20260910 06:21:55.333063 0x1fa65e140 incremental_pipeline.cc:791] Discarding reconstruction due to bad initial pair
I20260910 06:21:55.334826 0x1fa65e140 incremental_pipeline.cc:487] => Provided pair is unsuitable for initialization.
I20260910 06:21:55.334830 0x1fa65e140 incremental_pipeline.cc:791] Discarding reconstruction due to bad initial pair
I20260910 06:21:55.336726 0x1fa65e140 incremental_pipeline.cc:487] => Provided pair is unsuitable for initialization.
I20260910 06:21:55.336729 0x1fa65e140 incremental_pipeline.cc:791] Discarding reconstruction due to bad initial pair
I20260910 06:21:55.337931 0x1fa65e140 incremental_pipeline.cc:487] => Provided pair is unsuitable for initialization.
I20260910 06:21:55.337934 0x1fa65e140 incremental_pipeline.cc:791] Discarding reconstruction due to bad initial pair
I20260910 06:21:55.339827 0x1fa65e140 incremental_pipeline.cc:487] => Provided pair is unsuitable for initialization.
I20260910 06:21:55.339830 0x1fa65e140 incremental_pipeline.cc:791] Discarding reconstruction due to bad initial pair
I20260910 06:21:55.341136 0x1fa65e140 incremental_pipeline.cc:487] => Provided pair is unsuitable for initialization.
I20260910 06:21:55.341138 0x1fa65e140 incremental_pipeline.cc:791] Discarding reconstruction due to bad initial pair
I20260910 06:21:55.342762 0x1fa65e140 incremental_pipeline.cc:487] => Provided pair is unsuitable for initialization.
I20260910 06:21:55.342764 0x1fa65e140 incremental_pipeline.cc:791] Discarding reconstruction due to bad initial pair
I20260910 06:21:55.344595 0x1fa65e140 incremental_pipeline.cc:487] => Provided pair is unsuitable for initialization.
I20260910 06:21:55.344598 0x1fa65e140 incremental_pipeline.cc:791] Discarding reconstruction due to bad initial pair
I20260910 06:21:55.346847 0x1fa65e140 incremental_pipeline.cc:487] => Provided pair is unsuitable for initialization.
I20260910 06:21:55.346849 0x1fa65e140 incremental_pipeline.cc:791] Discarding reconstruction due to bad initial pair
I20260910 06:21:55.349420 0x1fa65e140 incremental_pipeline.cc:487] => Provided pair is unsuitable for initialization.
I20260910 06:21:55.349422 0x1fa65e140 incremental_pipeline.cc:791] Discarding reconstruction due to bad initial pair
I20260910 06:21:55.351254 0x1fa65e140 incremental_pipeline.cc:487] => Provided pair is unsuitable for initialization.
I20260910 06:21:55.351257 0x1fa65e140 incremental_pipeline.cc:791] Discarding reconstruction due to bad initial pair
I20260910 06:21:55.353205 0x1fa65e140 incremental_pipeline.cc:487] => Provided pair is unsuitable for initialization.
I20260910 06:21:55.353208 0x1fa65e140 incremental_pipeline.cc:791] Discarding reconstruction due to bad initial pair
I20260910 06:21:55.356301 0x1fa65e140 incremental_pipeline.cc:487] => Provided pair is unsuitable for initialization.
I20260910 06:21:55.356304 0x1fa65e140 incremental_pipeline.cc:791] Discarding reconstruction due to bad initial pair
I20260910 06:21:55.358374 0x1fa65e140 incremental_pipeline.cc:487] => Provided pair is unsuitable for initialization.
I20260910 06:21:55.358378 0x1fa65e140 incremental_pipeline.cc:791] Discarding reconstruction due to bad initial pair
I20260910 06:21:55.360215 0x1fa65e140 incremental_pipeline.cc:487] => Provided pair is unsuitable for initialization.
I20260910 06:21:55.360218 0x1fa65e140 incremental_pipeline.cc:791] Discarding reconstruction due to bad initial pair
I20260910 06:21:55.362248 0x1fa65e140 incremental_pipeline.cc:487] => Provided pair is unsuitable for initialization.
I20260910 06:21:55.362251 0x1fa65e140 incremental_pipeline.cc:791] Discarding reconstruction due to bad initial pair
I20260910 06:21:55.364079 0x1fa65e140 incremental_pipeline.cc:487] => Provided pair is unsuitable for initialization.
I20260910 06:21:55.364084 0x1fa65e140 incremental_pipeline.cc:791] Discarding reconstruction due to bad initial pair
I20260910 06:21:55.367002 0x1fa65e140 incremental_pipeline.cc:487] => Provided pair is unsuitable for initialization.
I20260910 06:21:55.367014 0x1fa65e140 incremental_pipeline.cc:791] Discarding reconstruction due to bad initial pair
I20260910 06:21:55.368933 0x1fa65e140 incremental_pipeline.cc:487] => Provided pair is unsuitable for initialization.
I20260910 06:21:55.368936 0x1fa65e140 incremental_pipeline.cc:791] Discarding reconstruction due to bad initial pair
I20260910 06:21:55.371160 0x1fa65e140 incremental_pipeline.cc:487] => Provided pair is unsuitable for initialization.
I20260910 06:21:55.371162 0x1fa65e140 incremental_pipeline.cc:791] Discarding reconstruction due to bad initial pair
I20260910 06:21:55.372096 0x1fa65e140 incremental_pipeline.cc:487] => Provided pair is unsuitable for initialization.
I20260910 06:21:55.372099 0x1fa65e140 incremental_pipeline.cc:791] Discarding reconstruction due to bad initial pair
I20260910 06:21:55.373217 0x1fa65e140 incremental_pipeline.cc:487] => Provided pair is unsuitable for initialization.
I20260910 06:21:55.373219 0x1fa65e140 incremental_pipeline.cc:791] Discarding reconstruction due to bad initial pair
I20260910 06:21:55.375851 0x1fa65e140 incremental_pipeline.cc:487] => Provided pair is unsuitable for initialization.
I20260910 06:21:55.375853 0x1fa65e140 incremental_pipeline.cc:791] Discarding reconstruction due to bad initial pair
I20260910 06:21:55.376863 0x1fa65e140 incremental_pipeline.cc:487] => Provided pair is unsuitable for initialization.
I20260910 06:21:55.376866 0x1fa65e140 incremental_pipeline.cc:791] Discarding reconstruction due to bad initial pair
I20260910 06:21:55.379750 0x1fa65e140 incremental_pipeline.cc:487] => Provided pair is unsuitable for initialization.
I20260910 06:21:55.379752 0x1fa65e140 incremental_pipeline.cc:791] Discarding reconstruction due to bad initial pair
I20260910 06:21:55.381824 0x1fa65e140 incremental_pipeline.cc:487] => Provided pair is unsuitable for initialization.
I20260910 06:21:55.381829 0x1fa65e140 incremental_pipeline.cc:791] Discarding reconstruction due to bad initial pair
I20260910 06:21:55.383882 0x1fa65e140 incremental_pipeline.cc:487] => Provided pair is unsuitable for initialization.
I20260910 06:21:55.383887 0x1fa65e140 incremental_pipeline.cc:791] Discarding reconstruction due to bad initial pair
I20260910 06:21:55.385758 0x1fa65e140 incremental_pipeline.cc:487] => Provided pair is unsuitable for initialization.
I20260910 06:21:55.385760 0x1fa65e140 incremental_pipeline.cc:791] Discarding reconstruction due to bad initial pair
I20260910 06:21:55.387476 0x1fa65e140 incremental_pipeline.cc:487] => Provided pair is unsuitable for initialization.
I20260910 06:21:55.387479 0x1fa65e140 incremental_pipeline.cc:791] Discarding reconstruction due to bad initial pair
I20260910 06:21:55.388617 0x1fa65e140 incremental_pipeline.cc:487] => Provided pair is unsuitable for initialization.
I20260910 06:21:55.388619 0x1fa65e140 incremental_pipeline.cc:791] Discarding reconstruction due to bad initial pair
I20260910 06:21:55.389804 0x1fa65e140 incremental_pipeline.cc:487] => Provided pair is unsuitable for initialization.
I20260910 06:21:55.389806 0x1fa65e140 incremental_pipeline.cc:791] Discarding reconstruction due to bad initial pair
I20260910 06:21:55.391820 0x1fa65e140 incremental_pipeline.cc:487] => Provided pair is unsuitable for initialization.
I20260910 06:21:55.391823 0x1fa65e140 incremental_pipeline.cc:791] Discarding reconstruction due to bad initial pair
I20260910 06:21:55.392922 0x1fa65e140 incremental_pipeline.cc:487] => Provided pair is unsuitable for initialization.
I20260910 06:21:55.392925 0x1fa65e140 incremental_pipeline.cc:791] Discarding reconstruction due to bad initial pair
I20260910 06:21:55.394558 0x1fa65e140 incremental_pipeline.cc:487] => Provided pair is unsuitable for initialization.
I20260910 06:21:55.394561 0x1fa65e140 incremental_pipeline.cc:791] Discarding reconstruction due to bad initial pair
I20260910 06:21:55.396345 0x1fa65e140 incremental_pipeline.cc:487] => Provided pair is unsuitable for initialization.
I20260910 06:21:55.396347 0x1fa65e140 incremental_pipeline.cc:791] Discarding reconstruction due to bad initial pair
I20260910 06:21:55.398113 0x1fa65e140 incremental_pipeline.cc:487] => Provided pair is unsuitable for initialization.
I20260910 06:21:55.398115 0x1fa65e140 incremental_pipeline.cc:791] Discarding reconstruction due to bad initial pair
I20260910 06:21:55.400052 0x1fa65e140 incremental_pipeline.cc:487] => Provided pair is unsuitable for initialization.
I20260910 06:21:55.400054 0x1fa65e140 incremental_pipeline.cc:791] Discarding reconstruction due to bad initial pair
I20260910 06:21:55.401100 0x1fa65e140 incremental_pipeline.cc:487] => Provided pair is unsuitable for initialization.
I20260910 06:21:55.401103 0x1fa65e140 incremental_pipeline.cc:791] Discarding reconstruction due to bad initial pair
I20260910 06:21:55.403418 0x1fa65e140 incremental_pipeline.cc:487] => Provided pair is unsuitable for initialization.
I20260910 06:21:55.403420 0x1fa65e140 incremental_pipeline.cc:791] Discarding reconstruction due to bad initial pair
I20260910 06:21:55.405232 0x1fa65e140 incremental_pipeline.cc:487] => Provided pair is unsuitable for initialization.
I20260910 06:21:55.405234 0x1fa65e140 incremental_pipeline.cc:791] Discarding reconstruction due to bad initial pair
I20260910 06:21:55.406182 0x1fa65e140 incremental_pipeline.cc:487] => Provided pair is unsuitable for initialization.
I20260910 06:21:55.406184 0x1fa65e140 incremental_pipeline.cc:791] Discarding reconstruction due to bad initial pair
I20260910 06:21:55.408070 0x1fa65e140 incremental_pipeline.cc:487] => Provided pair is unsuitable for initialization.
I20260910 06:21:55.408075 0x1fa65e140 incremental_pipeline.cc:791] Discarding reconstruction due to bad initial pair
I20260910 06:21:55.408963 0x1fa65e140 incremental_pipeline.cc:487] => Provided pair is unsuitable for initialization.
I20260910 06:21:55.408965 0x1fa65e140 incremental_pipeline.cc:791] Discarding reconstruction due to bad initial pair
I20260910 06:21:55.410767 0x1fa65e140 incremental_pipeline.cc:487] => Provided pair is unsuitable for initialization.
I20260910 06:21:55.410770 0x1fa65e140 incremental_pipeline.cc:791] Discarding reconstruction due to bad initial pair
I20260910 06:21:55.412545 0x1fa65e140 incremental_pipeline.cc:487] => Provided pair is unsuitable for initialization.
I20260910 06:21:55.412549 0x1fa65e140 incremental_pipeline.cc:791] Discarding reconstruction due to bad initial pair
I20260910 06:21:55.414422 0x1fa65e140 incremental_pipeline.cc:487] => Provided pair is unsuitable for initialization.
I20260910 06:21:55.414425 0x1fa65e140 incremental_pipeline.cc:791] Discarding reconstruction due to bad initial pair
I20260910 06:21:55.416653 0x1fa65e140 incremental_pipeline.cc:487] => Provided pair is unsuitable for initialization.
I20260910 06:21:55.416655 0x1fa65e140 incremental_pipeline.cc:791] Discarding reconstruction due to bad initial pair
I20260910 06:21:55.418332 0x1fa65e140 incremental_pipeline.cc:487] => Provided pair is unsuitable for initialization.
I20260910 06:21:55.418334 0x1fa65e140 incremental_pipeline.cc:791] Discarding reconstruction due to bad initial pair
I20260910 06:21:55.420059 0x1fa65e140 incremental_pipeline.cc:487] => Provided pair is unsuitable for initialization.
I20260910 06:21:55.420061 0x1fa65e140 incremental_pipeline.cc:791] Discarding reconstruction due to bad initial pair
I20260910 06:21:55.422298 0x1fa65e140 incremental_pipeline.cc:487] => Provided pair is unsuitable for initialization.
I20260910 06:21:55.422301 0x1fa65e140 incremental_pipeline.cc:791] Discarding reconstruction due to bad initial pair
I20260910 06:21:55.424191 0x1fa65e140 incremental_pipeline.cc:487] => Provided pair is unsuitable for initialization.
I20260910 06:21:55.424194 0x1fa65e140 incremental_pipeline.cc:791] Discarding reconstruction due to bad initial pair
I20260910 06:21:55.425991 0x1fa65e140 incremental_pipeline.cc:487] => Provided pair is unsuitable for initialization.
I20260910 06:21:55.425993 0x1fa65e140 incremental_pipeline.cc:791] Discarding reconstruction due to bad initial pair
I20260910 06:21:55.427860 0x1fa65e140 incremental_pipeline.cc:487] => Provided pair is unsuitable for initialization.
I20260910 06:21:55.427869 0x1fa65e140 incremental_pipeline.cc:791] Discarding reconstruction due to bad initial pair
I20260910 06:21:55.429638 0x1fa65e140 incremental_pipeline.cc:487] => Provided pair is unsuitable for initialization.
I20260910 06:21:55.429642 0x1fa65e140 incremental_pipeline.cc:791] Discarding reconstruction due to bad initial pair
I20260910 06:21:55.431476 0x1fa65e140 incremental_pipeline.cc:487] => Provided pair is unsuitable for initialization.
I20260910 06:21:55.431478 0x1fa65e140 incremental_pipeline.cc:791] Discarding reconstruction due to bad initial pair
I20260910 06:21:55.433252 0x1fa65e140 incremental_pipeline.cc:487] => Provided pair is unsuitable for initialization.
I20260910 06:21:55.433254 0x1fa65e140 incremental_pipeline.cc:791] Discarding reconstruction due to bad initial pair
I20260910 06:21:55.434918 0x1fa65e140 incremental_pipeline.cc:487] => Provided pair is unsuitable for initialization.
I20260910 06:21:55.434923 0x1fa65e140 incremental_pipeline.cc:791] Discarding reconstruction due to bad initial pair
I20260910 06:21:55.436883 0x1fa65e140 incremental_pipeline.cc:487] => Provided pair is unsuitable for initialization.
I20260910 06:21:55.436889 0x1fa65e140 incremental_pipeline.cc:791] Discarding reconstruction due to bad initial pair
I20260910 06:21:55.438679 0x1fa65e140 incremental_pipeline.cc:487] => Provided pair is unsuitable for initialization.
I20260910 06:21:55.438682 0x1fa65e140 incremental_pipeline.cc:791] Discarding reconstruction due to bad initial pair
I20260910 06:21:55.439719 0x1fa65e140 incremental_pipeline.cc:487] => Provided pair is unsuitable for initialization.
I20260910 06:21:55.439722 0x1fa65e140 incremental_pipeline.cc:791] Discarding reconstruction due to bad initial pair
I20260910 06:21:55.441526 0x1fa65e140 incremental_pipeline.cc:487] => Provided pair is unsuitable for initialization.
I20260910 06:21:55.441530 0x1fa65e140 incremental_pipeline.cc:791] Discarding reconstruction due to bad initial pair
I20260910 06:21:55.444656 0x1fa65e140 incremental_pipeline.cc:487] => Provided pair is unsuitable for initialization.
I20260910 06:21:55.444658 0x1fa65e140 incremental_pipeline.cc:791] Discarding reconstruction due to bad initial pair
I20260910 06:21:55.446506 0x1fa65e140 incremental_pipeline.cc:487] => Provided pair is unsuitable for initialization.
I20260910 06:21:55.446508 0x1fa65e140 incremental_pipeline.cc:791] Discarding reconstruction due to bad initial pair
I20260910 06:21:55.448303 0x1fa65e140 incremental_pipeline.cc:487] => Provided pair is unsuitable for initialization.
I20260910 06:21:55.448306 0x1fa65e140 incremental_pipeline.cc:791] Discarding reconstruction due to bad initial pair
I20260910 06:21:55.449307 0x1fa65e140 incremental_pipeline.cc:487] => Provided pair is unsuitable for initialization.
I20260910 06:21:55.449310 0x1fa65e140 incremental_pipeline.cc:791] Discarding reconstruction due to bad initial pair
I20260910 06:21:55.451083 0x1fa65e140 incremental_pipeline.cc:487] => Provided pair is unsuitable for initialization.
I20260910 06:21:55.451085 0x1fa65e140 incremental_pipeline.cc:791] Discarding reconstruction due to bad initial pair
I20260910 06:21:55.452845 0x1fa65e140 incremental_pipeline.cc:487] => Provided pair is unsuitable for initialization.
I20260910 06:21:55.452847 0x1fa65e140 incremental_pipeline.cc:791] Discarding reconstruction due to bad initial pair
I20260910 06:21:55.454617 0x1fa65e140 incremental_pipeline.cc:487] => Provided pair is unsuitable for initialization.
I20260910 06:21:55.454619 0x1fa65e140 incremental_pipeline.cc:791] Discarding reconstruction due to bad initial pair
I20260910 06:21:55.456360 0x1fa65e140 incremental_pipeline.cc:487] => Provided pair is unsuitable for initialization.
I20260910 06:21:55.456362 0x1fa65e140 incremental_pipeline.cc:791] Discarding reconstruction due to bad initial pair
I20260910 06:21:55.458220 0x1fa65e140 incremental_pipeline.cc:487] => Provided pair is unsuitable for initialization.
I20260910 06:21:55.458222 0x1fa65e140 incremental_pipeline.cc:791] Discarding reconstruction due to bad initial pair
I20260910 06:21:55.459199 0x1fa65e140 incremental_pipeline.cc:487] => Provided pair is unsuitable for initialization.
I20260910 06:21:55.459201 0x1fa65e140 incremental_pipeline.cc:791] Discarding reconstruction due to bad initial pair
I20260910 06:21:55.460635 0x1fa65e140 incremental_pipeline.cc:487] => Provided pair is unsuitable for initialization.
I20260910 06:21:55.460637 0x1fa65e140 incremental_pipeline.cc:791] Discarding reconstruction due to bad initial pair
I20260910 06:21:55.461566 0x1fa65e140 incremental_pipeline.cc:487] => Provided pair is unsuitable for initialization.
I20260910 06:21:55.461568 0x1fa65e140 incremental_pipeline.cc:791] Discarding reconstruction due to bad initial pair
I20260910 06:21:55.463301 0x1fa65e140 incremental_pipeline.cc:487] => Provided pair is unsuitable for initialization.
I20260910 06:21:55.463303 0x1fa65e140 incremental_pipeline.cc:791] Discarding reconstruction due to bad initial pair
I20260910 06:21:55.464179 0x1fa65e140 incremental_pipeline.cc:487] => Provided pair is unsuitable for initialization.
I20260910 06:21:55.464181 0x1fa65e140 incremental_pipeline.cc:791] Discarding reconstruction due to bad initial pair
I20260910 06:21:55.465861 0x1fa65e140 incremental_pipeline.cc:487] => Provided pair is unsuitable for initialization.
I20260910 06:21:55.465863 0x1fa65e140 incremental_pipeline.cc:791] Discarding reconstruction due to bad initial pair
I20260910 06:21:55.467661 0x1fa65e140 incremental_pipeline.cc:487] => Provided pair is unsuitable for initialization.
I20260910 06:21:55.467665 0x1fa65e140 incremental_pipeline.cc:791] Discarding reconstruction due to bad initial pair
I20260910 06:21:55.469418 0x1fa65e140 incremental_pipeline.cc:487] => Provided pair is unsuitable for initialization.
I20260910 06:21:55.469421 0x1fa65e140 incremental_pipeline.cc:791] Discarding reconstruction due to bad initial pair
I20260910 06:21:55.471301 0x1fa65e140 incremental_pipeline.cc:487] => Provided pair is unsuitable for initialization.
I20260910 06:21:55.471303 0x1fa65e140 incremental_pipeline.cc:791] Discarding reconstruction due to bad initial pair
I20260910 06:21:55.473069 0x1fa65e140 incremental_pipeline.cc:487] => Provided pair is unsuitable for initialization.
I20260910 06:21:55.473072 0x1fa65e140 incremental_pipeline.cc:791] Discarding reconstruction due to bad initial pair
I20260910 06:21:55.475293 0x1fa65e140 incremental_pipeline.cc:487] => Provided pair is unsuitable for initialization.
I20260910 06:21:55.475299 0x1fa65e140 incremental_pipeline.cc:791] Discarding reconstruction due to bad initial pair
I20260910 06:21:55.476317 0x1fa65e140 incremental_pipeline.cc:487] => Provided pair is unsuitable for initialization.
I20260910 06:21:55.476319 0x1fa65e140 incremental_pipeline.cc:791] Discarding reconstruction due to bad initial pair
I20260910 06:21:55.477960 0x1fa65e140 incremental_pipeline.cc:487] => Provided pair is unsuitable for initialization.
I20260910 06:21:55.477962 0x1fa65e140 incremental_pipeline.cc:791] Discarding reconstruction due to bad initial pair
I20260910 06:21:55.477965 0x1fa65e140 incremental_pipeline.cc:429] => Relaxing the initialization constraints.
I20260910 06:21:55.479831 0x1fa65e140 incremental_pipeline.cc:487] => Provided pair is unsuitable for initialization.
I20260910 06:21:55.479837 0x1fa65e140 incremental_pipeline.cc:791] Discarding reconstruction due to bad initial pair
I20260910 06:21:55.480830 0x1fa65e140 incremental_pipeline.cc:487] => Provided pair is unsuitable for initialization.
I20260910 06:21:55.480832 0x1fa65e140 incremental_pipeline.cc:791] Discarding reconstruction due to bad initial pair
I20260910 06:21:55.481840 0x1fa65e140 incremental_pipeline.cc:487] => Provided pair is unsuitable for initialization.
I20260910 06:21:55.481842 0x1fa65e140 incremental_pipeline.cc:791] Discarding reconstruction due to bad initial pair
I20260910 06:21:55.483903 0x1fa65e140 incremental_pipeline.cc:487] => Provided pair is unsuitable for initialization.
I20260910 06:21:55.483905 0x1fa65e140 incremental_pipeline.cc:791] Discarding reconstruction due to bad initial pair
I20260910 06:21:55.485764 0x1fa65e140 incremental_pipeline.cc:487] => Provided pair is unsuitable for initialization.
I20260910 06:21:55.485766 0x1fa65e140 incremental_pipeline.cc:791] Discarding reconstruction due to bad initial pair
I20260910 06:21:55.487078 0x1fa65e140 incremental_pipeline.cc:487] => Provided pair is unsuitable for initialization.
I20260910 06:21:55.487080 0x1fa65e140 incremental_pipeline.cc:791] Discarding reconstruction due to bad initial pair
I20260910 06:21:55.488064 0x1fa65e140 incremental_pipeline.cc:487] => Provided pair is unsuitable for initialization.
I20260910 06:21:55.488066 0x1fa65e140 incremental_pipeline.cc:791] Discarding reconstruction due to bad initial pair
I20260910 06:21:55.489024 0x1fa65e140 incremental_pipeline.cc:487] => Provided pair is unsuitable for initialization.
I20260910 06:21:55.489031 0x1fa65e140 incremental_pipeline.cc:791] Discarding reconstruction due to bad initial pair
I20260910 06:21:55.490882 0x1fa65e140 incremental_pipeline.cc:487] => Provided pair is unsuitable for initialization.
I20260910 06:21:55.490884 0x1fa65e140 incremental_pipeline.cc:791] Discarding reconstruction due to bad initial pair
I20260910 06:21:55.493837 0x1fa65e140 incremental_pipeline.cc:487] => Provided pair is unsuitable for initialization.
I20260910 06:21:55.493841 0x1fa65e140 incremental_pipeline.cc:791] Discarding reconstruction due to bad initial pair
I20260910 06:21:55.495739 0x1fa65e140 incremental_pipeline.cc:487] => Provided pair is unsuitable for initialization.
I20260910 06:21:55.495741 0x1fa65e140 incremental_pipeline.cc:791] Discarding reconstruction due to bad initial pair
I20260910 06:21:55.498817 0x1fa65e140 incremental_pipeline.cc:487] => Provided pair is unsuitable for initialization.
I20260910 06:21:55.498819 0x1fa65e140 incremental_pipeline.cc:791] Discarding reconstruction due to bad initial pair
I20260910 06:21:55.500479 0x1fa65e140 incremental_pipeline.cc:487] => Provided pair is unsuitable for initialization.
I20260910 06:21:55.500483 0x1fa65e140 incremental_pipeline.cc:791] Discarding reconstruction due to bad initial pair
I20260910 06:21:55.503465 0x1fa65e140 incremental_pipeline.cc:487] => Provided pair is unsuitable for initialization.
I20260910 06:21:55.503467 0x1fa65e140 incremental_pipeline.cc:791] Discarding reconstruction due to bad initial pair
I20260910 06:21:55.504603 0x1fa65e140 incremental_pipeline.cc:487] => Provided pair is unsuitable for initialization.
I20260910 06:21:55.504606 0x1fa65e140 incremental_pipeline.cc:791] Discarding reconstruction due to bad initial pair
I20260910 06:21:55.506489 0x1fa65e140 incremental_pipeline.cc:487] => Provided pair is unsuitable for initialization.
I20260910 06:21:55.506494 0x1fa65e140 incremental_pipeline.cc:791] Discarding reconstruction due to bad initial pair
I20260910 06:21:55.508043 0x1fa65e140 incremental_pipeline.cc:487] => Provided pair is unsuitable for initialization.
I20260910 06:21:55.508045 0x1fa65e140 incremental_pipeline.cc:791] Discarding reconstruction due to bad initial pair
I20260910 06:21:55.509847 0x1fa65e140 incremental_pipeline.cc:487] => Provided pair is unsuitable for initialization.
I20260910 06:21:55.509850 0x1fa65e140 incremental_pipeline.cc:791] Discarding reconstruction due to bad initial pair
I20260910 06:21:55.511907 0x1fa65e140 incremental_pipeline.cc:487] => Provided pair is unsuitable for initialization.
I20260910 06:21:55.511909 0x1fa65e140 incremental_pipeline.cc:791] Discarding reconstruction due to bad initial pair
I20260910 06:21:55.514990 0x1fa65e140 incremental_pipeline.cc:487] => Provided pair is unsuitable for initialization.
I20260910 06:21:55.514995 0x1fa65e140 incremental_pipeline.cc:791] Discarding reconstruction due to bad initial pair
I20260910 06:21:55.516777 0x1fa65e140 incremental_pipeline.cc:487] => Provided pair is unsuitable for initialization.
I20260910 06:21:55.516779 0x1fa65e140 incremental_pipeline.cc:791] Discarding reconstruction due to bad initial pair
I20260910 06:21:55.518258 0x1fa65e140 incremental_pipeline.cc:487] => Provided pair is unsuitable for initialization.
I20260910 06:21:55.518260 0x1fa65e140 incremental_pipeline.cc:791] Discarding reconstruction due to bad initial pair
I20260910 06:21:55.520727 0x1fa65e140 incremental_pipeline.cc:487] => Provided pair is unsuitable for initialization.
I20260910 06:21:55.520729 0x1fa65e140 incremental_pipeline.cc:791] Discarding reconstruction due to bad initial pair
I20260910 06:21:55.521800 0x1fa65e140 incremental_pipeline.cc:487] => Provided pair is unsuitable for initialization.
I20260910 06:21:55.521802 0x1fa65e140 incremental_pipeline.cc:791] Discarding reconstruction due to bad initial pair
I20260910 06:21:55.524856 0x1fa65e140 incremental_pipeline.cc:487] => Provided pair is unsuitable for initialization.
I20260910 06:21:55.524858 0x1fa65e140 incremental_pipeline.cc:791] Discarding reconstruction due to bad initial pair
I20260910 06:21:55.526464 0x1fa65e140 incremental_pipeline.cc:487] => Provided pair is unsuitable for initialization.
I20260910 06:21:55.526470 0x1fa65e140 incremental_pipeline.cc:791] Discarding reconstruction due to bad initial pair
I20260910 06:21:55.528213 0x1fa65e140 incremental_pipeline.cc:487] => Provided pair is unsuitable for initialization.
I20260910 06:21:55.528215 0x1fa65e140 incremental_pipeline.cc:791] Discarding reconstruction due to bad initial pair
I20260910 06:21:55.530183 0x1fa65e140 incremental_pipeline.cc:487] => Provided pair is unsuitable for initialization.
I20260910 06:21:55.530185 0x1fa65e140 incremental_pipeline.cc:791] Discarding reconstruction due to bad initial pair
I20260910 06:21:55.532542 0x1fa65e140 incremental_pipeline.cc:487] => Provided pair is unsuitable for initialization.
I20260910 06:21:55.532544 0x1fa65e140 incremental_pipeline.cc:791] Discarding reconstruction due to bad initial pair
I20260910 06:21:55.533877 0x1fa65e140 incremental_pipeline.cc:487] => Provided pair is unsuitable for initialization.
I20260910 06:21:55.533882 0x1fa65e140 incremental_pipeline.cc:791] Discarding reconstruction due to bad initial pair
I20260910 06:21:55.535632 0x1fa65e140 incremental_pipeline.cc:487] => Provided pair is unsuitable for initialization.
I20260910 06:21:55.535635 0x1fa65e140 incremental_pipeline.cc:791] Discarding reconstruction due to bad initial pair
I20260910 06:21:55.537540 0x1fa65e140 incremental_pipeline.cc:487] => Provided pair is unsuitable for initialization.
I20260910 06:21:55.537544 0x1fa65e140 incremental_pipeline.cc:791] Discarding reconstruction due to bad initial pair
I20260910 06:21:55.539343 0x1fa65e140 incremental_pipeline.cc:487] => Provided pair is unsuitable for initialization.
I20260910 06:21:55.539348 0x1fa65e140 incremental_pipeline.cc:791] Discarding reconstruction due to bad initial pair
I20260910 06:21:55.541747 0x1fa65e140 incremental_pipeline.cc:487] => Provided pair is unsuitable for initialization.
I20260910 06:21:55.541749 0x1fa65e140 incremental_pipeline.cc:791] Discarding reconstruction due to bad initial pair
I20260910 06:21:55.543656 0x1fa65e140 incremental_pipeline.cc:487] => Provided pair is unsuitable for initialization.
I20260910 06:21:55.543661 0x1fa65e140 incremental_pipeline.cc:791] Discarding reconstruction due to bad initial pair
I20260910 06:21:55.545080 0x1fa65e140 incremental_pipeline.cc:487] => Provided pair is unsuitable for initialization.
I20260910 06:21:55.545082 0x1fa65e140 incremental_pipeline.cc:791] Discarding reconstruction due to bad initial pair
I20260910 06:21:55.546848 0x1fa65e140 incremental_pipeline.cc:487] => Provided pair is unsuitable for initialization.
I20260910 06:21:55.546851 0x1fa65e140 incremental_pipeline.cc:791] Discarding reconstruction due to bad initial pair
I20260910 06:21:55.548611 0x1fa65e140 incremental_pipeline.cc:487] => Provided pair is unsuitable for initialization.
I20260910 06:21:55.548613 0x1fa65e140 incremental_pipeline.cc:791] Discarding reconstruction due to bad initial pair
I20260910 06:21:55.550406 0x1fa65e140 incremental_pipeline.cc:487] => Provided pair is unsuitable for initialization.
I20260910 06:21:55.550420 0x1fa65e140 incremental_pipeline.cc:791] Discarding reconstruction due to bad initial pair
I20260910 06:21:55.553281 0x1fa65e140 incremental_pipeline.cc:487] => Provided pair is unsuitable for initialization.
I20260910 06:21:55.553283 0x1fa65e140 incremental_pipeline.cc:791] Discarding reconstruction due to bad initial pair
I20260910 06:21:55.554967 0x1fa65e140 incremental_pipeline.cc:487] => Provided pair is unsuitable for initialization.
I20260910 06:21:55.554971 0x1fa65e140 incremental_pipeline.cc:791] Discarding reconstruction due to bad initial pair
I20260910 06:21:55.556858 0x1fa65e140 incremental_pipeline.cc:487] => Provided pair is unsuitable for initialization.
I20260910 06:21:55.556860 0x1fa65e140 incremental_pipeline.cc:791] Discarding reconstruction due to bad initial pair
I20260910 06:21:55.558624 0x1fa65e140 incremental_pipeline.cc:487] => Provided pair is unsuitable for initialization.
I20260910 06:21:55.558626 0x1fa65e140 incremental_pipeline.cc:791] Discarding reconstruction due to bad initial pair
I20260910 06:21:55.559574 0x1fa65e140 incremental_pipeline.cc:487] => Provided pair is unsuitable for initialization.
I20260910 06:21:55.559577 0x1fa65e140 incremental_pipeline.cc:791] Discarding reconstruction due to bad initial pair
I20260910 06:21:55.560778 0x1fa65e140 incremental_pipeline.cc:487] => Provided pair is unsuitable for initialization.
I20260910 06:21:55.560781 0x1fa65e140 incremental_pipeline.cc:791] Discarding reconstruction due to bad initial pair
I20260910 06:21:55.562251 0x1fa65e140 incremental_pipeline.cc:487] => Provided pair is unsuitable for initialization.
I20260910 06:21:55.562254 0x1fa65e140 incremental_pipeline.cc:791] Discarding reconstruction due to bad initial pair
I20260910 06:21:55.563970 0x1fa65e140 incremental_pipeline.cc:487] => Provided pair is unsuitable for initialization.
I20260910 06:21:55.563973 0x1fa65e140 incremental_pipeline.cc:791] Discarding reconstruction due to bad initial pair
I20260910 06:21:55.565742 0x1fa65e140 incremental_pipeline.cc:487] => Provided pair is unsuitable for initialization.
I20260910 06:21:55.565745 0x1fa65e140 incremental_pipeline.cc:791] Discarding reconstruction due to bad initial pair
I20260910 06:21:55.567489 0x1fa65e140 incremental_pipeline.cc:487] => Provided pair is unsuitable for initialization.
I20260910 06:21:55.567494 0x1fa65e140 incremental_pipeline.cc:791] Discarding reconstruction due to bad initial pair
I20260910 06:21:55.569083 0x1fa65e140 incremental_pipeline.cc:487] => Provided pair is unsuitable for initialization.
I20260910 06:21:55.569086 0x1fa65e140 incremental_pipeline.cc:791] Discarding reconstruction due to bad initial pair
I20260910 06:21:55.570876 0x1fa65e140 incremental_pipeline.cc:487] => Provided pair is unsuitable for initialization.
I20260910 06:21:55.570879 0x1fa65e140 incremental_pipeline.cc:791] Discarding reconstruction due to bad initial pair
I20260910 06:21:55.571869 0x1fa65e140 incremental_pipeline.cc:487] => Provided pair is unsuitable for initialization.
I20260910 06:21:55.571872 0x1fa65e140 incremental_pipeline.cc:791] Discarding reconstruction due to bad initial pair
I20260910 06:21:55.572958 0x1fa65e140 incremental_pipeline.cc:487] => Provided pair is unsuitable for initialization.
I20260910 06:21:55.572960 0x1fa65e140 incremental_pipeline.cc:791] Discarding reconstruction due to bad initial pair
I20260910 06:21:55.575217 0x1fa65e140 incremental_pipeline.cc:487] => Provided pair is unsuitable for initialization.
I20260910 06:21:55.575222 0x1fa65e140 incremental_pipeline.cc:791] Discarding reconstruction due to bad initial pair
I20260910 06:21:55.576317 0x1fa65e140 incremental_pipeline.cc:487] => Provided pair is unsuitable for initialization.
I20260910 06:21:55.576319 0x1fa65e140 incremental_pipeline.cc:791] Discarding reconstruction due to bad initial pair
I20260910 06:21:55.577377 0x1fa65e140 incremental_pipeline.cc:487] => Provided pair is unsuitable for initialization.
I20260910 06:21:55.577380 0x1fa65e140 incremental_pipeline.cc:791] Discarding reconstruction due to bad initial pair
I20260910 06:21:55.579167 0x1fa65e140 incremental_pipeline.cc:487] => Provided pair is unsuitable for initialization.
I20260910 06:21:55.579169 0x1fa65e140 incremental_pipeline.cc:791] Discarding reconstruction due to bad initial pair
I20260910 06:21:55.580984 0x1fa65e140 incremental_pipeline.cc:487] => Provided pair is unsuitable for initialization.
I20260910 06:21:55.580989 0x1fa65e140 incremental_pipeline.cc:791] Discarding reconstruction due to bad initial pair
I20260910 06:21:55.582808 0x1fa65e140 incremental_pipeline.cc:487] => Provided pair is unsuitable for initialization.
I20260910 06:21:55.582811 0x1fa65e140 incremental_pipeline.cc:791] Discarding reconstruction due to bad initial pair
I20260910 06:21:55.584588 0x1fa65e140 incremental_pipeline.cc:487] => Provided pair is unsuitable for initialization.
I20260910 06:21:55.584590 0x1fa65e140 incremental_pipeline.cc:791] Discarding reconstruction due to bad initial pair
I20260910 06:21:55.585810 0x1fa65e140 incremental_pipeline.cc:487] => Provided pair is unsuitable for initialization.
I20260910 06:21:55.585813 0x1fa65e140 incremental_pipeline.cc:791] Discarding reconstruction due to bad initial pair
I20260910 06:21:55.587422 0x1fa65e140 incremental_pipeline.cc:487] => Provided pair is unsuitable for initialization.
I20260910 06:21:55.587424 0x1fa65e140 incremental_pipeline.cc:791] Discarding reconstruction due to bad initial pair
I20260910 06:21:55.589157 0x1fa65e140 incremental_pipeline.cc:487] => Provided pair is unsuitable for initialization.
I20260910 06:21:55.589159 0x1fa65e140 incremental_pipeline.cc:791] Discarding reconstruction due to bad initial pair
I20260910 06:21:55.590189 0x1fa65e140 incremental_pipeline.cc:487] => Provided pair is unsuitable for initialization.
I20260910 06:21:55.590191 0x1fa65e140 incremental_pipeline.cc:791] Discarding reconstruction due to bad initial pair
I20260910 06:21:55.592065 0x1fa65e140 incremental_pipeline.cc:487] => Provided pair is unsuitable for initialization.
I20260910 06:21:55.592068 0x1fa65e140 incremental_pipeline.cc:791] Discarding reconstruction due to bad initial pair
I20260910 06:21:55.595186 0x1fa65e140 incremental_pipeline.cc:487] => Provided pair is unsuitable for initialization.
I20260910 06:21:55.595188 0x1fa65e140 incremental_pipeline.cc:791] Discarding reconstruction due to bad initial pair
I20260910 06:21:55.596821 0x1fa65e140 incremental_pipeline.cc:487] => Provided pair is unsuitable for initialization.
I20260910 06:21:55.596823 0x1fa65e140 incremental_pipeline.cc:791] Discarding reconstruction due to bad initial pair
I20260910 06:21:55.597723 0x1fa65e140 incremental_pipeline.cc:487] => Provided pair is unsuitable for initialization.
I20260910 06:21:55.597726 0x1fa65e140 incremental_pipeline.cc:791] Discarding reconstruction due to bad initial pair
I20260910 06:21:55.599477 0x1fa65e140 incremental_pipeline.cc:487] => Provided pair is unsuitable for initialization.
I20260910 06:21:55.599479 0x1fa65e140 incremental_pipeline.cc:791] Discarding reconstruction due to bad initial pair
I20260910 06:21:55.601147 0x1fa65e140 incremental_pipeline.cc:487] => Provided pair is unsuitable for initialization.
I20260910 06:21:55.601149 0x1fa65e140 incremental_pipeline.cc:791] Discarding reconstruction due to bad initial pair
I20260910 06:21:55.602903 0x1fa65e140 incremental_pipeline.cc:487] => Provided pair is unsuitable for initialization.
I20260910 06:21:55.602908 0x1fa65e140 incremental_pipeline.cc:791] Discarding reconstruction due to bad initial pair
I20260910 06:21:55.604514 0x1fa65e140 incremental_pipeline.cc:487] => Provided pair is unsuitable for initialization.
I20260910 06:21:55.604516 0x1fa65e140 incremental_pipeline.cc:791] Discarding reconstruction due to bad initial pair
I20260910 06:21:55.606601 0x1fa65e140 incremental_pipeline.cc:487] => Provided pair is unsuitable for initialization.
I20260910 06:21:55.606604 0x1fa65e140 incremental_pipeline.cc:791] Discarding reconstruction due to bad initial pair
I20260910 06:21:55.608862 0x1fa65e140 incremental_pipeline.cc:487] => Provided pair is unsuitable for initialization.
I20260910 06:21:55.608872 0x1fa65e140 incremental_pipeline.cc:791] Discarding reconstruction due to bad initial pair
I20260910 06:21:55.610847 0x1fa65e140 incremental_pipeline.cc:487] => Provided pair is unsuitable for initialization.
I20260910 06:21:55.610849 0x1fa65e140 incremental_pipeline.cc:791] Discarding reconstruction due to bad initial pair
I20260910 06:21:55.613373 0x1fa65e140 incremental_pipeline.cc:487] => Provided pair is unsuitable for initialization.
I20260910 06:21:55.613375 0x1fa65e140 incremental_pipeline.cc:791] Discarding reconstruction due to bad initial pair
I20260910 06:21:55.615154 0x1fa65e140 incremental_pipeline.cc:487] => Provided pair is unsuitable for initialization.
I20260910 06:21:55.615156 0x1fa65e140 incremental_pipeline.cc:791] Discarding reconstruction due to bad initial pair
I20260910 06:21:55.616906 0x1fa65e140 incremental_pipeline.cc:487] => Provided pair is unsuitable for initialization.
I20260910 06:21:55.616909 0x1fa65e140 incremental_pipeline.cc:791] Discarding reconstruction due to bad initial pair
I20260910 06:21:55.618704 0x1fa65e140 incremental_pipeline.cc:487] => Provided pair is unsuitable for initialization.
I20260910 06:21:55.618709 0x1fa65e140 incremental_pipeline.cc:791] Discarding reconstruction due to bad initial pair
I20260910 06:21:55.620482 0x1fa65e140 incremental_pipeline.cc:487] => Provided pair is unsuitable for initialization.
I20260910 06:21:55.620484 0x1fa65e140 incremental_pipeline.cc:791] Discarding reconstruction due to bad initial pair
I20260910 06:21:55.622418 0x1fa65e140 incremental_pipeline.cc:487] => Provided pair is unsuitable for initialization.
I20260910 06:21:55.622423 0x1fa65e140 incremental_pipeline.cc:791] Discarding reconstruction due to bad initial pair
I20260910 06:21:55.623386 0x1fa65e140 incremental_pipeline.cc:487] => Provided pair is unsuitable for initialization.
I20260910 06:21:55.623389 0x1fa65e140 incremental_pipeline.cc:791] Discarding reconstruction due to bad initial pair
I20260910 06:21:55.625165 0x1fa65e140 incremental_pipeline.cc:487] => Provided pair is unsuitable for initialization.
I20260910 06:21:55.625171 0x1fa65e140 incremental_pipeline.cc:791] Discarding reconstruction due to bad initial pair
I20260910 06:21:55.626051 0x1fa65e140 incremental_pipeline.cc:487] => Provided pair is unsuitable for initialization.
I20260910 06:21:55.626054 0x1fa65e140 incremental_pipeline.cc:791] Discarding reconstruction due to bad initial pair
I20260910 06:21:55.628355 0x1fa65e140 incremental_pipeline.cc:487] => Provided pair is unsuitable for initialization.
I20260910 06:21:55.628358 0x1fa65e140 incremental_pipeline.cc:791] Discarding reconstruction due to bad initial pair
I20260910 06:21:55.630232 0x1fa65e140 incremental_pipeline.cc:487] => Provided pair is unsuitable for initialization.
I20260910 06:21:55.630239 0x1fa65e140 incremental_pipeline.cc:791] Discarding reconstruction due to bad initial pair
I20260910 06:21:55.632001 0x1fa65e140 incremental_pipeline.cc:487] => Provided pair is unsuitable for initialization.
I20260910 06:21:55.632006 0x1fa65e140 incremental_pipeline.cc:791] Discarding reconstruction due to bad initial pair
I20260910 06:21:55.632987 0x1fa65e140 incremental_pipeline.cc:487] => Provided pair is unsuitable for initialization.
I20260910 06:21:55.632992 0x1fa65e140 incremental_pipeline.cc:791] Discarding reconstruction due to bad initial pair
I20260910 06:21:55.634860 0x1fa65e140 incremental_pipeline.cc:487] => Provided pair is unsuitable for initialization.
I20260910 06:21:55.634862 0x1fa65e140 incremental_pipeline.cc:791] Discarding reconstruction due to bad initial pair
I20260910 06:21:55.636607 0x1fa65e140 incremental_pipeline.cc:487] => Provided pair is unsuitable for initialization.
I20260910 06:21:55.636609 0x1fa65e140 incremental_pipeline.cc:791] Discarding reconstruction due to bad initial pair
I20260910 06:21:55.638491 0x1fa65e140 incremental_pipeline.cc:487] => Provided pair is unsuitable for initialization.
I20260910 06:21:55.638493 0x1fa65e140 incremental_pipeline.cc:791] Discarding reconstruction due to bad initial pair
I20260910 06:21:55.639507 0x1fa65e140 incremental_pipeline.cc:487] => Provided pair is unsuitable for initialization.
I20260910 06:21:55.639509 0x1fa65e140 incremental_pipeline.cc:791] Discarding reconstruction due to bad initial pair
I20260910 06:21:55.641316 0x1fa65e140 incremental_pipeline.cc:487] => Provided pair is unsuitable for initialization.
I20260910 06:21:55.641319 0x1fa65e140 incremental_pipeline.cc:791] Discarding reconstruction due to bad initial pair
I20260910 06:21:55.643217 0x1fa65e140 incremental_pipeline.cc:487] => Provided pair is unsuitable for initialization.
I20260910 06:21:55.643219 0x1fa65e140 incremental_pipeline.cc:791] Discarding reconstruction due to bad initial pair
I20260910 06:21:55.646169 0x1fa65e140 incremental_pipeline.cc:487] => Provided pair is unsuitable for initialization.
I20260910 06:21:55.646171 0x1fa65e140 incremental_pipeline.cc:791] Discarding reconstruction due to bad initial pair
I20260910 06:21:55.647038 0x1fa65e140 incremental_pipeline.cc:487] => Provided pair is unsuitable for initialization.
I20260910 06:21:55.647040 0x1fa65e140 incremental_pipeline.cc:791] Discarding reconstruction due to bad initial pair
I20260910 06:21:55.649142 0x1fa65e140 incremental_pipeline.cc:487] => Provided pair is unsuitable for initialization.
I20260910 06:21:55.649145 0x1fa65e140 incremental_pipeline.cc:791] Discarding reconstruction due to bad initial pair
I20260910 06:21:55.651439 0x1fa65e140 incremental_pipeline.cc:487] => Provided pair is unsuitable for initialization.
I20260910 06:21:55.651441 0x1fa65e140 incremental_pipeline.cc:791] Discarding reconstruction due to bad initial pair
I20260910 06:21:55.653324 0x1fa65e140 incremental_pipeline.cc:487] => Provided pair is unsuitable for initialization.
I20260910 06:21:55.653327 0x1fa65e140 incremental_pipeline.cc:791] Discarding reconstruction due to bad initial pair
I20260910 06:21:55.656474 0x1fa65e140 incremental_pipeline.cc:487] => Provided pair is unsuitable for initialization.
I20260910 06:21:55.656480 0x1fa65e140 incremental_pipeline.cc:791] Discarding reconstruction due to bad initial pair
I20260910 06:21:55.657782 0x1fa65e140 incremental_pipeline.cc:487] => Provided pair is unsuitable for initialization.
I20260910 06:21:55.657786 0x1fa65e140 incremental_pipeline.cc:791] Discarding reconstruction due to bad initial pair
I20260910 06:21:55.659554 0x1fa65e140 incremental_pipeline.cc:487] => Provided pair is unsuitable for initialization.
I20260910 06:21:55.659557 0x1fa65e140 incremental_pipeline.cc:791] Discarding reconstruction due to bad initial pair
I20260910 06:21:55.660905 0x1fa65e140 incremental_pipeline.cc:487] => Provided pair is unsuitable for initialization.
I20260910 06:21:55.660908 0x1fa65e140 incremental_pipeline.cc:791] Discarding reconstruction due to bad initial pair
I20260910 06:21:55.662717 0x1fa65e140 incremental_pipeline.cc:487] => Provided pair is unsuitable for initialization.
I20260910 06:21:55.662722 0x1fa65e140 incremental_pipeline.cc:791] Discarding reconstruction due to bad initial pair
I20260910 06:21:55.663688 0x1fa65e140 incremental_pipeline.cc:487] => Provided pair is unsuitable for initialization.
I20260910 06:21:55.663690 0x1fa65e140 incremental_pipeline.cc:791] Discarding reconstruction due to bad initial pair
I20260910 06:21:55.665485 0x1fa65e140 incremental_pipeline.cc:487] => Provided pair is unsuitable for initialization.
I20260910 06:21:55.665490 0x1fa65e140 incremental_pipeline.cc:791] Discarding reconstruction due to bad initial pair
I20260910 06:21:55.668544 0x1fa65e140 incremental_pipeline.cc:487] => Provided pair is unsuitable for initialization.
I20260910 06:21:55.668549 0x1fa65e140 incremental_pipeline.cc:791] Discarding reconstruction due to bad initial pair
I20260910 06:21:55.670540 0x1fa65e140 incremental_pipeline.cc:487] => Provided pair is unsuitable for initialization.
I20260910 06:21:55.670543 0x1fa65e140 incremental_pipeline.cc:791] Discarding reconstruction due to bad initial pair
I20260910 06:21:55.672479 0x1fa65e140 incremental_pipeline.cc:487] => Provided pair is unsuitable for initialization.
I20260910 06:21:55.672489 0x1fa65e140 incremental_pipeline.cc:791] Discarding reconstruction due to bad initial pair
I20260910 06:21:55.674243 0x1fa65e140 incremental_pipeline.cc:487] => Provided pair is unsuitable for initialization.
I20260910 06:21:55.674245 0x1fa65e140 incremental_pipeline.cc:791] Discarding reconstruction due to bad initial pair
I20260910 06:21:55.676059 0x1fa65e140 incremental_pipeline.cc:487] => Provided pair is unsuitable for initialization.
I20260910 06:21:55.676062 0x1fa65e140 incremental_pipeline.cc:791] Discarding reconstruction due to bad initial pair
I20260910 06:21:55.677872 0x1fa65e140 incremental_pipeline.cc:487] => Provided pair is unsuitable for initialization.
I20260910 06:21:55.677874 0x1fa65e140 incremental_pipeline.cc:791] Discarding reconstruction due to bad initial pair
I20260910 06:21:55.679139 0x1fa65e140 incremental_pipeline.cc:487] => Provided pair is unsuitable for initialization.
I20260910 06:21:55.679141 0x1fa65e140 incremental_pipeline.cc:791] Discarding reconstruction due to bad initial pair
I20260910 06:21:55.682136 0x1fa65e140 incremental_pipeline.cc:487] => Provided pair is unsuitable for initialization.
I20260910 06:21:55.682139 0x1fa65e140 incremental_pipeline.cc:791] Discarding reconstruction due to bad initial pair
I20260910 06:21:55.683564 0x1fa65e140 incremental_pipeline.cc:487] => Provided pair is unsuitable for initialization.
I20260910 06:21:55.683566 0x1fa65e140 incremental_pipeline.cc:791] Discarding reconstruction due to bad initial pair
I20260910 06:21:55.685220 0x1fa65e140 incremental_pipeline.cc:487] => Provided pair is unsuitable for initialization.
I20260910 06:21:55.685223 0x1fa65e140 incremental_pipeline.cc:791] Discarding reconstruction due to bad initial pair
I20260910 06:21:55.686993 0x1fa65e140 incremental_pipeline.cc:487] => Provided pair is unsuitable for initialization.
I20260910 06:21:55.686995 0x1fa65e140 incremental_pipeline.cc:791] Discarding reconstruction due to bad initial pair
I20260910 06:21:55.689243 0x1fa65e140 incremental_pipeline.cc:487] => Provided pair is unsuitable for initialization.
I20260910 06:21:55.689245 0x1fa65e140 incremental_pipeline.cc:791] Discarding reconstruction due to bad initial pair
I20260910 06:21:55.691018 0x1fa65e140 incremental_pipeline.cc:487] => Provided pair is unsuitable for initialization.
I20260910 06:21:55.691021 0x1fa65e140 incremental_pipeline.cc:791] Discarding reconstruction due to bad initial pair
I20260910 06:21:55.692741 0x1fa65e140 incremental_pipeline.cc:487] => Provided pair is unsuitable for initialization.
I20260910 06:21:55.692744 0x1fa65e140 incremental_pipeline.cc:791] Discarding reconstruction due to bad initial pair
I20260910 06:21:55.694952 0x1fa65e140 incremental_pipeline.cc:487] => Provided pair is unsuitable for initialization.
I20260910 06:21:55.694955 0x1fa65e140 incremental_pipeline.cc:791] Discarding reconstruction due to bad initial pair
I20260910 06:21:55.697278 0x1fa65e140 incremental_pipeline.cc:487] => Provided pair is unsuitable for initialization.
I20260910 06:21:55.697280 0x1fa65e140 incremental_pipeline.cc:791] Discarding reconstruction due to bad initial pair
I20260910 06:21:55.699056 0x1fa65e140 incremental_pipeline.cc:487] => Provided pair is unsuitable for initialization.
I20260910 06:21:55.699058 0x1fa65e140 incremental_pipeline.cc:791] Discarding reconstruction due to bad initial pair
I20260910 06:21:55.700038 0x1fa65e140 incremental_pipeline.cc:487] => Provided pair is unsuitable for initialization.
I20260910 06:21:55.700040 0x1fa65e140 incremental_pipeline.cc:791] Discarding reconstruction due to bad initial pair
I20260910 06:21:55.701900 0x1fa65e140 incremental_pipeline.cc:487] => Provided pair is unsuitable for initialization.
I20260910 06:21:55.701904 0x1fa65e140 incremental_pipeline.cc:791] Discarding reconstruction due to bad initial pair
I20260910 06:21:55.703483 0x1fa65e140 incremental_pipeline.cc:487] => Provided pair is unsuitable for initialization.
I20260910 06:21:55.703485 0x1fa65e140 incremental_pipeline.cc:791] Discarding reconstruction due to bad initial pair
I20260910 06:21:55.705249 0x1fa65e140 incremental_pipeline.cc:487] => Provided pair is unsuitable for initialization.
I20260910 06:21:55.705251 0x1fa65e140 incremental_pipeline.cc:791] Discarding reconstruction due to bad initial pair
I20260910 06:21:55.706241 0x1fa65e140 incremental_pipeline.cc:487] => Provided pair is unsuitable for initialization.
I20260910 06:21:55.706244 0x1fa65e140 incremental_pipeline.cc:791] Discarding reconstruction due to bad initial pair
I20260910 06:21:55.708140 0x1fa65e140 incremental_pipeline.cc:487] => Provided pair is unsuitable for initialization.
I20260910 06:21:55.708143 0x1fa65e140 incremental_pipeline.cc:791] Discarding reconstruction due to bad initial pair
I20260910 06:21:55.709931 0x1fa65e140 incremental_pipeline.cc:487] => Provided pair is unsuitable for initialization.
I20260910 06:21:55.709933 0x1fa65e140 incremental_pipeline.cc:791] Discarding reconstruction due to bad initial pair
I20260910 06:21:55.710982 0x1fa65e140 incremental_pipeline.cc:487] => Provided pair is unsuitable for initialization.
I20260910 06:21:55.710984 0x1fa65e140 incremental_pipeline.cc:791] Discarding reconstruction due to bad initial pair
I20260910 06:21:55.712846 0x1fa65e140 incremental_pipeline.cc:487] => Provided pair is unsuitable for initialization.
I20260910 06:21:55.712849 0x1fa65e140 incremental_pipeline.cc:791] Discarding reconstruction due to bad initial pair
I20260910 06:21:55.714718 0x1fa65e140 incremental_pipeline.cc:487] => Provided pair is unsuitable for initialization.
I20260910 06:21:55.714720 0x1fa65e140 incremental_pipeline.cc:791] Discarding reconstruction due to bad initial pair
I20260910 06:21:55.715854 0x1fa65e140 incremental_pipeline.cc:487] => Provided pair is unsuitable for initialization.
I20260910 06:21:55.715856 0x1fa65e140 incremental_pipeline.cc:791] Discarding reconstruction due to bad initial pair
I20260910 06:21:55.717710 0x1fa65e140 incremental_pipeline.cc:487] => Provided pair is unsuitable for initialization.
I20260910 06:21:55.717712 0x1fa65e140 incremental_pipeline.cc:791] Discarding reconstruction due to bad initial pair
I20260910 06:21:55.720637 0x1fa65e140 incremental_pipeline.cc:487] => Provided pair is unsuitable for initialization.
I20260910 06:21:55.720639 0x1fa65e140 incremental_pipeline.cc:791] Discarding reconstruction due to bad initial pair
I20260910 06:21:55.721603 0x1fa65e140 incremental_pipeline.cc:487] => Provided pair is unsuitable for initialization.
I20260910 06:21:55.721608 0x1fa65e140 incremental_pipeline.cc:791] Discarding reconstruction due to bad initial pair
I20260910 06:21:55.722548 0x1fa65e140 incremental_pipeline.cc:487] => Provided pair is unsuitable for initialization.
I20260910 06:21:55.722550 0x1fa65e140 incremental_pipeline.cc:791] Discarding reconstruction due to bad initial pair
I20260910 06:21:55.725626 0x1fa65e140 incremental_pipeline.cc:487] => Provided pair is unsuitable for initialization.
I20260910 06:21:55.725628 0x1fa65e140 incremental_pipeline.cc:791] Discarding reconstruction due to bad initial pair
I20260910 06:21:55.728750 0x1fa65e140 incremental_pipeline.cc:487] => Provided pair is unsuitable for initialization.
I20260910 06:21:55.728752 0x1fa65e140 incremental_pipeline.cc:791] Discarding reconstruction due to bad initial pair
I20260910 06:21:55.730586 0x1fa65e140 incremental_pipeline.cc:487] => Provided pair is unsuitable for initialization.
I20260910 06:21:55.730588 0x1fa65e140 incremental_pipeline.cc:791] Discarding reconstruction due to bad initial pair
I20260910 06:21:55.732909 0x1fa65e140 incremental_pipeline.cc:487] => Provided pair is unsuitable for initialization.
I20260910 06:21:55.732912 0x1fa65e140 incremental_pipeline.cc:791] Discarding reconstruction due to bad initial pair
I20260910 06:21:55.734779 0x1fa65e140 incremental_pipeline.cc:487] => Provided pair is unsuitable for initialization.
I20260910 06:21:55.734781 0x1fa65e140 incremental_pipeline.cc:791] Discarding reconstruction due to bad initial pair
I20260910 06:21:55.735717 0x1fa65e140 incremental_pipeline.cc:487] => Provided pair is unsuitable for initialization.
I20260910 06:21:55.735727 0x1fa65e140 incremental_pipeline.cc:791] Discarding reconstruction due to bad initial pair
I20260910 06:21:55.737002 0x1fa65e140 incremental_pipeline.cc:487] => Provided pair is unsuitable for initialization.
I20260910 06:21:55.737004 0x1fa65e140 incremental_pipeline.cc:791] Discarding reconstruction due to bad initial pair
I20260910 06:21:55.738813 0x1fa65e140 incremental_pipeline.cc:487] => Provided pair is unsuitable for initialization.
I20260910 06:21:55.738815 0x1fa65e140 incremental_pipeline.cc:791] Discarding reconstruction due to bad initial pair
I20260910 06:21:55.740572 0x1fa65e140 incremental_pipeline.cc:487] => Provided pair is unsuitable for initialization.
I20260910 06:21:55.740574 0x1fa65e140 incremental_pipeline.cc:791] Discarding reconstruction due to bad initial pair
I20260910 06:21:55.742343 0x1fa65e140 incremental_pipeline.cc:487] => Provided pair is unsuitable for initialization.
I20260910 06:21:55.742345 0x1fa65e140 incremental_pipeline.cc:791] Discarding reconstruction due to bad initial pair
I20260910 06:21:55.744732 0x1fa65e140 incremental_pipeline.cc:487] => Provided pair is unsuitable for initialization.
I20260910 06:21:55.744734 0x1fa65e140 incremental_pipeline.cc:791] Discarding reconstruction due to bad initial pair
I20260910 06:21:55.746529 0x1fa65e140 incremental_pipeline.cc:487] => Provided pair is unsuitable for initialization.
I20260910 06:21:55.746531 0x1fa65e140 incremental_pipeline.cc:791] Discarding reconstruction due to bad initial pair
I20260910 06:21:55.749586 0x1fa65e140 incremental_pipeline.cc:487] => Provided pair is unsuitable for initialization.
I20260910 06:21:55.749588 0x1fa65e140 incremental_pipeline.cc:791] Discarding reconstruction due to bad initial pair
I20260910 06:21:55.751349 0x1fa65e140 incremental_pipeline.cc:487] => Provided pair is unsuitable for initialization.
I20260910 06:21:55.751351 0x1fa65e140 incremental_pipeline.cc:791] Discarding reconstruction due to bad initial pair
I20260910 06:21:55.752453 0x1fa65e140 incremental_pipeline.cc:487] => Provided pair is unsuitable for initialization.
I20260910 06:21:55.752455 0x1fa65e140 incremental_pipeline.cc:791] Discarding reconstruction due to bad initial pair
I20260910 06:21:55.754221 0x1fa65e140 incremental_pipeline.cc:487] => Provided pair is unsuitable for initialization.
I20260910 06:21:55.754223 0x1fa65e140 incremental_pipeline.cc:791] Discarding reconstruction due to bad initial pair
I20260910 06:21:55.756091 0x1fa65e140 incremental_pipeline.cc:487] => Provided pair is unsuitable for initialization.
I20260910 06:21:55.756094 0x1fa65e140 incremental_pipeline.cc:791] Discarding reconstruction due to bad initial pair
I20260910 06:21:55.757780 0x1fa65e140 incremental_pipeline.cc:487] => Provided pair is unsuitable for initialization.
I20260910 06:21:55.757783 0x1fa65e140 incremental_pipeline.cc:791] Discarding reconstruction due to bad initial pair
I20260910 06:21:55.759689 0x1fa65e140 incremental_pipeline.cc:487] => Provided pair is unsuitable for initialization.
I20260910 06:21:55.759691 0x1fa65e140 incremental_pipeline.cc:791] Discarding reconstruction due to bad initial pair
I20260910 06:21:55.762541 0x1fa65e140 incremental_pipeline.cc:487] => Provided pair is unsuitable for initialization.
I20260910 06:21:55.762544 0x1fa65e140 incremental_pipeline.cc:791] Discarding reconstruction due to bad initial pair
I20260910 06:21:55.764324 0x1fa65e140 incremental_pipeline.cc:487] => Provided pair is unsuitable for initialization.
I20260910 06:21:55.764326 0x1fa65e140 incremental_pipeline.cc:791] Discarding reconstruction due to bad initial pair
I20260910 06:21:55.766191 0x1fa65e140 incremental_pipeline.cc:487] => Provided pair is unsuitable for initialization.
I20260910 06:21:55.766193 0x1fa65e140 incremental_pipeline.cc:791] Discarding reconstruction due to bad initial pair
I20260910 06:21:55.767984 0x1fa65e140 incremental_pipeline.cc:487] => Provided pair is unsuitable for initialization.
I20260910 06:21:55.767993 0x1fa65e140 incremental_pipeline.cc:791] Discarding reconstruction due to bad initial pair
I20260910 06:21:55.770076 0x1fa65e140 incremental_pipeline.cc:487] => Provided pair is unsuitable for initialization.
I20260910 06:21:55.770078 0x1fa65e140 incremental_pipeline.cc:791] Discarding reconstruction due to bad initial pair
I20260910 06:21:55.771830 0x1fa65e140 incremental_pipeline.cc:487] => Provided pair is unsuitable for initialization.
I20260910 06:21:55.771833 0x1fa65e140 incremental_pipeline.cc:791] Discarding reconstruction due to bad initial pair
I20260910 06:21:55.772837 0x1fa65e140 incremental_pipeline.cc:487] => Provided pair is unsuitable for initialization.
I20260910 06:21:55.772840 0x1fa65e140 incremental_pipeline.cc:791] Discarding reconstruction due to bad initial pair
I20260910 06:21:55.773866 0x1fa65e140 incremental_pipeline.cc:487] => Provided pair is unsuitable for initialization.
I20260910 06:21:55.773869 0x1fa65e140 incremental_pipeline.cc:791] Discarding reconstruction due to bad initial pair
I20260910 06:21:55.775694 0x1fa65e140 incremental_pipeline.cc:487] => Provided pair is unsuitable for initialization.
I20260910 06:21:55.775696 0x1fa65e140 incremental_pipeline.cc:791] Discarding reconstruction due to bad initial pair
I20260910 06:21:55.776656 0x1fa65e140 incremental_pipeline.cc:487] => Provided pair is unsuitable for initialization.
I20260910 06:21:55.776658 0x1fa65e140 incremental_pipeline.cc:791] Discarding reconstruction due to bad initial pair
I20260910 06:21:55.778364 0x1fa65e140 incremental_pipeline.cc:487] => Provided pair is unsuitable for initialization.
I20260910 06:21:55.778367 0x1fa65e140 incremental_pipeline.cc:791] Discarding reconstruction due to bad initial pair
I20260910 06:21:55.779993 0x1fa65e140 incremental_pipeline.cc:487] => Provided pair is unsuitable for initialization.
I20260910 06:21:55.779995 0x1fa65e140 incremental_pipeline.cc:791] Discarding reconstruction due to bad initial pair
I20260910 06:21:55.781109 0x1fa65e140 incremental_pipeline.cc:487] => Provided pair is unsuitable for initialization.
I20260910 06:21:55.781112 0x1fa65e140 incremental_pipeline.cc:791] Discarding reconstruction due to bad initial pair
I20260910 06:21:55.783239 0x1fa65e140 incremental_pipeline.cc:487] => Provided pair is unsuitable for initialization.
I20260910 06:21:55.783241 0x1fa65e140 incremental_pipeline.cc:791] Discarding reconstruction due to bad initial pair
I20260910 06:21:55.784976 0x1fa65e140 incremental_pipeline.cc:487] => Provided pair is unsuitable for initialization.
I20260910 06:21:55.784979 0x1fa65e140 incremental_pipeline.cc:791] Discarding reconstruction due to bad initial pair
I20260910 06:21:55.786813 0x1fa65e140 incremental_pipeline.cc:487] => Provided pair is unsuitable for initialization.
I20260910 06:21:55.786816 0x1fa65e140 incremental_pipeline.cc:791] Discarding reconstruction due to bad initial pair
I20260910 06:21:55.787813 0x1fa65e140 incremental_pipeline.cc:487] => Provided pair is unsuitable for initialization.
I20260910 06:21:55.787816 0x1fa65e140 incremental_pipeline.cc:791] Discarding reconstruction due to bad initial pair
I20260910 06:21:55.789007 0x1fa65e140 incremental_pipeline.cc:487] => Provided pair is unsuitable for initialization.
I20260910 06:21:55.789009 0x1fa65e140 incremental_pipeline.cc:791] Discarding reconstruction due to bad initial pair
I20260910 06:21:55.790839 0x1fa65e140 incremental_pipeline.cc:487] => Provided pair is unsuitable for initialization.
I20260910 06:21:55.790841 0x1fa65e140 incremental_pipeline.cc:791] Discarding reconstruction due to bad initial pair
I20260910 06:21:55.792574 0x1fa65e140 incremental_pipeline.cc:487] => Provided pair is unsuitable for initialization.
I20260910 06:21:55.792579 0x1fa65e140 incremental_pipeline.cc:791] Discarding reconstruction due to bad initial pair
I20260910 06:21:55.794515 0x1fa65e140 incremental_pipeline.cc:487] => Provided pair is unsuitable for initialization.
I20260910 06:21:55.794517 0x1fa65e140 incremental_pipeline.cc:791] Discarding reconstruction due to bad initial pair
I20260910 06:21:55.796239 0x1fa65e140 incremental_pipeline.cc:487] => Provided pair is unsuitable for initialization.
I20260910 06:21:55.796242 0x1fa65e140 incremental_pipeline.cc:791] Discarding reconstruction due to bad initial pair
I20260910 06:21:55.798025 0x1fa65e140 incremental_pipeline.cc:487] => Provided pair is unsuitable for initialization.
I20260910 06:21:55.798028 0x1fa65e140 incremental_pipeline.cc:791] Discarding reconstruction due to bad initial pair
I20260910 06:21:55.799835 0x1fa65e140 incremental_pipeline.cc:487] => Provided pair is unsuitable for initialization.
I20260910 06:21:55.799837 0x1fa65e140 incremental_pipeline.cc:791] Discarding reconstruction due to bad initial pair
I20260910 06:21:55.801929 0x1fa65e140 incremental_pipeline.cc:487] => Provided pair is unsuitable for initialization.
I20260910 06:21:55.801931 0x1fa65e140 incremental_pipeline.cc:791] Discarding reconstruction due to bad initial pair
I20260910 06:21:55.802920 0x1fa65e140 incremental_pipeline.cc:487] => Provided pair is unsuitable for initialization.
I20260910 06:21:55.802925 0x1fa65e140 incremental_pipeline.cc:791] Discarding reconstruction due to bad initial pair
I20260910 06:21:55.806026 0x1fa65e140 incremental_pipeline.cc:487] => Provided pair is unsuitable for initialization.
I20260910 06:21:55.806028 0x1fa65e140 incremental_pipeline.cc:791] Discarding reconstruction due to bad initial pair
I20260910 06:21:55.807735 0x1fa65e140 incremental_pipeline.cc:487] => Provided pair is unsuitable for initialization.
I20260910 06:21:55.807737 0x1fa65e140 incremental_pipeline.cc:791] Discarding reconstruction due to bad initial pair
I20260910 06:21:55.809961 0x1fa65e140 incremental_pipeline.cc:487] => Provided pair is unsuitable for initialization.
I20260910 06:21:55.809963 0x1fa65e140 incremental_pipeline.cc:791] Discarding reconstruction due to bad initial pair
I20260910 06:21:55.811806 0x1fa65e140 incremental_pipeline.cc:487] => Provided pair is unsuitable for initialization.
I20260910 06:21:55.811809 0x1fa65e140 incremental_pipeline.cc:791] Discarding reconstruction due to bad initial pair
I20260910 06:21:55.813566 0x1fa65e140 incremental_pipeline.cc:487] => Provided pair is unsuitable for initialization.
I20260910 06:21:55.813568 0x1fa65e140 incremental_pipeline.cc:791] Discarding reconstruction due to bad initial pair
I20260910 06:21:55.815850 0x1fa65e140 incremental_pipeline.cc:487] => Provided pair is unsuitable for initialization.
I20260910 06:21:55.815852 0x1fa65e140 incremental_pipeline.cc:791] Discarding reconstruction due to bad initial pair
I20260910 06:21:55.818940 0x1fa65e140 incremental_pipeline.cc:487] => Provided pair is unsuitable for initialization.
I20260910 06:21:55.818942 0x1fa65e140 incremental_pipeline.cc:791] Discarding reconstruction due to bad initial pair
I20260910 06:21:55.820400 0x1fa65e140 incremental_pipeline.cc:487] => Provided pair is unsuitable for initialization.
I20260910 06:21:55.820402 0x1fa65e140 incremental_pipeline.cc:791] Discarding reconstruction due to bad initial pair
I20260910 06:21:55.822500 0x1fa65e140 incremental_pipeline.cc:487] => Provided pair is unsuitable for initialization.
I20260910 06:21:55.822502 0x1fa65e140 incremental_pipeline.cc:791] Discarding reconstruction due to bad initial pair
I20260910 06:21:55.824290 0x1fa65e140 incremental_pipeline.cc:487] => Provided pair is unsuitable for initialization.
I20260910 06:21:55.824292 0x1fa65e140 incremental_pipeline.cc:791] Discarding reconstruction due to bad initial pair
I20260910 06:21:55.825298 0x1fa65e140 incremental_pipeline.cc:487] => Provided pair is unsuitable for initialization.
I20260910 06:21:55.825300 0x1fa65e140 incremental_pipeline.cc:791] Discarding reconstruction due to bad initial pair
I20260910 06:21:55.827241 0x1fa65e140 incremental_pipeline.cc:487] => Provided pair is unsuitable for initialization.
I20260910 06:21:55.827243 0x1fa65e140 incremental_pipeline.cc:791] Discarding reconstruction due to bad initial pair
I20260910 06:21:55.829132 0x1fa65e140 incremental_pipeline.cc:487] => Provided pair is unsuitable for initialization.
I20260910 06:21:55.829139 0x1fa65e140 incremental_pipeline.cc:791] Discarding reconstruction due to bad initial pair
I20260910 06:21:55.831686 0x1fa65e140 incremental_pipeline.cc:487] => Provided pair is unsuitable for initialization.
I20260910 06:21:55.831688 0x1fa65e140 incremental_pipeline.cc:791] Discarding reconstruction due to bad initial pair
I20260910 06:21:55.833882 0x1fa65e140 incremental_pipeline.cc:487] => Provided pair is unsuitable for initialization.
I20260910 06:21:55.833884 0x1fa65e140 incremental_pipeline.cc:791] Discarding reconstruction due to bad initial pair
I20260910 06:21:55.835657 0x1fa65e140 incremental_pipeline.cc:487] => Provided pair is unsuitable for initialization.
I20260910 06:21:55.835660 0x1fa65e140 incremental_pipeline.cc:791] Discarding reconstruction due to bad initial pair
I20260910 06:21:55.837448 0x1fa65e140 incremental_pipeline.cc:487] => Provided pair is unsuitable for initialization.
I20260910 06:21:55.837452 0x1fa65e140 incremental_pipeline.cc:791] Discarding reconstruction due to bad initial pair
I20260910 06:21:55.837455 0x1fa65e140 incremental_pipeline.cc:442] => Relaxing the initialization constraints.
I20260910 06:21:55.839070 0x1fa65e140 incremental_pipeline.cc:487] => Provided pair is unsuitable for initialization.
I20260910 06:21:55.839072 0x1fa65e140 incremental_pipeline.cc:791] Discarding reconstruction due to bad initial pair
I20260910 06:21:55.840854 0x1fa65e140 incremental_pipeline.cc:487] => Provided pair is unsuitable for initialization.
I20260910 06:21:55.840856 0x1fa65e140 incremental_pipeline.cc:791] Discarding reconstruction due to bad initial pair
I20260910 06:21:55.842649 0x1fa65e140 incremental_pipeline.cc:487] => Provided pair is unsuitable for initialization.
I20260910 06:21:55.842651 0x1fa65e140 incremental_pipeline.cc:791] Discarding reconstruction due to bad initial pair
I20260910 06:21:55.844406 0x1fa65e140 incremental_pipeline.cc:487] => Provided pair is unsuitable for initialization.
I20260910 06:21:55.844408 0x1fa65e140 incremental_pipeline.cc:791] Discarding reconstruction due to bad initial pair
I20260910 06:21:55.846618 0x1fa65e140 incremental_pipeline.cc:487] => Provided pair is unsuitable for initialization.
I20260910 06:21:55.846620 0x1fa65e140 incremental_pipeline.cc:791] Discarding reconstruction due to bad initial pair
I20260910 06:21:55.848413 0x1fa65e140 incremental_pipeline.cc:487] => Provided pair is unsuitable for initialization.
I20260910 06:21:55.848415 0x1fa65e140 incremental_pipeline.cc:791] Discarding reconstruction due to bad initial pair
I20260910 06:21:55.850212 0x1fa65e140 incremental_pipeline.cc:487] => Provided pair is unsuitable for initialization.
I20260910 06:21:55.850215 0x1fa65e140 incremental_pipeline.cc:791] Discarding reconstruction due to bad initial pair
I20260910 06:21:55.853278 0x1fa65e140 incremental_pipeline.cc:487] => Provided pair is unsuitable for initialization.
I20260910 06:21:55.853280 0x1fa65e140 incremental_pipeline.cc:791] Discarding reconstruction due to bad initial pair
I20260910 06:21:55.855065 0x1fa65e140 incremental_pipeline.cc:487] => Provided pair is unsuitable for initialization.
I20260910 06:21:55.855070 0x1fa65e140 incremental_pipeline.cc:791] Discarding reconstruction due to bad initial pair
I20260910 06:21:55.856852 0x1fa65e140 incremental_pipeline.cc:487] => Provided pair is unsuitable for initialization.
I20260910 06:21:55.856855 0x1fa65e140 incremental_pipeline.cc:791] Discarding reconstruction due to bad initial pair
I20260910 06:21:55.858426 0x1fa65e140 incremental_pipeline.cc:487] => Provided pair is unsuitable for initialization.
I20260910 06:21:55.858429 0x1fa65e140 incremental_pipeline.cc:791] Discarding reconstruction due to bad initial pair
I20260910 06:21:55.859861 0x1fa65e140 incremental_pipeline.cc:487] => Provided pair is unsuitable for initialization.
I20260910 06:21:55.859863 0x1fa65e140 incremental_pipeline.cc:791] Discarding reconstruction due to bad initial pair
I20260910 06:21:55.861577 0x1fa65e140 incremental_pipeline.cc:487] => Provided pair is unsuitable for initialization.
I20260910 06:21:55.861586 0x1fa65e140 incremental_pipeline.cc:791] Discarding reconstruction due to bad initial pair
I20260910 06:21:55.863370 0x1fa65e140 incremental_pipeline.cc:487] => Provided pair is unsuitable for initialization.
I20260910 06:21:55.863372 0x1fa65e140 incremental_pipeline.cc:791] Discarding reconstruction due to bad initial pair
I20260910 06:21:55.864928 0x1fa65e140 incremental_pipeline.cc:487] => Provided pair is unsuitable for initialization.
I20260910 06:21:55.864931 0x1fa65e140 incremental_pipeline.cc:791] Discarding reconstruction due to bad initial pair
I20260910 06:21:55.866859 0x1fa65e140 incremental_pipeline.cc:487] => Provided pair is unsuitable for initialization.
I20260910 06:21:55.866862 0x1fa65e140 incremental_pipeline.cc:791] Discarding reconstruction due to bad initial pair
I20260910 06:21:55.868642 0x1fa65e140 incremental_pipeline.cc:487] => Provided pair is unsuitable for initialization.
I20260910 06:21:55.868645 0x1fa65e140 incremental_pipeline.cc:791] Discarding reconstruction due to bad initial pair
I20260910 06:21:55.870317 0x1fa65e140 incremental_pipeline.cc:487] => Provided pair is unsuitable for initialization.
I20260910 06:21:55.870320 0x1fa65e140 incremental_pipeline.cc:791] Discarding reconstruction due to bad initial pair
I20260910 06:21:55.872157 0x1fa65e140 incremental_pipeline.cc:487] => Provided pair is unsuitable for initialization.
I20260910 06:21:55.872159 0x1fa65e140 incremental_pipeline.cc:791] Discarding reconstruction due to bad initial pair
I20260910 06:21:55.874077 0x1fa65e140 incremental_pipeline.cc:487] => Provided pair is unsuitable for initialization.
I20260910 06:21:55.874079 0x1fa65e140 incremental_pipeline.cc:791] Discarding reconstruction due to bad initial pair
I20260910 06:21:55.875861 0x1fa65e140 incremental_pipeline.cc:487] => Provided pair is unsuitable for initialization.
I20260910 06:21:55.875864 0x1fa65e140 incremental_pipeline.cc:791] Discarding reconstruction due to bad initial pair
I20260910 06:21:55.878881 0x1fa65e140 incremental_pipeline.cc:487] => Provided pair is unsuitable for initialization.
I20260910 06:21:55.878884 0x1fa65e140 incremental_pipeline.cc:791] Discarding reconstruction due to bad initial pair
I20260910 06:21:55.880668 0x1fa65e140 incremental_pipeline.cc:487] => Provided pair is unsuitable for initialization.
I20260910 06:21:55.880672 0x1fa65e140 incremental_pipeline.cc:791] Discarding reconstruction due to bad initial pair
I20260910 06:21:55.882533 0x1fa65e140 incremental_pipeline.cc:487] => Provided pair is unsuitable for initialization.
I20260910 06:21:55.882535 0x1fa65e140 incremental_pipeline.cc:791] Discarding reconstruction due to bad initial pair
I20260910 06:21:55.884303 0x1fa65e140 incremental_pipeline.cc:487] => Provided pair is unsuitable for initialization.
I20260910 06:21:55.884306 0x1fa65e140 incremental_pipeline.cc:791] Discarding reconstruction due to bad initial pair
I20260910 06:21:55.885301 0x1fa65e140 incremental_pipeline.cc:487] => Provided pair is unsuitable for initialization.
I20260910 06:21:55.885304 0x1fa65e140 incremental_pipeline.cc:791] Discarding reconstruction due to bad initial pair
I20260910 06:21:55.888474 0x1fa65e140 incremental_pipeline.cc:487] => Provided pair is unsuitable for initialization.
I20260910 06:21:55.888476 0x1fa65e140 incremental_pipeline.cc:791] Discarding reconstruction due to bad initial pair
I20260910 06:21:55.890504 0x1fa65e140 incremental_pipeline.cc:487] => Provided pair is unsuitable for initialization.
I20260910 06:21:55.890507 0x1fa65e140 incremental_pipeline.cc:791] Discarding reconstruction due to bad initial pair
I20260910 06:21:55.892293 0x1fa65e140 incremental_pipeline.cc:487] => Provided pair is unsuitable for initialization.
I20260910 06:21:55.892296 0x1fa65e140 incremental_pipeline.cc:791] Discarding reconstruction due to bad initial pair
I20260910 06:21:55.893273 0x1fa65e140 incremental_pipeline.cc:487] => Provided pair is unsuitable for initialization.
I20260910 06:21:55.893276 0x1fa65e140 incremental_pipeline.cc:791] Discarding reconstruction due to bad initial pair
I20260910 06:21:55.894901 0x1fa65e140 incremental_pipeline.cc:487] => Provided pair is unsuitable for initialization.
I20260910 06:21:55.894903 0x1fa65e140 incremental_pipeline.cc:791] Discarding reconstruction due to bad initial pair
I20260910 06:21:55.896951 0x1fa65e140 incremental_pipeline.cc:487] => Provided pair is unsuitable for initialization.
I20260910 06:21:55.896953 0x1fa65e140 incremental_pipeline.cc:791] Discarding reconstruction due to bad initial pair
I20260910 06:21:55.899467 0x1fa65e140 incremental_pipeline.cc:487] => Provided pair is unsuitable for initialization.
I20260910 06:21:55.899469 0x1fa65e140 incremental_pipeline.cc:791] Discarding reconstruction due to bad initial pair
I20260910 06:21:55.902538 0x1fa65e140 incremental_pipeline.cc:487] => Provided pair is unsuitable for initialization.
I20260910 06:21:55.902541 0x1fa65e140 incremental_pipeline.cc:791] Discarding reconstruction due to bad initial pair
I20260910 06:21:55.903510 0x1fa65e140 incremental_pipeline.cc:487] => Provided pair is unsuitable for initialization.
I20260910 06:21:55.903512 0x1fa65e140 incremental_pipeline.cc:791] Discarding reconstruction due to bad initial pair
I20260910 06:21:55.905679 0x1fa65e140 incremental_pipeline.cc:487] => Provided pair is unsuitable for initialization.
I20260910 06:21:55.905681 0x1fa65e140 incremental_pipeline.cc:791] Discarding reconstruction due to bad initial pair
I20260910 06:21:55.906691 0x1fa65e140 incremental_pipeline.cc:487] => Provided pair is unsuitable for initialization.
I20260910 06:21:55.906694 0x1fa65e140 incremental_pipeline.cc:791] Discarding reconstruction due to bad initial pair
I20260910 06:21:55.907659 0x1fa65e140 incremental_pipeline.cc:487] => Provided pair is unsuitable for initialization.
I20260910 06:21:55.907662 0x1fa65e140 incremental_pipeline.cc:791] Discarding reconstruction due to bad initial pair
I20260910 06:21:55.909517 0x1fa65e140 incremental_pipeline.cc:487] => Provided pair is unsuitable for initialization.
I20260910 06:21:55.909520 0x1fa65e140 incremental_pipeline.cc:791] Discarding reconstruction due to bad initial pair
I20260910 06:21:55.911417 0x1fa65e140 incremental_pipeline.cc:487] => Provided pair is unsuitable for initialization.
I20260910 06:21:55.911422 0x1fa65e140 incremental_pipeline.cc:791] Discarding reconstruction due to bad initial pair
I20260910 06:21:55.913208 0x1fa65e140 incremental_pipeline.cc:487] => Provided pair is unsuitable for initialization.
I20260910 06:21:55.913211 0x1fa65e140 incremental_pipeline.cc:791] Discarding reconstruction due to bad initial pair
I20260910 06:21:55.915070 0x1fa65e140 incremental_pipeline.cc:487] => Provided pair is unsuitable for initialization.
I20260910 06:21:55.915075 0x1fa65e140 incremental_pipeline.cc:791] Discarding reconstruction due to bad initial pair
I20260910 06:21:55.916775 0x1fa65e140 incremental_pipeline.cc:487] => Provided pair is unsuitable for initialization.
I20260910 06:21:55.916777 0x1fa65e140 incremental_pipeline.cc:791] Discarding reconstruction due to bad initial pair
I20260910 06:21:55.919740 0x1fa65e140 incremental_pipeline.cc:487] => Provided pair is unsuitable for initialization.
I20260910 06:21:55.919743 0x1fa65e140 incremental_pipeline.cc:791] Discarding reconstruction due to bad initial pair
I20260910 06:21:55.920735 0x1fa65e140 incremental_pipeline.cc:487] => Provided pair is unsuitable for initialization.
I20260910 06:21:55.920737 0x1fa65e140 incremental_pipeline.cc:791] Discarding reconstruction due to bad initial pair
I20260910 06:21:55.922463 0x1fa65e140 incremental_pipeline.cc:487] => Provided pair is unsuitable for initialization.
I20260910 06:21:55.922466 0x1fa65e140 incremental_pipeline.cc:791] Discarding reconstruction due to bad initial pair
I20260910 06:21:55.924202 0x1fa65e140 incremental_pipeline.cc:487] => Provided pair is unsuitable for initialization.
I20260910 06:21:55.924204 0x1fa65e140 incremental_pipeline.cc:791] Discarding reconstruction due to bad initial pair
I20260910 06:21:55.926021 0x1fa65e140 incremental_pipeline.cc:487] => Provided pair is unsuitable for initialization.
I20260910 06:21:55.926030 0x1fa65e140 incremental_pipeline.cc:791] Discarding reconstruction due to bad initial pair
I20260910 06:21:55.927743 0x1fa65e140 incremental_pipeline.cc:487] => Provided pair is unsuitable for initialization.
I20260910 06:21:55.927745 0x1fa65e140 incremental_pipeline.cc:791] Discarding reconstruction due to bad initial pair
I20260910 06:21:55.929470 0x1fa65e140 incremental_pipeline.cc:487] => Provided pair is unsuitable for initialization.
I20260910 06:21:55.929472 0x1fa65e140 incremental_pipeline.cc:791] Discarding reconstruction due to bad initial pair
I20260910 06:21:55.930497 0x1fa65e140 incremental_pipeline.cc:487] => Provided pair is unsuitable for initialization.
I20260910 06:21:55.930499 0x1fa65e140 incremental_pipeline.cc:791] Discarding reconstruction due to bad initial pair
I20260910 06:21:55.933459 0x1fa65e140 incremental_pipeline.cc:487] => Provided pair is unsuitable for initialization.
I20260910 06:21:55.933462 0x1fa65e140 incremental_pipeline.cc:791] Discarding reconstruction due to bad initial pair
I20260910 06:21:55.935470 0x1fa65e140 incremental_pipeline.cc:487] => Provided pair is unsuitable for initialization.
I20260910 06:21:55.935473 0x1fa65e140 incremental_pipeline.cc:791] Discarding reconstruction due to bad initial pair
I20260910 06:21:55.937687 0x1fa65e140 incremental_pipeline.cc:487] => Provided pair is unsuitable for initialization.
I20260910 06:21:55.937689 0x1fa65e140 incremental_pipeline.cc:791] Discarding reconstruction due to bad initial pair
I20260910 06:21:55.939455 0x1fa65e140 incremental_pipeline.cc:487] => Provided pair is unsuitable for initialization.
I20260910 06:21:55.939458 0x1fa65e140 incremental_pipeline.cc:791] Discarding reconstruction due to bad initial pair
I20260910 06:21:55.940440 0x1fa65e140 incremental_pipeline.cc:487] => Provided pair is unsuitable for initialization.
I20260910 06:21:55.940443 0x1fa65e140 incremental_pipeline.cc:791] Discarding reconstruction due to bad initial pair
I20260910 06:21:55.943161 0x1fa65e140 incremental_pipeline.cc:487] => Provided pair is unsuitable for initialization.
I20260910 06:21:55.943164 0x1fa65e140 incremental_pipeline.cc:791] Discarding reconstruction due to bad initial pair
I20260910 06:21:55.944892 0x1fa65e140 incremental_pipeline.cc:487] => Provided pair is unsuitable for initialization.
I20260910 06:21:55.944895 0x1fa65e140 incremental_pipeline.cc:791] Discarding reconstruction due to bad initial pair
I20260910 06:21:55.945860 0x1fa65e140 incremental_pipeline.cc:487] => Provided pair is unsuitable for initialization.
I20260910 06:21:55.945863 0x1fa65e140 incremental_pipeline.cc:791] Discarding reconstruction due to bad initial pair
I20260910 06:21:55.948065 0x1fa65e140 incremental_pipeline.cc:487] => Provided pair is unsuitable for initialization.
I20260910 06:21:55.948067 0x1fa65e140 incremental_pipeline.cc:791] Discarding reconstruction due to bad initial pair
I20260910 06:21:55.949838 0x1fa65e140 incremental_pipeline.cc:487] => Provided pair is unsuitable for initialization.
I20260910 06:21:55.949840 0x1fa65e140 incremental_pipeline.cc:791] Discarding reconstruction due to bad initial pair
I20260910 06:21:55.950847 0x1fa65e140 incremental_pipeline.cc:487] => Provided pair is unsuitable for initialization.
I20260910 06:21:55.950850 0x1fa65e140 incremental_pipeline.cc:791] Discarding reconstruction due to bad initial pair
I20260910 06:21:55.952623 0x1fa65e140 incremental_pipeline.cc:487] => Provided pair is unsuitable for initialization.
I20260910 06:21:55.952625 0x1fa65e140 incremental_pipeline.cc:791] Discarding reconstruction due to bad initial pair
I20260910 06:21:55.954428 0x1fa65e140 incremental_pipeline.cc:487] => Provided pair is unsuitable for initialization.
I20260910 06:21:55.954431 0x1fa65e140 incremental_pipeline.cc:791] Discarding reconstruction due to bad initial pair
I20260910 06:21:55.956986 0x1fa65e140 incremental_pipeline.cc:487] => Provided pair is unsuitable for initialization.
I20260910 06:21:55.956988 0x1fa65e140 incremental_pipeline.cc:791] Discarding reconstruction due to bad initial pair
I20260910 06:21:55.958763 0x1fa65e140 incremental_pipeline.cc:487] => Provided pair is unsuitable for initialization.
I20260910 06:21:55.958765 0x1fa65e140 incremental_pipeline.cc:791] Discarding reconstruction due to bad initial pair
I20260910 06:21:55.959789 0x1fa65e140 incremental_pipeline.cc:487] => Provided pair is unsuitable for initialization.
I20260910 06:21:55.959792 0x1fa65e140 incremental_pipeline.cc:791] Discarding reconstruction due to bad initial pair
I20260910 06:21:55.960729 0x1fa65e140 incremental_pipeline.cc:487] => Provided pair is unsuitable for initialization.
I20260910 06:21:55.960731 0x1fa65e140 incremental_pipeline.cc:791] Discarding reconstruction due to bad initial pair
I20260910 06:21:55.962525 0x1fa65e140 incremental_pipeline.cc:487] => Provided pair is unsuitable for initialization.
I20260910 06:21:55.962527 0x1fa65e140 incremental_pipeline.cc:791] Discarding reconstruction due to bad initial pair
I20260910 06:21:55.964330 0x1fa65e140 incremental_pipeline.cc:487] => Provided pair is unsuitable for initialization.
I20260910 06:21:55.964332 0x1fa65e140 incremental_pipeline.cc:791] Discarding reconstruction due to bad initial pair
I20260910 06:21:55.966089 0x1fa65e140 incremental_pipeline.cc:487] => Provided pair is unsuitable for initialization.
I20260910 06:21:55.966092 0x1fa65e140 incremental_pipeline.cc:791] Discarding reconstruction due to bad initial pair
I20260910 06:21:55.966992 0x1fa65e140 incremental_pipeline.cc:487] => Provided pair is unsuitable for initialization.
I20260910 06:21:55.966995 0x1fa65e140 incremental_pipeline.cc:791] Discarding reconstruction due to bad initial pair
I20260910 06:21:55.968710 0x1fa65e140 incremental_pipeline.cc:487] => Provided pair is unsuitable for initialization.
I20260910 06:21:55.968713 0x1fa65e140 incremental_pipeline.cc:791] Discarding reconstruction due to bad initial pair
I20260910 06:21:55.970820 0x1fa65e140 incremental_pipeline.cc:487] => Provided pair is unsuitable for initialization.
I20260910 06:21:55.970823 0x1fa65e140 incremental_pipeline.cc:791] Discarding reconstruction due to bad initial pair
I20260910 06:21:55.972540 0x1fa65e140 incremental_pipeline.cc:487] => Provided pair is unsuitable for initialization.
I20260910 06:21:55.972543 0x1fa65e140 incremental_pipeline.cc:791] Discarding reconstruction due to bad initial pair
I20260910 06:21:55.974676 0x1fa65e140 incremental_pipeline.cc:487] => Provided pair is unsuitable for initialization.
I20260910 06:21:55.974679 0x1fa65e140 incremental_pipeline.cc:791] Discarding reconstruction due to bad initial pair
I20260910 06:21:55.976932 0x1fa65e140 incremental_pipeline.cc:487] => Provided pair is unsuitable for initialization.
I20260910 06:21:55.976935 0x1fa65e140 incremental_pipeline.cc:791] Discarding reconstruction due to bad initial pair
I20260910 06:21:55.978515 0x1fa65e140 incremental_pipeline.cc:487] => Provided pair is unsuitable for initialization.
I20260910 06:21:55.978517 0x1fa65e140 incremental_pipeline.cc:791] Discarding reconstruction due to bad initial pair
I20260910 06:21:55.980115 0x1fa65e140 incremental_pipeline.cc:487] => Provided pair is unsuitable for initialization.
I20260910 06:21:55.980118 0x1fa65e140 incremental_pipeline.cc:791] Discarding reconstruction due to bad initial pair
I20260910 06:21:55.981877 0x1fa65e140 incremental_pipeline.cc:487] => Provided pair is unsuitable for initialization.
I20260910 06:21:55.981879 0x1fa65e140 incremental_pipeline.cc:791] Discarding reconstruction due to bad initial pair
I20260910 06:21:55.983621 0x1fa65e140 incremental_pipeline.cc:487] => Provided pair is unsuitable for initialization.
I20260910 06:21:55.983623 0x1fa65e140 incremental_pipeline.cc:791] Discarding reconstruction due to bad initial pair
I20260910 06:21:55.985922 0x1fa65e140 incremental_pipeline.cc:487] => Provided pair is unsuitable for initialization.
I20260910 06:21:55.985924 0x1fa65e140 incremental_pipeline.cc:791] Discarding reconstruction due to bad initial pair
I20260910 06:21:55.987684 0x1fa65e140 incremental_pipeline.cc:487] => Provided pair is unsuitable for initialization.
I20260910 06:21:55.987686 0x1fa65e140 incremental_pipeline.cc:791] Discarding reconstruction due to bad initial pair
I20260910 06:21:55.989223 0x1fa65e140 incremental_pipeline.cc:487] => Provided pair is unsuitable for initialization.
I20260910 06:21:55.989225 0x1fa65e140 incremental_pipeline.cc:791] Discarding reconstruction due to bad initial pair
I20260910 06:21:55.990972 0x1fa65e140 incremental_pipeline.cc:487] => Provided pair is unsuitable for initialization.
I20260910 06:21:55.990974 0x1fa65e140 incremental_pipeline.cc:791] Discarding reconstruction due to bad initial pair
I20260910 06:21:55.991860 0x1fa65e140 incremental_pipeline.cc:487] => Provided pair is unsuitable for initialization.
I20260910 06:21:55.991862 0x1fa65e140 incremental_pipeline.cc:791] Discarding reconstruction due to bad initial pair
I20260910 06:21:55.993713 0x1fa65e140 incremental_pipeline.cc:487] => Provided pair is unsuitable for initialization.
I20260910 06:21:55.993715 0x1fa65e140 incremental_pipeline.cc:791] Discarding reconstruction due to bad initial pair
I20260910 06:21:55.995467 0x1fa65e140 incremental_pipeline.cc:487] => Provided pair is unsuitable for initialization.
I20260910 06:21:55.995469 0x1fa65e140 incremental_pipeline.cc:791] Discarding reconstruction due to bad initial pair
I20260910 06:21:55.997235 0x1fa65e140 incremental_pipeline.cc:487] => Provided pair is unsuitable for initialization.
I20260910 06:21:55.997237 0x1fa65e140 incremental_pipeline.cc:791] Discarding reconstruction due to bad initial pair
I20260910 06:21:55.999075 0x1fa65e140 incremental_pipeline.cc:487] => Provided pair is unsuitable for initialization.
I20260910 06:21:55.999080 0x1fa65e140 incremental_pipeline.cc:791] Discarding reconstruction due to bad initial pair
I20260910 06:21:56.000767 0x1fa65e140 incremental_pipeline.cc:487] => Provided pair is unsuitable for initialization.
I20260910 06:21:56.000769 0x1fa65e140 incremental_pipeline.cc:791] Discarding reconstruction due to bad initial pair
I20260910 06:21:56.002624 0x1fa65e140 incremental_pipeline.cc:487] => Provided pair is unsuitable for initialization.
I20260910 06:21:56.002626 0x1fa65e140 incremental_pipeline.cc:791] Discarding reconstruction due to bad initial pair
I20260910 06:21:56.004378 0x1fa65e140 incremental_pipeline.cc:487] => Provided pair is unsuitable for initialization.
I20260910 06:21:56.004380 0x1fa65e140 incremental_pipeline.cc:791] Discarding reconstruction due to bad initial pair
I20260910 06:21:56.006215 0x1fa65e140 incremental_pipeline.cc:487] => Provided pair is unsuitable for initialization.
I20260910 06:21:56.006217 0x1fa65e140 incremental_pipeline.cc:791] Discarding reconstruction due to bad initial pair
I20260910 06:21:56.007977 0x1fa65e140 incremental_pipeline.cc:487] => Provided pair is unsuitable for initialization.
I20260910 06:21:56.007980 0x1fa65e140 incremental_pipeline.cc:791] Discarding reconstruction due to bad initial pair
I20260910 06:21:56.008975 0x1fa65e140 incremental_pipeline.cc:487] => Provided pair is unsuitable for initialization.
I20260910 06:21:56.008978 0x1fa65e140 incremental_pipeline.cc:791] Discarding reconstruction due to bad initial pair
I20260910 06:21:56.011010 0x1fa65e140 incremental_pipeline.cc:487] => Provided pair is unsuitable for initialization.
I20260910 06:21:56.011013 0x1fa65e140 incremental_pipeline.cc:791] Discarding reconstruction due to bad initial pair
I20260910 06:21:56.012186 0x1fa65e140 incremental_pipeline.cc:487] => Provided pair is unsuitable for initialization.
I20260910 06:21:56.012189 0x1fa65e140 incremental_pipeline.cc:791] Discarding reconstruction due to bad initial pair
I20260910 06:21:56.014226 0x1fa65e140 incremental_pipeline.cc:487] => Provided pair is unsuitable for initialization.
I20260910 06:21:56.014228 0x1fa65e140 incremental_pipeline.cc:791] Discarding reconstruction due to bad initial pair
I20260910 06:21:56.016053 0x1fa65e140 incremental_pipeline.cc:487] => Provided pair is unsuitable for initialization.
I20260910 06:21:56.016064 0x1fa65e140 incremental_pipeline.cc:791] Discarding reconstruction due to bad initial pair
I20260910 06:21:56.017753 0x1fa65e140 incremental_pipeline.cc:487] => Provided pair is unsuitable for initialization.
I20260910 06:21:56.017756 0x1fa65e140 incremental_pipeline.cc:791] Discarding reconstruction due to bad initial pair
I20260910 06:21:56.019938 0x1fa65e140 incremental_pipeline.cc:487] => Provided pair is unsuitable for initialization.
I20260910 06:21:56.019940 0x1fa65e140 incremental_pipeline.cc:791] Discarding reconstruction due to bad initial pair
I20260910 06:21:56.021680 0x1fa65e140 incremental_pipeline.cc:487] => Provided pair is unsuitable for initialization.
I20260910 06:21:56.021683 0x1fa65e140 incremental_pipeline.cc:791] Discarding reconstruction due to bad initial pair
I20260910 06:21:56.022572 0x1fa65e140 incremental_pipeline.cc:487] => Provided pair is unsuitable for initialization.
I20260910 06:21:56.022575 0x1fa65e140 incremental_pipeline.cc:791] Discarding reconstruction due to bad initial pair
I20260910 06:21:56.024765 0x1fa65e140 incremental_pipeline.cc:487] => Provided pair is unsuitable for initialization.
I20260910 06:21:56.024773 0x1fa65e140 incremental_pipeline.cc:791] Discarding reconstruction due to bad initial pair
I20260910 06:21:56.026491 0x1fa65e140 incremental_pipeline.cc:487] => Provided pair is unsuitable for initialization.
I20260910 06:21:56.026493 0x1fa65e140 incremental_pipeline.cc:791] Discarding reconstruction due to bad initial pair
I20260910 06:21:56.028337 0x1fa65e140 incremental_pipeline.cc:487] => Provided pair is unsuitable for initialization.
I20260910 06:21:56.028339 0x1fa65e140 incremental_pipeline.cc:791] Discarding reconstruction due to bad initial pair
I20260910 06:21:56.030082 0x1fa65e140 incremental_pipeline.cc:487] => Provided pair is unsuitable for initialization.
I20260910 06:21:56.030084 0x1fa65e140 incremental_pipeline.cc:791] Discarding reconstruction due to bad initial pair
I20260910 06:21:56.031814 0x1fa65e140 incremental_pipeline.cc:487] => Provided pair is unsuitable for initialization.
I20260910 06:21:56.031817 0x1fa65e140 incremental_pipeline.cc:791] Discarding reconstruction due to bad initial pair
I20260910 06:21:56.033444 0x1fa65e140 incremental_pipeline.cc:487] => Provided pair is unsuitable for initialization.
I20260910 06:21:56.033446 0x1fa65e140 incremental_pipeline.cc:791] Discarding reconstruction due to bad initial pair
I20260910 06:21:56.035203 0x1fa65e140 incremental_pipeline.cc:487] => Provided pair is unsuitable for initialization.
I20260910 06:21:56.035206 0x1fa65e140 incremental_pipeline.cc:791] Discarding reconstruction due to bad initial pair
I20260910 06:21:56.037277 0x1fa65e140 incremental_pipeline.cc:487] => Provided pair is unsuitable for initialization.
I20260910 06:21:56.037280 0x1fa65e140 incremental_pipeline.cc:791] Discarding reconstruction due to bad initial pair
I20260910 06:21:56.039072 0x1fa65e140 incremental_pipeline.cc:487] => Provided pair is unsuitable for initialization.
I20260910 06:21:56.039075 0x1fa65e140 incremental_pipeline.cc:791] Discarding reconstruction due to bad initial pair
I20260910 06:21:56.040795 0x1fa65e140 incremental_pipeline.cc:487] => Provided pair is unsuitable for initialization.
I20260910 06:21:56.040797 0x1fa65e140 incremental_pipeline.cc:791] Discarding reconstruction due to bad initial pair
I20260910 06:21:56.042581 0x1fa65e140 incremental_pipeline.cc:487] => Provided pair is unsuitable for initialization.
I20260910 06:21:56.042584 0x1fa65e140 incremental_pipeline.cc:791] Discarding reconstruction due to bad initial pair
I20260910 06:21:56.044639 0x1fa65e140 incremental_pipeline.cc:487] => Provided pair is unsuitable for initialization.
I20260910 06:21:56.044642 0x1fa65e140 incremental_pipeline.cc:791] Discarding reconstruction due to bad initial pair
I20260910 06:21:56.046385 0x1fa65e140 incremental_pipeline.cc:487] => Provided pair is unsuitable for initialization.
I20260910 06:21:56.046387 0x1fa65e140 incremental_pipeline.cc:791] Discarding reconstruction due to bad initial pair
I20260910 06:21:56.049437 0x1fa65e140 incremental_pipeline.cc:487] => Provided pair is unsuitable for initialization.
I20260910 06:21:56.049439 0x1fa65e140 incremental_pipeline.cc:791] Discarding reconstruction due to bad initial pair
I20260910 06:21:56.050531 0x1fa65e140 incremental_pipeline.cc:487] => Provided pair is unsuitable for initialization.
I20260910 06:21:56.050534 0x1fa65e140 incremental_pipeline.cc:791] Discarding reconstruction due to bad initial pair
I20260910 06:21:56.051542 0x1fa65e140 incremental_pipeline.cc:487] => Provided pair is unsuitable for initialization.
I20260910 06:21:56.051545 0x1fa65e140 incremental_pipeline.cc:791] Discarding reconstruction due to bad initial pair
I20260910 06:21:56.053325 0x1fa65e140 incremental_pipeline.cc:487] => Provided pair is unsuitable for initialization.
I20260910 06:21:56.053328 0x1fa65e140 incremental_pipeline.cc:791] Discarding reconstruction due to bad initial pair
I20260910 06:21:56.055207 0x1fa65e140 incremental_pipeline.cc:487] => Provided pair is unsuitable for initialization.
I20260910 06:21:56.055211 0x1fa65e140 incremental_pipeline.cc:791] Discarding reconstruction due to bad initial pair
I20260910 06:21:56.056928 0x1fa65e140 incremental_pipeline.cc:487] => Provided pair is unsuitable for initialization.
I20260910 06:21:56.056930 0x1fa65e140 incremental_pipeline.cc:791] Discarding reconstruction due to bad initial pair
I20260910 06:21:56.059948 0x1fa65e140 incremental_pipeline.cc:487] => Provided pair is unsuitable for initialization.
I20260910 06:21:56.059951 0x1fa65e140 incremental_pipeline.cc:791] Discarding reconstruction due to bad initial pair
I20260910 06:21:56.061711 0x1fa65e140 incremental_pipeline.cc:487] => Provided pair is unsuitable for initialization.
I20260910 06:21:56.061713 0x1fa65e140 incremental_pipeline.cc:791] Discarding reconstruction due to bad initial pair
I20260910 06:21:56.063162 0x1fa65e140 incremental_pipeline.cc:487] => Provided pair is unsuitable for initialization.
I20260910 06:21:56.063165 0x1fa65e140 incremental_pipeline.cc:791] Discarding reconstruction due to bad initial pair
I20260910 06:21:56.064903 0x1fa65e140 incremental_pipeline.cc:487] => Provided pair is unsuitable for initialization.
I20260910 06:21:56.064905 0x1fa65e140 incremental_pipeline.cc:791] Discarding reconstruction due to bad initial pair
I20260910 06:21:56.066695 0x1fa65e140 incremental_pipeline.cc:487] => Provided pair is unsuitable for initialization.
I20260910 06:21:56.066697 0x1fa65e140 incremental_pipeline.cc:791] Discarding reconstruction due to bad initial pair
I20260910 06:21:56.068093 0x1fa65e140 incremental_pipeline.cc:487] => Provided pair is unsuitable for initialization.
I20260910 06:21:56.068096 0x1fa65e140 incremental_pipeline.cc:791] Discarding reconstruction due to bad initial pair
I20260910 06:21:56.069062 0x1fa65e140 incremental_pipeline.cc:487] => Provided pair is unsuitable for initialization.
I20260910 06:21:56.069065 0x1fa65e140 incremental_pipeline.cc:791] Discarding reconstruction due to bad initial pair
I20260910 06:21:56.069985 0x1fa65e140 incremental_pipeline.cc:487] => Provided pair is unsuitable for initialization.
I20260910 06:21:56.069988 0x1fa65e140 incremental_pipeline.cc:791] Discarding reconstruction due to bad initial pair
I20260910 06:21:56.071722 0x1fa65e140 incremental_pipeline.cc:487] => Provided pair is unsuitable for initialization.
I20260910 06:21:56.071724 0x1fa65e140 incremental_pipeline.cc:791] Discarding reconstruction due to bad initial pair
I20260910 06:21:56.073536 0x1fa65e140 incremental_pipeline.cc:487] => Provided pair is unsuitable for initialization.
I20260910 06:21:56.073539 0x1fa65e140 incremental_pipeline.cc:791] Discarding reconstruction due to bad initial pair
I20260910 06:21:56.075375 0x1fa65e140 incremental_pipeline.cc:487] => Provided pair is unsuitable for initialization.
I20260910 06:21:56.075377 0x1fa65e140 incremental_pipeline.cc:791] Discarding reconstruction due to bad initial pair
I20260910 06:21:56.076729 0x1fa65e140 incremental_pipeline.cc:487] => Provided pair is unsuitable for initialization.
I20260910 06:21:56.076738 0x1fa65e140 incremental_pipeline.cc:791] Discarding reconstruction due to bad initial pair
I20260910 06:21:56.078464 0x1fa65e140 incremental_pipeline.cc:487] => Provided pair is unsuitable for initialization.
I20260910 06:21:56.078466 0x1fa65e140 incremental_pipeline.cc:791] Discarding reconstruction due to bad initial pair
I20260910 06:21:56.080381 0x1fa65e140 incremental_pipeline.cc:487] => Provided pair is unsuitable for initialization.
I20260910 06:21:56.080383 0x1fa65e140 incremental_pipeline.cc:791] Discarding reconstruction due to bad initial pair
I20260910 06:21:56.082222 0x1fa65e140 incremental_pipeline.cc:487] => Provided pair is unsuitable for initialization.
I20260910 06:21:56.082225 0x1fa65e140 incremental_pipeline.cc:791] Discarding reconstruction due to bad initial pair
I20260910 06:21:56.084500 0x1fa65e140 incremental_pipeline.cc:487] => Provided pair is unsuitable for initialization.
I20260910 06:21:56.084503 0x1fa65e140 incremental_pipeline.cc:791] Discarding reconstruction due to bad initial pair
I20260910 06:21:56.086128 0x1fa65e140 incremental_pipeline.cc:487] => Provided pair is unsuitable for initialization.
I20260910 06:21:56.086131 0x1fa65e140 incremental_pipeline.cc:791] Discarding reconstruction due to bad initial pair
I20260910 06:21:56.089206 0x1fa65e140 incremental_pipeline.cc:487] => Provided pair is unsuitable for initialization.
I20260910 06:21:56.089208 0x1fa65e140 incremental_pipeline.cc:791] Discarding reconstruction due to bad initial pair
I20260910 06:21:56.091442 0x1fa65e140 incremental_pipeline.cc:487] => Provided pair is unsuitable for initialization.
I20260910 06:21:56.091444 0x1fa65e140 incremental_pipeline.cc:791] Discarding reconstruction due to bad initial pair
I20260910 06:21:56.093703 0x1fa65e140 incremental_pipeline.cc:487] => Provided pair is unsuitable for initialization.
I20260910 06:21:56.093706 0x1fa65e140 incremental_pipeline.cc:791] Discarding reconstruction due to bad initial pair
I20260910 06:21:56.095574 0x1fa65e140 incremental_pipeline.cc:487] => Provided pair is unsuitable for initialization.
I20260910 06:21:56.095576 0x1fa65e140 incremental_pipeline.cc:791] Discarding reconstruction due to bad initial pair
I20260910 06:21:56.097436 0x1fa65e140 incremental_pipeline.cc:487] => Provided pair is unsuitable for initialization.
I20260910 06:21:56.097439 0x1fa65e140 incremental_pipeline.cc:791] Discarding reconstruction due to bad initial pair
I20260910 06:21:56.100276 0x1fa65e140 incremental_pipeline.cc:487] => Provided pair is unsuitable for initialization.
I20260910 06:21:56.100284 0x1fa65e140 incremental_pipeline.cc:791] Discarding reconstruction due to bad initial pair
I20260910 06:21:56.102530 0x1fa65e140 incremental_pipeline.cc:487] => Provided pair is unsuitable for initialization.
I20260910 06:21:56.102533 0x1fa65e140 incremental_pipeline.cc:791] Discarding reconstruction due to bad initial pair
I20260910 06:21:56.104275 0x1fa65e140 incremental_pipeline.cc:487] => Provided pair is unsuitable for initialization.
I20260910 06:21:56.104278 0x1fa65e140 incremental_pipeline.cc:791] Discarding reconstruction due to bad initial pair
I20260910 06:21:56.106083 0x1fa65e140 incremental_pipeline.cc:487] => Provided pair is unsuitable for initialization.
I20260910 06:21:56.106086 0x1fa65e140 incremental_pipeline.cc:791] Discarding reconstruction due to bad initial pair
I20260910 06:21:56.107866 0x1fa65e140 incremental_pipeline.cc:487] => Provided pair is unsuitable for initialization.
I20260910 06:21:56.107869 0x1fa65e140 incremental_pipeline.cc:791] Discarding reconstruction due to bad initial pair
I20260910 06:21:56.108891 0x1fa65e140 incremental_pipeline.cc:487] => Provided pair is unsuitable for initialization.
I20260910 06:21:56.108893 0x1fa65e140 incremental_pipeline.cc:791] Discarding reconstruction due to bad initial pair
I20260910 06:21:56.110835 0x1fa65e140 incremental_pipeline.cc:487] => Provided pair is unsuitable for initialization.
I20260910 06:21:56.110837 0x1fa65e140 incremental_pipeline.cc:791] Discarding reconstruction due to bad initial pair
I20260910 06:21:56.112573 0x1fa65e140 incremental_pipeline.cc:487] => Provided pair is unsuitable for initialization.
I20260910 06:21:56.112576 0x1fa65e140 incremental_pipeline.cc:791] Discarding reconstruction due to bad initial pair
I20260910 06:21:56.113665 0x1fa65e140 incremental_pipeline.cc:487] => Provided pair is unsuitable for initialization.
I20260910 06:21:56.113667 0x1fa65e140 incremental_pipeline.cc:791] Discarding reconstruction due to bad initial pair
I20260910 06:21:56.115403 0x1fa65e140 incremental_pipeline.cc:487] => Provided pair is unsuitable for initialization.
I20260910 06:21:56.115406 0x1fa65e140 incremental_pipeline.cc:791] Discarding reconstruction due to bad initial pair
I20260910 06:21:56.117170 0x1fa65e140 incremental_pipeline.cc:487] => Provided pair is unsuitable for initialization.
I20260910 06:21:56.117172 0x1fa65e140 incremental_pipeline.cc:791] Discarding reconstruction due to bad initial pair
I20260910 06:21:56.118926 0x1fa65e140 incremental_pipeline.cc:487] => Provided pair is unsuitable for initialization.
I20260910 06:21:56.118929 0x1fa65e140 incremental_pipeline.cc:791] Discarding reconstruction due to bad initial pair
I20260910 06:21:56.120493 0x1fa65e140 incremental_pipeline.cc:487] => Provided pair is unsuitable for initialization.
I20260910 06:21:56.120495 0x1fa65e140 incremental_pipeline.cc:791] Discarding reconstruction due to bad initial pair
I20260910 06:21:56.121556 0x1fa65e140 incremental_pipeline.cc:487] => Provided pair is unsuitable for initialization.
I20260910 06:21:56.121558 0x1fa65e140 incremental_pipeline.cc:791] Discarding reconstruction due to bad initial pair
I20260910 06:21:56.123304 0x1fa65e140 incremental_pipeline.cc:487] => Provided pair is unsuitable for initialization.
I20260910 06:21:56.123307 0x1fa65e140 incremental_pipeline.cc:791] Discarding reconstruction due to bad initial pair
I20260910 06:21:56.124327 0x1fa65e140 incremental_pipeline.cc:487] => Provided pair is unsuitable for initialization.
I20260910 06:21:56.124329 0x1fa65e140 incremental_pipeline.cc:791] Discarding reconstruction due to bad initial pair
I20260910 06:21:56.126072 0x1fa65e140 incremental_pipeline.cc:487] => Provided pair is unsuitable for initialization.
I20260910 06:21:56.126075 0x1fa65e140 incremental_pipeline.cc:791] Discarding reconstruction due to bad initial pair
I20260910 06:21:56.127784 0x1fa65e140 incremental_pipeline.cc:487] => Provided pair is unsuitable for initialization.
I20260910 06:21:56.127787 0x1fa65e140 incremental_pipeline.cc:791] Discarding reconstruction due to bad initial pair
I20260910 06:21:56.129608 0x1fa65e140 incremental_pipeline.cc:487] => Provided pair is unsuitable for initialization.
I20260910 06:21:56.129611 0x1fa65e140 incremental_pipeline.cc:791] Discarding reconstruction due to bad initial pair
I20260910 06:21:56.131396 0x1fa65e140 incremental_pipeline.cc:487] => Provided pair is unsuitable for initialization.
I20260910 06:21:56.131398 0x1fa65e140 incremental_pipeline.cc:791] Discarding reconstruction due to bad initial pair
I20260910 06:21:56.132437 0x1fa65e140 incremental_pipeline.cc:487] => Provided pair is unsuitable for initialization.
I20260910 06:21:56.132439 0x1fa65e140 incremental_pipeline.cc:791] Discarding reconstruction due to bad initial pair
I20260910 06:21:56.134272 0x1fa65e140 incremental_pipeline.cc:487] => Provided pair is unsuitable for initialization.
I20260910 06:21:56.134275 0x1fa65e140 incremental_pipeline.cc:791] Discarding reconstruction due to bad initial pair
I20260910 06:21:56.136018 0x1fa65e140 incremental_pipeline.cc:487] => Provided pair is unsuitable for initialization.
I20260910 06:21:56.136023 0x1fa65e140 incremental_pipeline.cc:791] Discarding reconstruction due to bad initial pair
I20260910 06:21:56.137788 0x1fa65e140 incremental_pipeline.cc:487] => Provided pair is unsuitable for initialization.
I20260910 06:21:56.137790 0x1fa65e140 incremental_pipeline.cc:791] Discarding reconstruction due to bad initial pair
I20260910 06:21:56.139999 0x1fa65e140 incremental_pipeline.cc:487] => Provided pair is unsuitable for initialization.
I20260910 06:21:56.140010 0x1fa65e140 incremental_pipeline.cc:791] Discarding reconstruction due to bad initial pair
I20260910 06:21:56.141610 0x1fa65e140 incremental_pipeline.cc:487] => Provided pair is unsuitable for initialization.
I20260910 06:21:56.141613 0x1fa65e140 incremental_pipeline.cc:791] Discarding reconstruction due to bad initial pair
I20260910 06:21:56.142971 0x1fa65e140 incremental_pipeline.cc:487] => Provided pair is unsuitable for initialization.
I20260910 06:21:56.142973 0x1fa65e140 incremental_pipeline.cc:791] Discarding reconstruction due to bad initial pair
I20260910 06:21:56.143963 0x1fa65e140 incremental_pipeline.cc:487] => Provided pair is unsuitable for initialization.
I20260910 06:21:56.143966 0x1fa65e140 incremental_pipeline.cc:791] Discarding reconstruction due to bad initial pair
I20260910 06:21:56.145763 0x1fa65e140 incremental_pipeline.cc:487] => Provided pair is unsuitable for initialization.
I20260910 06:21:56.145766 0x1fa65e140 incremental_pipeline.cc:791] Discarding reconstruction due to bad initial pair
I20260910 06:21:56.149072 0x1fa65e140 incremental_pipeline.cc:487] => Provided pair is unsuitable for initialization.
I20260910 06:21:56.149074 0x1fa65e140 incremental_pipeline.cc:791] Discarding reconstruction due to bad initial pair
I20260910 06:21:56.151162 0x1fa65e140 incremental_pipeline.cc:487] => Provided pair is unsuitable for initialization.
I20260910 06:21:56.151164 0x1fa65e140 incremental_pipeline.cc:791] Discarding reconstruction due to bad initial pair
I20260910 06:21:56.152865 0x1fa65e140 incremental_pipeline.cc:487] => Provided pair is unsuitable for initialization.
I20260910 06:21:56.152867 0x1fa65e140 incremental_pipeline.cc:791] Discarding reconstruction due to bad initial pair
I20260910 06:21:56.154574 0x1fa65e140 incremental_pipeline.cc:487] => Provided pair is unsuitable for initialization.
I20260910 06:21:56.154577 0x1fa65e140 incremental_pipeline.cc:791] Discarding reconstruction due to bad initial pair
I20260910 06:21:56.156794 0x1fa65e140 incremental_pipeline.cc:487] => Provided pair is unsuitable for initialization.
I20260910 06:21:56.156797 0x1fa65e140 incremental_pipeline.cc:791] Discarding reconstruction due to bad initial pair
I20260910 06:21:56.158951 0x1fa65e140 incremental_pipeline.cc:487] => Provided pair is unsuitable for initialization.
I20260910 06:21:56.158954 0x1fa65e140 incremental_pipeline.cc:791] Discarding reconstruction due to bad initial pair
I20260910 06:21:56.159976 0x1fa65e140 incremental_pipeline.cc:487] => Provided pair is unsuitable for initialization.
I20260910 06:21:56.159978 0x1fa65e140 incremental_pipeline.cc:791] Discarding reconstruction due to bad initial pair
I20260910 06:21:56.161709 0x1fa65e140 incremental_pipeline.cc:487] => Provided pair is unsuitable for initialization.
I20260910 06:21:56.161712 0x1fa65e140 incremental_pipeline.cc:791] Discarding reconstruction due to bad initial pair
I20260910 06:21:56.163547 0x1fa65e140 incremental_pipeline.cc:487] => Provided pair is unsuitable for initialization.
I20260910 06:21:56.163550 0x1fa65e140 incremental_pipeline.cc:791] Discarding reconstruction due to bad initial pair
I20260910 06:21:56.165278 0x1fa65e140 incremental_pipeline.cc:487] => Provided pair is unsuitable for initialization.
I20260910 06:21:56.165281 0x1fa65e140 incremental_pipeline.cc:791] Discarding reconstruction due to bad initial pair
I20260910 06:21:56.166974 0x1fa65e140 incremental_pipeline.cc:487] => Provided pair is unsuitable for initialization.
I20260910 06:21:56.166976 0x1fa65e140 incremental_pipeline.cc:791] Discarding reconstruction due to bad initial pair
I20260910 06:21:56.167975 0x1fa65e140 incremental_pipeline.cc:487] => Provided pair is unsuitable for initialization.
I20260910 06:21:56.167978 0x1fa65e140 incremental_pipeline.cc:791] Discarding reconstruction due to bad initial pair
I20260910 06:21:56.170178 0x1fa65e140 incremental_pipeline.cc:487] => Provided pair is unsuitable for initialization.
I20260910 06:21:56.170180 0x1fa65e140 incremental_pipeline.cc:791] Discarding reconstruction due to bad initial pair
I20260910 06:21:56.171811 0x1fa65e140 incremental_pipeline.cc:487] => Provided pair is unsuitable for initialization.
I20260910 06:21:56.171813 0x1fa65e140 incremental_pipeline.cc:791] Discarding reconstruction due to bad initial pair
I20260910 06:21:56.172881 0x1fa65e140 incremental_pipeline.cc:487] => Provided pair is unsuitable for initialization.
I20260910 06:21:56.172884 0x1fa65e140 incremental_pipeline.cc:791] Discarding reconstruction due to bad initial pair
I20260910 06:21:56.174655 0x1fa65e140 incremental_pipeline.cc:487] => Provided pair is unsuitable for initialization.
I20260910 06:21:56.174657 0x1fa65e140 incremental_pipeline.cc:791] Discarding reconstruction due to bad initial pair
I20260910 06:21:56.175800 0x1fa65e140 incremental_pipeline.cc:487] => Provided pair is unsuitable for initialization.
I20260910 06:21:56.175802 0x1fa65e140 incremental_pipeline.cc:791] Discarding reconstruction due to bad initial pair
I20260910 06:21:56.178819 0x1fa65e140 incremental_pipeline.cc:487] => Provided pair is unsuitable for initialization.
I20260910 06:21:56.178821 0x1fa65e140 incremental_pipeline.cc:791] Discarding reconstruction due to bad initial pair
I20260910 06:21:56.181883 0x1fa65e140 incremental_pipeline.cc:487] => Provided pair is unsuitable for initialization.
I20260910 06:21:56.181886 0x1fa65e140 incremental_pipeline.cc:791] Discarding reconstruction due to bad initial pair
I20260910 06:21:56.182790 0x1fa65e140 incremental_pipeline.cc:487] => Provided pair is unsuitable for initialization.
I20260910 06:21:56.182792 0x1fa65e140 incremental_pipeline.cc:791] Discarding reconstruction due to bad initial pair
I20260910 06:21:56.183806 0x1fa65e140 incremental_pipeline.cc:487] => Provided pair is unsuitable for initialization.
I20260910 06:21:56.183809 0x1fa65e140 incremental_pipeline.cc:791] Discarding reconstruction due to bad initial pair
I20260910 06:21:56.185358 0x1fa65e140 incremental_pipeline.cc:487] => Provided pair is unsuitable for initialization.
I20260910 06:21:56.185360 0x1fa65e140 incremental_pipeline.cc:791] Discarding reconstruction due to bad initial pair
I20260910 06:21:56.186277 0x1fa65e140 incremental_pipeline.cc:487] => Provided pair is unsuitable for initialization.
I20260910 06:21:56.186279 0x1fa65e140 incremental_pipeline.cc:791] Discarding reconstruction due to bad initial pair
I20260910 06:21:56.187800 0x1fa65e140 incremental_pipeline.cc:487] => Provided pair is unsuitable for initialization.
I20260910 06:21:56.187802 0x1fa65e140 incremental_pipeline.cc:791] Discarding reconstruction due to bad initial pair
I20260910 06:21:56.188938 0x1fa65e140 incremental_pipeline.cc:487] => Provided pair is unsuitable for initialization.
I20260910 06:21:56.188941 0x1fa65e140 incremental_pipeline.cc:791] Discarding reconstruction due to bad initial pair
I20260910 06:21:56.190623 0x1fa65e140 incremental_pipeline.cc:487] => Provided pair is unsuitable for initialization.
I20260910 06:21:56.190626 0x1fa65e140 incremental_pipeline.cc:791] Discarding reconstruction due to bad initial pair
I20260910 06:21:56.190629 0x1fa65e140 incremental_pipeline.cc:429] => Relaxing the initialization constraints.
I20260910 06:21:56.192295 0x1fa65e140 incremental_pipeline.cc:487] => Provided pair is unsuitable for initialization.
I20260910 06:21:56.192297 0x1fa65e140 incremental_pipeline.cc:791] Discarding reconstruction due to bad initial pair
I20260910 06:21:56.194085 0x1fa65e140 incremental_pipeline.cc:487] => Provided pair is unsuitable for initialization.
I20260910 06:21:56.194088 0x1fa65e140 incremental_pipeline.cc:791] Discarding reconstruction due to bad initial pair
I20260910 06:21:56.195450 0x1fa65e140 incremental_pipeline.cc:487] => Provided pair is unsuitable for initialization.
I20260910 06:21:56.195452 0x1fa65e140 incremental_pipeline.cc:791] Discarding reconstruction due to bad initial pair
I20260910 06:21:56.197761 0x1fa65e140 incremental_pipeline.cc:487] => Provided pair is unsuitable for initialization.
I20260910 06:21:56.197763 0x1fa65e140 incremental_pipeline.cc:791] Discarding reconstruction due to bad initial pair
I20260910 06:21:56.198740 0x1fa65e140 incremental_pipeline.cc:487] => Provided pair is unsuitable for initialization.
I20260910 06:21:56.198742 0x1fa65e140 incremental_pipeline.cc:791] Discarding reconstruction due to bad initial pair
I20260910 06:21:56.200504 0x1fa65e140 incremental_pipeline.cc:487] => Provided pair is unsuitable for initialization.
I20260910 06:21:56.200506 0x1fa65e140 incremental_pipeline.cc:791] Discarding reconstruction due to bad initial pair
I20260910 06:21:56.202257 0x1fa65e140 incremental_pipeline.cc:487] => Provided pair is unsuitable for initialization.
I20260910 06:21:56.202260 0x1fa65e140 incremental_pipeline.cc:791] Discarding reconstruction due to bad initial pair
I20260910 06:21:56.204016 0x1fa65e140 incremental_pipeline.cc:487] => Provided pair is unsuitable for initialization.
I20260910 06:21:56.204018 0x1fa65e140 incremental_pipeline.cc:791] Discarding reconstruction due to bad initial pair
I20260910 06:21:56.205790 0x1fa65e140 incremental_pipeline.cc:487] => Provided pair is unsuitable for initialization.
I20260910 06:21:56.205793 0x1fa65e140 incremental_pipeline.cc:791] Discarding reconstruction due to bad initial pair
I20260910 06:21:56.208028 0x1fa65e140 incremental_pipeline.cc:487] => Provided pair is unsuitable for initialization.
I20260910 06:21:56.208031 0x1fa65e140 incremental_pipeline.cc:791] Discarding reconstruction due to bad initial pair
I20260910 06:21:56.209917 0x1fa65e140 incremental_pipeline.cc:487] => Provided pair is unsuitable for initialization.
I20260910 06:21:56.209920 0x1fa65e140 incremental_pipeline.cc:791] Discarding reconstruction due to bad initial pair
I20260910 06:21:56.210848 0x1fa65e140 incremental_pipeline.cc:487] => Provided pair is unsuitable for initialization.
I20260910 06:21:56.210851 0x1fa65e140 incremental_pipeline.cc:791] Discarding reconstruction due to bad initial pair
I20260910 06:21:56.212666 0x1fa65e140 incremental_pipeline.cc:487] => Provided pair is unsuitable for initialization.
I20260910 06:21:56.212668 0x1fa65e140 incremental_pipeline.cc:791] Discarding reconstruction due to bad initial pair
I20260910 06:21:56.214519 0x1fa65e140 incremental_pipeline.cc:487] => Provided pair is unsuitable for initialization.
I20260910 06:21:56.214522 0x1fa65e140 incremental_pipeline.cc:791] Discarding reconstruction due to bad initial pair
I20260910 06:21:56.215554 0x1fa65e140 incremental_pipeline.cc:487] => Provided pair is unsuitable for initialization.
I20260910 06:21:56.215557 0x1fa65e140 incremental_pipeline.cc:791] Discarding reconstruction due to bad initial pair
I20260910 06:21:56.217375 0x1fa65e140 incremental_pipeline.cc:487] => Provided pair is unsuitable for initialization.
I20260910 06:21:56.217378 0x1fa65e140 incremental_pipeline.cc:791] Discarding reconstruction due to bad initial pair
I20260910 06:21:56.220378 0x1fa65e140 incremental_pipeline.cc:487] => Provided pair is unsuitable for initialization.
I20260910 06:21:56.220381 0x1fa65e140 incremental_pipeline.cc:791] Discarding reconstruction due to bad initial pair
I20260910 06:21:56.222130 0x1fa65e140 incremental_pipeline.cc:487] => Provided pair is unsuitable for initialization.
I20260910 06:21:56.222133 0x1fa65e140 incremental_pipeline.cc:791] Discarding reconstruction due to bad initial pair
I20260910 06:21:56.223923 0x1fa65e140 incremental_pipeline.cc:487] => Provided pair is unsuitable for initialization.
I20260910 06:21:56.223926 0x1fa65e140 incremental_pipeline.cc:791] Discarding reconstruction due to bad initial pair
I20260910 06:21:56.225951 0x1fa65e140 incremental_pipeline.cc:487] => Provided pair is unsuitable for initialization.
I20260910 06:21:56.225954 0x1fa65e140 incremental_pipeline.cc:791] Discarding reconstruction due to bad initial pair
I20260910 06:21:56.227565 0x1fa65e140 incremental_pipeline.cc:487] => Provided pair is unsuitable for initialization.
I20260910 06:21:56.227568 0x1fa65e140 incremental_pipeline.cc:791] Discarding reconstruction due to bad initial pair
I20260910 06:21:56.229208 0x1fa65e140 incremental_pipeline.cc:487] => Provided pair is unsuitable for initialization.
I20260910 06:21:56.229210 0x1fa65e140 incremental_pipeline.cc:791] Discarding reconstruction due to bad initial pair
I20260910 06:21:56.232141 0x1fa65e140 incremental_pipeline.cc:487] => Provided pair is unsuitable for initialization.
I20260910 06:21:56.232144 0x1fa65e140 incremental_pipeline.cc:791] Discarding reconstruction due to bad initial pair
I20260910 06:21:56.233851 0x1fa65e140 incremental_pipeline.cc:487] => Provided pair is unsuitable for initialization.
I20260910 06:21:56.233854 0x1fa65e140 incremental_pipeline.cc:791] Discarding reconstruction due to bad initial pair
I20260910 06:21:56.234839 0x1fa65e140 incremental_pipeline.cc:487] => Provided pair is unsuitable for initialization.
I20260910 06:21:56.234842 0x1fa65e140 incremental_pipeline.cc:791] Discarding reconstruction due to bad initial pair
I20260910 06:21:56.236624 0x1fa65e140 incremental_pipeline.cc:487] => Provided pair is unsuitable for initialization.
I20260910 06:21:56.236626 0x1fa65e140 incremental_pipeline.cc:791] Discarding reconstruction due to bad initial pair
I20260910 06:21:56.238438 0x1fa65e140 incremental_pipeline.cc:487] => Provided pair is unsuitable for initialization.
I20260910 06:21:56.238440 0x1fa65e140 incremental_pipeline.cc:791] Discarding reconstruction due to bad initial pair
I20260910 06:21:56.240179 0x1fa65e140 incremental_pipeline.cc:487] => Provided pair is unsuitable for initialization.
I20260910 06:21:56.240181 0x1fa65e140 incremental_pipeline.cc:791] Discarding reconstruction due to bad initial pair
I20260910 06:21:56.241918 0x1fa65e140 incremental_pipeline.cc:487] => Provided pair is unsuitable for initialization.
I20260910 06:21:56.241920 0x1fa65e140 incremental_pipeline.cc:791] Discarding reconstruction due to bad initial pair
I20260910 06:21:56.244938 0x1fa65e140 incremental_pipeline.cc:487] => Provided pair is unsuitable for initialization.
I20260910 06:21:56.244941 0x1fa65e140 incremental_pipeline.cc:791] Discarding reconstruction due to bad initial pair
I20260910 06:21:56.246567 0x1fa65e140 incremental_pipeline.cc:487] => Provided pair is unsuitable for initialization.
I20260910 06:21:56.246569 0x1fa65e140 incremental_pipeline.cc:791] Discarding reconstruction due to bad initial pair
I20260910 06:21:56.248384 0x1fa65e140 incremental_pipeline.cc:487] => Provided pair is unsuitable for initialization.
I20260910 06:21:56.248387 0x1fa65e140 incremental_pipeline.cc:791] Discarding reconstruction due to bad initial pair
I20260910 06:21:56.250137 0x1fa65e140 incremental_pipeline.cc:487] => Provided pair is unsuitable for initialization.
I20260910 06:21:56.250139 0x1fa65e140 incremental_pipeline.cc:791] Discarding reconstruction due to bad initial pair
I20260910 06:21:56.252949 0x1fa65e140 incremental_pipeline.cc:487] => Provided pair is unsuitable for initialization.
I20260910 06:21:56.252951 0x1fa65e140 incremental_pipeline.cc:791] Discarding reconstruction due to bad initial pair
I20260910 06:21:56.254725 0x1fa65e140 incremental_pipeline.cc:487] => Provided pair is unsuitable for initialization.
I20260910 06:21:56.254727 0x1fa65e140 incremental_pipeline.cc:791] Discarding reconstruction due to bad initial pair
I20260910 06:21:56.256328 0x1fa65e140 incremental_pipeline.cc:487] => Provided pair is unsuitable for initialization.
I20260910 06:21:56.256331 0x1fa65e140 incremental_pipeline.cc:791] Discarding reconstruction due to bad initial pair
I20260910 06:21:56.257411 0x1fa65e140 incremental_pipeline.cc:487] => Provided pair is unsuitable for initialization.
I20260910 06:21:56.257413 0x1fa65e140 incremental_pipeline.cc:791] Discarding reconstruction due to bad initial pair
I20260910 06:21:56.259176 0x1fa65e140 incremental_pipeline.cc:487] => Provided pair is unsuitable for initialization.
I20260910 06:21:56.259179 0x1fa65e140 incremental_pipeline.cc:791] Discarding reconstruction due to bad initial pair
I20260910 06:21:56.260407 0x1fa65e140 incremental_pipeline.cc:487] => Provided pair is unsuitable for initialization.
I20260910 06:21:56.260414 0x1fa65e140 incremental_pipeline.cc:791] Discarding reconstruction due to bad initial pair
I20260910 06:21:56.262490 0x1fa65e140 incremental_pipeline.cc:487] => Provided pair is unsuitable for initialization.
I20260910 06:21:56.262492 0x1fa65e140 incremental_pipeline.cc:791] Discarding reconstruction due to bad initial pair
I20260910 06:21:56.264705 0x1fa65e140 incremental_pipeline.cc:487] => Provided pair is unsuitable for initialization.
I20260910 06:21:56.264707 0x1fa65e140 incremental_pipeline.cc:791] Discarding reconstruction due to bad initial pair
I20260910 06:21:56.267726 0x1fa65e140 incremental_pipeline.cc:487] => Provided pair is unsuitable for initialization.
I20260910 06:21:56.267729 0x1fa65e140 incremental_pipeline.cc:791] Discarding reconstruction due to bad initial pair
I20260910 06:21:56.269674 0x1fa65e140 incremental_pipeline.cc:487] => Provided pair is unsuitable for initialization.
I20260910 06:21:56.269677 0x1fa65e140 incremental_pipeline.cc:791] Discarding reconstruction due to bad initial pair
I20260910 06:21:56.272678 0x1fa65e140 incremental_pipeline.cc:487] => Provided pair is unsuitable for initialization.
I20260910 06:21:56.272681 0x1fa65e140 incremental_pipeline.cc:791] Discarding reconstruction due to bad initial pair
I20260910 06:21:56.274543 0x1fa65e140 incremental_pipeline.cc:487] => Provided pair is unsuitable for initialization.
I20260910 06:21:56.274545 0x1fa65e140 incremental_pipeline.cc:791] Discarding reconstruction due to bad initial pair
I20260910 06:21:56.277393 0x1fa65e140 incremental_pipeline.cc:487] => Provided pair is unsuitable for initialization.
I20260910 06:21:56.277395 0x1fa65e140 incremental_pipeline.cc:791] Discarding reconstruction due to bad initial pair
I20260910 06:21:56.278378 0x1fa65e140 incremental_pipeline.cc:487] => Provided pair is unsuitable for initialization.
I20260910 06:21:56.278380 0x1fa65e140 incremental_pipeline.cc:791] Discarding reconstruction due to bad initial pair
I20260910 06:21:56.281243 0x1fa65e140 incremental_pipeline.cc:487] => Provided pair is unsuitable for initialization.
I20260910 06:21:56.281246 0x1fa65e140 incremental_pipeline.cc:791] Discarding reconstruction due to bad initial pair
I20260910 06:21:56.284148 0x1fa65e140 incremental_pipeline.cc:487] => Provided pair is unsuitable for initialization.
I20260910 06:21:56.284150 0x1fa65e140 incremental_pipeline.cc:791] Discarding reconstruction due to bad initial pair
I20260910 06:21:56.285881 0x1fa65e140 incremental_pipeline.cc:487] => Provided pair is unsuitable for initialization.
I20260910 06:21:56.285884 0x1fa65e140 incremental_pipeline.cc:791] Discarding reconstruction due to bad initial pair
I20260910 06:21:56.287617 0x1fa65e140 incremental_pipeline.cc:487] => Provided pair is unsuitable for initialization.
I20260910 06:21:56.287619 0x1fa65e140 incremental_pipeline.cc:791] Discarding reconstruction due to bad initial pair
I20260910 06:21:56.288504 0x1fa65e140 incremental_pipeline.cc:487] => Provided pair is unsuitable for initialization.
I20260910 06:21:56.288507 0x1fa65e140 incremental_pipeline.cc:791] Discarding reconstruction due to bad initial pair
I20260910 06:21:56.290272 0x1fa65e140 incremental_pipeline.cc:487] => Provided pair is unsuitable for initialization.
I20260910 06:21:56.290275 0x1fa65e140 incremental_pipeline.cc:791] Discarding reconstruction due to bad initial pair
I20260910 06:21:56.291269 0x1fa65e140 incremental_pipeline.cc:487] => Provided pair is unsuitable for initialization.
I20260910 06:21:56.291272 0x1fa65e140 incremental_pipeline.cc:791] Discarding reconstruction due to bad initial pair
I20260910 06:21:56.292805 0x1fa65e140 incremental_pipeline.cc:487] => Provided pair is unsuitable for initialization.
I20260910 06:21:56.292807 0x1fa65e140 incremental_pipeline.cc:791] Discarding reconstruction due to bad initial pair
I20260910 06:21:56.295112 0x1fa65e140 incremental_pipeline.cc:487] => Provided pair is unsuitable for initialization.
I20260910 06:21:56.295114 0x1fa65e140 incremental_pipeline.cc:791] Discarding reconstruction due to bad initial pair
I20260910 06:21:56.296901 0x1fa65e140 incremental_pipeline.cc:487] => Provided pair is unsuitable for initialization.
I20260910 06:21:56.296904 0x1fa65e140 incremental_pipeline.cc:791] Discarding reconstruction due to bad initial pair
I20260910 06:21:56.299266 0x1fa65e140 incremental_pipeline.cc:487] => Provided pair is unsuitable for initialization.
I20260910 06:21:56.299269 0x1fa65e140 incremental_pipeline.cc:791] Discarding reconstruction due to bad initial pair
I20260910 06:21:56.301531 0x1fa65e140 incremental_pipeline.cc:487] => Provided pair is unsuitable for initialization.
I20260910 06:21:56.301533 0x1fa65e140 incremental_pipeline.cc:791] Discarding reconstruction due to bad initial pair
I20260910 06:21:56.303291 0x1fa65e140 incremental_pipeline.cc:487] => Provided pair is unsuitable for initialization.
I20260910 06:21:56.303293 0x1fa65e140 incremental_pipeline.cc:791] Discarding reconstruction due to bad initial pair
I20260910 06:21:56.305024 0x1fa65e140 incremental_pipeline.cc:487] => Provided pair is unsuitable for initialization.
I20260910 06:21:56.305027 0x1fa65e140 incremental_pipeline.cc:791] Discarding reconstruction due to bad initial pair
I20260910 06:21:56.306903 0x1fa65e140 incremental_pipeline.cc:487] => Provided pair is unsuitable for initialization.
I20260910 06:21:56.306905 0x1fa65e140 incremental_pipeline.cc:791] Discarding reconstruction due to bad initial pair
I20260910 06:21:56.309948 0x1fa65e140 incremental_pipeline.cc:487] => Provided pair is unsuitable for initialization.
I20260910 06:21:56.309951 0x1fa65e140 incremental_pipeline.cc:791] Discarding reconstruction due to bad initial pair
I20260910 06:21:56.311836 0x1fa65e140 incremental_pipeline.cc:487] => Provided pair is unsuitable for initialization.
I20260910 06:21:56.311838 0x1fa65e140 incremental_pipeline.cc:791] Discarding reconstruction due to bad initial pair
I20260910 06:21:56.312846 0x1fa65e140 incremental_pipeline.cc:487] => Provided pair is unsuitable for initialization.
I20260910 06:21:56.312849 0x1fa65e140 incremental_pipeline.cc:791] Discarding reconstruction due to bad initial pair
I20260910 06:21:56.314648 0x1fa65e140 incremental_pipeline.cc:487] => Provided pair is unsuitable for initialization.
I20260910 06:21:56.314650 0x1fa65e140 incremental_pipeline.cc:791] Discarding reconstruction due to bad initial pair
I20260910 06:21:56.316226 0x1fa65e140 incremental_pipeline.cc:487] => Provided pair is unsuitable for initialization.
I20260910 06:21:56.316229 0x1fa65e140 incremental_pipeline.cc:791] Discarding reconstruction due to bad initial pair
I20260910 06:21:56.318013 0x1fa65e140 incremental_pipeline.cc:487] => Provided pair is unsuitable for initialization.
I20260910 06:21:56.318016 0x1fa65e140 incremental_pipeline.cc:791] Discarding reconstruction due to bad initial pair
I20260910 06:21:56.319755 0x1fa65e140 incremental_pipeline.cc:487] => Provided pair is unsuitable for initialization.
I20260910 06:21:56.319757 0x1fa65e140 incremental_pipeline.cc:791] Discarding reconstruction due to bad initial pair
I20260910 06:21:56.321553 0x1fa65e140 incremental_pipeline.cc:487] => Provided pair is unsuitable for initialization.
I20260910 06:21:56.321555 0x1fa65e140 incremental_pipeline.cc:791] Discarding reconstruction due to bad initial pair
I20260910 06:21:56.323065 0x1fa65e140 incremental_pipeline.cc:487] => Provided pair is unsuitable for initialization.
I20260910 06:21:56.323067 0x1fa65e140 incremental_pipeline.cc:791] Discarding reconstruction due to bad initial pair
I20260910 06:21:56.325132 0x1fa65e140 incremental_pipeline.cc:487] => Provided pair is unsuitable for initialization.
I20260910 06:21:56.325134 0x1fa65e140 incremental_pipeline.cc:791] Discarding reconstruction due to bad initial pair
I20260910 06:21:56.326113 0x1fa65e140 incremental_pipeline.cc:487] => Provided pair is unsuitable for initialization.
I20260910 06:21:56.326116 0x1fa65e140 incremental_pipeline.cc:791] Discarding reconstruction due to bad initial pair
I20260910 06:21:56.328412 0x1fa65e140 incremental_pipeline.cc:487] => Provided pair is unsuitable for initialization.
I20260910 06:21:56.328419 0x1fa65e140 incremental_pipeline.cc:791] Discarding reconstruction due to bad initial pair
I20260910 06:21:56.329480 0x1fa65e140 incremental_pipeline.cc:487] => Provided pair is unsuitable for initialization.
I20260910 06:21:56.329482 0x1fa65e140 incremental_pipeline.cc:791] Discarding reconstruction due to bad initial pair
I20260910 06:21:56.331040 0x1fa65e140 incremental_pipeline.cc:487] => Provided pair is unsuitable for initialization.
I20260910 06:21:56.331043 0x1fa65e140 incremental_pipeline.cc:791] Discarding reconstruction due to bad initial pair
I20260910 06:21:56.331946 0x1fa65e140 incremental_pipeline.cc:487] => Provided pair is unsuitable for initialization.
I20260910 06:21:56.331948 0x1fa65e140 incremental_pipeline.cc:791] Discarding reconstruction due to bad initial pair
I20260910 06:21:56.333704 0x1fa65e140 incremental_pipeline.cc:487] => Provided pair is unsuitable for initialization.
I20260910 06:21:56.333707 0x1fa65e140 incremental_pipeline.cc:791] Discarding reconstruction due to bad initial pair
I20260910 06:21:56.335926 0x1fa65e140 incremental_pipeline.cc:487] => Provided pair is unsuitable for initialization.
I20260910 06:21:56.335928 0x1fa65e140 incremental_pipeline.cc:791] Discarding reconstruction due to bad initial pair
I20260910 06:21:56.337699 0x1fa65e140 incremental_pipeline.cc:487] => Provided pair is unsuitable for initialization.
I20260910 06:21:56.337702 0x1fa65e140 incremental_pipeline.cc:791] Discarding reconstruction due to bad initial pair
I20260910 06:21:56.340647 0x1fa65e140 incremental_pipeline.cc:487] => Provided pair is unsuitable for initialization.
I20260910 06:21:56.340650 0x1fa65e140 incremental_pipeline.cc:791] Discarding reconstruction due to bad initial pair
I20260910 06:21:56.342125 0x1fa65e140 incremental_pipeline.cc:487] => Provided pair is unsuitable for initialization.
I20260910 06:21:56.342128 0x1fa65e140 incremental_pipeline.cc:791] Discarding reconstruction due to bad initial pair
I20260910 06:21:56.343850 0x1fa65e140 incremental_pipeline.cc:487] => Provided pair is unsuitable for initialization.
I20260910 06:21:56.343853 0x1fa65e140 incremental_pipeline.cc:791] Discarding reconstruction due to bad initial pair
I20260910 06:21:56.346175 0x1fa65e140 incremental_pipeline.cc:487] => Provided pair is unsuitable for initialization.
I20260910 06:21:56.346178 0x1fa65e140 incremental_pipeline.cc:791] Discarding reconstruction due to bad initial pair
I20260910 06:21:56.347837 0x1fa65e140 incremental_pipeline.cc:487] => Provided pair is unsuitable for initialization.
I20260910 06:21:56.347840 0x1fa65e140 incremental_pipeline.cc:791] Discarding reconstruction due to bad initial pair
I20260910 06:21:56.348789 0x1fa65e140 incremental_pipeline.cc:487] => Provided pair is unsuitable for initialization.
I20260910 06:21:56.348791 0x1fa65e140 incremental_pipeline.cc:791] Discarding reconstruction due to bad initial pair
I20260910 06:21:56.351727 0x1fa65e140 incremental_pipeline.cc:487] => Provided pair is unsuitable for initialization.
I20260910 06:21:56.351730 0x1fa65e140 incremental_pipeline.cc:791] Discarding reconstruction due to bad initial pair
I20260910 06:21:56.353528 0x1fa65e140 incremental_pipeline.cc:487] => Provided pair is unsuitable for initialization.
I20260910 06:21:56.353530 0x1fa65e140 incremental_pipeline.cc:791] Discarding reconstruction due to bad initial pair
I20260910 06:21:56.355264 0x1fa65e140 incremental_pipeline.cc:487] => Provided pair is unsuitable for initialization.
I20260910 06:21:56.355266 0x1fa65e140 incremental_pipeline.cc:791] Discarding reconstruction due to bad initial pair
I20260910 06:21:56.357069 0x1fa65e140 incremental_pipeline.cc:487] => Provided pair is unsuitable for initialization.
I20260910 06:21:56.357072 0x1fa65e140 incremental_pipeline.cc:791] Discarding reconstruction due to bad initial pair
I20260910 06:21:56.358838 0x1fa65e140 incremental_pipeline.cc:487] => Provided pair is unsuitable for initialization.
I20260910 06:21:56.358840 0x1fa65e140 incremental_pipeline.cc:791] Discarding reconstruction due to bad initial pair
I20260910 06:21:56.360521 0x1fa65e140 incremental_pipeline.cc:487] => Provided pair is unsuitable for initialization.
I20260910 06:21:56.360523 0x1fa65e140 incremental_pipeline.cc:791] Discarding reconstruction due to bad initial pair
I20260910 06:21:56.362331 0x1fa65e140 incremental_pipeline.cc:487] => Provided pair is unsuitable for initialization.
I20260910 06:21:56.362333 0x1fa65e140 incremental_pipeline.cc:791] Discarding reconstruction due to bad initial pair
I20260910 06:21:56.363287 0x1fa65e140 incremental_pipeline.cc:487] => Provided pair is unsuitable for initialization.
I20260910 06:21:56.363289 0x1fa65e140 incremental_pipeline.cc:791] Discarding reconstruction due to bad initial pair
I20260910 06:21:56.364938 0x1fa65e140 incremental_pipeline.cc:487] => Provided pair is unsuitable for initialization.
I20260910 06:21:56.364940 0x1fa65e140 incremental_pipeline.cc:791] Discarding reconstruction due to bad initial pair
I20260910 06:21:56.366724 0x1fa65e140 incremental_pipeline.cc:487] => Provided pair is unsuitable for initialization.
I20260910 06:21:56.366726 0x1fa65e140 incremental_pipeline.cc:791] Discarding reconstruction due to bad initial pair
I20260910 06:21:56.368563 0x1fa65e140 incremental_pipeline.cc:487] => Provided pair is unsuitable for initialization.
I20260910 06:21:56.368566 0x1fa65e140 incremental_pipeline.cc:791] Discarding reconstruction due to bad initial pair
I20260910 06:21:56.370286 0x1fa65e140 incremental_pipeline.cc:487] => Provided pair is unsuitable for initialization.
I20260910 06:21:56.370288 0x1fa65e140 incremental_pipeline.cc:791] Discarding reconstruction due to bad initial pair
I20260910 06:21:56.371281 0x1fa65e140 incremental_pipeline.cc:487] => Provided pair is unsuitable for initialization.
I20260910 06:21:56.371283 0x1fa65e140 incremental_pipeline.cc:791] Discarding reconstruction due to bad initial pair
I20260910 06:21:56.372268 0x1fa65e140 incremental_pipeline.cc:487] => Provided pair is unsuitable for initialization.
I20260910 06:21:56.372270 0x1fa65e140 incremental_pipeline.cc:791] Discarding reconstruction due to bad initial pair
I20260910 06:21:56.373990 0x1fa65e140 incremental_pipeline.cc:487] => Provided pair is unsuitable for initialization.
I20260910 06:21:56.373992 0x1fa65e140 incremental_pipeline.cc:791] Discarding reconstruction due to bad initial pair
I20260910 06:21:56.375794 0x1fa65e140 incremental_pipeline.cc:487] => Provided pair is unsuitable for initialization.
I20260910 06:21:56.375797 0x1fa65e140 incremental_pipeline.cc:791] Discarding reconstruction due to bad initial pair
I20260910 06:21:56.376818 0x1fa65e140 incremental_pipeline.cc:487] => Provided pair is unsuitable for initialization.
I20260910 06:21:56.376820 0x1fa65e140 incremental_pipeline.cc:791] Discarding reconstruction due to bad initial pair
I20260910 06:21:56.378677 0x1fa65e140 incremental_pipeline.cc:487] => Provided pair is unsuitable for initialization.
I20260910 06:21:56.378679 0x1fa65e140 incremental_pipeline.cc:791] Discarding reconstruction due to bad initial pair
I20260910 06:21:56.379713 0x1fa65e140 incremental_pipeline.cc:487] => Provided pair is unsuitable for initialization.
I20260910 06:21:56.379715 0x1fa65e140 incremental_pipeline.cc:791] Discarding reconstruction due to bad initial pair
I20260910 06:21:56.381434 0x1fa65e140 incremental_pipeline.cc:487] => Provided pair is unsuitable for initialization.
I20260910 06:21:56.381436 0x1fa65e140 incremental_pipeline.cc:791] Discarding reconstruction due to bad initial pair
I20260910 06:21:56.382396 0x1fa65e140 incremental_pipeline.cc:487] => Provided pair is unsuitable for initialization.
I20260910 06:21:56.382398 0x1fa65e140 incremental_pipeline.cc:791] Discarding reconstruction due to bad initial pair
I20260910 06:21:56.384379 0x1fa65e140 incremental_pipeline.cc:487] => Provided pair is unsuitable for initialization.
I20260910 06:21:56.384381 0x1fa65e140 incremental_pipeline.cc:791] Discarding reconstruction due to bad initial pair
I20260910 06:21:56.386120 0x1fa65e140 incremental_pipeline.cc:487] => Provided pair is unsuitable for initialization.
I20260910 06:21:56.386125 0x1fa65e140 incremental_pipeline.cc:791] Discarding reconstruction due to bad initial pair
I20260910 06:21:56.389190 0x1fa65e140 incremental_pipeline.cc:487] => Provided pair is unsuitable for initialization.
I20260910 06:21:56.389192 0x1fa65e140 incremental_pipeline.cc:791] Discarding reconstruction due to bad initial pair
I20260910 06:21:56.390833 0x1fa65e140 incremental_pipeline.cc:487] => Provided pair is unsuitable for initialization.
I20260910 06:21:56.390835 0x1fa65e140 incremental_pipeline.cc:791] Discarding reconstruction due to bad initial pair
I20260910 06:21:56.392501 0x1fa65e140 incremental_pipeline.cc:487] => Provided pair is unsuitable for initialization.
I20260910 06:21:56.392503 0x1fa65e140 incremental_pipeline.cc:791] Discarding reconstruction due to bad initial pair
I20260910 06:21:56.395117 0x1fa65e140 incremental_pipeline.cc:487] => Provided pair is unsuitable for initialization.
I20260910 06:21:56.395119 0x1fa65e140 incremental_pipeline.cc:791] Discarding reconstruction due to bad initial pair
I20260910 06:21:56.396962 0x1fa65e140 incremental_pipeline.cc:487] => Provided pair is unsuitable for initialization.
I20260910 06:21:56.396964 0x1fa65e140 incremental_pipeline.cc:791] Discarding reconstruction due to bad initial pair
I20260910 06:21:56.398685 0x1fa65e140 incremental_pipeline.cc:487] => Provided pair is unsuitable for initialization.
I20260910 06:21:56.398687 0x1fa65e140 incremental_pipeline.cc:791] Discarding reconstruction due to bad initial pair
I20260910 06:21:56.400330 0x1fa65e140 incremental_pipeline.cc:487] => Provided pair is unsuitable for initialization.
I20260910 06:21:56.400333 0x1fa65e140 incremental_pipeline.cc:791] Discarding reconstruction due to bad initial pair
I20260910 06:21:56.403382 0x1fa65e140 incremental_pipeline.cc:487] => Provided pair is unsuitable for initialization.
I20260910 06:21:56.403385 0x1fa65e140 incremental_pipeline.cc:791] Discarding reconstruction due to bad initial pair
I20260910 06:21:56.405164 0x1fa65e140 incremental_pipeline.cc:487] => Provided pair is unsuitable for initialization.
I20260910 06:21:56.405166 0x1fa65e140 incremental_pipeline.cc:791] Discarding reconstruction due to bad initial pair
I20260910 06:21:56.406896 0x1fa65e140 incremental_pipeline.cc:487] => Provided pair is unsuitable for initialization.
I20260910 06:21:56.406898 0x1fa65e140 incremental_pipeline.cc:791] Discarding reconstruction due to bad initial pair
I20260910 06:21:56.408650 0x1fa65e140 incremental_pipeline.cc:487] => Provided pair is unsuitable for initialization.
I20260910 06:21:56.408652 0x1fa65e140 incremental_pipeline.cc:791] Discarding reconstruction due to bad initial pair
I20260910 06:21:56.409898 0x1fa65e140 incremental_pipeline.cc:487] => Provided pair is unsuitable for initialization.
I20260910 06:21:56.409900 0x1fa65e140 incremental_pipeline.cc:791] Discarding reconstruction due to bad initial pair
I20260910 06:21:56.412168 0x1fa65e140 incremental_pipeline.cc:487] => Provided pair is unsuitable for initialization.
I20260910 06:21:56.412171 0x1fa65e140 incremental_pipeline.cc:791] Discarding reconstruction due to bad initial pair
I20260910 06:21:56.414090 0x1fa65e140 incremental_pipeline.cc:487] => Provided pair is unsuitable for initialization.
I20260910 06:21:56.414092 0x1fa65e140 incremental_pipeline.cc:791] Discarding reconstruction due to bad initial pair
I20260910 06:21:56.415060 0x1fa65e140 incremental_pipeline.cc:487] => Provided pair is unsuitable for initialization.
I20260910 06:21:56.415068 0x1fa65e140 incremental_pipeline.cc:791] Discarding reconstruction due to bad initial pair
I20260910 06:21:56.416632 0x1fa65e140 incremental_pipeline.cc:487] => Provided pair is unsuitable for initialization.
I20260910 06:21:56.416635 0x1fa65e140 incremental_pipeline.cc:791] Discarding reconstruction due to bad initial pair
I20260910 06:21:56.419202 0x1fa65e140 incremental_pipeline.cc:487] => Provided pair is unsuitable for initialization.
I20260910 06:21:56.419205 0x1fa65e140 incremental_pipeline.cc:791] Discarding reconstruction due to bad initial pair
I20260910 06:21:56.421025 0x1fa65e140 incremental_pipeline.cc:487] => Provided pair is unsuitable for initialization.
I20260910 06:21:56.421028 0x1fa65e140 incremental_pipeline.cc:791] Discarding reconstruction due to bad initial pair
I20260910 06:21:56.423220 0x1fa65e140 incremental_pipeline.cc:487] => Provided pair is unsuitable for initialization.
I20260910 06:21:56.423222 0x1fa65e140 incremental_pipeline.cc:791] Discarding reconstruction due to bad initial pair
I20260910 06:21:56.424998 0x1fa65e140 incremental_pipeline.cc:487] => Provided pair is unsuitable for initialization.
I20260910 06:21:56.425000 0x1fa65e140 incremental_pipeline.cc:791] Discarding reconstruction due to bad initial pair
I20260910 06:21:56.426448 0x1fa65e140 incremental_pipeline.cc:487] => Provided pair is unsuitable for initialization.
I20260910 06:21:56.426451 0x1fa65e140 incremental_pipeline.cc:791] Discarding reconstruction due to bad initial pair
I20260910 06:21:56.428150 0x1fa65e140 incremental_pipeline.cc:487] => Provided pair is unsuitable for initialization.
I20260910 06:21:56.428153 0x1fa65e140 incremental_pipeline.cc:791] Discarding reconstruction due to bad initial pair
I20260910 06:21:56.430498 0x1fa65e140 incremental_pipeline.cc:487] => Provided pair is unsuitable for initialization.
I20260910 06:21:56.430500 0x1fa65e140 incremental_pipeline.cc:791] Discarding reconstruction due to bad initial pair
I20260910 06:21:56.432263 0x1fa65e140 incremental_pipeline.cc:487] => Provided pair is unsuitable for initialization.
I20260910 06:21:56.432266 0x1fa65e140 incremental_pipeline.cc:791] Discarding reconstruction due to bad initial pair
I20260910 06:21:56.433346 0x1fa65e140 incremental_pipeline.cc:487] => Provided pair is unsuitable for initialization.
I20260910 06:21:56.433349 0x1fa65e140 incremental_pipeline.cc:791] Discarding reconstruction due to bad initial pair
I20260910 06:21:56.435677 0x1fa65e140 incremental_pipeline.cc:487] => Provided pair is unsuitable for initialization.
I20260910 06:21:56.435679 0x1fa65e140 incremental_pipeline.cc:791] Discarding reconstruction due to bad initial pair
I20260910 06:21:56.437260 0x1fa65e140 incremental_pipeline.cc:487] => Provided pair is unsuitable for initialization.
I20260910 06:21:56.437262 0x1fa65e140 incremental_pipeline.cc:791] Discarding reconstruction due to bad initial pair
I20260910 06:21:56.438907 0x1fa65e140 incremental_pipeline.cc:487] => Provided pair is unsuitable for initialization.
I20260910 06:21:56.438909 0x1fa65e140 incremental_pipeline.cc:791] Discarding reconstruction due to bad initial pair
I20260910 06:21:56.440567 0x1fa65e140 incremental_pipeline.cc:487] => Provided pair is unsuitable for initialization.
I20260910 06:21:56.440569 0x1fa65e140 incremental_pipeline.cc:791] Discarding reconstruction due to bad initial pair
I20260910 06:21:56.443635 0x1fa65e140 incremental_pipeline.cc:487] => Provided pair is unsuitable for initialization.
I20260910 06:21:56.443637 0x1fa65e140 incremental_pipeline.cc:791] Discarding reconstruction due to bad initial pair
I20260910 06:21:56.445191 0x1fa65e140 incremental_pipeline.cc:487] => Provided pair is unsuitable for initialization.
I20260910 06:21:56.445194 0x1fa65e140 incremental_pipeline.cc:791] Discarding reconstruction due to bad initial pair
I20260910 06:21:56.447516 0x1fa65e140 incremental_pipeline.cc:487] => Provided pair is unsuitable for initialization.
I20260910 06:21:56.447518 0x1fa65e140 incremental_pipeline.cc:791] Discarding reconstruction due to bad initial pair
I20260910 06:21:56.448545 0x1fa65e140 incremental_pipeline.cc:487] => Provided pair is unsuitable for initialization.
I20260910 06:21:56.448547 0x1fa65e140 incremental_pipeline.cc:791] Discarding reconstruction due to bad initial pair
I20260910 06:21:56.451501 0x1fa65e140 incremental_pipeline.cc:487] => Provided pair is unsuitable for initialization.
I20260910 06:21:56.451503 0x1fa65e140 incremental_pipeline.cc:791] Discarding reconstruction due to bad initial pair
I20260910 06:21:56.453170 0x1fa65e140 incremental_pipeline.cc:487] => Provided pair is unsuitable for initialization.
I20260910 06:21:56.453172 0x1fa65e140 incremental_pipeline.cc:791] Discarding reconstruction due to bad initial pair
I20260910 06:21:56.455033 0x1fa65e140 incremental_pipeline.cc:487] => Provided pair is unsuitable for initialization.
I20260910 06:21:56.455035 0x1fa65e140 incremental_pipeline.cc:791] Discarding reconstruction due to bad initial pair
I20260910 06:21:56.456776 0x1fa65e140 incremental_pipeline.cc:487] => Provided pair is unsuitable for initialization.
I20260910 06:21:56.456779 0x1fa65e140 incremental_pipeline.cc:791] Discarding reconstruction due to bad initial pair
I20260910 06:21:56.458963 0x1fa65e140 incremental_pipeline.cc:487] => Provided pair is unsuitable for initialization.
I20260910 06:21:56.458965 0x1fa65e140 incremental_pipeline.cc:791] Discarding reconstruction due to bad initial pair
I20260910 06:21:56.461234 0x1fa65e140 incremental_pipeline.cc:487] => Provided pair is unsuitable for initialization.
I20260910 06:21:56.461236 0x1fa65e140 incremental_pipeline.cc:791] Discarding reconstruction due to bad initial pair
I20260910 06:21:56.462341 0x1fa65e140 incremental_pipeline.cc:487] => Provided pair is unsuitable for initialization.
I20260910 06:21:56.462344 0x1fa65e140 incremental_pipeline.cc:791] Discarding reconstruction due to bad initial pair
I20260910 06:21:56.463398 0x1fa65e140 incremental_pipeline.cc:487] => Provided pair is unsuitable for initialization.
I20260910 06:21:56.463400 0x1fa65e140 incremental_pipeline.cc:791] Discarding reconstruction due to bad initial pair
I20260910 06:21:56.465639 0x1fa65e140 incremental_pipeline.cc:487] => Provided pair is unsuitable for initialization.
I20260910 06:21:56.465642 0x1fa65e140 incremental_pipeline.cc:791] Discarding reconstruction due to bad initial pair
I20260910 06:21:56.467525 0x1fa65e140 incremental_pipeline.cc:487] => Provided pair is unsuitable for initialization.
I20260910 06:21:56.467528 0x1fa65e140 incremental_pipeline.cc:791] Discarding reconstruction due to bad initial pair
I20260910 06:21:56.469351 0x1fa65e140 incremental_pipeline.cc:487] => Provided pair is unsuitable for initialization.
I20260910 06:21:56.469353 0x1fa65e140 incremental_pipeline.cc:791] Discarding reconstruction due to bad initial pair
I20260910 06:21:56.471316 0x1fa65e140 incremental_pipeline.cc:487] => Provided pair is unsuitable for initialization.
I20260910 06:21:56.471318 0x1fa65e140 incremental_pipeline.cc:791] Discarding reconstruction due to bad initial pair
I20260910 06:21:56.473091 0x1fa65e140 incremental_pipeline.cc:487] => Provided pair is unsuitable for initialization.
I20260910 06:21:56.473094 0x1fa65e140 incremental_pipeline.cc:791] Discarding reconstruction due to bad initial pair
I20260910 06:21:56.475341 0x1fa65e140 incremental_pipeline.cc:487] => Provided pair is unsuitable for initialization.
I20260910 06:21:56.475344 0x1fa65e140 incremental_pipeline.cc:791] Discarding reconstruction due to bad initial pair
I20260910 06:21:56.477106 0x1fa65e140 incremental_pipeline.cc:487] => Provided pair is unsuitable for initialization.
I20260910 06:21:56.477108 0x1fa65e140 incremental_pipeline.cc:791] Discarding reconstruction due to bad initial pair
I20260910 06:21:56.477973 0x1fa65e140 incremental_pipeline.cc:487] => Provided pair is unsuitable for initialization.
I20260910 06:21:56.477975 0x1fa65e140 incremental_pipeline.cc:791] Discarding reconstruction due to bad initial pair
I20260910 06:21:56.479733 0x1fa65e140 incremental_pipeline.cc:487] => Provided pair is unsuitable for initialization.
I20260910 06:21:56.479736 0x1fa65e140 incremental_pipeline.cc:791] Discarding reconstruction due to bad initial pair
I20260910 06:21:56.481453 0x1fa65e140 incremental_pipeline.cc:487] => Provided pair is unsuitable for initialization.
I20260910 06:21:56.481455 0x1fa65e140 incremental_pipeline.cc:791] Discarding reconstruction due to bad initial pair
I20260910 06:21:56.483724 0x1fa65e140 incremental_pipeline.cc:487] => Provided pair is unsuitable for initialization.
I20260910 06:21:56.483734 0x1fa65e140 incremental_pipeline.cc:791] Discarding reconstruction due to bad initial pair
I20260910 06:21:56.485498 0x1fa65e140 incremental_pipeline.cc:487] => Provided pair is unsuitable for initialization.
I20260910 06:21:56.485501 0x1fa65e140 incremental_pipeline.cc:791] Discarding reconstruction due to bad initial pair
I20260910 06:21:56.487245 0x1fa65e140 incremental_pipeline.cc:487] => Provided pair is unsuitable for initialization.
I20260910 06:21:56.487247 0x1fa65e140 incremental_pipeline.cc:791] Discarding reconstruction due to bad initial pair
I20260910 06:21:56.488752 0x1fa65e140 incremental_pipeline.cc:487] => Provided pair is unsuitable for initialization.
I20260910 06:21:56.488755 0x1fa65e140 incremental_pipeline.cc:791] Discarding reconstruction due to bad initial pair
I20260910 06:21:56.490750 0x1fa65e140 incremental_pipeline.cc:487] => Provided pair is unsuitable for initialization.
I20260910 06:21:56.490753 0x1fa65e140 incremental_pipeline.cc:791] Discarding reconstruction due to bad initial pair
I20260910 06:21:56.492009 0x1fa65e140 incremental_pipeline.cc:487] => Provided pair is unsuitable for initialization.
I20260910 06:21:56.492011 0x1fa65e140 incremental_pipeline.cc:791] Discarding reconstruction due to bad initial pair
I20260910 06:21:56.492910 0x1fa65e140 incremental_pipeline.cc:487] => Provided pair is unsuitable for initialization.
I20260910 06:21:56.492912 0x1fa65e140 incremental_pipeline.cc:791] Discarding reconstruction due to bad initial pair
I20260910 06:21:56.495798 0x1fa65e140 incremental_pipeline.cc:487] => Provided pair is unsuitable for initialization.
I20260910 06:21:56.495801 0x1fa65e140 incremental_pipeline.cc:791] Discarding reconstruction due to bad initial pair
I20260910 06:21:56.498841 0x1fa65e140 incremental_pipeline.cc:487] => Provided pair is unsuitable for initialization.
I20260910 06:21:56.498843 0x1fa65e140 incremental_pipeline.cc:791] Discarding reconstruction due to bad initial pair
I20260910 06:21:56.501942 0x1fa65e140 incremental_pipeline.cc:487] => Provided pair is unsuitable for initialization.
I20260910 06:21:56.501945 0x1fa65e140 incremental_pipeline.cc:791] Discarding reconstruction due to bad initial pair
I20260910 06:21:56.504025 0x1fa65e140 incremental_pipeline.cc:487] => Provided pair is unsuitable for initialization.
I20260910 06:21:56.504027 0x1fa65e140 incremental_pipeline.cc:791] Discarding reconstruction due to bad initial pair
I20260910 06:21:56.505832 0x1fa65e140 incremental_pipeline.cc:487] => Provided pair is unsuitable for initialization.
I20260910 06:21:56.505835 0x1fa65e140 incremental_pipeline.cc:791] Discarding reconstruction due to bad initial pair
I20260910 06:21:56.507919 0x1fa65e140 incremental_pipeline.cc:487] => Provided pair is unsuitable for initialization.
I20260910 06:21:56.507922 0x1fa65e140 incremental_pipeline.cc:791] Discarding reconstruction due to bad initial pair
I20260910 06:21:56.509599 0x1fa65e140 incremental_pipeline.cc:487] => Provided pair is unsuitable for initialization.
I20260910 06:21:56.509602 0x1fa65e140 incremental_pipeline.cc:791] Discarding reconstruction due to bad initial pair
I20260910 06:21:56.511396 0x1fa65e140 incremental_pipeline.cc:487] => Provided pair is unsuitable for initialization.
I20260910 06:21:56.511398 0x1fa65e140 incremental_pipeline.cc:791] Discarding reconstruction due to bad initial pair
I20260910 06:21:56.512324 0x1fa65e140 incremental_pipeline.cc:487] => Provided pair is unsuitable for initialization.
I20260910 06:21:56.512326 0x1fa65e140 incremental_pipeline.cc:791] Discarding reconstruction due to bad initial pair
I20260910 06:21:56.513512 0x1fa65e140 incremental_pipeline.cc:487] => Provided pair is unsuitable for initialization.
I20260910 06:21:56.513514 0x1fa65e140 incremental_pipeline.cc:791] Discarding reconstruction due to bad initial pair
I20260910 06:21:56.516299 0x1fa65e140 incremental_pipeline.cc:487] => Provided pair is unsuitable for initialization.
I20260910 06:21:56.516301 0x1fa65e140 incremental_pipeline.cc:791] Discarding reconstruction due to bad initial pair
I20260910 06:21:56.518324 0x1fa65e140 incremental_pipeline.cc:487] => Provided pair is unsuitable for initialization.
I20260910 06:21:56.518327 0x1fa65e140 incremental_pipeline.cc:791] Discarding reconstruction due to bad initial pair
I20260910 06:21:56.519449 0x1fa65e140 incremental_pipeline.cc:487] => Provided pair is unsuitable for initialization.
I20260910 06:21:56.519451 0x1fa65e140 incremental_pipeline.cc:791] Discarding reconstruction due to bad initial pair
I20260910 06:21:56.521062 0x1fa65e140 incremental_pipeline.cc:487] => Provided pair is unsuitable for initialization.
I20260910 06:21:56.521065 0x1fa65e140 incremental_pipeline.cc:791] Discarding reconstruction due to bad initial pair
I20260910 06:21:56.522796 0x1fa65e140 incremental_pipeline.cc:487] => Provided pair is unsuitable for initialization.
I20260910 06:21:56.522798 0x1fa65e140 incremental_pipeline.cc:791] Discarding reconstruction due to bad initial pair
I20260910 06:21:56.524652 0x1fa65e140 incremental_pipeline.cc:487] => Provided pair is unsuitable for initialization.
I20260910 06:21:56.524654 0x1fa65e140 incremental_pipeline.cc:791] Discarding reconstruction due to bad initial pair
I20260910 06:21:56.525842 0x1fa65e140 incremental_pipeline.cc:487] => Provided pair is unsuitable for initialization.
I20260910 06:21:56.525845 0x1fa65e140 incremental_pipeline.cc:791] Discarding reconstruction due to bad initial pair
I20260910 06:21:56.528852 0x1fa65e140 incremental_pipeline.cc:487] => Provided pair is unsuitable for initialization.
I20260910 06:21:56.528854 0x1fa65e140 incremental_pipeline.cc:791] Discarding reconstruction due to bad initial pair
I20260910 06:21:56.529865 0x1fa65e140 incremental_pipeline.cc:487] => Provided pair is unsuitable for initialization.
I20260910 06:21:56.529868 0x1fa65e140 incremental_pipeline.cc:791] Discarding reconstruction due to bad initial pair
I20260910 06:21:56.531595 0x1fa65e140 incremental_pipeline.cc:487] => Provided pair is unsuitable for initialization.
I20260910 06:21:56.531597 0x1fa65e140 incremental_pipeline.cc:791] Discarding reconstruction due to bad initial pair
I20260910 06:21:56.533291 0x1fa65e140 incremental_pipeline.cc:487] => Provided pair is unsuitable for initialization.
I20260910 06:21:56.533294 0x1fa65e140 incremental_pipeline.cc:791] Discarding reconstruction due to bad initial pair
I20260910 06:21:56.534254 0x1fa65e140 incremental_pipeline.cc:487] => Provided pair is unsuitable for initialization.
I20260910 06:21:56.534256 0x1fa65e140 incremental_pipeline.cc:791] Discarding reconstruction due to bad initial pair
I20260910 06:21:56.535953 0x1fa65e140 incremental_pipeline.cc:487] => Provided pair is unsuitable for initialization.
I20260910 06:21:56.535956 0x1fa65e140 incremental_pipeline.cc:791] Discarding reconstruction due to bad initial pair
I20260910 06:21:56.537813 0x1fa65e140 incremental_pipeline.cc:487] => Provided pair is unsuitable for initialization.
I20260910 06:21:56.537816 0x1fa65e140 incremental_pipeline.cc:791] Discarding reconstruction due to bad initial pair
I20260910 06:21:56.538778 0x1fa65e140 incremental_pipeline.cc:487] => Provided pair is unsuitable for initialization.
I20260910 06:21:56.538781 0x1fa65e140 incremental_pipeline.cc:791] Discarding reconstruction due to bad initial pair
I20260910 06:21:56.540131 0x1fa65e140 incremental_pipeline.cc:487] => Provided pair is unsuitable for initialization.
I20260910 06:21:56.540133 0x1fa65e140 incremental_pipeline.cc:791] Discarding reconstruction due to bad initial pair
I20260910 06:21:56.541875 0x1fa65e140 incremental_pipeline.cc:487] => Provided pair is unsuitable for initialization.
I20260910 06:21:56.541877 0x1fa65e140 incremental_pipeline.cc:791] Discarding reconstruction due to bad initial pair
I20260910 06:21:56.543662 0x1fa65e140 incremental_pipeline.cc:487] => Provided pair is unsuitable for initialization.
I20260910 06:21:56.543665 0x1fa65e140 incremental_pipeline.cc:791] Discarding reconstruction due to bad initial pair
I20260910 06:21:56.545999 0x1fa65e140 incremental_pipeline.cc:487] => Provided pair is unsuitable for initialization.
I20260910 06:21:56.546008 0x1fa65e140 incremental_pipeline.cc:791] Discarding reconstruction due to bad initial pair
I20260910 06:21:56.548335 0x1fa65e140 incremental_pipeline.cc:487] => Provided pair is unsuitable for initialization.
I20260910 06:21:56.548337 0x1fa65e140 incremental_pipeline.cc:791] Discarding reconstruction due to bad initial pair
I20260910 06:21:56.549664 0x1fa65e140 incremental_pipeline.cc:487] => Provided pair is unsuitable for initialization.
I20260910 06:21:56.549666 0x1fa65e140 incremental_pipeline.cc:791] Discarding reconstruction due to bad initial pair
I20260910 06:21:56.551484 0x1fa65e140 incremental_pipeline.cc:487] => Provided pair is unsuitable for initialization.
I20260910 06:21:56.551486 0x1fa65e140 incremental_pipeline.cc:791] Discarding reconstruction due to bad initial pair
I20260910 06:21:56.553352 0x1fa65e140 incremental_pipeline.cc:487] => Provided pair is unsuitable for initialization.
I20260910 06:21:56.553355 0x1fa65e140 incremental_pipeline.cc:791] Discarding reconstruction due to bad initial pair
I20260910 06:21:56.553357 0x1fa65e140 incremental_pipeline.cc:442] => Relaxing the initialization constraints.
I20260910 06:21:56.555140 0x1fa65e140 incremental_pipeline.cc:487] => Provided pair is unsuitable for initialization.
I20260910 06:21:56.555142 0x1fa65e140 incremental_pipeline.cc:791] Discarding reconstruction due to bad initial pair
I20260910 06:21:56.556885 0x1fa65e140 incremental_pipeline.cc:487] => Provided pair is unsuitable for initialization.
I20260910 06:21:56.556887 0x1fa65e140 incremental_pipeline.cc:791] Discarding reconstruction due to bad initial pair
I20260910 06:21:56.558691 0x1fa65e140 incremental_pipeline.cc:487] => Provided pair is unsuitable for initialization.
I20260910 06:21:56.558694 0x1fa65e140 incremental_pipeline.cc:791] Discarding reconstruction due to bad initial pair
I20260910 06:21:56.560528 0x1fa65e140 incremental_pipeline.cc:487] => Provided pair is unsuitable for initialization.
I20260910 06:21:56.560531 0x1fa65e140 incremental_pipeline.cc:791] Discarding reconstruction due to bad initial pair
I20260910 06:21:56.562300 0x1fa65e140 incremental_pipeline.cc:487] => Provided pair is unsuitable for initialization.
I20260910 06:21:56.562302 0x1fa65e140 incremental_pipeline.cc:791] Discarding reconstruction due to bad initial pair
I20260910 06:21:56.564334 0x1fa65e140 incremental_pipeline.cc:487] => Provided pair is unsuitable for initialization.
I20260910 06:21:56.564336 0x1fa65e140 incremental_pipeline.cc:791] Discarding reconstruction due to bad initial pair
I20260910 06:21:56.566208 0x1fa65e140 incremental_pipeline.cc:487] => Provided pair is unsuitable for initialization.
I20260910 06:21:56.566211 0x1fa65e140 incremental_pipeline.cc:791] Discarding reconstruction due to bad initial pair
I20260910 06:21:56.568408 0x1fa65e140 incremental_pipeline.cc:487] => Provided pair is unsuitable for initialization.
I20260910 06:21:56.568411 0x1fa65e140 incremental_pipeline.cc:791] Discarding reconstruction due to bad initial pair
I20260910 06:21:56.570250 0x1fa65e140 incremental_pipeline.cc:487] => Provided pair is unsuitable for initialization.
I20260910 06:21:56.570252 0x1fa65e140 incremental_pipeline.cc:791] Discarding reconstruction due to bad initial pair
I20260910 06:21:56.572088 0x1fa65e140 incremental_pipeline.cc:487] => Provided pair is unsuitable for initialization.
I20260910 06:21:56.572090 0x1fa65e140 incremental_pipeline.cc:791] Discarding reconstruction due to bad initial pair
I20260910 06:21:56.573966 0x1fa65e140 incremental_pipeline.cc:487] => Provided pair is unsuitable for initialization.
I20260910 06:21:56.573969 0x1fa65e140 incremental_pipeline.cc:791] Discarding reconstruction due to bad initial pair
I20260910 06:21:56.575730 0x1fa65e140 incremental_pipeline.cc:487] => Provided pair is unsuitable for initialization.
I20260910 06:21:56.575733 0x1fa65e140 incremental_pipeline.cc:791] Discarding reconstruction due to bad initial pair
I20260910 06:21:56.578094 0x1fa65e140 incremental_pipeline.cc:487] => Provided pair is unsuitable for initialization.
I20260910 06:21:56.578100 0x1fa65e140 incremental_pipeline.cc:791] Discarding reconstruction due to bad initial pair
I20260910 06:21:56.579879 0x1fa65e140 incremental_pipeline.cc:487] => Provided pair is unsuitable for initialization.
I20260910 06:21:56.579881 0x1fa65e140 incremental_pipeline.cc:791] Discarding reconstruction due to bad initial pair
I20260910 06:21:56.581658 0x1fa65e140 incremental_pipeline.cc:487] => Provided pair is unsuitable for initialization.
I20260910 06:21:56.581661 0x1fa65e140 incremental_pipeline.cc:791] Discarding reconstruction due to bad initial pair
I20260910 06:21:56.583440 0x1fa65e140 incremental_pipeline.cc:487] => Provided pair is unsuitable for initialization.
I20260910 06:21:56.583442 0x1fa65e140 incremental_pipeline.cc:791] Discarding reconstruction due to bad initial pair
I20260910 06:21:56.584470 0x1fa65e140 incremental_pipeline.cc:487] => Provided pair is unsuitable for initialization.
I20260910 06:21:56.584472 0x1fa65e140 incremental_pipeline.cc:791] Discarding reconstruction due to bad initial pair
I20260910 06:21:56.586230 0x1fa65e140 incremental_pipeline.cc:487] => Provided pair is unsuitable for initialization.
I20260910 06:21:56.586233 0x1fa65e140 incremental_pipeline.cc:791] Discarding reconstruction due to bad initial pair
I20260910 06:21:56.589294 0x1fa65e140 incremental_pipeline.cc:487] => Provided pair is unsuitable for initialization.
I20260910 06:21:56.589296 0x1fa65e140 incremental_pipeline.cc:791] Discarding reconstruction due to bad initial pair
I20260910 06:21:56.591617 0x1fa65e140 incremental_pipeline.cc:487] => Provided pair is unsuitable for initialization.
I20260910 06:21:56.591619 0x1fa65e140 incremental_pipeline.cc:791] Discarding reconstruction due to bad initial pair
I20260910 06:21:56.593386 0x1fa65e140 incremental_pipeline.cc:487] => Provided pair is unsuitable for initialization.
I20260910 06:21:56.593388 0x1fa65e140 incremental_pipeline.cc:791] Discarding reconstruction due to bad initial pair
I20260910 06:21:56.596200 0x1fa65e140 incremental_pipeline.cc:487] => Provided pair is unsuitable for initialization.
I20260910 06:21:56.596203 0x1fa65e140 incremental_pipeline.cc:791] Discarding reconstruction due to bad initial pair
I20260910 06:21:56.598502 0x1fa65e140 incremental_pipeline.cc:487] => Provided pair is unsuitable for initialization.
I20260910 06:21:56.598505 0x1fa65e140 incremental_pipeline.cc:791] Discarding reconstruction due to bad initial pair
I20260910 06:21:56.600606 0x1fa65e140 incremental_pipeline.cc:487] => Provided pair is unsuitable for initialization.
I20260910 06:21:56.600610 0x1fa65e140 incremental_pipeline.cc:791] Discarding reconstruction due to bad initial pair
I20260910 06:21:56.602459 0x1fa65e140 incremental_pipeline.cc:487] => Provided pair is unsuitable for initialization.
I20260910 06:21:56.602464 0x1fa65e140 incremental_pipeline.cc:791] Discarding reconstruction due to bad initial pair
I20260910 06:21:56.604009 0x1fa65e140 incremental_pipeline.cc:487] => Provided pair is unsuitable for initialization.
I20260910 06:21:56.604014 0x1fa65e140 incremental_pipeline.cc:791] Discarding reconstruction due to bad initial pair
I20260910 06:21:56.605794 0x1fa65e140 incremental_pipeline.cc:487] => Provided pair is unsuitable for initialization.
I20260910 06:21:56.605799 0x1fa65e140 incremental_pipeline.cc:791] Discarding reconstruction due to bad initial pair
I20260910 06:21:56.607675 0x1fa65e140 incremental_pipeline.cc:487] => Provided pair is unsuitable for initialization.
I20260910 06:21:56.607678 0x1fa65e140 incremental_pipeline.cc:791] Discarding reconstruction due to bad initial pair
I20260910 06:21:56.609559 0x1fa65e140 incremental_pipeline.cc:487] => Provided pair is unsuitable for initialization.
I20260910 06:21:56.609564 0x1fa65e140 incremental_pipeline.cc:791] Discarding reconstruction due to bad initial pair
I20260910 06:21:56.611597 0x1fa65e140 incremental_pipeline.cc:487] => Provided pair is unsuitable for initialization.
I20260910 06:21:56.611600 0x1fa65e140 incremental_pipeline.cc:791] Discarding reconstruction due to bad initial pair
I20260910 06:21:56.613474 0x1fa65e140 incremental_pipeline.cc:487] => Provided pair is unsuitable for initialization.
I20260910 06:21:56.613477 0x1fa65e140 incremental_pipeline.cc:791] Discarding reconstruction due to bad initial pair
I20260910 06:21:56.615274 0x1fa65e140 incremental_pipeline.cc:487] => Provided pair is unsuitable for initialization.
I20260910 06:21:56.615277 0x1fa65e140 incremental_pipeline.cc:791] Discarding reconstruction due to bad initial pair
I20260910 06:21:56.616422 0x1fa65e140 incremental_pipeline.cc:487] => Provided pair is unsuitable for initialization.
I20260910 06:21:56.616424 0x1fa65e140 incremental_pipeline.cc:791] Discarding reconstruction due to bad initial pair
I20260910 06:21:56.618597 0x1fa65e140 incremental_pipeline.cc:487] => Provided pair is unsuitable for initialization.
I20260910 06:21:56.618600 0x1fa65e140 incremental_pipeline.cc:791] Discarding reconstruction due to bad initial pair
I20260910 06:21:56.620486 0x1fa65e140 incremental_pipeline.cc:487] => Provided pair is unsuitable for initialization.
I20260910 06:21:56.620488 0x1fa65e140 incremental_pipeline.cc:791] Discarding reconstruction due to bad initial pair
I20260910 06:21:56.622403 0x1fa65e140 incremental_pipeline.cc:487] => Provided pair is unsuitable for initialization.
I20260910 06:21:56.622406 0x1fa65e140 incremental_pipeline.cc:791] Discarding reconstruction due to bad initial pair
I20260910 06:21:56.624143 0x1fa65e140 incremental_pipeline.cc:487] => Provided pair is unsuitable for initialization.
I20260910 06:21:56.624145 0x1fa65e140 incremental_pipeline.cc:791] Discarding reconstruction due to bad initial pair
I20260910 06:21:56.626814 0x1fa65e140 incremental_pipeline.cc:487] => Provided pair is unsuitable for initialization.
I20260910 06:21:56.626817 0x1fa65e140 incremental_pipeline.cc:791] Discarding reconstruction due to bad initial pair
I20260910 06:21:56.628810 0x1fa65e140 incremental_pipeline.cc:487] => Provided pair is unsuitable for initialization.
I20260910 06:21:56.628812 0x1fa65e140 incremental_pipeline.cc:791] Discarding reconstruction due to bad initial pair
I20260910 06:21:56.630522 0x1fa65e140 incremental_pipeline.cc:487] => Provided pair is unsuitable for initialization.
I20260910 06:21:56.630524 0x1fa65e140 incremental_pipeline.cc:791] Discarding reconstruction due to bad initial pair
I20260910 06:21:56.632256 0x1fa65e140 incremental_pipeline.cc:487] => Provided pair is unsuitable for initialization.
I20260910 06:21:56.632258 0x1fa65e140 incremental_pipeline.cc:791] Discarding reconstruction due to bad initial pair
I20260910 06:21:56.633931 0x1fa65e140 incremental_pipeline.cc:487] => Provided pair is unsuitable for initialization.
I20260910 06:21:56.633933 0x1fa65e140 incremental_pipeline.cc:791] Discarding reconstruction due to bad initial pair
I20260910 06:21:56.635707 0x1fa65e140 incremental_pipeline.cc:487] => Provided pair is unsuitable for initialization.
I20260910 06:21:56.635710 0x1fa65e140 incremental_pipeline.cc:791] Discarding reconstruction due to bad initial pair
I20260910 06:21:56.637440 0x1fa65e140 incremental_pipeline.cc:487] => Provided pair is unsuitable for initialization.
I20260910 06:21:56.637443 0x1fa65e140 incremental_pipeline.cc:791] Discarding reconstruction due to bad initial pair
I20260910 06:21:56.639253 0x1fa65e140 incremental_pipeline.cc:487] => Provided pair is unsuitable for initialization.
I20260910 06:21:56.639255 0x1fa65e140 incremental_pipeline.cc:791] Discarding reconstruction due to bad initial pair
I20260910 06:21:56.641181 0x1fa65e140 incremental_pipeline.cc:487] => Provided pair is unsuitable for initialization.
I20260910 06:21:56.641183 0x1fa65e140 incremental_pipeline.cc:791] Discarding reconstruction due to bad initial pair
I20260910 06:21:56.642980 0x1fa65e140 incremental_pipeline.cc:487] => Provided pair is unsuitable for initialization.
I20260910 06:21:56.642982 0x1fa65e140 incremental_pipeline.cc:791] Discarding reconstruction due to bad initial pair
I20260910 06:21:56.645107 0x1fa65e140 incremental_pipeline.cc:487] => Provided pair is unsuitable for initialization.
I20260910 06:21:56.645118 0x1fa65e140 incremental_pipeline.cc:791] Discarding reconstruction due to bad initial pair
I20260910 06:21:56.646933 0x1fa65e140 incremental_pipeline.cc:487] => Provided pair is unsuitable for initialization.
I20260910 06:21:56.646935 0x1fa65e140 incremental_pipeline.cc:791] Discarding reconstruction due to bad initial pair
I20260910 06:21:56.649190 0x1fa65e140 incremental_pipeline.cc:487] => Provided pair is unsuitable for initialization.
I20260910 06:21:56.649195 0x1fa65e140 incremental_pipeline.cc:791] Discarding reconstruction due to bad initial pair
I20260910 06:21:56.652073 0x1fa65e140 incremental_pipeline.cc:487] => Provided pair is unsuitable for initialization.
I20260910 06:21:56.652079 0x1fa65e140 incremental_pipeline.cc:791] Discarding reconstruction due to bad initial pair
I20260910 06:21:56.653059 0x1fa65e140 incremental_pipeline.cc:487] => Provided pair is unsuitable for initialization.
I20260910 06:21:56.653064 0x1fa65e140 incremental_pipeline.cc:791] Discarding reconstruction due to bad initial pair
I20260910 06:21:56.654143 0x1fa65e140 incremental_pipeline.cc:487] => Provided pair is unsuitable for initialization.
I20260910 06:21:56.654145 0x1fa65e140 incremental_pipeline.cc:791] Discarding reconstruction due to bad initial pair
I20260910 06:21:56.656010 0x1fa65e140 incremental_pipeline.cc:487] => Provided pair is unsuitable for initialization.
I20260910 06:21:56.656012 0x1fa65e140 incremental_pipeline.cc:791] Discarding reconstruction due to bad initial pair
I20260910 06:21:56.659055 0x1fa65e140 incremental_pipeline.cc:487] => Provided pair is unsuitable for initialization.
I20260910 06:21:56.659057 0x1fa65e140 incremental_pipeline.cc:791] Discarding reconstruction due to bad initial pair
I20260910 06:21:56.660787 0x1fa65e140 incremental_pipeline.cc:487] => Provided pair is unsuitable for initialization.
I20260910 06:21:56.660790 0x1fa65e140 incremental_pipeline.cc:791] Discarding reconstruction due to bad initial pair
I20260910 06:21:56.663964 0x1fa65e140 incremental_pipeline.cc:487] => Provided pair is unsuitable for initialization.
I20260910 06:21:56.663967 0x1fa65e140 incremental_pipeline.cc:791] Discarding reconstruction due to bad initial pair
I20260910 06:21:56.664939 0x1fa65e140 incremental_pipeline.cc:487] => Provided pair is unsuitable for initialization.
I20260910 06:21:56.664942 0x1fa65e140 incremental_pipeline.cc:791] Discarding reconstruction due to bad initial pair
I20260910 06:21:56.666775 0x1fa65e140 incremental_pipeline.cc:487] => Provided pair is unsuitable for initialization.
I20260910 06:21:56.666778 0x1fa65e140 incremental_pipeline.cc:791] Discarding reconstruction due to bad initial pair
I20260910 06:21:56.669855 0x1fa65e140 incremental_pipeline.cc:487] => Provided pair is unsuitable for initialization.
I20260910 06:21:56.669858 0x1fa65e140 incremental_pipeline.cc:791] Discarding reconstruction due to bad initial pair
I20260910 06:21:56.671757 0x1fa65e140 incremental_pipeline.cc:487] => Provided pair is unsuitable for initialization.
I20260910 06:21:56.671760 0x1fa65e140 incremental_pipeline.cc:791] Discarding reconstruction due to bad initial pair
I20260910 06:21:56.673616 0x1fa65e140 incremental_pipeline.cc:487] => Provided pair is unsuitable for initialization.
I20260910 06:21:56.673621 0x1fa65e140 incremental_pipeline.cc:791] Discarding reconstruction due to bad initial pair
I20260910 06:21:56.674749 0x1fa65e140 incremental_pipeline.cc:487] => Provided pair is unsuitable for initialization.
I20260910 06:21:56.674752 0x1fa65e140 incremental_pipeline.cc:791] Discarding reconstruction due to bad initial pair
I20260910 06:21:56.675733 0x1fa65e140 incremental_pipeline.cc:487] => Provided pair is unsuitable for initialization.
I20260910 06:21:56.675735 0x1fa65e140 incremental_pipeline.cc:791] Discarding reconstruction due to bad initial pair
I20260910 06:21:56.677427 0x1fa65e140 incremental_pipeline.cc:487] => Provided pair is unsuitable for initialization.
I20260910 06:21:56.677436 0x1fa65e140 incremental_pipeline.cc:791] Discarding reconstruction due to bad initial pair
I20260910 06:21:56.679302 0x1fa65e140 incremental_pipeline.cc:487] => Provided pair is unsuitable for initialization.
I20260910 06:21:56.679305 0x1fa65e140 incremental_pipeline.cc:791] Discarding reconstruction due to bad initial pair
I20260910 06:21:56.680278 0x1fa65e140 incremental_pipeline.cc:487] => Provided pair is unsuitable for initialization.
I20260910 06:21:56.680281 0x1fa65e140 incremental_pipeline.cc:791] Discarding reconstruction due to bad initial pair
I20260910 06:21:56.681228 0x1fa65e140 incremental_pipeline.cc:487] => Provided pair is unsuitable for initialization.
I20260910 06:21:56.681233 0x1fa65e140 incremental_pipeline.cc:791] Discarding reconstruction due to bad initial pair
I20260910 06:21:56.683706 0x1fa65e140 incremental_pipeline.cc:487] => Provided pair is unsuitable for initialization.
I20260910 06:21:56.683709 0x1fa65e140 incremental_pipeline.cc:791] Discarding reconstruction due to bad initial pair
I20260910 06:21:56.685394 0x1fa65e140 incremental_pipeline.cc:487] => Provided pair is unsuitable for initialization.
I20260910 06:21:56.685399 0x1fa65e140 incremental_pipeline.cc:791] Discarding reconstruction due to bad initial pair
I20260910 06:21:56.687968 0x1fa65e140 incremental_pipeline.cc:487] => Provided pair is unsuitable for initialization.
I20260910 06:21:56.687970 0x1fa65e140 incremental_pipeline.cc:791] Discarding reconstruction due to bad initial pair
I20260910 06:21:56.689762 0x1fa65e140 incremental_pipeline.cc:487] => Provided pair is unsuitable for initialization.
I20260910 06:21:56.689767 0x1fa65e140 incremental_pipeline.cc:791] Discarding reconstruction due to bad initial pair
I20260910 06:21:56.691596 0x1fa65e140 incremental_pipeline.cc:487] => Provided pair is unsuitable for initialization.
I20260910 06:21:56.691599 0x1fa65e140 incremental_pipeline.cc:791] Discarding reconstruction due to bad initial pair
I20260910 06:21:56.693543 0x1fa65e140 incremental_pipeline.cc:487] => Provided pair is unsuitable for initialization.
I20260910 06:21:56.693545 0x1fa65e140 incremental_pipeline.cc:791] Discarding reconstruction due to bad initial pair
I20260910 06:21:56.695183 0x1fa65e140 incremental_pipeline.cc:487] => Provided pair is unsuitable for initialization.
I20260910 06:21:56.695187 0x1fa65e140 incremental_pipeline.cc:791] Discarding reconstruction due to bad initial pair
I20260910 06:21:56.696391 0x1fa65e140 incremental_pipeline.cc:487] => Provided pair is unsuitable for initialization.
I20260910 06:21:56.696396 0x1fa65e140 incremental_pipeline.cc:791] Discarding reconstruction due to bad initial pair
I20260910 06:21:56.698754 0x1fa65e140 incremental_pipeline.cc:487] => Provided pair is unsuitable for initialization.
I20260910 06:21:56.698757 0x1fa65e140 incremental_pipeline.cc:791] Discarding reconstruction due to bad initial pair
I20260910 06:21:56.700630 0x1fa65e140 incremental_pipeline.cc:487] => Provided pair is unsuitable for initialization.
I20260910 06:21:56.700633 0x1fa65e140 incremental_pipeline.cc:791] Discarding reconstruction due to bad initial pair
I20260910 06:21:56.701894 0x1fa65e140 incremental_pipeline.cc:487] => Provided pair is unsuitable for initialization.
I20260910 06:21:56.701899 0x1fa65e140 incremental_pipeline.cc:791] Discarding reconstruction due to bad initial pair
I20260910 06:21:56.704929 0x1fa65e140 incremental_pipeline.cc:487] => Provided pair is unsuitable for initialization.
I20260910 06:21:56.704933 0x1fa65e140 incremental_pipeline.cc:791] Discarding reconstruction due to bad initial pair
I20260910 06:21:56.706621 0x1fa65e140 incremental_pipeline.cc:487] => Provided pair is unsuitable for initialization.
I20260910 06:21:56.706626 0x1fa65e140 incremental_pipeline.cc:791] Discarding reconstruction due to bad initial pair
I20260910 06:21:56.708392 0x1fa65e140 incremental_pipeline.cc:487] => Provided pair is unsuitable for initialization.
I20260910 06:21:56.708397 0x1fa65e140 incremental_pipeline.cc:791] Discarding reconstruction due to bad initial pair
I20260910 06:21:56.710107 0x1fa65e140 incremental_pipeline.cc:487] => Provided pair is unsuitable for initialization.
I20260910 06:21:56.710112 0x1fa65e140 incremental_pipeline.cc:791] Discarding reconstruction due to bad initial pair
I20260910 06:21:56.711028 0x1fa65e140 incremental_pipeline.cc:487] => Provided pair is unsuitable for initialization.
I20260910 06:21:56.711030 0x1fa65e140 incremental_pipeline.cc:791] Discarding reconstruction due to bad initial pair
I20260910 06:21:56.713262 0x1fa65e140 incremental_pipeline.cc:487] => Provided pair is unsuitable for initialization.
I20260910 06:21:56.713264 0x1fa65e140 incremental_pipeline.cc:791] Discarding reconstruction due to bad initial pair
I20260910 06:21:56.714209 0x1fa65e140 incremental_pipeline.cc:487] => Provided pair is unsuitable for initialization.
I20260910 06:21:56.714214 0x1fa65e140 incremental_pipeline.cc:791] Discarding reconstruction due to bad initial pair
I20260910 06:21:56.715909 0x1fa65e140 incremental_pipeline.cc:487] => Provided pair is unsuitable for initialization.
I20260910 06:21:56.715913 0x1fa65e140 incremental_pipeline.cc:791] Discarding reconstruction due to bad initial pair
I20260910 06:21:56.717843 0x1fa65e140 incremental_pipeline.cc:487] => Provided pair is unsuitable for initialization.
I20260910 06:21:56.717846 0x1fa65e140 incremental_pipeline.cc:791] Discarding reconstruction due to bad initial pair
I20260910 06:21:56.718866 0x1fa65e140 incremental_pipeline.cc:487] => Provided pair is unsuitable for initialization.
I20260910 06:21:56.718871 0x1fa65e140 incremental_pipeline.cc:791] Discarding reconstruction due to bad initial pair
I20260910 06:21:56.720766 0x1fa65e140 incremental_pipeline.cc:487] => Provided pair is unsuitable for initialization.
I20260910 06:21:56.720769 0x1fa65e140 incremental_pipeline.cc:791] Discarding reconstruction due to bad initial pair
I20260910 06:21:56.722514 0x1fa65e140 incremental_pipeline.cc:487] => Provided pair is unsuitable for initialization.
I20260910 06:21:56.722519 0x1fa65e140 incremental_pipeline.cc:791] Discarding reconstruction due to bad initial pair
I20260910 06:21:56.724433 0x1fa65e140 incremental_pipeline.cc:487] => Provided pair is unsuitable for initialization.
I20260910 06:21:56.724438 0x1fa65e140 incremental_pipeline.cc:791] Discarding reconstruction due to bad initial pair
I20260910 06:21:56.726200 0x1fa65e140 incremental_pipeline.cc:487] => Provided pair is unsuitable for initialization.
I20260910 06:21:56.726202 0x1fa65e140 incremental_pipeline.cc:791] Discarding reconstruction due to bad initial pair
I20260910 06:21:56.727169 0x1fa65e140 incremental_pipeline.cc:487] => Provided pair is unsuitable for initialization.
I20260910 06:21:56.727172 0x1fa65e140 incremental_pipeline.cc:791] Discarding reconstruction due to bad initial pair
I20260910 06:21:56.728083 0x1fa65e140 incremental_pipeline.cc:487] => Provided pair is unsuitable for initialization.
I20260910 06:21:56.728088 0x1fa65e140 incremental_pipeline.cc:791] Discarding reconstruction due to bad initial pair
I20260910 06:21:56.731092 0x1fa65e140 incremental_pipeline.cc:487] => Provided pair is unsuitable for initialization.
I20260910 06:21:56.731095 0x1fa65e140 incremental_pipeline.cc:791] Discarding reconstruction due to bad initial pair
I20260910 06:21:56.732975 0x1fa65e140 incremental_pipeline.cc:487] => Provided pair is unsuitable for initialization.
I20260910 06:21:56.732978 0x1fa65e140 incremental_pipeline.cc:791] Discarding reconstruction due to bad initial pair
I20260910 06:21:56.734788 0x1fa65e140 incremental_pipeline.cc:487] => Provided pair is unsuitable for initialization.
I20260910 06:21:56.734791 0x1fa65e140 incremental_pipeline.cc:791] Discarding reconstruction due to bad initial pair
I20260910 06:21:56.736856 0x1fa65e140 incremental_pipeline.cc:487] => Provided pair is unsuitable for initialization.
I20260910 06:21:56.736858 0x1fa65e140 incremental_pipeline.cc:791] Discarding reconstruction due to bad initial pair
I20260910 06:21:56.738636 0x1fa65e140 incremental_pipeline.cc:487] => Provided pair is unsuitable for initialization.
I20260910 06:21:56.738642 0x1fa65e140 incremental_pipeline.cc:791] Discarding reconstruction due to bad initial pair
I20260910 06:21:56.740498 0x1fa65e140 incremental_pipeline.cc:487] => Provided pair is unsuitable for initialization.
I20260910 06:21:56.740500 0x1fa65e140 incremental_pipeline.cc:791] Discarding reconstruction due to bad initial pair
I20260910 06:21:56.743556 0x1fa65e140 incremental_pipeline.cc:487] => Provided pair is unsuitable for initialization.
I20260910 06:21:56.743559 0x1fa65e140 incremental_pipeline.cc:791] Discarding reconstruction due to bad initial pair
I20260910 06:21:56.744539 0x1fa65e140 incremental_pipeline.cc:487] => Provided pair is unsuitable for initialization.
I20260910 06:21:56.744544 0x1fa65e140 incremental_pipeline.cc:791] Discarding reconstruction due to bad initial pair
I20260910 06:21:56.746376 0x1fa65e140 incremental_pipeline.cc:487] => Provided pair is unsuitable for initialization.
I20260910 06:21:56.746379 0x1fa65e140 incremental_pipeline.cc:791] Discarding reconstruction due to bad initial pair
I20260910 06:21:56.747337 0x1fa65e140 incremental_pipeline.cc:487] => Provided pair is unsuitable for initialization.
I20260910 06:21:56.747340 0x1fa65e140 incremental_pipeline.cc:791] Discarding reconstruction due to bad initial pair
I20260910 06:21:56.749238 0x1fa65e140 incremental_pipeline.cc:487] => Provided pair is unsuitable for initialization.
I20260910 06:21:56.749243 0x1fa65e140 incremental_pipeline.cc:791] Discarding reconstruction due to bad initial pair
I20260910 06:21:56.752340 0x1fa65e140 incremental_pipeline.cc:487] => Provided pair is unsuitable for initialization.
I20260910 06:21:56.752343 0x1fa65e140 incremental_pipeline.cc:791] Discarding reconstruction due to bad initial pair
I20260910 06:21:56.754167 0x1fa65e140 incremental_pipeline.cc:487] => Provided pair is unsuitable for initialization.
I20260910 06:21:56.754170 0x1fa65e140 incremental_pipeline.cc:791] Discarding reconstruction due to bad initial pair
I20260910 06:21:56.755911 0x1fa65e140 incremental_pipeline.cc:487] => Provided pair is unsuitable for initialization.
I20260910 06:21:56.755914 0x1fa65e140 incremental_pipeline.cc:791] Discarding reconstruction due to bad initial pair
I20260910 06:21:56.757774 0x1fa65e140 incremental_pipeline.cc:487] => Provided pair is unsuitable for initialization.
I20260910 06:21:56.757776 0x1fa65e140 incremental_pipeline.cc:791] Discarding reconstruction due to bad initial pair
I20260910 06:21:56.759816 0x1fa65e140 incremental_pipeline.cc:487] => Provided pair is unsuitable for initialization.
I20260910 06:21:56.759820 0x1fa65e140 incremental_pipeline.cc:791] Discarding reconstruction due to bad initial pair
I20260910 06:21:56.762033 0x1fa65e140 incremental_pipeline.cc:487] => Provided pair is unsuitable for initialization.
I20260910 06:21:56.762038 0x1fa65e140 incremental_pipeline.cc:791] Discarding reconstruction due to bad initial pair
I20260910 06:21:56.763822 0x1fa65e140 incremental_pipeline.cc:487] => Provided pair is unsuitable for initialization.
I20260910 06:21:56.763824 0x1fa65e140 incremental_pipeline.cc:791] Discarding reconstruction due to bad initial pair
I20260910 06:21:56.766122 0x1fa65e140 incremental_pipeline.cc:487] => Provided pair is unsuitable for initialization.
I20260910 06:21:56.766126 0x1fa65e140 incremental_pipeline.cc:791] Discarding reconstruction due to bad initial pair
I20260910 06:21:56.767918 0x1fa65e140 incremental_pipeline.cc:487] => Provided pair is unsuitable for initialization.
I20260910 06:21:56.767920 0x1fa65e140 incremental_pipeline.cc:791] Discarding reconstruction due to bad initial pair
I20260910 06:21:56.769729 0x1fa65e140 incremental_pipeline.cc:487] => Provided pair is unsuitable for initialization.
I20260910 06:21:56.769732 0x1fa65e140 incremental_pipeline.cc:791] Discarding reconstruction due to bad initial pair
I20260910 06:21:56.771249 0x1fa65e140 incremental_pipeline.cc:487] => Provided pair is unsuitable for initialization.
I20260910 06:21:56.771251 0x1fa65e140 incremental_pipeline.cc:791] Discarding reconstruction due to bad initial pair
I20260910 06:21:56.774242 0x1fa65e140 incremental_pipeline.cc:487] => Provided pair is unsuitable for initialization.
I20260910 06:21:56.774245 0x1fa65e140 incremental_pipeline.cc:791] Discarding reconstruction due to bad initial pair
I20260910 06:21:56.775334 0x1fa65e140 incremental_pipeline.cc:487] => Provided pair is unsuitable for initialization.
I20260910 06:21:56.775336 0x1fa65e140 incremental_pipeline.cc:791] Discarding reconstruction due to bad initial pair
I20260910 06:21:56.776473 0x1fa65e140 incremental_pipeline.cc:487] => Provided pair is unsuitable for initialization.
I20260910 06:21:56.776475 0x1fa65e140 incremental_pipeline.cc:791] Discarding reconstruction due to bad initial pair
I20260910 06:21:56.778245 0x1fa65e140 incremental_pipeline.cc:487] => Provided pair is unsuitable for initialization.
I20260910 06:21:56.778247 0x1fa65e140 incremental_pipeline.cc:791] Discarding reconstruction due to bad initial pair
I20260910 06:21:56.780047 0x1fa65e140 incremental_pipeline.cc:487] => Provided pair is unsuitable for initialization.
I20260910 06:21:56.780050 0x1fa65e140 incremental_pipeline.cc:791] Discarding reconstruction due to bad initial pair
I20260910 06:21:56.782136 0x1fa65e140 incremental_pipeline.cc:487] => Provided pair is unsuitable for initialization.
I20260910 06:21:56.782138 0x1fa65e140 incremental_pipeline.cc:791] Discarding reconstruction due to bad initial pair
I20260910 06:21:56.784377 0x1fa65e140 incremental_pipeline.cc:487] => Provided pair is unsuitable for initialization.
I20260910 06:21:56.784380 0x1fa65e140 incremental_pipeline.cc:791] Discarding reconstruction due to bad initial pair
I20260910 06:21:56.786258 0x1fa65e140 incremental_pipeline.cc:487] => Provided pair is unsuitable for initialization.
I20260910 06:21:56.786261 0x1fa65e140 incremental_pipeline.cc:791] Discarding reconstruction due to bad initial pair
I20260910 06:21:56.788731 0x1fa65e140 incremental_pipeline.cc:487] => Provided pair is unsuitable for initialization.
I20260910 06:21:56.788733 0x1fa65e140 incremental_pipeline.cc:791] Discarding reconstruction due to bad initial pair
I20260910 06:21:56.789830 0x1fa65e140 incremental_pipeline.cc:487] => Provided pair is unsuitable for initialization.
I20260910 06:21:56.789832 0x1fa65e140 incremental_pipeline.cc:791] Discarding reconstruction due to bad initial pair
I20260910 06:21:56.791510 0x1fa65e140 incremental_pipeline.cc:487] => Provided pair is unsuitable for initialization.
I20260910 06:21:56.791512 0x1fa65e140 incremental_pipeline.cc:791] Discarding reconstruction due to bad initial pair
I20260910 06:21:56.792449 0x1fa65e140 incremental_pipeline.cc:487] => Provided pair is unsuitable for initialization.
I20260910 06:21:56.792451 0x1fa65e140 incremental_pipeline.cc:791] Discarding reconstruction due to bad initial pair
I20260910 06:21:56.794312 0x1fa65e140 incremental_pipeline.cc:487] => Provided pair is unsuitable for initialization.
I20260910 06:21:56.794315 0x1fa65e140 incremental_pipeline.cc:791] Discarding reconstruction due to bad initial pair
I20260910 06:21:56.795296 0x1fa65e140 incremental_pipeline.cc:487] => Provided pair is unsuitable for initialization.
I20260910 06:21:56.795298 0x1fa65e140 incremental_pipeline.cc:791] Discarding reconstruction due to bad initial pair
I20260910 06:21:56.797027 0x1fa65e140 incremental_pipeline.cc:487] => Provided pair is unsuitable for initialization.
I20260910 06:21:56.797030 0x1fa65e140 incremental_pipeline.cc:791] Discarding reconstruction due to bad initial pair
I20260910 06:21:56.798833 0x1fa65e140 incremental_pipeline.cc:487] => Provided pair is unsuitable for initialization.
I20260910 06:21:56.798835 0x1fa65e140 incremental_pipeline.cc:791] Discarding reconstruction due to bad initial pair
I20260910 06:21:56.800620 0x1fa65e140 incremental_pipeline.cc:487] => Provided pair is unsuitable for initialization.
I20260910 06:21:56.800622 0x1fa65e140 incremental_pipeline.cc:791] Discarding reconstruction due to bad initial pair
I20260910 06:21:56.802378 0x1fa65e140 incremental_pipeline.cc:487] => Provided pair is unsuitable for initialization.
I20260910 06:21:56.802385 0x1fa65e140 incremental_pipeline.cc:791] Discarding reconstruction due to bad initial pair
I20260910 06:21:56.804183 0x1fa65e140 incremental_pipeline.cc:487] => Provided pair is unsuitable for initialization.
I20260910 06:21:56.804186 0x1fa65e140 incremental_pipeline.cc:791] Discarding reconstruction due to bad initial pair
I20260910 06:21:56.806368 0x1fa65e140 incremental_pipeline.cc:487] => Provided pair is unsuitable for initialization.
I20260910 06:21:56.806371 0x1fa65e140 incremental_pipeline.cc:791] Discarding reconstruction due to bad initial pair
I20260910 06:21:56.808767 0x1fa65e140 incremental_pipeline.cc:487] => Provided pair is unsuitable for initialization.
I20260910 06:21:56.808769 0x1fa65e140 incremental_pipeline.cc:791] Discarding reconstruction due to bad initial pair
I20260910 06:21:56.811791 0x1fa65e140 incremental_pipeline.cc:487] => Provided pair is unsuitable for initialization.
I20260910 06:21:56.811793 0x1fa65e140 incremental_pipeline.cc:791] Discarding reconstruction due to bad initial pair
I20260910 06:21:56.813060 0x1fa65e140 incremental_pipeline.cc:487] => Provided pair is unsuitable for initialization.
I20260910 06:21:56.813062 0x1fa65e140 incremental_pipeline.cc:791] Discarding reconstruction due to bad initial pair
I20260910 06:21:56.814936 0x1fa65e140 incremental_pipeline.cc:487] => Provided pair is unsuitable for initialization.
I20260910 06:21:56.814939 0x1fa65e140 incremental_pipeline.cc:791] Discarding reconstruction due to bad initial pair
I20260910 06:21:56.815917 0x1fa65e140 incremental_pipeline.cc:487] => Provided pair is unsuitable for initialization.
I20260910 06:21:56.815920 0x1fa65e140 incremental_pipeline.cc:791] Discarding reconstruction due to bad initial pair
I20260910 06:21:56.817540 0x1fa65e140 incremental_pipeline.cc:487] => Provided pair is unsuitable for initialization.
I20260910 06:21:56.817542 0x1fa65e140 incremental_pipeline.cc:791] Discarding reconstruction due to bad initial pair
I20260910 06:21:56.819371 0x1fa65e140 incremental_pipeline.cc:487] => Provided pair is unsuitable for initialization.
I20260910 06:21:56.819373 0x1fa65e140 incremental_pipeline.cc:791] Discarding reconstruction due to bad initial pair
I20260910 06:21:56.821383 0x1fa65e140 incremental_pipeline.cc:487] => Provided pair is unsuitable for initialization.
I20260910 06:21:56.821385 0x1fa65e140 incremental_pipeline.cc:791] Discarding reconstruction due to bad initial pair
I20260910 06:21:56.823653 0x1fa65e140 incremental_pipeline.cc:487] => Provided pair is unsuitable for initialization.
I20260910 06:21:56.823656 0x1fa65e140 incremental_pipeline.cc:791] Discarding reconstruction due to bad initial pair
I20260910 06:21:56.824715 0x1fa65e140 incremental_pipeline.cc:487] => Provided pair is unsuitable for initialization.
I20260910 06:21:56.824717 0x1fa65e140 incremental_pipeline.cc:791] Discarding reconstruction due to bad initial pair
I20260910 06:21:56.826520 0x1fa65e140 incremental_pipeline.cc:487] => Provided pair is unsuitable for initialization.
I20260910 06:21:56.826523 0x1fa65e140 incremental_pipeline.cc:791] Discarding reconstruction due to bad initial pair
I20260910 06:21:56.828269 0x1fa65e140 incremental_pipeline.cc:487] => Provided pair is unsuitable for initialization.
I20260910 06:21:56.828272 0x1fa65e140 incremental_pipeline.cc:791] Discarding reconstruction due to bad initial pair
I20260910 06:21:56.829926 0x1fa65e140 incremental_pipeline.cc:487] => Provided pair is unsuitable for initialization.
I20260910 06:21:56.829928 0x1fa65e140 incremental_pipeline.cc:791] Discarding reconstruction due to bad initial pair
I20260910 06:21:56.831689 0x1fa65e140 incremental_pipeline.cc:487] => Provided pair is unsuitable for initialization.
I20260910 06:21:56.831691 0x1fa65e140 incremental_pipeline.cc:791] Discarding reconstruction due to bad initial pair
I20260910 06:21:56.833453 0x1fa65e140 incremental_pipeline.cc:487] => Provided pair is unsuitable for initialization.
I20260910 06:21:56.833455 0x1fa65e140 incremental_pipeline.cc:791] Discarding reconstruction due to bad initial pair
I20260910 06:21:56.835682 0x1fa65e140 incremental_pipeline.cc:487] => Provided pair is unsuitable for initialization.
I20260910 06:21:56.835684 0x1fa65e140 incremental_pipeline.cc:791] Discarding reconstruction due to bad initial pair
I20260910 06:21:56.837476 0x1fa65e140 incremental_pipeline.cc:487] => Provided pair is unsuitable for initialization.
I20260910 06:21:56.837478 0x1fa65e140 incremental_pipeline.cc:791] Discarding reconstruction due to bad initial pair
I20260910 06:21:56.839268 0x1fa65e140 incremental_pipeline.cc:487] => Provided pair is unsuitable for initialization.
I20260910 06:21:56.839270 0x1fa65e140 incremental_pipeline.cc:791] Discarding reconstruction due to bad initial pair
I20260910 06:21:56.840359 0x1fa65e140 incremental_pipeline.cc:487] => Provided pair is unsuitable for initialization.
I20260910 06:21:56.840361 0x1fa65e140 incremental_pipeline.cc:791] Discarding reconstruction due to bad initial pair
I20260910 06:21:56.842411 0x1fa65e140 incremental_pipeline.cc:487] => Provided pair is unsuitable for initialization.
I20260910 06:21:56.842413 0x1fa65e140 incremental_pipeline.cc:791] Discarding reconstruction due to bad initial pair
I20260910 06:21:56.844224 0x1fa65e140 incremental_pipeline.cc:487] => Provided pair is unsuitable for initialization.
I20260910 06:21:56.844226 0x1fa65e140 incremental_pipeline.cc:791] Discarding reconstruction due to bad initial pair
I20260910 06:21:56.845979 0x1fa65e140 incremental_pipeline.cc:487] => Provided pair is unsuitable for initialization.
I20260910 06:21:56.845982 0x1fa65e140 incremental_pipeline.cc:791] Discarding reconstruction due to bad initial pair
I20260910 06:21:56.847724 0x1fa65e140 incremental_pipeline.cc:487] => Provided pair is unsuitable for initialization.
I20260910 06:21:56.847726 0x1fa65e140 incremental_pipeline.cc:791] Discarding reconstruction due to bad initial pair
I20260910 06:21:56.849528 0x1fa65e140 incremental_pipeline.cc:487] => Provided pair is unsuitable for initialization.
I20260910 06:21:56.849530 0x1fa65e140 incremental_pipeline.cc:791] Discarding reconstruction due to bad initial pair
I20260910 06:21:56.851608 0x1fa65e140 incremental_pipeline.cc:487] => Provided pair is unsuitable for initialization.
I20260910 06:21:56.851610 0x1fa65e140 incremental_pipeline.cc:791] Discarding reconstruction due to bad initial pair
I20260910 06:21:56.853399 0x1fa65e140 incremental_pipeline.cc:487] => Provided pair is unsuitable for initialization.
I20260910 06:21:56.853401 0x1fa65e140 incremental_pipeline.cc:791] Discarding reconstruction due to bad initial pair
I20260910 06:21:56.855140 0x1fa65e140 incremental_pipeline.cc:487] => Provided pair is unsuitable for initialization.
I20260910 06:21:56.855142 0x1fa65e140 incremental_pipeline.cc:791] Discarding reconstruction due to bad initial pair
I20260910 06:21:56.857430 0x1fa65e140 incremental_pipeline.cc:487] => Provided pair is unsuitable for initialization.
I20260910 06:21:56.857432 0x1fa65e140 incremental_pipeline.cc:791] Discarding reconstruction due to bad initial pair
I20260910 06:21:56.858319 0x1fa65e140 incremental_pipeline.cc:487] => Provided pair is unsuitable for initialization.
I20260910 06:21:56.858321 0x1fa65e140 incremental_pipeline.cc:791] Discarding reconstruction due to bad initial pair
I20260910 06:21:56.859993 0x1fa65e140 incremental_pipeline.cc:487] => Provided pair is unsuitable for initialization.
I20260910 06:21:56.859996 0x1fa65e140 incremental_pipeline.cc:791] Discarding reconstruction due to bad initial pair
I20260910 06:21:56.860955 0x1fa65e140 incremental_pipeline.cc:487] => Provided pair is unsuitable for initialization.
I20260910 06:21:56.860957 0x1fa65e140 incremental_pipeline.cc:791] Discarding reconstruction due to bad initial pair
I20260910 06:21:56.862896 0x1fa65e140 incremental_pipeline.cc:487] => Provided pair is unsuitable for initialization.
I20260910 06:21:56.862898 0x1fa65e140 incremental_pipeline.cc:791] Discarding reconstruction due to bad initial pair
I20260910 06:21:56.864639 0x1fa65e140 incremental_pipeline.cc:487] => Provided pair is unsuitable for initialization.
I20260910 06:21:56.864646 0x1fa65e140 incremental_pipeline.cc:791] Discarding reconstruction due to bad initial pair
I20260910 06:21:56.866445 0x1fa65e140 incremental_pipeline.cc:487] => Provided pair is unsuitable for initialization.
I20260910 06:21:56.866447 0x1fa65e140 incremental_pipeline.cc:791] Discarding reconstruction due to bad initial pair
I20260910 06:21:56.868308 0x1fa65e140 incremental_pipeline.cc:487] => Provided pair is unsuitable for initialization.
I20260910 06:21:56.868310 0x1fa65e140 incremental_pipeline.cc:791] Discarding reconstruction due to bad initial pair
I20260910 06:21:56.869249 0x1fa65e140 incremental_pipeline.cc:487] => Provided pair is unsuitable for initialization.
I20260910 06:21:56.869251 0x1fa65e140 incremental_pipeline.cc:791] Discarding reconstruction due to bad initial pair
I20260910 06:21:56.871003 0x1fa65e140 incremental_pipeline.cc:487] => Provided pair is unsuitable for initialization.
I20260910 06:21:56.871006 0x1fa65e140 incremental_pipeline.cc:791] Discarding reconstruction due to bad initial pair
I20260910 06:21:56.872851 0x1fa65e140 incremental_pipeline.cc:487] => Provided pair is unsuitable for initialization.
I20260910 06:21:56.872853 0x1fa65e140 incremental_pipeline.cc:791] Discarding reconstruction due to bad initial pair
I20260910 06:21:56.875833 0x1fa65e140 incremental_pipeline.cc:487] => Provided pair is unsuitable for initialization.
I20260910 06:21:56.875836 0x1fa65e140 incremental_pipeline.cc:791] Discarding reconstruction due to bad initial pair
I20260910 06:21:56.877334 0x1fa65e140 incremental_pipeline.cc:487] => Provided pair is unsuitable for initialization.
I20260910 06:21:56.877337 0x1fa65e140 incremental_pipeline.cc:791] Discarding reconstruction due to bad initial pair
I20260910 06:21:56.879138 0x1fa65e140 incremental_pipeline.cc:487] => Provided pair is unsuitable for initialization.
I20260910 06:21:56.879140 0x1fa65e140 incremental_pipeline.cc:791] Discarding reconstruction due to bad initial pair
I20260910 06:21:56.880893 0x1fa65e140 incremental_pipeline.cc:487] => Provided pair is unsuitable for initialization.
I20260910 06:21:56.880895 0x1fa65e140 incremental_pipeline.cc:791] Discarding reconstruction due to bad initial pair
I20260910 06:21:56.882730 0x1fa65e140 incremental_pipeline.cc:487] => Provided pair is unsuitable for initialization.
I20260910 06:21:56.882732 0x1fa65e140 incremental_pipeline.cc:791] Discarding reconstruction due to bad initial pair
I20260910 06:21:56.885795 0x1fa65e140 incremental_pipeline.cc:487] => Provided pair is unsuitable for initialization.
I20260910 06:21:56.885797 0x1fa65e140 incremental_pipeline.cc:791] Discarding reconstruction due to bad initial pair
I20260910 06:21:56.888789 0x1fa65e140 incremental_pipeline.cc:487] => Provided pair is unsuitable for initialization.
I20260910 06:21:56.888792 0x1fa65e140 incremental_pipeline.cc:791] Discarding reconstruction due to bad initial pair
I20260910 06:21:56.890749 0x1fa65e140 incremental_pipeline.cc:487] => Provided pair is unsuitable for initialization.
I20260910 06:21:56.890751 0x1fa65e140 incremental_pipeline.cc:791] Discarding reconstruction due to bad initial pair
I20260910 06:21:56.893496 0x1fa65e140 incremental_pipeline.cc:487] => Provided pair is unsuitable for initialization.
I20260910 06:21:56.893498 0x1fa65e140 incremental_pipeline.cc:791] Discarding reconstruction due to bad initial pair
I20260910 06:21:56.894556 0x1fa65e140 incremental_pipeline.cc:487] => Provided pair is unsuitable for initialization.
I20260910 06:21:56.894558 0x1fa65e140 incremental_pipeline.cc:791] Discarding reconstruction due to bad initial pair
I20260910 06:21:56.896305 0x1fa65e140 incremental_pipeline.cc:487] => Provided pair is unsuitable for initialization.
I20260910 06:21:56.896307 0x1fa65e140 incremental_pipeline.cc:791] Discarding reconstruction due to bad initial pair
I20260910 06:21:56.898123 0x1fa65e140 incremental_pipeline.cc:487] => Provided pair is unsuitable for initialization.
I20260910 06:21:56.898129 0x1fa65e140 incremental_pipeline.cc:791] Discarding reconstruction due to bad initial pair
I20260910 06:21:56.899164 0x1fa65e140 incremental_pipeline.cc:487] => Provided pair is unsuitable for initialization.
I20260910 06:21:56.899166 0x1fa65e140 incremental_pipeline.cc:791] Discarding reconstruction due to bad initial pair
I20260910 06:21:56.900961 0x1fa65e140 incremental_pipeline.cc:487] => Provided pair is unsuitable for initialization.
I20260910 06:21:56.900963 0x1fa65e140 incremental_pipeline.cc:791] Discarding reconstruction due to bad initial pair
I20260910 06:21:56.902869 0x1fa65e140 incremental_pipeline.cc:487] => Provided pair is unsuitable for initialization.
I20260910 06:21:56.902871 0x1fa65e140 incremental_pipeline.cc:791] Discarding reconstruction due to bad initial pair
I20260910 06:21:56.904668 0x1fa65e140 incremental_pipeline.cc:487] => Provided pair is unsuitable for initialization.
I20260910 06:21:56.904671 0x1fa65e140 incremental_pipeline.cc:791] Discarding reconstruction due to bad initial pair
I20260910 06:21:56.905644 0x1fa65e140 incremental_pipeline.cc:487] => Provided pair is unsuitable for initialization.
I20260910 06:21:56.905646 0x1fa65e140 incremental_pipeline.cc:791] Discarding reconstruction due to bad initial pair
I20260910 06:21:56.907679 0x1fa65e140 incremental_pipeline.cc:487] => Provided pair is unsuitable for initialization.
I20260910 06:21:56.907686 0x1fa65e140 incremental_pipeline.cc:791] Discarding reconstruction due to bad initial pair
I20260910 06:21:56.909281 0x1fa65e140 incremental_pipeline.cc:487] => Provided pair is unsuitable for initialization.
I20260910 06:21:56.909283 0x1fa65e140 incremental_pipeline.cc:791] Discarding reconstruction due to bad initial pair
I20260910 06:21:56.910993 0x1fa65e140 incremental_pipeline.cc:487] => Provided pair is unsuitable for initialization.
I20260910 06:21:56.910996 0x1fa65e140 incremental_pipeline.cc:791] Discarding reconstruction due to bad initial pair
I20260910 06:21:56.912747 0x1fa65e140 incremental_pipeline.cc:487] => Provided pair is unsuitable for initialization.
I20260910 06:21:56.912750 0x1fa65e140 incremental_pipeline.cc:791] Discarding reconstruction due to bad initial pair
I20260910 06:21:56.914502 0x1fa65e140 incremental_pipeline.cc:487] => Provided pair is unsuitable for initialization.
I20260910 06:21:56.914504 0x1fa65e140 incremental_pipeline.cc:791] Discarding reconstruction due to bad initial pair
I20260910 06:21:56.916572 0x1fa65e140 incremental_pipeline.cc:487] => Provided pair is unsuitable for initialization.
I20260910 06:21:56.916574 0x1fa65e140 incremental_pipeline.cc:791] Discarding reconstruction due to bad initial pair
I20260910 06:21:56.918348 0x1fa65e140 incremental_pipeline.cc:487] => Provided pair is unsuitable for initialization.
I20260910 06:21:56.918353 0x1fa65e140 incremental_pipeline.cc:791] Discarding reconstruction due to bad initial pair
I20260910 06:21:56.919502 0x1fa65e140 incremental_pipeline.cc:487] => Provided pair is unsuitable for initialization.
I20260910 06:21:56.919504 0x1fa65e140 incremental_pipeline.cc:791] Discarding reconstruction due to bad initial pair
I20260910 06:21:56.919508 0x1fa65e140 timer.cc:90] Elapsed time: 0.030 [minutes]
[0;31mE20260910 06:21:56.919513 0x1fa65e140 sfm.cc:310] Failed to create any sparse model
[m