
I20260910 06:19:31.437829 0x1fa65e140 incremental_pipeline.cc:353] Loading database
I20260910 06:19:31.438129 0x1fa65e140 database_cache.cc:73] Loading rigs...
I20260910 06:19:31.438147 0x1fa65e140 database_cache.cc:83]  1 in 0.000s
I20260910 06:19:31.438150 0x1fa65e140 database_cache.cc:91] Loading cameras...
I20260910 06:19:31.438157 0x1fa65e140 database_cache.cc:109]  1 in 0.000s
I20260910 06:19:31.438159 0x1fa65e140 database_cache.cc:117] Loading frames...
I20260910 06:19:31.438171 0x1fa65e140 database_cache.cc:127]  4 in 0.000s
I20260910 06:19:31.438174 0x1fa65e140 database_cache.cc:135] Loading matches...
I20260910 06:19:31.438197 0x1fa65e140 database_cache.cc:140]  3 in 0.000s
I20260910 06:19:31.438200 0x1fa65e140 database_cache.cc:148] Loading images...
I20260910 06:19:31.438411 0x1fa65e140 database_cache.cc:245]  4 in 0.000s (connected 4, loaded 4)
I20260910 06:19:31.438413 0x1fa65e140 database_cache.cc:259] Loading pose priors...
I20260910 06:19:31.438419 0x1fa65e140 database_cache.cc:267]  0 in 0.000s
I20260910 06:19:31.438421 0x1fa65e140 database_cache.cc:275] Building correspondence graph...
I20260910 06:19:31.438486 0x1fa65e140 database_cache.cc:304]  in 0.000s (ignored 0)
I20260910 06:19:31.438488 0x1fa65e140 timer.cc:90] Elapsed time: 0.000 [minutes]
I20260910 06:19:31.440236 0x1fa65e140 incremental_pipeline.cc:487] => Provided pair is unsuitable for initialization.
I20260910 06:19:31.440238 0x1fa65e140 incremental_pipeline.cc:791] Discarding reconstruction due to bad initial pair
I20260910 06:19:31.441737 0x1fa65e140 incremental_pipeline.cc:487] => Provided pair is unsuitable for initialization.
I20260910 06:19:31.441740 0x1fa65e140 incremental_pipeline.cc:791] Discarding reconstruction due to bad initial pair
I20260910 06:19:31.442803 0x1fa65e140 incremental_pipeline.cc:487] => Provided pair is unsuitable for initialization.
I20260910 06:19:31.442806 0x1fa65e140 incremental_pipeline.cc:791] Discarding reconstruction due to bad initial pair
I20260910 06:19:31.443915 0x1fa65e140 incremental_pipeline.cc:487] => Provided pair is unsuitable for initialization.
I20260910 06:19:31.443917 0x1fa65e140 incremental_pipeline.cc:791] Discarding reconstruction due to bad initial pair
I20260910 06:19:31.445452 0x1fa65e140 incremental_pipeline.cc:487] => Provided pair is unsuitable for initialization.
I20260910 06:19:31.445455 0x1fa65e140 incremental_pipeline.cc:791] Discarding reconstruction due to bad initial pair
I20260910 06:19:31.446502 0x1fa65e140 incremental_pipeline.cc:487] => Provided pair is unsuitable for initialization.
I20260910 06:19:31.446505 0x1fa65e140 incremental_pipeline.cc:791] Discarding reconstruction due to bad initial pair
I20260910 06:19:31.447484 0x1fa65e140 incremental_pipeline.cc:487] => Provided pair is unsuitable for initialization.
I20260910 06:19:31.447486 0x1fa65e140 incremental_pipeline.cc:791] Discarding reconstruction due to bad initial pair
I20260910 06:19:31.449131 0x1fa65e140 incremental_pipeline.cc:487] => Provided pair is unsuitable for initialization.
I20260910 06:19:31.449133 0x1fa65e140 incremental_pipeline.cc:791] Discarding reconstruction due to bad initial pair
I20260910 06:19:31.450307 0x1fa65e140 incremental_pipeline.cc:487] => Provided pair is unsuitable for initialization.
I20260910 06:19:31.450309 0x1fa65e140 incremental_pipeline.cc:791] Discarding reconstruction due to bad initial pair
I20260910 06:19:31.451360 0x1fa65e140 incremental_pipeline.cc:487] => Provided pair is unsuitable for initialization.
I20260910 06:19:31.451363 0x1fa65e140 incremental_pipeline.cc:791] Discarding reconstruction due to bad initial pair
I20260910 06:19:31.452450 0x1fa65e140 incremental_pipeline.cc:487] => Provided pair is unsuitable for initialization.
I20260910 06:19:31.452453 0x1fa65e140 incremental_pipeline.cc:791] Discarding reconstruction due to bad initial pair
I20260910 06:19:31.454141 0x1fa65e140 incremental_pipeline.cc:487] => Provided pair is unsuitable for initialization.
I20260910 06:19:31.454144 0x1fa65e140 incremental_pipeline.cc:791] Discarding reconstruction due to bad initial pair
I20260910 06:19:31.455648 0x1fa65e140 incremental_pipeline.cc:487] => Provided pair is unsuitable for initialization.
I20260910 06:19:31.455660 0x1fa65e140 incremental_pipeline.cc:791] Discarding reconstruction due to bad initial pair
I20260910 06:19:31.456525 0x1fa65e140 incremental_pipeline.cc:487] => Provided pair is unsuitable for initialization.
I20260910 06:19:31.456527 0x1fa65e140 incremental_pipeline.cc:791] Discarding reconstruction due to bad initial pair
I20260910 06:19:31.458074 0x1fa65e140 incremental_pipeline.cc:487] => Provided pair is unsuitable for initialization.
I20260910 06:19:31.458077 0x1fa65e140 incremental_pipeline.cc:791] Discarding reconstruction due to bad initial pair
I20260910 06:19:31.459553 0x1fa65e140 incremental_pipeline.cc:487] => Provided pair is unsuitable for initialization.
I20260910 06:19:31.459555 0x1fa65e140 incremental_pipeline.cc:791] Discarding reconstruction due to bad initial pair
I20260910 06:19:31.460443 0x1fa65e140 incremental_pipeline.cc:487] => Provided pair is unsuitable for initialization.
I20260910 06:19:31.460445 0x1fa65e140 incremental_pipeline.cc:791] Discarding reconstruction due to bad initial pair
I20260910 06:19:31.462176 0x1fa65e140 incremental_pipeline.cc:487] => Provided pair is unsuitable for initialization.
I20260910 06:19:31.462179 0x1fa65e140 incremental_pipeline.cc:791] Discarding reconstruction due to bad initial pair
I20260910 06:19:31.463160 0x1fa65e140 incremental_pipeline.cc:487] => Provided pair is unsuitable for initialization.
I20260910 06:19:31.463163 0x1fa65e140 incremental_pipeline.cc:791] Discarding reconstruction due to bad initial pair
I20260910 06:19:31.465003 0x1fa65e140 incremental_pipeline.cc:487] => Provided pair is unsuitable for initialization.
I20260910 06:19:31.465006 0x1fa65e140 incremental_pipeline.cc:791] Discarding reconstruction due to bad initial pair
I20260910 06:19:31.466521 0x1fa65e140 incremental_pipeline.cc:487] => Provided pair is unsuitable for initialization.
I20260910 06:19:31.466524 0x1fa65e140 incremental_pipeline.cc:791] Discarding reconstruction due to bad initial pair
I20260910 06:19:31.468043 0x1fa65e140 incremental_pipeline.cc:487] => Provided pair is unsuitable for initialization.
I20260910 06:19:31.468046 0x1fa65e140 incremental_pipeline.cc:791] Discarding reconstruction due to bad initial pair
I20260910 06:19:31.468924 0x1fa65e140 incremental_pipeline.cc:487] => Provided pair is unsuitable for initialization.
I20260910 06:19:31.468926 0x1fa65e140 incremental_pipeline.cc:791] Discarding reconstruction due to bad initial pair
I20260910 06:19:31.469868 0x1fa65e140 incremental_pipeline.cc:487] => Provided pair is unsuitable for initialization.
I20260910 06:19:31.469870 0x1fa65e140 incremental_pipeline.cc:791] Discarding reconstruction due to bad initial pair
I20260910 06:19:31.471368 0x1fa65e140 incremental_pipeline.cc:487] => Provided pair is unsuitable for initialization.
I20260910 06:19:31.471370 0x1fa65e140 incremental_pipeline.cc:791] Discarding reconstruction due to bad initial pair
I20260910 06:19:31.472435 0x1fa65e140 incremental_pipeline.cc:487] => Provided pair is unsuitable for initialization.
I20260910 06:19:31.472438 0x1fa65e140 incremental_pipeline.cc:791] Discarding reconstruction due to bad initial pair
I20260910 06:19:31.473338 0x1fa65e140 incremental_pipeline.cc:487] => Provided pair is unsuitable for initialization.
I20260910 06:19:31.473340 0x1fa65e140 incremental_pipeline.cc:791] Discarding reconstruction due to bad initial pair
I20260910 06:19:31.474309 0x1fa65e140 incremental_pipeline.cc:487] => Provided pair is unsuitable for initialization.
I20260910 06:19:31.474311 0x1fa65e140 incremental_pipeline.cc:791] Discarding reconstruction due to bad initial pair
I20260910 06:19:31.475848 0x1fa65e140 incremental_pipeline.cc:487] => Provided pair is unsuitable for initialization.
I20260910 06:19:31.475851 0x1fa65e140 incremental_pipeline.cc:791] Discarding reconstruction due to bad initial pair
I20260910 06:19:31.476935 0x1fa65e140 incremental_pipeline.cc:487] => Provided pair is unsuitable for initialization.
I20260910 06:19:31.476937 0x1fa65e140 incremental_pipeline.cc:791] Discarding reconstruction due to bad initial pair
I20260910 06:19:31.477916 0x1fa65e140 incremental_pipeline.cc:487] => Provided pair is unsuitable for initialization.
I20260910 06:19:31.477918 0x1fa65e140 incremental_pipeline.cc:791] Discarding reconstruction due to bad initial pair
I20260910 06:19:31.479714 0x1fa65e140 incremental_pipeline.cc:487] => Provided pair is unsuitable for initialization.
I20260910 06:19:31.479717 0x1fa65e140 incremental_pipeline.cc:791] Discarding reconstruction due to bad initial pair
I20260910 06:19:31.480660 0x1fa65e140 incremental_pipeline.cc:487] => Provided pair is unsuitable for initialization.
I20260910 06:19:31.480662 0x1fa65e140 incremental_pipeline.cc:791] Discarding reconstruction due to bad initial pair
I20260910 06:19:31.482191 0x1fa65e140 incremental_pipeline.cc:487] => Provided pair is unsuitable for initialization.
I20260910 06:19:31.482194 0x1fa65e140 incremental_pipeline.cc:791] Discarding reconstruction due to bad initial pair
I20260910 06:19:31.483737 0x1fa65e140 incremental_pipeline.cc:487] => Provided pair is unsuitable for initialization.
I20260910 06:19:31.483739 0x1fa65e140 incremental_pipeline.cc:791] Discarding reconstruction due to bad initial pair
I20260910 06:19:31.484712 0x1fa65e140 incremental_pipeline.cc:487] => Provided pair is unsuitable for initialization.
I20260910 06:19:31.484715 0x1fa65e140 incremental_pipeline.cc:791] Discarding reconstruction due to bad initial pair
I20260910 06:19:31.486260 0x1fa65e140 incremental_pipeline.cc:487] => Provided pair is unsuitable for initialization.
I20260910 06:19:31.486262 0x1fa65e140 incremental_pipeline.cc:791] Discarding reconstruction due to bad initial pair
I20260910 06:19:31.487225 0x1fa65e140 incremental_pipeline.cc:487] => Provided pair is unsuitable for initialization.
I20260910 06:19:31.487227 0x1fa65e140 incremental_pipeline.cc:791] Discarding reconstruction due to bad initial pair
I20260910 06:19:31.488793 0x1fa65e140 incremental_pipeline.cc:487] => Provided pair is unsuitable for initialization.
I20260910 06:19:31.488796 0x1fa65e140 incremental_pipeline.cc:791] Discarding reconstruction due to bad initial pair
I20260910 06:19:31.489764 0x1fa65e140 incremental_pipeline.cc:487] => Provided pair is unsuitable for initialization.
I20260910 06:19:31.489766 0x1fa65e140 incremental_pipeline.cc:791] Discarding reconstruction due to bad initial pair
I20260910 06:19:31.490812 0x1fa65e140 incremental_pipeline.cc:487] => Provided pair is unsuitable for initialization.
I20260910 06:19:31.490815 0x1fa65e140 incremental_pipeline.cc:791] Discarding reconstruction due to bad initial pair
I20260910 06:19:31.491849 0x1fa65e140 incremental_pipeline.cc:487] => Provided pair is unsuitable for initialization.
I20260910 06:19:31.491851 0x1fa65e140 incremental_pipeline.cc:791] Discarding reconstruction due to bad initial pair
I20260910 06:19:31.493078 0x1fa65e140 incremental_pipeline.cc:487] => Provided pair is unsuitable for initialization.
I20260910 06:19:31.493081 0x1fa65e140 incremental_pipeline.cc:791] Discarding reconstruction due to bad initial pair
I20260910 06:19:31.494578 0x1fa65e140 incremental_pipeline.cc:487] => Provided pair is unsuitable for initialization.
I20260910 06:19:31.494580 0x1fa65e140 incremental_pipeline.cc:791] Discarding reconstruction due to bad initial pair
I20260910 06:19:31.496310 0x1fa65e140 incremental_pipeline.cc:487] => Provided pair is unsuitable for initialization.
I20260910 06:19:31.496313 0x1fa65e140 incremental_pipeline.cc:791] Discarding reconstruction due to bad initial pair
I20260910 06:19:31.497888 0x1fa65e140 incremental_pipeline.cc:487] => Provided pair is unsuitable for initialization.
I20260910 06:19:31.497890 0x1fa65e140 incremental_pipeline.cc:791] Discarding reconstruction due to bad initial pair
I20260910 06:19:31.499166 0x1fa65e140 incremental_pipeline.cc:487] => Provided pair is unsuitable for initialization.
I20260910 06:19:31.499168 0x1fa65e140 incremental_pipeline.cc:791] Discarding reconstruction due to bad initial pair
I20260910 06:19:31.500752 0x1fa65e140 incremental_pipeline.cc:487] => Provided pair is unsuitable for initialization.
I20260910 06:19:31.500759 0x1fa65e140 incremental_pipeline.cc:791] Discarding reconstruction due to bad initial pair
I20260910 06:19:31.502298 0x1fa65e140 incremental_pipeline.cc:487] => Provided pair is unsuitable for initialization.
I20260910 06:19:31.502300 0x1fa65e140 incremental_pipeline.cc:791] Discarding reconstruction due to bad initial pair
I20260910 06:19:31.503861 0x1fa65e140 incremental_pipeline.cc:487] => Provided pair is unsuitable for initialization.
I20260910 06:19:31.503864 0x1fa65e140 incremental_pipeline.cc:791] Discarding reconstruction due to bad initial pair
I20260910 06:19:31.504984 0x1fa65e140 incremental_pipeline.cc:487] => Provided pair is unsuitable for initialization.
I20260910 06:19:31.504986 0x1fa65e140 incremental_pipeline.cc:791] Discarding reconstruction due to bad initial pair
I20260910 06:19:31.505991 0x1fa65e140 incremental_pipeline.cc:487] => Provided pair is unsuitable for initialization.
I20260910 06:19:31.505994 0x1fa65e140 incremental_pipeline.cc:791] Discarding reconstruction due to bad initial pair
I20260910 06:19:31.507488 0x1fa65e140 incremental_pipeline.cc:487] => Provided pair is unsuitable for initialization.
I20260910 06:19:31.507490 0x1fa65e140 incremental_pipeline.cc:791] Discarding reconstruction due to bad initial pair
I20260910 06:19:31.508520 0x1fa65e140 incremental_pipeline.cc:487] => Provided pair is unsuitable for initialization.
I20260910 06:19:31.508522 0x1fa65e140 incremental_pipeline.cc:791] Discarding reconstruction due to bad initial pair
I20260910 06:19:31.509395 0x1fa65e140 incremental_pipeline.cc:487] => Provided pair is unsuitable for initialization.
I20260910 06:19:31.509398 0x1fa65e140 incremental_pipeline.cc:791] Discarding reconstruction due to bad initial pair
I20260910 06:19:31.510278 0x1fa65e140 incremental_pipeline.cc:487] => Provided pair is unsuitable for initialization.
I20260910 06:19:31.510281 0x1fa65e140 incremental_pipeline.cc:791] Discarding reconstruction due to bad initial pair
I20260910 06:19:31.511255 0x1fa65e140 incremental_pipeline.cc:487] => Provided pair is unsuitable for initialization.
I20260910 06:19:31.511257 0x1fa65e140 incremental_pipeline.cc:791] Discarding reconstruction due to bad initial pair
I20260910 06:19:31.512943 0x1fa65e140 incremental_pipeline.cc:487] => Provided pair is unsuitable for initialization.
I20260910 06:19:31.512945 0x1fa65e140 incremental_pipeline.cc:791] Discarding reconstruction due to bad initial pair
I20260910 06:19:31.514343 0x1fa65e140 incremental_pipeline.cc:487] => Provided pair is unsuitable for initialization.
I20260910 06:19:31.514345 0x1fa65e140 incremental_pipeline.cc:791] Discarding reconstruction due to bad initial pair
I20260910 06:19:31.515914 0x1fa65e140 incremental_pipeline.cc:487] => Provided pair is unsuitable for initialization.
I20260910 06:19:31.515916 0x1fa65e140 incremental_pipeline.cc:791] Discarding reconstruction due to bad initial pair
I20260910 06:19:31.517149 0x1fa65e140 incremental_pipeline.cc:487] => Provided pair is unsuitable for initialization.
I20260910 06:19:31.517151 0x1fa65e140 incremental_pipeline.cc:791] Discarding reconstruction due to bad initial pair
I20260910 06:19:31.518934 0x1fa65e140 incremental_pipeline.cc:487] => Provided pair is unsuitable for initialization.
I20260910 06:19:31.518937 0x1fa65e140 incremental_pipeline.cc:791] Discarding reconstruction due to bad initial pair
I20260910 06:19:31.519905 0x1fa65e140 incremental_pipeline.cc:487] => Provided pair is unsuitable for initialization.
I20260910 06:19:31.519908 0x1fa65e140 incremental_pipeline.cc:791] Discarding reconstruction due to bad initial pair
I20260910 06:19:31.521402 0x1fa65e140 incremental_pipeline.cc:487] => Provided pair is unsuitable for initialization.
I20260910 06:19:31.521404 0x1fa65e140 incremental_pipeline.cc:791] Discarding reconstruction due to bad initial pair
I20260910 06:19:31.522477 0x1fa65e140 incremental_pipeline.cc:487] => Provided pair is unsuitable for initialization.
I20260910 06:19:31.522480 0x1fa65e140 incremental_pipeline.cc:791] Discarding reconstruction due to bad initial pair
I20260910 06:19:31.523453 0x1fa65e140 incremental_pipeline.cc:487] => Provided pair is unsuitable for initialization.
I20260910 06:19:31.523456 0x1fa65e140 incremental_pipeline.cc:791] Discarding reconstruction due to bad initial pair
I20260910 06:19:31.524612 0x1fa65e140 incremental_pipeline.cc:487] => Provided pair is unsuitable for initialization.
I20260910 06:19:31.524615 0x1fa65e140 incremental_pipeline.cc:791] Discarding reconstruction due to bad initial pair
I20260910 06:19:31.525574 0x1fa65e140 incremental_pipeline.cc:487] => Provided pair is unsuitable for initialization.
I20260910 06:19:31.525577 0x1fa65e140 incremental_pipeline.cc:791] Discarding reconstruction due to bad initial pair
I20260910 06:19:31.527110 0x1fa65e140 incremental_pipeline.cc:487] => Provided pair is unsuitable for initialization.
I20260910 06:19:31.527112 0x1fa65e140 incremental_pipeline.cc:791] Discarding reconstruction due to bad initial pair
I20260910 06:19:31.528611 0x1fa65e140 incremental_pipeline.cc:487] => Provided pair is unsuitable for initialization.
I20260910 06:19:31.528613 0x1fa65e140 incremental_pipeline.cc:791] Discarding reconstruction due to bad initial pair
I20260910 06:19:31.530127 0x1fa65e140 incremental_pipeline.cc:487] => Provided pair is unsuitable for initialization.
I20260910 06:19:31.530129 0x1fa65e140 incremental_pipeline.cc:791] Discarding reconstruction due to bad initial pair
I20260910 06:19:31.531857 0x1fa65e140 incremental_pipeline.cc:487] => Provided pair is unsuitable for initialization.
I20260910 06:19:31.531859 0x1fa65e140 incremental_pipeline.cc:791] Discarding reconstruction due to bad initial pair
I20260910 06:19:31.532812 0x1fa65e140 incremental_pipeline.cc:487] => Provided pair is unsuitable for initialization.
I20260910 06:19:31.532815 0x1fa65e140 incremental_pipeline.cc:791] Discarding reconstruction due to bad initial pair
I20260910 06:19:31.533850 0x1fa65e140 incremental_pipeline.cc:487] => Provided pair is unsuitable for initialization.
I20260910 06:19:31.533852 0x1fa65e140 incremental_pipeline.cc:791] Discarding reconstruction due to bad initial pair
I20260910 06:19:31.534727 0x1fa65e140 incremental_pipeline.cc:487] => Provided pair is unsuitable for initialization.
I20260910 06:19:31.534730 0x1fa65e140 incremental_pipeline.cc:791] Discarding reconstruction due to bad initial pair
I20260910 06:19:31.536503 0x1fa65e140 incremental_pipeline.cc:487] => Provided pair is unsuitable for initialization.
I20260910 06:19:31.536505 0x1fa65e140 incremental_pipeline.cc:791] Discarding reconstruction due to bad initial pair
I20260910 06:19:31.538036 0x1fa65e140 incremental_pipeline.cc:487] => Provided pair is unsuitable for initialization.
I20260910 06:19:31.538038 0x1fa65e140 incremental_pipeline.cc:791] Discarding reconstruction due to bad initial pair
I20260910 06:19:31.539619 0x1fa65e140 incremental_pipeline.cc:487] => Provided pair is unsuitable for initialization.
I20260910 06:19:31.539622 0x1fa65e140 incremental_pipeline.cc:791] Discarding reconstruction due to bad initial pair
I20260910 06:19:31.541183 0x1fa65e140 incremental_pipeline.cc:487] => Provided pair is unsuitable for initialization.
I20260910 06:19:31.541185 0x1fa65e140 incremental_pipeline.cc:791] Discarding reconstruction due to bad initial pair
I20260910 06:19:31.542775 0x1fa65e140 incremental_pipeline.cc:487] => Provided pair is unsuitable for initialization.
I20260910 06:19:31.542778 0x1fa65e140 incremental_pipeline.cc:791] Discarding reconstruction due to bad initial pair
I20260910 06:19:31.543757 0x1fa65e140 incremental_pipeline.cc:487] => Provided pair is unsuitable for initialization.
I20260910 06:19:31.543759 0x1fa65e140 incremental_pipeline.cc:791] Discarding reconstruction due to bad initial pair
I20260910 06:19:31.545514 0x1fa65e140 incremental_pipeline.cc:487] => Provided pair is unsuitable for initialization.
I20260910 06:19:31.545517 0x1fa65e140 incremental_pipeline.cc:791] Discarding reconstruction due to bad initial pair
I20260910 06:19:31.547026 0x1fa65e140 incremental_pipeline.cc:487] => Provided pair is unsuitable for initialization.
I20260910 06:19:31.547034 0x1fa65e140 incremental_pipeline.cc:791] Discarding reconstruction due to bad initial pair
I20260910 06:19:31.548067 0x1fa65e140 incremental_pipeline.cc:487] => Provided pair is unsuitable for initialization.
I20260910 06:19:31.548071 0x1fa65e140 incremental_pipeline.cc:791] Discarding reconstruction due to bad initial pair
I20260910 06:19:31.549601 0x1fa65e140 incremental_pipeline.cc:487] => Provided pair is unsuitable for initialization.
I20260910 06:19:31.549604 0x1fa65e140 incremental_pipeline.cc:791] Discarding reconstruction due to bad initial pair
I20260910 06:19:31.551062 0x1fa65e140 incremental_pipeline.cc:487] => Provided pair is unsuitable for initialization.
I20260910 06:19:31.551065 0x1fa65e140 incremental_pipeline.cc:791] Discarding reconstruction due to bad initial pair
I20260910 06:19:31.552600 0x1fa65e140 incremental_pipeline.cc:487] => Provided pair is unsuitable for initialization.
I20260910 06:19:31.552603 0x1fa65e140 incremental_pipeline.cc:791] Discarding reconstruction due to bad initial pair
I20260910 06:19:31.554148 0x1fa65e140 incremental_pipeline.cc:487] => Provided pair is unsuitable for initialization.
I20260910 06:19:31.554150 0x1fa65e140 incremental_pipeline.cc:791] Discarding reconstruction due to bad initial pair
I20260910 06:19:31.555672 0x1fa65e140 incremental_pipeline.cc:487] => Provided pair is unsuitable for initialization.
I20260910 06:19:31.555674 0x1fa65e140 incremental_pipeline.cc:791] Discarding reconstruction due to bad initial pair
I20260910 06:19:31.556776 0x1fa65e140 incremental_pipeline.cc:487] => Provided pair is unsuitable for initialization.
I20260910 06:19:31.556779 0x1fa65e140 incremental_pipeline.cc:791] Discarding reconstruction due to bad initial pair
I20260910 06:19:31.558178 0x1fa65e140 incremental_pipeline.cc:487] => Provided pair is unsuitable for initialization.
I20260910 06:19:31.558183 0x1fa65e140 incremental_pipeline.cc:791] Discarding reconstruction due to bad initial pair
I20260910 06:19:31.559107 0x1fa65e140 incremental_pipeline.cc:487] => Provided pair is unsuitable for initialization.
I20260910 06:19:31.559109 0x1fa65e140 incremental_pipeline.cc:791] Discarding reconstruction due to bad initial pair
I20260910 06:19:31.560633 0x1fa65e140 incremental_pipeline.cc:487] => Provided pair is unsuitable for initialization.
I20260910 06:19:31.560635 0x1fa65e140 incremental_pipeline.cc:791] Discarding reconstruction due to bad initial pair
I20260910 06:19:31.562297 0x1fa65e140 incremental_pipeline.cc:487] => Provided pair is unsuitable for initialization.
I20260910 06:19:31.562299 0x1fa65e140 incremental_pipeline.cc:791] Discarding reconstruction due to bad initial pair
I20260910 06:19:31.563807 0x1fa65e140 incremental_pipeline.cc:487] => Provided pair is unsuitable for initialization.
I20260910 06:19:31.563809 0x1fa65e140 incremental_pipeline.cc:791] Discarding reconstruction due to bad initial pair
I20260910 06:19:31.564707 0x1fa65e140 incremental_pipeline.cc:487] => Provided pair is unsuitable for initialization.
I20260910 06:19:31.564709 0x1fa65e140 incremental_pipeline.cc:791] Discarding reconstruction due to bad initial pair
I20260910 06:19:31.565857 0x1fa65e140 incremental_pipeline.cc:487] => Provided pair is unsuitable for initialization.
I20260910 06:19:31.565859 0x1fa65e140 incremental_pipeline.cc:791] Discarding reconstruction due to bad initial pair
I20260910 06:19:31.566874 0x1fa65e140 incremental_pipeline.cc:487] => Provided pair is unsuitable for initialization.
I20260910 06:19:31.566876 0x1fa65e140 incremental_pipeline.cc:791] Discarding reconstruction due to bad initial pair
I20260910 06:19:31.568548 0x1fa65e140 incremental_pipeline.cc:487] => Provided pair is unsuitable for initialization.
I20260910 06:19:31.568550 0x1fa65e140 incremental_pipeline.cc:791] Discarding reconstruction due to bad initial pair
I20260910 06:19:31.569433 0x1fa65e140 incremental_pipeline.cc:487] => Provided pair is unsuitable for initialization.
I20260910 06:19:31.569441 0x1fa65e140 incremental_pipeline.cc:791] Discarding reconstruction due to bad initial pair
I20260910 06:19:31.570448 0x1fa65e140 incremental_pipeline.cc:487] => Provided pair is unsuitable for initialization.
I20260910 06:19:31.570450 0x1fa65e140 incremental_pipeline.cc:791] Discarding reconstruction due to bad initial pair
I20260910 06:19:31.571535 0x1fa65e140 incremental_pipeline.cc:487] => Provided pair is unsuitable for initialization.
I20260910 06:19:31.571538 0x1fa65e140 incremental_pipeline.cc:791] Discarding reconstruction due to bad initial pair
I20260910 06:19:31.572514 0x1fa65e140 incremental_pipeline.cc:487] => Provided pair is unsuitable for initialization.
I20260910 06:19:31.572516 0x1fa65e140 incremental_pipeline.cc:791] Discarding reconstruction due to bad initial pair
I20260910 06:19:31.574056 0x1fa65e140 incremental_pipeline.cc:487] => Provided pair is unsuitable for initialization.
I20260910 06:19:31.574058 0x1fa65e140 incremental_pipeline.cc:791] Discarding reconstruction due to bad initial pair
I20260910 06:19:31.575127 0x1fa65e140 incremental_pipeline.cc:487] => Provided pair is unsuitable for initialization.
I20260910 06:19:31.575129 0x1fa65e140 incremental_pipeline.cc:791] Discarding reconstruction due to bad initial pair
I20260910 06:19:31.576076 0x1fa65e140 incremental_pipeline.cc:487] => Provided pair is unsuitable for initialization.
I20260910 06:19:31.576078 0x1fa65e140 incremental_pipeline.cc:791] Discarding reconstruction due to bad initial pair
I20260910 06:19:31.577731 0x1fa65e140 incremental_pipeline.cc:487] => Provided pair is unsuitable for initialization.
I20260910 06:19:31.577734 0x1fa65e140 incremental_pipeline.cc:791] Discarding reconstruction due to bad initial pair
I20260910 06:19:31.579252 0x1fa65e140 incremental_pipeline.cc:487] => Provided pair is unsuitable for initialization.
I20260910 06:19:31.579255 0x1fa65e140 incremental_pipeline.cc:791] Discarding reconstruction due to bad initial pair
I20260910 06:19:31.580839 0x1fa65e140 incremental_pipeline.cc:487] => Provided pair is unsuitable for initialization.
I20260910 06:19:31.580842 0x1fa65e140 incremental_pipeline.cc:791] Discarding reconstruction due to bad initial pair
I20260910 06:19:31.581734 0x1fa65e140 incremental_pipeline.cc:487] => Provided pair is unsuitable for initialization.
I20260910 06:19:31.581735 0x1fa65e140 incremental_pipeline.cc:791] Discarding reconstruction due to bad initial pair
I20260910 06:19:31.583299 0x1fa65e140 incremental_pipeline.cc:487] => Provided pair is unsuitable for initialization.
I20260910 06:19:31.583302 0x1fa65e140 incremental_pipeline.cc:791] Discarding reconstruction due to bad initial pair
I20260910 06:19:31.584204 0x1fa65e140 incremental_pipeline.cc:487] => Provided pair is unsuitable for initialization.
I20260910 06:19:31.584205 0x1fa65e140 incremental_pipeline.cc:791] Discarding reconstruction due to bad initial pair
I20260910 06:19:31.585722 0x1fa65e140 incremental_pipeline.cc:487] => Provided pair is unsuitable for initialization.
I20260910 06:19:31.585725 0x1fa65e140 incremental_pipeline.cc:791] Discarding reconstruction due to bad initial pair
I20260910 06:19:31.587273 0x1fa65e140 incremental_pipeline.cc:487] => Provided pair is unsuitable for initialization.
I20260910 06:19:31.587276 0x1fa65e140 incremental_pipeline.cc:791] Discarding reconstruction due to bad initial pair
I20260910 06:19:31.588226 0x1fa65e140 incremental_pipeline.cc:487] => Provided pair is unsuitable for initialization.
I20260910 06:19:31.588228 0x1fa65e140 incremental_pipeline.cc:791] Discarding reconstruction due to bad initial pair
I20260910 06:19:31.589322 0x1fa65e140 incremental_pipeline.cc:487] => Provided pair is unsuitable for initialization.
I20260910 06:19:31.589324 0x1fa65e140 incremental_pipeline.cc:791] Discarding reconstruction due to bad initial pair
I20260910 06:19:31.590827 0x1fa65e140 incremental_pipeline.cc:487] => Provided pair is unsuitable for initialization.
I20260910 06:19:31.590831 0x1fa65e140 incremental_pipeline.cc:791] Discarding reconstruction due to bad initial pair
I20260910 06:19:31.592332 0x1fa65e140 incremental_pipeline.cc:487] => Provided pair is unsuitable for initialization.
I20260910 06:19:31.592335 0x1fa65e140 incremental_pipeline.cc:791] Discarding reconstruction due to bad initial pair
I20260910 06:19:31.593431 0x1fa65e140 incremental_pipeline.cc:487] => Provided pair is unsuitable for initialization.
I20260910 06:19:31.593433 0x1fa65e140 incremental_pipeline.cc:791] Discarding reconstruction due to bad initial pair
I20260910 06:19:31.594956 0x1fa65e140 incremental_pipeline.cc:487] => Provided pair is unsuitable for initialization.
I20260910 06:19:31.594959 0x1fa65e140 incremental_pipeline.cc:791] Discarding reconstruction due to bad initial pair
I20260910 06:19:31.595883 0x1fa65e140 incremental_pipeline.cc:487] => Provided pair is unsuitable for initialization.
I20260910 06:19:31.595885 0x1fa65e140 incremental_pipeline.cc:791] Discarding reconstruction due to bad initial pair
I20260910 06:19:31.596996 0x1fa65e140 incremental_pipeline.cc:487] => Provided pair is unsuitable for initialization.
I20260910 06:19:31.596999 0x1fa65e140 incremental_pipeline.cc:791] Discarding reconstruction due to bad initial pair
I20260910 06:19:31.597948 0x1fa65e140 incremental_pipeline.cc:487] => Provided pair is unsuitable for initialization.
I20260910 06:19:31.597951 0x1fa65e140 incremental_pipeline.cc:791] Discarding reconstruction due to bad initial pair
I20260910 06:19:31.599510 0x1fa65e140 incremental_pipeline.cc:487] => Provided pair is unsuitable for initialization.
I20260910 06:19:31.599512 0x1fa65e140 incremental_pipeline.cc:791] Discarding reconstruction due to bad initial pair
I20260910 06:19:31.600550 0x1fa65e140 incremental_pipeline.cc:487] => Provided pair is unsuitable for initialization.
I20260910 06:19:31.600553 0x1fa65e140 incremental_pipeline.cc:791] Discarding reconstruction due to bad initial pair
I20260910 06:19:31.602031 0x1fa65e140 incremental_pipeline.cc:487] => Provided pair is unsuitable for initialization.
I20260910 06:19:31.602034 0x1fa65e140 incremental_pipeline.cc:791] Discarding reconstruction due to bad initial pair
I20260910 06:19:31.602990 0x1fa65e140 incremental_pipeline.cc:487] => Provided pair is unsuitable for initialization.
I20260910 06:19:31.602992 0x1fa65e140 incremental_pipeline.cc:791] Discarding reconstruction due to bad initial pair
I20260910 06:19:31.604207 0x1fa65e140 incremental_pipeline.cc:487] => Provided pair is unsuitable for initialization.
I20260910 06:19:31.604209 0x1fa65e140 incremental_pipeline.cc:791] Discarding reconstruction due to bad initial pair
I20260910 06:19:31.605504 0x1fa65e140 incremental_pipeline.cc:487] => Provided pair is unsuitable for initialization.
I20260910 06:19:31.605506 0x1fa65e140 incremental_pipeline.cc:791] Discarding reconstruction due to bad initial pair
I20260910 06:19:31.606395 0x1fa65e140 incremental_pipeline.cc:487] => Provided pair is unsuitable for initialization.
I20260910 06:19:31.606402 0x1fa65e140 incremental_pipeline.cc:791] Discarding reconstruction due to bad initial pair
I20260910 06:19:31.607327 0x1fa65e140 incremental_pipeline.cc:487] => Provided pair is unsuitable for initialization.
I20260910 06:19:31.607330 0x1fa65e140 incremental_pipeline.cc:791] Discarding reconstruction due to bad initial pair
I20260910 06:19:31.608234 0x1fa65e140 incremental_pipeline.cc:487] => Provided pair is unsuitable for initialization.
I20260910 06:19:31.608236 0x1fa65e140 incremental_pipeline.cc:791] Discarding reconstruction due to bad initial pair
I20260910 06:19:31.609222 0x1fa65e140 incremental_pipeline.cc:487] => Provided pair is unsuitable for initialization.
I20260910 06:19:31.609224 0x1fa65e140 incremental_pipeline.cc:791] Discarding reconstruction due to bad initial pair
I20260910 06:19:31.610746 0x1fa65e140 incremental_pipeline.cc:487] => Provided pair is unsuitable for initialization.
I20260910 06:19:31.610748 0x1fa65e140 incremental_pipeline.cc:791] Discarding reconstruction due to bad initial pair
I20260910 06:19:31.611717 0x1fa65e140 incremental_pipeline.cc:487] => Provided pair is unsuitable for initialization.
I20260910 06:19:31.611726 0x1fa65e140 incremental_pipeline.cc:791] Discarding reconstruction due to bad initial pair
I20260910 06:19:31.613214 0x1fa65e140 incremental_pipeline.cc:487] => Provided pair is unsuitable for initialization.
I20260910 06:19:31.613217 0x1fa65e140 incremental_pipeline.cc:791] Discarding reconstruction due to bad initial pair
I20260910 06:19:31.614740 0x1fa65e140 incremental_pipeline.cc:487] => Provided pair is unsuitable for initialization.
I20260910 06:19:31.614742 0x1fa65e140 incremental_pipeline.cc:791] Discarding reconstruction due to bad initial pair
I20260910 06:19:31.615584 0x1fa65e140 incremental_pipeline.cc:487] => Provided pair is unsuitable for initialization.
I20260910 06:19:31.615587 0x1fa65e140 incremental_pipeline.cc:791] Discarding reconstruction due to bad initial pair
I20260910 06:19:31.616753 0x1fa65e140 incremental_pipeline.cc:487] => Provided pair is unsuitable for initialization.
I20260910 06:19:31.616756 0x1fa65e140 incremental_pipeline.cc:791] Discarding reconstruction due to bad initial pair
I20260910 06:19:31.617943 0x1fa65e140 incremental_pipeline.cc:487] => Provided pair is unsuitable for initialization.
I20260910 06:19:31.617945 0x1fa65e140 incremental_pipeline.cc:791] Discarding reconstruction due to bad initial pair
I20260910 06:19:31.619436 0x1fa65e140 incremental_pipeline.cc:487] => Provided pair is unsuitable for initialization.
I20260910 06:19:31.619438 0x1fa65e140 incremental_pipeline.cc:791] Discarding reconstruction due to bad initial pair
I20260910 06:19:31.620348 0x1fa65e140 incremental_pipeline.cc:487] => Provided pair is unsuitable for initialization.
I20260910 06:19:31.620351 0x1fa65e140 incremental_pipeline.cc:791] Discarding reconstruction due to bad initial pair
I20260910 06:19:31.621517 0x1fa65e140 incremental_pipeline.cc:487] => Provided pair is unsuitable for initialization.
I20260910 06:19:31.621519 0x1fa65e140 incremental_pipeline.cc:791] Discarding reconstruction due to bad initial pair
I20260910 06:19:31.622473 0x1fa65e140 incremental_pipeline.cc:487] => Provided pair is unsuitable for initialization.
I20260910 06:19:31.622475 0x1fa65e140 incremental_pipeline.cc:791] Discarding reconstruction due to bad initial pair
I20260910 06:19:31.623491 0x1fa65e140 incremental_pipeline.cc:487] => Provided pair is unsuitable for initialization.
I20260910 06:19:31.623494 0x1fa65e140 incremental_pipeline.cc:791] Discarding reconstruction due to bad initial pair
I20260910 06:19:31.624412 0x1fa65e140 incremental_pipeline.cc:487] => Provided pair is unsuitable for initialization.
I20260910 06:19:31.624415 0x1fa65e140 incremental_pipeline.cc:791] Discarding reconstruction due to bad initial pair
I20260910 06:19:31.625953 0x1fa65e140 incremental_pipeline.cc:487] => Provided pair is unsuitable for initialization.
I20260910 06:19:31.625955 0x1fa65e140 incremental_pipeline.cc:791] Discarding reconstruction due to bad initial pair
I20260910 06:19:31.627796 0x1fa65e140 incremental_pipeline.cc:487] => Provided pair is unsuitable for initialization.
I20260910 06:19:31.627798 0x1fa65e140 incremental_pipeline.cc:791] Discarding reconstruction due to bad initial pair
I20260910 06:19:31.628912 0x1fa65e140 incremental_pipeline.cc:487] => Provided pair is unsuitable for initialization.
I20260910 06:19:31.628915 0x1fa65e140 incremental_pipeline.cc:791] Discarding reconstruction due to bad initial pair
I20260910 06:19:31.630417 0x1fa65e140 incremental_pipeline.cc:487] => Provided pair is unsuitable for initialization.
I20260910 06:19:31.630419 0x1fa65e140 incremental_pipeline.cc:791] Discarding reconstruction due to bad initial pair
I20260910 06:19:31.631448 0x1fa65e140 incremental_pipeline.cc:487] => Provided pair is unsuitable for initialization.
I20260910 06:19:31.631451 0x1fa65e140 incremental_pipeline.cc:791] Discarding reconstruction due to bad initial pair
I20260910 06:19:31.632960 0x1fa65e140 incremental_pipeline.cc:487] => Provided pair is unsuitable for initialization.
I20260910 06:19:31.632963 0x1fa65e140 incremental_pipeline.cc:791] Discarding reconstruction due to bad initial pair
I20260910 06:19:31.633812 0x1fa65e140 incremental_pipeline.cc:487] => Provided pair is unsuitable for initialization.
I20260910 06:19:31.633814 0x1fa65e140 incremental_pipeline.cc:791] Discarding reconstruction due to bad initial pair
I20260910 06:19:31.634779 0x1fa65e140 incremental_pipeline.cc:487] => Provided pair is unsuitable for initialization.
I20260910 06:19:31.634782 0x1fa65e140 incremental_pipeline.cc:791] Discarding reconstruction due to bad initial pair
I20260910 06:19:31.635607 0x1fa65e140 incremental_pipeline.cc:487] => Provided pair is unsuitable for initialization.
I20260910 06:19:31.635610 0x1fa65e140 incremental_pipeline.cc:791] Discarding reconstruction due to bad initial pair
I20260910 06:19:31.636875 0x1fa65e140 incremental_pipeline.cc:487] => Provided pair is unsuitable for initialization.
I20260910 06:19:31.636878 0x1fa65e140 incremental_pipeline.cc:791] Discarding reconstruction due to bad initial pair
I20260910 06:19:31.638249 0x1fa65e140 incremental_pipeline.cc:487] => Provided pair is unsuitable for initialization.
I20260910 06:19:31.638251 0x1fa65e140 incremental_pipeline.cc:791] Discarding reconstruction due to bad initial pair
I20260910 06:19:31.639252 0x1fa65e140 incremental_pipeline.cc:487] => Provided pair is unsuitable for initialization.
I20260910 06:19:31.639254 0x1fa65e140 incremental_pipeline.cc:791] Discarding reconstruction due to bad initial pair
I20260910 06:19:31.640772 0x1fa65e140 incremental_pipeline.cc:487] => Provided pair is unsuitable for initialization.
I20260910 06:19:31.640774 0x1fa65e140 incremental_pipeline.cc:791] Discarding reconstruction due to bad initial pair
I20260910 06:19:31.641645 0x1fa65e140 incremental_pipeline.cc:487] => Provided pair is unsuitable for initialization.
I20260910 06:19:31.641648 0x1fa65e140 incremental_pipeline.cc:791] Discarding reconstruction due to bad initial pair
I20260910 06:19:31.642644 0x1fa65e140 incremental_pipeline.cc:487] => Provided pair is unsuitable for initialization.
I20260910 06:19:31.642646 0x1fa65e140 incremental_pipeline.cc:791] Discarding reconstruction due to bad initial pair
I20260910 06:19:31.643723 0x1fa65e140 incremental_pipeline.cc:487] => Provided pair is unsuitable for initialization.
I20260910 06:19:31.643726 0x1fa65e140 incremental_pipeline.cc:791] Discarding reconstruction due to bad initial pair
I20260910 06:19:31.644701 0x1fa65e140 incremental_pipeline.cc:487] => Provided pair is unsuitable for initialization.
I20260910 06:19:31.644704 0x1fa65e140 incremental_pipeline.cc:791] Discarding reconstruction due to bad initial pair
I20260910 06:19:31.646294 0x1fa65e140 incremental_pipeline.cc:487] => Provided pair is unsuitable for initialization.
I20260910 06:19:31.646296 0x1fa65e140 incremental_pipeline.cc:791] Discarding reconstruction due to bad initial pair
I20260910 06:19:31.647346 0x1fa65e140 incremental_pipeline.cc:487] => Provided pair is unsuitable for initialization.
I20260910 06:19:31.647349 0x1fa65e140 incremental_pipeline.cc:791] Discarding reconstruction due to bad initial pair
I20260910 06:19:31.648193 0x1fa65e140 incremental_pipeline.cc:487] => Provided pair is unsuitable for initialization.
I20260910 06:19:31.648198 0x1fa65e140 incremental_pipeline.cc:791] Discarding reconstruction due to bad initial pair
I20260910 06:19:31.649189 0x1fa65e140 incremental_pipeline.cc:487] => Provided pair is unsuitable for initialization.
I20260910 06:19:31.649191 0x1fa65e140 incremental_pipeline.cc:791] Discarding reconstruction due to bad initial pair
I20260910 06:19:31.651513 0x1fa65e140 incremental_pipeline.cc:487] => Provided pair is unsuitable for initialization.
I20260910 06:19:31.651515 0x1fa65e140 incremental_pipeline.cc:791] Discarding reconstruction due to bad initial pair
I20260910 06:19:31.653199 0x1fa65e140 incremental_pipeline.cc:487] => Provided pair is unsuitable for initialization.
I20260910 06:19:31.653201 0x1fa65e140 incremental_pipeline.cc:791] Discarding reconstruction due to bad initial pair
I20260910 06:19:31.654126 0x1fa65e140 incremental_pipeline.cc:487] => Provided pair is unsuitable for initialization.
I20260910 06:19:31.654132 0x1fa65e140 incremental_pipeline.cc:791] Discarding reconstruction due to bad initial pair
I20260910 06:19:31.656009 0x1fa65e140 incremental_pipeline.cc:487] => Provided pair is unsuitable for initialization.
I20260910 06:19:31.656011 0x1fa65e140 incremental_pipeline.cc:791] Discarding reconstruction due to bad initial pair
I20260910 06:19:31.657110 0x1fa65e140 incremental_pipeline.cc:487] => Provided pair is unsuitable for initialization.
I20260910 06:19:31.657112 0x1fa65e140 incremental_pipeline.cc:791] Discarding reconstruction due to bad initial pair
I20260910 06:19:31.658651 0x1fa65e140 incremental_pipeline.cc:487] => Provided pair is unsuitable for initialization.
I20260910 06:19:31.658653 0x1fa65e140 incremental_pipeline.cc:791] Discarding reconstruction due to bad initial pair
I20260910 06:19:31.659578 0x1fa65e140 incremental_pipeline.cc:487] => Provided pair is unsuitable for initialization.
I20260910 06:19:31.659580 0x1fa65e140 incremental_pipeline.cc:791] Discarding reconstruction due to bad initial pair
I20260910 06:19:31.660455 0x1fa65e140 incremental_pipeline.cc:487] => Provided pair is unsuitable for initialization.
I20260910 06:19:31.660458 0x1fa65e140 incremental_pipeline.cc:791] Discarding reconstruction due to bad initial pair
I20260910 06:19:31.661959 0x1fa65e140 incremental_pipeline.cc:487] => Provided pair is unsuitable for initialization.
I20260910 06:19:31.661962 0x1fa65e140 incremental_pipeline.cc:791] Discarding reconstruction due to bad initial pair
I20260910 06:19:31.664300 0x1fa65e140 incremental_pipeline.cc:487] => Provided pair is unsuitable for initialization.
I20260910 06:19:31.664302 0x1fa65e140 incremental_pipeline.cc:791] Discarding reconstruction due to bad initial pair
I20260910 06:19:31.665311 0x1fa65e140 incremental_pipeline.cc:487] => Provided pair is unsuitable for initialization.
I20260910 06:19:31.665313 0x1fa65e140 incremental_pipeline.cc:791] Discarding reconstruction due to bad initial pair
I20260910 06:19:31.666886 0x1fa65e140 incremental_pipeline.cc:487] => Provided pair is unsuitable for initialization.
I20260910 06:19:31.666888 0x1fa65e140 incremental_pipeline.cc:791] Discarding reconstruction due to bad initial pair
I20260910 06:19:31.668452 0x1fa65e140 incremental_pipeline.cc:487] => Provided pair is unsuitable for initialization.
I20260910 06:19:31.668457 0x1fa65e140 incremental_pipeline.cc:791] Discarding reconstruction due to bad initial pair
I20260910 06:19:31.669417 0x1fa65e140 incremental_pipeline.cc:487] => Provided pair is unsuitable for initialization.
I20260910 06:19:31.669419 0x1fa65e140 incremental_pipeline.cc:791] Discarding reconstruction due to bad initial pair
I20260910 06:19:31.671003 0x1fa65e140 incremental_pipeline.cc:487] => Provided pair is unsuitable for initialization.
I20260910 06:19:31.671006 0x1fa65e140 incremental_pipeline.cc:791] Discarding reconstruction due to bad initial pair
I20260910 06:19:31.672635 0x1fa65e140 incremental_pipeline.cc:487] => Provided pair is unsuitable for initialization.
I20260910 06:19:31.672638 0x1fa65e140 incremental_pipeline.cc:791] Discarding reconstruction due to bad initial pair
I20260910 06:19:31.675169 0x1fa65e140 incremental_pipeline.cc:487] => Provided pair is unsuitable for initialization.
I20260910 06:19:31.675171 0x1fa65e140 incremental_pipeline.cc:791] Discarding reconstruction due to bad initial pair
I20260910 06:19:31.676066 0x1fa65e140 incremental_pipeline.cc:487] => Provided pair is unsuitable for initialization.
I20260910 06:19:31.676068 0x1fa65e140 incremental_pipeline.cc:791] Discarding reconstruction due to bad initial pair
I20260910 06:19:31.676971 0x1fa65e140 incremental_pipeline.cc:487] => Provided pair is unsuitable for initialization.
I20260910 06:19:31.676974 0x1fa65e140 incremental_pipeline.cc:791] Discarding reconstruction due to bad initial pair
I20260910 06:19:31.678474 0x1fa65e140 incremental_pipeline.cc:487] => Provided pair is unsuitable for initialization.
I20260910 06:19:31.678476 0x1fa65e140 incremental_pipeline.cc:791] Discarding reconstruction due to bad initial pair
I20260910 06:19:31.679924 0x1fa65e140 incremental_pipeline.cc:487] => Provided pair is unsuitable for initialization.
I20260910 06:19:31.679926 0x1fa65e140 incremental_pipeline.cc:791] Discarding reconstruction due to bad initial pair
I20260910 06:19:31.681488 0x1fa65e140 incremental_pipeline.cc:487] => Provided pair is unsuitable for initialization.
I20260910 06:19:31.681491 0x1fa65e140 incremental_pipeline.cc:791] Discarding reconstruction due to bad initial pair
I20260910 06:19:31.683052 0x1fa65e140 incremental_pipeline.cc:487] => Provided pair is unsuitable for initialization.
I20260910 06:19:31.683055 0x1fa65e140 incremental_pipeline.cc:791] Discarding reconstruction due to bad initial pair
I20260910 06:19:31.684049 0x1fa65e140 incremental_pipeline.cc:487] => Provided pair is unsuitable for initialization.
I20260910 06:19:31.684051 0x1fa65e140 incremental_pipeline.cc:791] Discarding reconstruction due to bad initial pair
I20260910 06:19:31.685590 0x1fa65e140 incremental_pipeline.cc:487] => Provided pair is unsuitable for initialization.
I20260910 06:19:31.685592 0x1fa65e140 incremental_pipeline.cc:791] Discarding reconstruction due to bad initial pair
I20260910 06:19:31.687312 0x1fa65e140 incremental_pipeline.cc:487] => Provided pair is unsuitable for initialization.
I20260910 06:19:31.687316 0x1fa65e140 incremental_pipeline.cc:791] Discarding reconstruction due to bad initial pair
I20260910 06:19:31.688806 0x1fa65e140 incremental_pipeline.cc:487] => Provided pair is unsuitable for initialization.
I20260910 06:19:31.688811 0x1fa65e140 incremental_pipeline.cc:791] Discarding reconstruction due to bad initial pair
I20260910 06:19:31.690293 0x1fa65e140 incremental_pipeline.cc:487] => Provided pair is unsuitable for initialization.
I20260910 06:19:31.690296 0x1fa65e140 incremental_pipeline.cc:791] Discarding reconstruction due to bad initial pair
I20260910 06:19:31.691818 0x1fa65e140 incremental_pipeline.cc:487] => Provided pair is unsuitable for initialization.
I20260910 06:19:31.691820 0x1fa65e140 incremental_pipeline.cc:791] Discarding reconstruction due to bad initial pair
I20260910 06:19:31.692745 0x1fa65e140 incremental_pipeline.cc:487] => Provided pair is unsuitable for initialization.
I20260910 06:19:31.692747 0x1fa65e140 incremental_pipeline.cc:791] Discarding reconstruction due to bad initial pair
I20260910 06:19:31.694430 0x1fa65e140 incremental_pipeline.cc:487] => Provided pair is unsuitable for initialization.
I20260910 06:19:31.694433 0x1fa65e140 incremental_pipeline.cc:791] Discarding reconstruction due to bad initial pair
I20260910 06:19:31.695686 0x1fa65e140 incremental_pipeline.cc:487] => Provided pair is unsuitable for initialization.
I20260910 06:19:31.695688 0x1fa65e140 incremental_pipeline.cc:791] Discarding reconstruction due to bad initial pair
I20260910 06:19:31.696613 0x1fa65e140 incremental_pipeline.cc:487] => Provided pair is unsuitable for initialization.
I20260910 06:19:31.696615 0x1fa65e140 incremental_pipeline.cc:791] Discarding reconstruction due to bad initial pair
I20260910 06:19:31.696618 0x1fa65e140 incremental_pipeline.cc:429] => Relaxing the initialization constraints.
I20260910 06:19:31.697884 0x1fa65e140 incremental_pipeline.cc:487] => Provided pair is unsuitable for initialization.
I20260910 06:19:31.697886 0x1fa65e140 incremental_pipeline.cc:791] Discarding reconstruction due to bad initial pair
I20260910 06:19:31.699092 0x1fa65e140 incremental_pipeline.cc:487] => Provided pair is unsuitable for initialization.
I20260910 06:19:31.699094 0x1fa65e140 incremental_pipeline.cc:791] Discarding reconstruction due to bad initial pair
I20260910 06:19:31.699968 0x1fa65e140 incremental_pipeline.cc:487] => Provided pair is unsuitable for initialization.
I20260910 06:19:31.699971 0x1fa65e140 incremental_pipeline.cc:791] Discarding reconstruction due to bad initial pair
I20260910 06:19:31.701013 0x1fa65e140 incremental_pipeline.cc:487] => Provided pair is unsuitable for initialization.
I20260910 06:19:31.701016 0x1fa65e140 incremental_pipeline.cc:791] Discarding reconstruction due to bad initial pair
I20260910 06:19:31.702522 0x1fa65e140 incremental_pipeline.cc:487] => Provided pair is unsuitable for initialization.
I20260910 06:19:31.702525 0x1fa65e140 incremental_pipeline.cc:791] Discarding reconstruction due to bad initial pair
I20260910 06:19:31.703436 0x1fa65e140 incremental_pipeline.cc:487] => Provided pair is unsuitable for initialization.
I20260910 06:19:31.703439 0x1fa65e140 incremental_pipeline.cc:791] Discarding reconstruction due to bad initial pair
I20260910 06:19:31.704362 0x1fa65e140 incremental_pipeline.cc:487] => Provided pair is unsuitable for initialization.
I20260910 06:19:31.704365 0x1fa65e140 incremental_pipeline.cc:791] Discarding reconstruction due to bad initial pair
I20260910 06:19:31.706133 0x1fa65e140 incremental_pipeline.cc:487] => Provided pair is unsuitable for initialization.
I20260910 06:19:31.706135 0x1fa65e140 incremental_pipeline.cc:791] Discarding reconstruction due to bad initial pair
I20260910 06:19:31.707169 0x1fa65e140 incremental_pipeline.cc:487] => Provided pair is unsuitable for initialization.
I20260910 06:19:31.707172 0x1fa65e140 incremental_pipeline.cc:791] Discarding reconstruction due to bad initial pair
I20260910 06:19:31.708200 0x1fa65e140 incremental_pipeline.cc:487] => Provided pair is unsuitable for initialization.
I20260910 06:19:31.708202 0x1fa65e140 incremental_pipeline.cc:791] Discarding reconstruction due to bad initial pair
I20260910 06:19:31.709135 0x1fa65e140 incremental_pipeline.cc:487] => Provided pair is unsuitable for initialization.
I20260910 06:19:31.709137 0x1fa65e140 incremental_pipeline.cc:791] Discarding reconstruction due to bad initial pair
I20260910 06:19:31.709969 0x1fa65e140 incremental_pipeline.cc:487] => Provided pair is unsuitable for initialization.
I20260910 06:19:31.709972 0x1fa65e140 incremental_pipeline.cc:791] Discarding reconstruction due to bad initial pair
I20260910 06:19:31.711690 0x1fa65e140 incremental_pipeline.cc:487] => Provided pair is unsuitable for initialization.
I20260910 06:19:31.711693 0x1fa65e140 incremental_pipeline.cc:791] Discarding reconstruction due to bad initial pair
I20260910 06:19:31.713402 0x1fa65e140 incremental_pipeline.cc:487] => Provided pair is unsuitable for initialization.
I20260910 06:19:31.713404 0x1fa65e140 incremental_pipeline.cc:791] Discarding reconstruction due to bad initial pair
I20260910 06:19:31.715816 0x1fa65e140 incremental_pipeline.cc:487] => Provided pair is unsuitable for initialization.
I20260910 06:19:31.715818 0x1fa65e140 incremental_pipeline.cc:791] Discarding reconstruction due to bad initial pair
I20260910 06:19:31.717381 0x1fa65e140 incremental_pipeline.cc:487] => Provided pair is unsuitable for initialization.
I20260910 06:19:31.717384 0x1fa65e140 incremental_pipeline.cc:791] Discarding reconstruction due to bad initial pair
I20260910 06:19:31.718872 0x1fa65e140 incremental_pipeline.cc:487] => Provided pair is unsuitable for initialization.
I20260910 06:19:31.718874 0x1fa65e140 incremental_pipeline.cc:791] Discarding reconstruction due to bad initial pair
I20260910 06:19:31.720262 0x1fa65e140 incremental_pipeline.cc:487] => Provided pair is unsuitable for initialization.
I20260910 06:19:31.720264 0x1fa65e140 incremental_pipeline.cc:791] Discarding reconstruction due to bad initial pair
I20260910 06:19:31.721738 0x1fa65e140 incremental_pipeline.cc:487] => Provided pair is unsuitable for initialization.
I20260910 06:19:31.721740 0x1fa65e140 incremental_pipeline.cc:791] Discarding reconstruction due to bad initial pair
I20260910 06:19:31.722667 0x1fa65e140 incremental_pipeline.cc:487] => Provided pair is unsuitable for initialization.
I20260910 06:19:31.722670 0x1fa65e140 incremental_pipeline.cc:791] Discarding reconstruction due to bad initial pair
I20260910 06:19:31.723620 0x1fa65e140 incremental_pipeline.cc:487] => Provided pair is unsuitable for initialization.
I20260910 06:19:31.723622 0x1fa65e140 incremental_pipeline.cc:791] Discarding reconstruction due to bad initial pair
I20260910 06:19:31.724817 0x1fa65e140 incremental_pipeline.cc:487] => Provided pair is unsuitable for initialization.
I20260910 06:19:31.724819 0x1fa65e140 incremental_pipeline.cc:791] Discarding reconstruction due to bad initial pair
I20260910 06:19:31.726098 0x1fa65e140 incremental_pipeline.cc:487] => Provided pair is unsuitable for initialization.
I20260910 06:19:31.726101 0x1fa65e140 incremental_pipeline.cc:791] Discarding reconstruction due to bad initial pair
I20260910 06:19:31.727664 0x1fa65e140 incremental_pipeline.cc:487] => Provided pair is unsuitable for initialization.
I20260910 06:19:31.727666 0x1fa65e140 incremental_pipeline.cc:791] Discarding reconstruction due to bad initial pair
I20260910 06:19:31.729238 0x1fa65e140 incremental_pipeline.cc:487] => Provided pair is unsuitable for initialization.
I20260910 06:19:31.729241 0x1fa65e140 incremental_pipeline.cc:791] Discarding reconstruction due to bad initial pair
I20260910 06:19:31.730282 0x1fa65e140 incremental_pipeline.cc:487] => Provided pair is unsuitable for initialization.
I20260910 06:19:31.730284 0x1fa65e140 incremental_pipeline.cc:791] Discarding reconstruction due to bad initial pair
I20260910 06:19:31.731258 0x1fa65e140 incremental_pipeline.cc:487] => Provided pair is unsuitable for initialization.
I20260910 06:19:31.731260 0x1fa65e140 incremental_pipeline.cc:791] Discarding reconstruction due to bad initial pair
I20260910 06:19:31.732421 0x1fa65e140 incremental_pipeline.cc:487] => Provided pair is unsuitable for initialization.
I20260910 06:19:31.732423 0x1fa65e140 incremental_pipeline.cc:791] Discarding reconstruction due to bad initial pair
I20260910 06:19:31.733317 0x1fa65e140 incremental_pipeline.cc:487] => Provided pair is unsuitable for initialization.
I20260910 06:19:31.733320 0x1fa65e140 incremental_pipeline.cc:791] Discarding reconstruction due to bad initial pair
I20260910 06:19:31.734213 0x1fa65e140 incremental_pipeline.cc:487] => Provided pair is unsuitable for initialization.
I20260910 06:19:31.734215 0x1fa65e140 incremental_pipeline.cc:791] Discarding reconstruction due to bad initial pair
I20260910 06:19:31.735293 0x1fa65e140 incremental_pipeline.cc:487] => Provided pair is unsuitable for initialization.
I20260910 06:19:31.735295 0x1fa65e140 incremental_pipeline.cc:791] Discarding reconstruction due to bad initial pair
I20260910 06:19:31.736830 0x1fa65e140 incremental_pipeline.cc:487] => Provided pair is unsuitable for initialization.
I20260910 06:19:31.736832 0x1fa65e140 incremental_pipeline.cc:791] Discarding reconstruction due to bad initial pair
I20260910 06:19:31.738362 0x1fa65e140 incremental_pipeline.cc:487] => Provided pair is unsuitable for initialization.
I20260910 06:19:31.738364 0x1fa65e140 incremental_pipeline.cc:791] Discarding reconstruction due to bad initial pair
I20260910 06:19:31.739284 0x1fa65e140 incremental_pipeline.cc:487] => Provided pair is unsuitable for initialization.
I20260910 06:19:31.739287 0x1fa65e140 incremental_pipeline.cc:791] Discarding reconstruction due to bad initial pair
I20260910 06:19:31.740417 0x1fa65e140 incremental_pipeline.cc:487] => Provided pair is unsuitable for initialization.
I20260910 06:19:31.740420 0x1fa65e140 incremental_pipeline.cc:791] Discarding reconstruction due to bad initial pair
I20260910 06:19:31.741918 0x1fa65e140 incremental_pipeline.cc:487] => Provided pair is unsuitable for initialization.
I20260910 06:19:31.741921 0x1fa65e140 incremental_pipeline.cc:791] Discarding reconstruction due to bad initial pair
I20260910 06:19:31.743451 0x1fa65e140 incremental_pipeline.cc:487] => Provided pair is unsuitable for initialization.
I20260910 06:19:31.743454 0x1fa65e140 incremental_pipeline.cc:791] Discarding reconstruction due to bad initial pair
I20260910 06:19:31.745015 0x1fa65e140 incremental_pipeline.cc:487] => Provided pair is unsuitable for initialization.
I20260910 06:19:31.745018 0x1fa65e140 incremental_pipeline.cc:791] Discarding reconstruction due to bad initial pair
I20260910 06:19:31.746070 0x1fa65e140 incremental_pipeline.cc:487] => Provided pair is unsuitable for initialization.
I20260910 06:19:31.746077 0x1fa65e140 incremental_pipeline.cc:791] Discarding reconstruction due to bad initial pair
I20260910 06:19:31.747159 0x1fa65e140 incremental_pipeline.cc:487] => Provided pair is unsuitable for initialization.
I20260910 06:19:31.747161 0x1fa65e140 incremental_pipeline.cc:791] Discarding reconstruction due to bad initial pair
I20260910 06:19:31.748704 0x1fa65e140 incremental_pipeline.cc:487] => Provided pair is unsuitable for initialization.
I20260910 06:19:31.748706 0x1fa65e140 incremental_pipeline.cc:791] Discarding reconstruction due to bad initial pair
I20260910 06:19:31.750227 0x1fa65e140 incremental_pipeline.cc:487] => Provided pair is unsuitable for initialization.
I20260910 06:19:31.750229 0x1fa65e140 incremental_pipeline.cc:791] Discarding reconstruction due to bad initial pair
I20260910 06:19:31.751369 0x1fa65e140 incremental_pipeline.cc:487] => Provided pair is unsuitable for initialization.
I20260910 06:19:31.751371 0x1fa65e140 incremental_pipeline.cc:791] Discarding reconstruction due to bad initial pair
I20260910 06:19:31.752243 0x1fa65e140 incremental_pipeline.cc:487] => Provided pair is unsuitable for initialization.
I20260910 06:19:31.752247 0x1fa65e140 incremental_pipeline.cc:791] Discarding reconstruction due to bad initial pair
I20260910 06:19:31.753746 0x1fa65e140 incremental_pipeline.cc:487] => Provided pair is unsuitable for initialization.
I20260910 06:19:31.753750 0x1fa65e140 incremental_pipeline.cc:791] Discarding reconstruction due to bad initial pair
I20260910 06:19:31.754850 0x1fa65e140 incremental_pipeline.cc:487] => Provided pair is unsuitable for initialization.
I20260910 06:19:31.754853 0x1fa65e140 incremental_pipeline.cc:791] Discarding reconstruction due to bad initial pair
I20260910 06:19:31.756105 0x1fa65e140 incremental_pipeline.cc:487] => Provided pair is unsuitable for initialization.
I20260910 06:19:31.756108 0x1fa65e140 incremental_pipeline.cc:791] Discarding reconstruction due to bad initial pair
I20260910 06:19:31.757184 0x1fa65e140 incremental_pipeline.cc:487] => Provided pair is unsuitable for initialization.
I20260910 06:19:31.757187 0x1fa65e140 incremental_pipeline.cc:791] Discarding reconstruction due to bad initial pair
I20260910 06:19:31.758881 0x1fa65e140 incremental_pipeline.cc:487] => Provided pair is unsuitable for initialization.
I20260910 06:19:31.758883 0x1fa65e140 incremental_pipeline.cc:791] Discarding reconstruction due to bad initial pair
I20260910 06:19:31.759788 0x1fa65e140 incremental_pipeline.cc:487] => Provided pair is unsuitable for initialization.
I20260910 06:19:31.759790 0x1fa65e140 incremental_pipeline.cc:791] Discarding reconstruction due to bad initial pair
I20260910 06:19:31.761332 0x1fa65e140 incremental_pipeline.cc:487] => Provided pair is unsuitable for initialization.
I20260910 06:19:31.761334 0x1fa65e140 incremental_pipeline.cc:791] Discarding reconstruction due to bad initial pair
I20260910 06:19:31.762836 0x1fa65e140 incremental_pipeline.cc:487] => Provided pair is unsuitable for initialization.
I20260910 06:19:31.762838 0x1fa65e140 incremental_pipeline.cc:791] Discarding reconstruction due to bad initial pair
I20260910 06:19:31.763781 0x1fa65e140 incremental_pipeline.cc:487] => Provided pair is unsuitable for initialization.
I20260910 06:19:31.763783 0x1fa65e140 incremental_pipeline.cc:791] Discarding reconstruction due to bad initial pair
I20260910 06:19:31.764759 0x1fa65e140 incremental_pipeline.cc:487] => Provided pair is unsuitable for initialization.
I20260910 06:19:31.764762 0x1fa65e140 incremental_pipeline.cc:791] Discarding reconstruction due to bad initial pair
I20260910 06:19:31.765695 0x1fa65e140 incremental_pipeline.cc:487] => Provided pair is unsuitable for initialization.
I20260910 06:19:31.765698 0x1fa65e140 incremental_pipeline.cc:791] Discarding reconstruction due to bad initial pair
I20260910 06:19:31.767388 0x1fa65e140 incremental_pipeline.cc:487] => Provided pair is unsuitable for initialization.
I20260910 06:19:31.767390 0x1fa65e140 incremental_pipeline.cc:791] Discarding reconstruction due to bad initial pair
I20260910 06:19:31.768507 0x1fa65e140 incremental_pipeline.cc:487] => Provided pair is unsuitable for initialization.
I20260910 06:19:31.768510 0x1fa65e140 incremental_pipeline.cc:791] Discarding reconstruction due to bad initial pair
I20260910 06:19:31.769440 0x1fa65e140 incremental_pipeline.cc:487] => Provided pair is unsuitable for initialization.
I20260910 06:19:31.769443 0x1fa65e140 incremental_pipeline.cc:791] Discarding reconstruction due to bad initial pair
I20260910 06:19:31.770379 0x1fa65e140 incremental_pipeline.cc:487] => Provided pair is unsuitable for initialization.
I20260910 06:19:31.770382 0x1fa65e140 incremental_pipeline.cc:791] Discarding reconstruction due to bad initial pair
I20260910 06:19:31.771915 0x1fa65e140 incremental_pipeline.cc:487] => Provided pair is unsuitable for initialization.
I20260910 06:19:31.771918 0x1fa65e140 incremental_pipeline.cc:791] Discarding reconstruction due to bad initial pair
I20260910 06:19:31.772842 0x1fa65e140 incremental_pipeline.cc:487] => Provided pair is unsuitable for initialization.
I20260910 06:19:31.772845 0x1fa65e140 incremental_pipeline.cc:791] Discarding reconstruction due to bad initial pair
I20260910 06:19:31.773801 0x1fa65e140 incremental_pipeline.cc:487] => Provided pair is unsuitable for initialization.
I20260910 06:19:31.773804 0x1fa65e140 incremental_pipeline.cc:791] Discarding reconstruction due to bad initial pair
I20260910 06:19:31.774769 0x1fa65e140 incremental_pipeline.cc:487] => Provided pair is unsuitable for initialization.
I20260910 06:19:31.774771 0x1fa65e140 incremental_pipeline.cc:791] Discarding reconstruction due to bad initial pair
I20260910 06:19:31.776203 0x1fa65e140 incremental_pipeline.cc:487] => Provided pair is unsuitable for initialization.
I20260910 06:19:31.776206 0x1fa65e140 incremental_pipeline.cc:791] Discarding reconstruction due to bad initial pair
I20260910 06:19:31.777388 0x1fa65e140 incremental_pipeline.cc:487] => Provided pair is unsuitable for initialization.
I20260910 06:19:31.777390 0x1fa65e140 incremental_pipeline.cc:791] Discarding reconstruction due to bad initial pair
I20260910 06:19:31.778948 0x1fa65e140 incremental_pipeline.cc:487] => Provided pair is unsuitable for initialization.
I20260910 06:19:31.778953 0x1fa65e140 incremental_pipeline.cc:791] Discarding reconstruction due to bad initial pair
I20260910 06:19:31.779783 0x1fa65e140 incremental_pipeline.cc:487] => Provided pair is unsuitable for initialization.
I20260910 06:19:31.779786 0x1fa65e140 incremental_pipeline.cc:791] Discarding reconstruction due to bad initial pair
I20260910 06:19:31.781285 0x1fa65e140 incremental_pipeline.cc:487] => Provided pair is unsuitable for initialization.
I20260910 06:19:31.781287 0x1fa65e140 incremental_pipeline.cc:791] Discarding reconstruction due to bad initial pair
I20260910 06:19:31.782350 0x1fa65e140 incremental_pipeline.cc:487] => Provided pair is unsuitable for initialization.
I20260910 06:19:31.782353 0x1fa65e140 incremental_pipeline.cc:791] Discarding reconstruction due to bad initial pair
I20260910 06:19:31.783240 0x1fa65e140 incremental_pipeline.cc:487] => Provided pair is unsuitable for initialization.
I20260910 06:19:31.783243 0x1fa65e140 incremental_pipeline.cc:791] Discarding reconstruction due to bad initial pair
I20260910 06:19:31.784952 0x1fa65e140 incremental_pipeline.cc:487] => Provided pair is unsuitable for initialization.
I20260910 06:19:31.784955 0x1fa65e140 incremental_pipeline.cc:791] Discarding reconstruction due to bad initial pair
I20260910 06:19:31.786242 0x1fa65e140 incremental_pipeline.cc:487] => Provided pair is unsuitable for initialization.
I20260910 06:19:31.786245 0x1fa65e140 incremental_pipeline.cc:791] Discarding reconstruction due to bad initial pair
I20260910 06:19:31.787734 0x1fa65e140 incremental_pipeline.cc:487] => Provided pair is unsuitable for initialization.
I20260910 06:19:31.787737 0x1fa65e140 incremental_pipeline.cc:791] Discarding reconstruction due to bad initial pair
I20260910 06:19:31.788658 0x1fa65e140 incremental_pipeline.cc:487] => Provided pair is unsuitable for initialization.
I20260910 06:19:31.788667 0x1fa65e140 incremental_pipeline.cc:791] Discarding reconstruction due to bad initial pair
I20260910 06:19:31.789773 0x1fa65e140 incremental_pipeline.cc:487] => Provided pair is unsuitable for initialization.
I20260910 06:19:31.789775 0x1fa65e140 incremental_pipeline.cc:791] Discarding reconstruction due to bad initial pair
I20260910 06:19:31.790755 0x1fa65e140 incremental_pipeline.cc:487] => Provided pair is unsuitable for initialization.
I20260910 06:19:31.790756 0x1fa65e140 incremental_pipeline.cc:791] Discarding reconstruction due to bad initial pair
I20260910 06:19:31.792286 0x1fa65e140 incremental_pipeline.cc:487] => Provided pair is unsuitable for initialization.
I20260910 06:19:31.792289 0x1fa65e140 incremental_pipeline.cc:791] Discarding reconstruction due to bad initial pair
I20260910 06:19:31.793807 0x1fa65e140 incremental_pipeline.cc:487] => Provided pair is unsuitable for initialization.
I20260910 06:19:31.793810 0x1fa65e140 incremental_pipeline.cc:791] Discarding reconstruction due to bad initial pair
I20260910 06:19:31.795560 0x1fa65e140 incremental_pipeline.cc:487] => Provided pair is unsuitable for initialization.
I20260910 06:19:31.795562 0x1fa65e140 incremental_pipeline.cc:791] Discarding reconstruction due to bad initial pair
I20260910 06:19:31.796446 0x1fa65e140 incremental_pipeline.cc:487] => Provided pair is unsuitable for initialization.
I20260910 06:19:31.796448 0x1fa65e140 incremental_pipeline.cc:791] Discarding reconstruction due to bad initial pair
I20260910 06:19:31.797675 0x1fa65e140 incremental_pipeline.cc:487] => Provided pair is unsuitable for initialization.
I20260910 06:19:31.797677 0x1fa65e140 incremental_pipeline.cc:791] Discarding reconstruction due to bad initial pair
I20260910 06:19:31.798612 0x1fa65e140 incremental_pipeline.cc:487] => Provided pair is unsuitable for initialization.
I20260910 06:19:31.798614 0x1fa65e140 incremental_pipeline.cc:791] Discarding reconstruction due to bad initial pair
I20260910 06:19:31.799585 0x1fa65e140 incremental_pipeline.cc:487] => Provided pair is unsuitable for initialization.
I20260910 06:19:31.799588 0x1fa65e140 incremental_pipeline.cc:791] Discarding reconstruction due to bad initial pair
I20260910 06:19:31.800724 0x1fa65e140 incremental_pipeline.cc:487] => Provided pair is unsuitable for initialization.
I20260910 06:19:31.800727 0x1fa65e140 incremental_pipeline.cc:791] Discarding reconstruction due to bad initial pair
I20260910 06:19:31.801808 0x1fa65e140 incremental_pipeline.cc:487] => Provided pair is unsuitable for initialization.
I20260910 06:19:31.801811 0x1fa65e140 incremental_pipeline.cc:791] Discarding reconstruction due to bad initial pair
I20260910 06:19:31.803505 0x1fa65e140 incremental_pipeline.cc:487] => Provided pair is unsuitable for initialization.
I20260910 06:19:31.803508 0x1fa65e140 incremental_pipeline.cc:791] Discarding reconstruction due to bad initial pair
I20260910 06:19:31.805042 0x1fa65e140 incremental_pipeline.cc:487] => Provided pair is unsuitable for initialization.
I20260910 06:19:31.805044 0x1fa65e140 incremental_pipeline.cc:791] Discarding reconstruction due to bad initial pair
I20260910 06:19:31.806000 0x1fa65e140 incremental_pipeline.cc:487] => Provided pair is unsuitable for initialization.
I20260910 06:19:31.806002 0x1fa65e140 incremental_pipeline.cc:791] Discarding reconstruction due to bad initial pair
I20260910 06:19:31.807469 0x1fa65e140 incremental_pipeline.cc:487] => Provided pair is unsuitable for initialization.
I20260910 06:19:31.807472 0x1fa65e140 incremental_pipeline.cc:791] Discarding reconstruction due to bad initial pair
I20260910 06:19:31.808379 0x1fa65e140 incremental_pipeline.cc:487] => Provided pair is unsuitable for initialization.
I20260910 06:19:31.808381 0x1fa65e140 incremental_pipeline.cc:791] Discarding reconstruction due to bad initial pair
I20260910 06:19:31.809888 0x1fa65e140 incremental_pipeline.cc:487] => Provided pair is unsuitable for initialization.
I20260910 06:19:31.809891 0x1fa65e140 incremental_pipeline.cc:791] Discarding reconstruction due to bad initial pair
I20260910 06:19:31.811446 0x1fa65e140 incremental_pipeline.cc:487] => Provided pair is unsuitable for initialization.
I20260910 06:19:31.811449 0x1fa65e140 incremental_pipeline.cc:791] Discarding reconstruction due to bad initial pair
I20260910 06:19:31.813052 0x1fa65e140 incremental_pipeline.cc:487] => Provided pair is unsuitable for initialization.
I20260910 06:19:31.813054 0x1fa65e140 incremental_pipeline.cc:791] Discarding reconstruction due to bad initial pair
I20260910 06:19:31.813890 0x1fa65e140 incremental_pipeline.cc:487] => Provided pair is unsuitable for initialization.
I20260910 06:19:31.813892 0x1fa65e140 incremental_pipeline.cc:791] Discarding reconstruction due to bad initial pair
I20260910 06:19:31.815484 0x1fa65e140 incremental_pipeline.cc:487] => Provided pair is unsuitable for initialization.
I20260910 06:19:31.815487 0x1fa65e140 incremental_pipeline.cc:791] Discarding reconstruction due to bad initial pair
I20260910 06:19:31.816470 0x1fa65e140 incremental_pipeline.cc:487] => Provided pair is unsuitable for initialization.
I20260910 06:19:31.816473 0x1fa65e140 incremental_pipeline.cc:791] Discarding reconstruction due to bad initial pair
I20260910 06:19:31.817503 0x1fa65e140 incremental_pipeline.cc:487] => Provided pair is unsuitable for initialization.
I20260910 06:19:31.817505 0x1fa65e140 incremental_pipeline.cc:791] Discarding reconstruction due to bad initial pair
I20260910 06:19:31.818568 0x1fa65e140 incremental_pipeline.cc:487] => Provided pair is unsuitable for initialization.
I20260910 06:19:31.818571 0x1fa65e140 incremental_pipeline.cc:791] Discarding reconstruction due to bad initial pair
I20260910 06:19:31.819745 0x1fa65e140 incremental_pipeline.cc:487] => Provided pair is unsuitable for initialization.
I20260910 06:19:31.819747 0x1fa65e140 incremental_pipeline.cc:791] Discarding reconstruction due to bad initial pair
I20260910 06:19:31.820685 0x1fa65e140 incremental_pipeline.cc:487] => Provided pair is unsuitable for initialization.
I20260910 06:19:31.820688 0x1fa65e140 incremental_pipeline.cc:791] Discarding reconstruction due to bad initial pair
I20260910 06:19:31.822402 0x1fa65e140 incremental_pipeline.cc:487] => Provided pair is unsuitable for initialization.
I20260910 06:19:31.822404 0x1fa65e140 incremental_pipeline.cc:791] Discarding reconstruction due to bad initial pair
I20260910 06:19:31.823318 0x1fa65e140 incremental_pipeline.cc:487] => Provided pair is unsuitable for initialization.
I20260910 06:19:31.823320 0x1fa65e140 incremental_pipeline.cc:791] Discarding reconstruction due to bad initial pair
I20260910 06:19:31.824799 0x1fa65e140 incremental_pipeline.cc:487] => Provided pair is unsuitable for initialization.
I20260910 06:19:31.824801 0x1fa65e140 incremental_pipeline.cc:791] Discarding reconstruction due to bad initial pair
I20260910 06:19:31.825643 0x1fa65e140 incremental_pipeline.cc:487] => Provided pair is unsuitable for initialization.
I20260910 06:19:31.825645 0x1fa65e140 incremental_pipeline.cc:791] Discarding reconstruction due to bad initial pair
I20260910 06:19:31.827148 0x1fa65e140 incremental_pipeline.cc:487] => Provided pair is unsuitable for initialization.
I20260910 06:19:31.827150 0x1fa65e140 incremental_pipeline.cc:791] Discarding reconstruction due to bad initial pair
I20260910 06:19:31.828080 0x1fa65e140 incremental_pipeline.cc:487] => Provided pair is unsuitable for initialization.
I20260910 06:19:31.828082 0x1fa65e140 incremental_pipeline.cc:791] Discarding reconstruction due to bad initial pair
I20260910 06:19:31.829910 0x1fa65e140 incremental_pipeline.cc:487] => Provided pair is unsuitable for initialization.
I20260910 06:19:31.829913 0x1fa65e140 incremental_pipeline.cc:791] Discarding reconstruction due to bad initial pair
I20260910 06:19:31.831282 0x1fa65e140 incremental_pipeline.cc:487] => Provided pair is unsuitable for initialization.
I20260910 06:19:31.831285 0x1fa65e140 incremental_pipeline.cc:791] Discarding reconstruction due to bad initial pair
I20260910 06:19:31.832189 0x1fa65e140 incremental_pipeline.cc:487] => Provided pair is unsuitable for initialization.
I20260910 06:19:31.832196 0x1fa65e140 incremental_pipeline.cc:791] Discarding reconstruction due to bad initial pair
I20260910 06:19:31.833701 0x1fa65e140 incremental_pipeline.cc:487] => Provided pair is unsuitable for initialization.
I20260910 06:19:31.833704 0x1fa65e140 incremental_pipeline.cc:791] Discarding reconstruction due to bad initial pair
I20260910 06:19:31.835964 0x1fa65e140 incremental_pipeline.cc:487] => Provided pair is unsuitable for initialization.
I20260910 06:19:31.835967 0x1fa65e140 incremental_pipeline.cc:791] Discarding reconstruction due to bad initial pair
I20260910 06:19:31.837490 0x1fa65e140 incremental_pipeline.cc:487] => Provided pair is unsuitable for initialization.
I20260910 06:19:31.837494 0x1fa65e140 incremental_pipeline.cc:791] Discarding reconstruction due to bad initial pair
I20260910 06:19:31.839041 0x1fa65e140 incremental_pipeline.cc:487] => Provided pair is unsuitable for initialization.
I20260910 06:19:31.839043 0x1fa65e140 incremental_pipeline.cc:791] Discarding reconstruction due to bad initial pair
I20260910 06:19:31.840807 0x1fa65e140 incremental_pipeline.cc:487] => Provided pair is unsuitable for initialization.
I20260910 06:19:31.840809 0x1fa65e140 incremental_pipeline.cc:791] Discarding reconstruction due to bad initial pair
I20260910 06:19:31.841793 0x1fa65e140 incremental_pipeline.cc:487] => Provided pair is unsuitable for initialization.
I20260910 06:19:31.841795 0x1fa65e140 incremental_pipeline.cc:791] Discarding reconstruction due to bad initial pair
I20260910 06:19:31.842732 0x1fa65e140 incremental_pipeline.cc:487] => Provided pair is unsuitable for initialization.
I20260910 06:19:31.842734 0x1fa65e140 incremental_pipeline.cc:791] Discarding reconstruction due to bad initial pair
I20260910 06:19:31.843689 0x1fa65e140 incremental_pipeline.cc:487] => Provided pair is unsuitable for initialization.
I20260910 06:19:31.843692 0x1fa65e140 incremental_pipeline.cc:791] Discarding reconstruction due to bad initial pair
I20260910 06:19:31.844635 0x1fa65e140 incremental_pipeline.cc:487] => Provided pair is unsuitable for initialization.
I20260910 06:19:31.844637 0x1fa65e140 incremental_pipeline.cc:791] Discarding reconstruction due to bad initial pair
I20260910 06:19:31.845603 0x1fa65e140 incremental_pipeline.cc:487] => Provided pair is unsuitable for initialization.
I20260910 06:19:31.845606 0x1fa65e140 incremental_pipeline.cc:791] Discarding reconstruction due to bad initial pair
I20260910 06:19:31.847124 0x1fa65e140 incremental_pipeline.cc:487] => Provided pair is unsuitable for initialization.
I20260910 06:19:31.847126 0x1fa65e140 incremental_pipeline.cc:791] Discarding reconstruction due to bad initial pair
I20260910 06:19:31.848136 0x1fa65e140 incremental_pipeline.cc:487] => Provided pair is unsuitable for initialization.
I20260910 06:19:31.848141 0x1fa65e140 incremental_pipeline.cc:791] Discarding reconstruction due to bad initial pair
I20260910 06:19:31.849708 0x1fa65e140 incremental_pipeline.cc:487] => Provided pair is unsuitable for initialization.
I20260910 06:19:31.849711 0x1fa65e140 incremental_pipeline.cc:791] Discarding reconstruction due to bad initial pair
I20260910 06:19:31.850921 0x1fa65e140 incremental_pipeline.cc:487] => Provided pair is unsuitable for initialization.
I20260910 06:19:31.850924 0x1fa65e140 incremental_pipeline.cc:791] Discarding reconstruction due to bad initial pair
I20260910 06:19:31.852426 0x1fa65e140 incremental_pipeline.cc:487] => Provided pair is unsuitable for initialization.
I20260910 06:19:31.852428 0x1fa65e140 incremental_pipeline.cc:791] Discarding reconstruction due to bad initial pair
I20260910 06:19:31.853338 0x1fa65e140 incremental_pipeline.cc:487] => Provided pair is unsuitable for initialization.
I20260910 06:19:31.853340 0x1fa65e140 incremental_pipeline.cc:791] Discarding reconstruction due to bad initial pair
I20260910 06:19:31.854888 0x1fa65e140 incremental_pipeline.cc:487] => Provided pair is unsuitable for initialization.
I20260910 06:19:31.854891 0x1fa65e140 incremental_pipeline.cc:791] Discarding reconstruction due to bad initial pair
I20260910 06:19:31.855910 0x1fa65e140 incremental_pipeline.cc:487] => Provided pair is unsuitable for initialization.
I20260910 06:19:31.855912 0x1fa65e140 incremental_pipeline.cc:791] Discarding reconstruction due to bad initial pair
I20260910 06:19:31.856832 0x1fa65e140 incremental_pipeline.cc:487] => Provided pair is unsuitable for initialization.
I20260910 06:19:31.856835 0x1fa65e140 incremental_pipeline.cc:791] Discarding reconstruction due to bad initial pair
I20260910 06:19:31.858675 0x1fa65e140 incremental_pipeline.cc:487] => Provided pair is unsuitable for initialization.
I20260910 06:19:31.858678 0x1fa65e140 incremental_pipeline.cc:791] Discarding reconstruction due to bad initial pair
I20260910 06:19:31.859591 0x1fa65e140 incremental_pipeline.cc:487] => Provided pair is unsuitable for initialization.
I20260910 06:19:31.859594 0x1fa65e140 incremental_pipeline.cc:791] Discarding reconstruction due to bad initial pair
I20260910 06:19:31.861307 0x1fa65e140 incremental_pipeline.cc:487] => Provided pair is unsuitable for initialization.
I20260910 06:19:31.861310 0x1fa65e140 incremental_pipeline.cc:791] Discarding reconstruction due to bad initial pair
I20260910 06:19:31.862846 0x1fa65e140 incremental_pipeline.cc:487] => Provided pair is unsuitable for initialization.
I20260910 06:19:31.862848 0x1fa65e140 incremental_pipeline.cc:791] Discarding reconstruction due to bad initial pair
I20260910 06:19:31.864369 0x1fa65e140 incremental_pipeline.cc:487] => Provided pair is unsuitable for initialization.
I20260910 06:19:31.864372 0x1fa65e140 incremental_pipeline.cc:791] Discarding reconstruction due to bad initial pair
I20260910 06:19:31.865515 0x1fa65e140 incremental_pipeline.cc:487] => Provided pair is unsuitable for initialization.
I20260910 06:19:31.865518 0x1fa65e140 incremental_pipeline.cc:791] Discarding reconstruction due to bad initial pair
I20260910 06:19:31.866366 0x1fa65e140 incremental_pipeline.cc:487] => Provided pair is unsuitable for initialization.
I20260910 06:19:31.866368 0x1fa65e140 incremental_pipeline.cc:791] Discarding reconstruction due to bad initial pair
I20260910 06:19:31.867505 0x1fa65e140 incremental_pipeline.cc:487] => Provided pair is unsuitable for initialization.
I20260910 06:19:31.867508 0x1fa65e140 incremental_pipeline.cc:791] Discarding reconstruction due to bad initial pair
I20260910 06:19:31.869087 0x1fa65e140 incremental_pipeline.cc:487] => Provided pair is unsuitable for initialization.
I20260910 06:19:31.869090 0x1fa65e140 incremental_pipeline.cc:791] Discarding reconstruction due to bad initial pair
I20260910 06:19:31.870055 0x1fa65e140 incremental_pipeline.cc:487] => Provided pair is unsuitable for initialization.
I20260910 06:19:31.870058 0x1fa65e140 incremental_pipeline.cc:791] Discarding reconstruction due to bad initial pair
I20260910 06:19:31.871623 0x1fa65e140 incremental_pipeline.cc:487] => Provided pair is unsuitable for initialization.
I20260910 06:19:31.871626 0x1fa65e140 incremental_pipeline.cc:791] Discarding reconstruction due to bad initial pair
I20260910 06:19:31.872768 0x1fa65e140 incremental_pipeline.cc:487] => Provided pair is unsuitable for initialization.
I20260910 06:19:31.872770 0x1fa65e140 incremental_pipeline.cc:791] Discarding reconstruction due to bad initial pair
I20260910 06:19:31.874273 0x1fa65e140 incremental_pipeline.cc:487] => Provided pair is unsuitable for initialization.
I20260910 06:19:31.874275 0x1fa65e140 incremental_pipeline.cc:791] Discarding reconstruction due to bad initial pair
I20260910 06:19:31.875101 0x1fa65e140 incremental_pipeline.cc:487] => Provided pair is unsuitable for initialization.
I20260910 06:19:31.875103 0x1fa65e140 incremental_pipeline.cc:791] Discarding reconstruction due to bad initial pair
I20260910 06:19:31.876343 0x1fa65e140 incremental_pipeline.cc:487] => Provided pair is unsuitable for initialization.
I20260910 06:19:31.876345 0x1fa65e140 incremental_pipeline.cc:791] Discarding reconstruction due to bad initial pair
I20260910 06:19:31.877384 0x1fa65e140 incremental_pipeline.cc:487] => Provided pair is unsuitable for initialization.
I20260910 06:19:31.877392 0x1fa65e140 incremental_pipeline.cc:791] Discarding reconstruction due to bad initial pair
I20260910 06:19:31.878396 0x1fa65e140 incremental_pipeline.cc:487] => Provided pair is unsuitable for initialization.
I20260910 06:19:31.878399 0x1fa65e140 incremental_pipeline.cc:791] Discarding reconstruction due to bad initial pair
I20260910 06:19:31.879977 0x1fa65e140 incremental_pipeline.cc:487] => Provided pair is unsuitable for initialization.
I20260910 06:19:31.879979 0x1fa65e140 incremental_pipeline.cc:791] Discarding reconstruction due to bad initial pair
I20260910 06:19:31.881026 0x1fa65e140 incremental_pipeline.cc:487] => Provided pair is unsuitable for initialization.
I20260910 06:19:31.881029 0x1fa65e140 incremental_pipeline.cc:791] Discarding reconstruction due to bad initial pair
I20260910 06:19:31.882504 0x1fa65e140 incremental_pipeline.cc:487] => Provided pair is unsuitable for initialization.
I20260910 06:19:31.882506 0x1fa65e140 incremental_pipeline.cc:791] Discarding reconstruction due to bad initial pair
I20260910 06:19:31.883334 0x1fa65e140 incremental_pipeline.cc:487] => Provided pair is unsuitable for initialization.
I20260910 06:19:31.883337 0x1fa65e140 incremental_pipeline.cc:791] Discarding reconstruction due to bad initial pair
I20260910 06:19:31.884871 0x1fa65e140 incremental_pipeline.cc:487] => Provided pair is unsuitable for initialization.
I20260910 06:19:31.884873 0x1fa65e140 incremental_pipeline.cc:791] Discarding reconstruction due to bad initial pair
I20260910 06:19:31.886420 0x1fa65e140 incremental_pipeline.cc:487] => Provided pair is unsuitable for initialization.
I20260910 06:19:31.886422 0x1fa65e140 incremental_pipeline.cc:791] Discarding reconstruction due to bad initial pair
I20260910 06:19:31.887247 0x1fa65e140 incremental_pipeline.cc:487] => Provided pair is unsuitable for initialization.
I20260910 06:19:31.887250 0x1fa65e140 incremental_pipeline.cc:791] Discarding reconstruction due to bad initial pair
I20260910 06:19:31.888200 0x1fa65e140 incremental_pipeline.cc:487] => Provided pair is unsuitable for initialization.
I20260910 06:19:31.888203 0x1fa65e140 incremental_pipeline.cc:791] Discarding reconstruction due to bad initial pair
I20260910 06:19:31.889237 0x1fa65e140 incremental_pipeline.cc:487] => Provided pair is unsuitable for initialization.
I20260910 06:19:31.889239 0x1fa65e140 incremental_pipeline.cc:791] Discarding reconstruction due to bad initial pair
I20260910 06:19:31.890248 0x1fa65e140 incremental_pipeline.cc:487] => Provided pair is unsuitable for initialization.
I20260910 06:19:31.890251 0x1fa65e140 incremental_pipeline.cc:791] Discarding reconstruction due to bad initial pair
I20260910 06:19:31.891834 0x1fa65e140 incremental_pipeline.cc:487] => Provided pair is unsuitable for initialization.
I20260910 06:19:31.891837 0x1fa65e140 incremental_pipeline.cc:791] Discarding reconstruction due to bad initial pair
I20260910 06:19:31.893388 0x1fa65e140 incremental_pipeline.cc:487] => Provided pair is unsuitable for initialization.
I20260910 06:19:31.893390 0x1fa65e140 incremental_pipeline.cc:791] Discarding reconstruction due to bad initial pair
I20260910 06:19:31.894641 0x1fa65e140 incremental_pipeline.cc:487] => Provided pair is unsuitable for initialization.
I20260910 06:19:31.894643 0x1fa65e140 incremental_pipeline.cc:791] Discarding reconstruction due to bad initial pair
I20260910 06:19:31.895608 0x1fa65e140 incremental_pipeline.cc:487] => Provided pair is unsuitable for initialization.
I20260910 06:19:31.895610 0x1fa65e140 incremental_pipeline.cc:791] Discarding reconstruction due to bad initial pair
I20260910 06:19:31.897055 0x1fa65e140 incremental_pipeline.cc:487] => Provided pair is unsuitable for initialization.
I20260910 06:19:31.897058 0x1fa65e140 incremental_pipeline.cc:791] Discarding reconstruction due to bad initial pair
I20260910 06:19:31.897978 0x1fa65e140 incremental_pipeline.cc:487] => Provided pair is unsuitable for initialization.
I20260910 06:19:31.897984 0x1fa65e140 incremental_pipeline.cc:791] Discarding reconstruction due to bad initial pair
I20260910 06:19:31.898868 0x1fa65e140 incremental_pipeline.cc:487] => Provided pair is unsuitable for initialization.
I20260910 06:19:31.898871 0x1fa65e140 incremental_pipeline.cc:791] Discarding reconstruction due to bad initial pair
I20260910 06:19:31.899724 0x1fa65e140 incremental_pipeline.cc:487] => Provided pair is unsuitable for initialization.
I20260910 06:19:31.899727 0x1fa65e140 incremental_pipeline.cc:791] Discarding reconstruction due to bad initial pair
I20260910 06:19:31.900995 0x1fa65e140 incremental_pipeline.cc:487] => Provided pair is unsuitable for initialization.
I20260910 06:19:31.900998 0x1fa65e140 incremental_pipeline.cc:791] Discarding reconstruction due to bad initial pair
I20260910 06:19:31.902695 0x1fa65e140 incremental_pipeline.cc:487] => Provided pair is unsuitable for initialization.
I20260910 06:19:31.902698 0x1fa65e140 incremental_pipeline.cc:791] Discarding reconstruction due to bad initial pair
I20260910 06:19:31.903644 0x1fa65e140 incremental_pipeline.cc:487] => Provided pair is unsuitable for initialization.
I20260910 06:19:31.903646 0x1fa65e140 incremental_pipeline.cc:791] Discarding reconstruction due to bad initial pair
I20260910 06:19:31.904827 0x1fa65e140 incremental_pipeline.cc:487] => Provided pair is unsuitable for initialization.
I20260910 06:19:31.904829 0x1fa65e140 incremental_pipeline.cc:791] Discarding reconstruction due to bad initial pair
I20260910 06:19:31.905676 0x1fa65e140 incremental_pipeline.cc:487] => Provided pair is unsuitable for initialization.
I20260910 06:19:31.905679 0x1fa65e140 incremental_pipeline.cc:791] Discarding reconstruction due to bad initial pair
I20260910 06:19:31.907247 0x1fa65e140 incremental_pipeline.cc:487] => Provided pair is unsuitable for initialization.
I20260910 06:19:31.907249 0x1fa65e140 incremental_pipeline.cc:791] Discarding reconstruction due to bad initial pair
I20260910 06:19:31.908093 0x1fa65e140 incremental_pipeline.cc:487] => Provided pair is unsuitable for initialization.
I20260910 06:19:31.908095 0x1fa65e140 incremental_pipeline.cc:791] Discarding reconstruction due to bad initial pair
I20260910 06:19:31.909626 0x1fa65e140 incremental_pipeline.cc:487] => Provided pair is unsuitable for initialization.
I20260910 06:19:31.909629 0x1fa65e140 incremental_pipeline.cc:791] Discarding reconstruction due to bad initial pair
I20260910 06:19:31.911154 0x1fa65e140 incremental_pipeline.cc:487] => Provided pair is unsuitable for initialization.
I20260910 06:19:31.911156 0x1fa65e140 incremental_pipeline.cc:791] Discarding reconstruction due to bad initial pair
I20260910 06:19:31.912096 0x1fa65e140 incremental_pipeline.cc:487] => Provided pair is unsuitable for initialization.
I20260910 06:19:31.912099 0x1fa65e140 incremental_pipeline.cc:791] Discarding reconstruction due to bad initial pair
I20260910 06:19:31.913664 0x1fa65e140 incremental_pipeline.cc:487] => Provided pair is unsuitable for initialization.
I20260910 06:19:31.913666 0x1fa65e140 incremental_pipeline.cc:791] Discarding reconstruction due to bad initial pair
I20260910 06:19:31.915236 0x1fa65e140 incremental_pipeline.cc:487] => Provided pair is unsuitable for initialization.
I20260910 06:19:31.915238 0x1fa65e140 incremental_pipeline.cc:791] Discarding reconstruction due to bad initial pair
I20260910 06:19:31.916427 0x1fa65e140 incremental_pipeline.cc:487] => Provided pair is unsuitable for initialization.
I20260910 06:19:31.916429 0x1fa65e140 incremental_pipeline.cc:791] Discarding reconstruction due to bad initial pair
I20260910 06:19:31.917588 0x1fa65e140 incremental_pipeline.cc:487] => Provided pair is unsuitable for initialization.
I20260910 06:19:31.917591 0x1fa65e140 incremental_pipeline.cc:791] Discarding reconstruction due to bad initial pair
I20260910 06:19:31.918766 0x1fa65e140 incremental_pipeline.cc:487] => Provided pair is unsuitable for initialization.
I20260910 06:19:31.918769 0x1fa65e140 incremental_pipeline.cc:791] Discarding reconstruction due to bad initial pair
I20260910 06:19:31.919659 0x1fa65e140 incremental_pipeline.cc:487] => Provided pair is unsuitable for initialization.
I20260910 06:19:31.919662 0x1fa65e140 incremental_pipeline.cc:791] Discarding reconstruction due to bad initial pair
I20260910 06:19:31.921275 0x1fa65e140 incremental_pipeline.cc:487] => Provided pair is unsuitable for initialization.
I20260910 06:19:31.921278 0x1fa65e140 incremental_pipeline.cc:791] Discarding reconstruction due to bad initial pair
I20260910 06:19:31.922392 0x1fa65e140 incremental_pipeline.cc:487] => Provided pair is unsuitable for initialization.
I20260910 06:19:31.922394 0x1fa65e140 incremental_pipeline.cc:791] Discarding reconstruction due to bad initial pair
I20260910 06:19:31.923954 0x1fa65e140 incremental_pipeline.cc:487] => Provided pair is unsuitable for initialization.
I20260910 06:19:31.923956 0x1fa65e140 incremental_pipeline.cc:791] Discarding reconstruction due to bad initial pair
I20260910 06:19:31.925075 0x1fa65e140 incremental_pipeline.cc:487] => Provided pair is unsuitable for initialization.
I20260910 06:19:31.925077 0x1fa65e140 incremental_pipeline.cc:791] Discarding reconstruction due to bad initial pair
I20260910 06:19:31.925994 0x1fa65e140 incremental_pipeline.cc:487] => Provided pair is unsuitable for initialization.
I20260910 06:19:31.925997 0x1fa65e140 incremental_pipeline.cc:791] Discarding reconstruction due to bad initial pair
I20260910 06:19:31.926862 0x1fa65e140 incremental_pipeline.cc:487] => Provided pair is unsuitable for initialization.
I20260910 06:19:31.926863 0x1fa65e140 incremental_pipeline.cc:791] Discarding reconstruction due to bad initial pair
I20260910 06:19:31.927728 0x1fa65e140 incremental_pipeline.cc:487] => Provided pair is unsuitable for initialization.
I20260910 06:19:31.927731 0x1fa65e140 incremental_pipeline.cc:791] Discarding reconstruction due to bad initial pair
I20260910 06:19:31.929508 0x1fa65e140 incremental_pipeline.cc:487] => Provided pair is unsuitable for initialization.
I20260910 06:19:31.929511 0x1fa65e140 incremental_pipeline.cc:791] Discarding reconstruction due to bad initial pair
I20260910 06:19:31.931188 0x1fa65e140 incremental_pipeline.cc:487] => Provided pair is unsuitable for initialization.
I20260910 06:19:31.931190 0x1fa65e140 incremental_pipeline.cc:791] Discarding reconstruction due to bad initial pair
I20260910 06:19:31.932206 0x1fa65e140 incremental_pipeline.cc:487] => Provided pair is unsuitable for initialization.
I20260910 06:19:31.932208 0x1fa65e140 incremental_pipeline.cc:791] Discarding reconstruction due to bad initial pair
I20260910 06:19:31.933142 0x1fa65e140 incremental_pipeline.cc:487] => Provided pair is unsuitable for initialization.
I20260910 06:19:31.933144 0x1fa65e140 incremental_pipeline.cc:791] Discarding reconstruction due to bad initial pair
I20260910 06:19:31.934453 0x1fa65e140 incremental_pipeline.cc:487] => Provided pair is unsuitable for initialization.
I20260910 06:19:31.934455 0x1fa65e140 incremental_pipeline.cc:791] Discarding reconstruction due to bad initial pair
I20260910 06:19:31.935966 0x1fa65e140 incremental_pipeline.cc:487] => Provided pair is unsuitable for initialization.
I20260910 06:19:31.935969 0x1fa65e140 incremental_pipeline.cc:791] Discarding reconstruction due to bad initial pair
I20260910 06:19:31.937481 0x1fa65e140 incremental_pipeline.cc:487] => Provided pair is unsuitable for initialization.
I20260910 06:19:31.937483 0x1fa65e140 incremental_pipeline.cc:791] Discarding reconstruction due to bad initial pair
I20260910 06:19:31.938516 0x1fa65e140 incremental_pipeline.cc:487] => Provided pair is unsuitable for initialization.
I20260910 06:19:31.938518 0x1fa65e140 incremental_pipeline.cc:791] Discarding reconstruction due to bad initial pair
I20260910 06:19:31.939569 0x1fa65e140 incremental_pipeline.cc:487] => Provided pair is unsuitable for initialization.
I20260910 06:19:31.939571 0x1fa65e140 incremental_pipeline.cc:791] Discarding reconstruction due to bad initial pair
I20260910 06:19:31.941291 0x1fa65e140 incremental_pipeline.cc:487] => Provided pair is unsuitable for initialization.
I20260910 06:19:31.941300 0x1fa65e140 incremental_pipeline.cc:791] Discarding reconstruction due to bad initial pair
I20260910 06:19:31.943004 0x1fa65e140 incremental_pipeline.cc:487] => Provided pair is unsuitable for initialization.
I20260910 06:19:31.943007 0x1fa65e140 incremental_pipeline.cc:791] Discarding reconstruction due to bad initial pair
I20260910 06:19:31.944524 0x1fa65e140 incremental_pipeline.cc:487] => Provided pair is unsuitable for initialization.
I20260910 06:19:31.944527 0x1fa65e140 incremental_pipeline.cc:791] Discarding reconstruction due to bad initial pair
I20260910 06:19:31.946136 0x1fa65e140 incremental_pipeline.cc:487] => Provided pair is unsuitable for initialization.
I20260910 06:19:31.946138 0x1fa65e140 incremental_pipeline.cc:791] Discarding reconstruction due to bad initial pair
I20260910 06:19:31.947188 0x1fa65e140 incremental_pipeline.cc:487] => Provided pair is unsuitable for initialization.
I20260910 06:19:31.947190 0x1fa65e140 incremental_pipeline.cc:791] Discarding reconstruction due to bad initial pair
I20260910 06:19:31.947193 0x1fa65e140 incremental_pipeline.cc:442] => Relaxing the initialization constraints.
I20260910 06:19:31.948708 0x1fa65e140 incremental_pipeline.cc:487] => Provided pair is unsuitable for initialization.
I20260910 06:19:31.948710 0x1fa65e140 incremental_pipeline.cc:791] Discarding reconstruction due to bad initial pair
I20260910 06:19:31.949847 0x1fa65e140 incremental_pipeline.cc:487] => Provided pair is unsuitable for initialization.
I20260910 06:19:31.949850 0x1fa65e140 incremental_pipeline.cc:791] Discarding reconstruction due to bad initial pair
I20260910 06:19:31.951424 0x1fa65e140 incremental_pipeline.cc:487] => Provided pair is unsuitable for initialization.
I20260910 06:19:31.951427 0x1fa65e140 incremental_pipeline.cc:791] Discarding reconstruction due to bad initial pair
I20260910 06:19:31.952923 0x1fa65e140 incremental_pipeline.cc:487] => Provided pair is unsuitable for initialization.
I20260910 06:19:31.952925 0x1fa65e140 incremental_pipeline.cc:791] Discarding reconstruction due to bad initial pair
I20260910 06:19:31.954482 0x1fa65e140 incremental_pipeline.cc:487] => Provided pair is unsuitable for initialization.
I20260910 06:19:31.954484 0x1fa65e140 incremental_pipeline.cc:791] Discarding reconstruction due to bad initial pair
I20260910 06:19:31.955521 0x1fa65e140 incremental_pipeline.cc:487] => Provided pair is unsuitable for initialization.
I20260910 06:19:31.955524 0x1fa65e140 incremental_pipeline.cc:791] Discarding reconstruction due to bad initial pair
I20260910 06:19:31.957419 0x1fa65e140 incremental_pipeline.cc:487] => Provided pair is unsuitable for initialization.
I20260910 06:19:31.957422 0x1fa65e140 incremental_pipeline.cc:791] Discarding reconstruction due to bad initial pair
I20260910 06:19:31.958603 0x1fa65e140 incremental_pipeline.cc:487] => Provided pair is unsuitable for initialization.
I20260910 06:19:31.958606 0x1fa65e140 incremental_pipeline.cc:791] Discarding reconstruction due to bad initial pair
I20260910 06:19:31.959623 0x1fa65e140 incremental_pipeline.cc:487] => Provided pair is unsuitable for initialization.
I20260910 06:19:31.959626 0x1fa65e140 incremental_pipeline.cc:791] Discarding reconstruction due to bad initial pair
I20260910 06:19:31.960663 0x1fa65e140 incremental_pipeline.cc:487] => Provided pair is unsuitable for initialization.
I20260910 06:19:31.960666 0x1fa65e140 incremental_pipeline.cc:791] Discarding reconstruction due to bad initial pair
I20260910 06:19:31.961869 0x1fa65e140 incremental_pipeline.cc:487] => Provided pair is unsuitable for initialization.
I20260910 06:19:31.961871 0x1fa65e140 incremental_pipeline.cc:791] Discarding reconstruction due to bad initial pair
I20260910 06:19:31.962714 0x1fa65e140 incremental_pipeline.cc:487] => Provided pair is unsuitable for initialization.
I20260910 06:19:31.962716 0x1fa65e140 incremental_pipeline.cc:791] Discarding reconstruction due to bad initial pair
I20260910 06:19:31.964215 0x1fa65e140 incremental_pipeline.cc:487] => Provided pair is unsuitable for initialization.
I20260910 06:19:31.964223 0x1fa65e140 incremental_pipeline.cc:791] Discarding reconstruction due to bad initial pair
I20260910 06:19:31.965212 0x1fa65e140 incremental_pipeline.cc:487] => Provided pair is unsuitable for initialization.
I20260910 06:19:31.965215 0x1fa65e140 incremental_pipeline.cc:791] Discarding reconstruction due to bad initial pair
I20260910 06:19:31.966735 0x1fa65e140 incremental_pipeline.cc:487] => Provided pair is unsuitable for initialization.
I20260910 06:19:31.966738 0x1fa65e140 incremental_pipeline.cc:791] Discarding reconstruction due to bad initial pair
I20260910 06:19:31.967884 0x1fa65e140 incremental_pipeline.cc:487] => Provided pair is unsuitable for initialization.
I20260910 06:19:31.967887 0x1fa65e140 incremental_pipeline.cc:791] Discarding reconstruction due to bad initial pair
I20260910 06:19:31.969402 0x1fa65e140 incremental_pipeline.cc:487] => Provided pair is unsuitable for initialization.
I20260910 06:19:31.969404 0x1fa65e140 incremental_pipeline.cc:791] Discarding reconstruction due to bad initial pair
I20260910 06:19:31.970284 0x1fa65e140 incremental_pipeline.cc:487] => Provided pair is unsuitable for initialization.
I20260910 06:19:31.970287 0x1fa65e140 incremental_pipeline.cc:791] Discarding reconstruction due to bad initial pair
I20260910 06:19:31.971276 0x1fa65e140 incremental_pipeline.cc:487] => Provided pair is unsuitable for initialization.
I20260910 06:19:31.971278 0x1fa65e140 incremental_pipeline.cc:791] Discarding reconstruction due to bad initial pair
I20260910 06:19:31.972228 0x1fa65e140 incremental_pipeline.cc:487] => Provided pair is unsuitable for initialization.
I20260910 06:19:31.972230 0x1fa65e140 incremental_pipeline.cc:791] Discarding reconstruction due to bad initial pair
I20260910 06:19:31.973778 0x1fa65e140 incremental_pipeline.cc:487] => Provided pair is unsuitable for initialization.
I20260910 06:19:31.973781 0x1fa65e140 incremental_pipeline.cc:791] Discarding reconstruction due to bad initial pair
I20260910 06:19:31.976211 0x1fa65e140 incremental_pipeline.cc:487] => Provided pair is unsuitable for initialization.
I20260910 06:19:31.976213 0x1fa65e140 incremental_pipeline.cc:791] Discarding reconstruction due to bad initial pair
I20260910 06:19:31.977721 0x1fa65e140 incremental_pipeline.cc:487] => Provided pair is unsuitable for initialization.
I20260910 06:19:31.977723 0x1fa65e140 incremental_pipeline.cc:791] Discarding reconstruction due to bad initial pair
I20260910 06:19:31.979288 0x1fa65e140 incremental_pipeline.cc:487] => Provided pair is unsuitable for initialization.
I20260910 06:19:31.979291 0x1fa65e140 incremental_pipeline.cc:791] Discarding reconstruction due to bad initial pair
I20260910 06:19:31.980804 0x1fa65e140 incremental_pipeline.cc:487] => Provided pair is unsuitable for initialization.
I20260910 06:19:31.980807 0x1fa65e140 incremental_pipeline.cc:791] Discarding reconstruction due to bad initial pair
I20260910 06:19:31.981864 0x1fa65e140 incremental_pipeline.cc:487] => Provided pair is unsuitable for initialization.
I20260910 06:19:31.981867 0x1fa65e140 incremental_pipeline.cc:791] Discarding reconstruction due to bad initial pair
I20260910 06:19:31.983454 0x1fa65e140 incremental_pipeline.cc:487] => Provided pair is unsuitable for initialization.
I20260910 06:19:31.983457 0x1fa65e140 incremental_pipeline.cc:791] Discarding reconstruction due to bad initial pair
I20260910 06:19:31.984959 0x1fa65e140 incremental_pipeline.cc:487] => Provided pair is unsuitable for initialization.
I20260910 06:19:31.984962 0x1fa65e140 incremental_pipeline.cc:791] Discarding reconstruction due to bad initial pair
I20260910 06:19:31.986607 0x1fa65e140 incremental_pipeline.cc:487] => Provided pair is unsuitable for initialization.
I20260910 06:19:31.986610 0x1fa65e140 incremental_pipeline.cc:791] Discarding reconstruction due to bad initial pair
I20260910 06:19:31.987645 0x1fa65e140 incremental_pipeline.cc:487] => Provided pair is unsuitable for initialization.
I20260910 06:19:31.987648 0x1fa65e140 incremental_pipeline.cc:791] Discarding reconstruction due to bad initial pair
I20260910 06:19:31.988733 0x1fa65e140 incremental_pipeline.cc:487] => Provided pair is unsuitable for initialization.
I20260910 06:19:31.988735 0x1fa65e140 incremental_pipeline.cc:791] Discarding reconstruction due to bad initial pair
I20260910 06:19:31.989862 0x1fa65e140 incremental_pipeline.cc:487] => Provided pair is unsuitable for initialization.
I20260910 06:19:31.989865 0x1fa65e140 incremental_pipeline.cc:791] Discarding reconstruction due to bad initial pair
I20260910 06:19:31.991077 0x1fa65e140 incremental_pipeline.cc:487] => Provided pair is unsuitable for initialization.
I20260910 06:19:31.991080 0x1fa65e140 incremental_pipeline.cc:791] Discarding reconstruction due to bad initial pair
I20260910 06:19:31.992714 0x1fa65e140 incremental_pipeline.cc:487] => Provided pair is unsuitable for initialization.
I20260910 06:19:31.992717 0x1fa65e140 incremental_pipeline.cc:791] Discarding reconstruction due to bad initial pair
I20260910 06:19:31.993657 0x1fa65e140 incremental_pipeline.cc:487] => Provided pair is unsuitable for initialization.
I20260910 06:19:31.993659 0x1fa65e140 incremental_pipeline.cc:791] Discarding reconstruction due to bad initial pair
I20260910 06:19:31.995316 0x1fa65e140 incremental_pipeline.cc:487] => Provided pair is unsuitable for initialization.
I20260910 06:19:31.995319 0x1fa65e140 incremental_pipeline.cc:791] Discarding reconstruction due to bad initial pair
I20260910 06:19:31.996275 0x1fa65e140 incremental_pipeline.cc:487] => Provided pair is unsuitable for initialization.
I20260910 06:19:31.996278 0x1fa65e140 incremental_pipeline.cc:791] Discarding reconstruction due to bad initial pair
I20260910 06:19:31.997179 0x1fa65e140 incremental_pipeline.cc:487] => Provided pair is unsuitable for initialization.
I20260910 06:19:31.997181 0x1fa65e140 incremental_pipeline.cc:791] Discarding reconstruction due to bad initial pair
I20260910 06:19:31.998715 0x1fa65e140 incremental_pipeline.cc:487] => Provided pair is unsuitable for initialization.
I20260910 06:19:31.998717 0x1fa65e140 incremental_pipeline.cc:791] Discarding reconstruction due to bad initial pair
I20260910 06:19:31.999865 0x1fa65e140 incremental_pipeline.cc:487] => Provided pair is unsuitable for initialization.
I20260910 06:19:31.999868 0x1fa65e140 incremental_pipeline.cc:791] Discarding reconstruction due to bad initial pair
I20260910 06:19:32.000765 0x1fa65e140 incremental_pipeline.cc:487] => Provided pair is unsuitable for initialization.
I20260910 06:19:32.000768 0x1fa65e140 incremental_pipeline.cc:791] Discarding reconstruction due to bad initial pair
I20260910 06:19:32.002242 0x1fa65e140 incremental_pipeline.cc:487] => Provided pair is unsuitable for initialization.
I20260910 06:19:32.002244 0x1fa65e140 incremental_pipeline.cc:791] Discarding reconstruction due to bad initial pair
I20260910 06:19:32.003781 0x1fa65e140 incremental_pipeline.cc:487] => Provided pair is unsuitable for initialization.
I20260910 06:19:32.003783 0x1fa65e140 incremental_pipeline.cc:791] Discarding reconstruction due to bad initial pair
I20260910 06:19:32.004966 0x1fa65e140 incremental_pipeline.cc:487] => Provided pair is unsuitable for initialization.
I20260910 06:19:32.004968 0x1fa65e140 incremental_pipeline.cc:791] Discarding reconstruction due to bad initial pair
I20260910 06:19:32.006135 0x1fa65e140 incremental_pipeline.cc:487] => Provided pair is unsuitable for initialization.
I20260910 06:19:32.006137 0x1fa65e140 incremental_pipeline.cc:791] Discarding reconstruction due to bad initial pair
I20260910 06:19:32.007005 0x1fa65e140 incremental_pipeline.cc:487] => Provided pair is unsuitable for initialization.
I20260910 06:19:32.007008 0x1fa65e140 incremental_pipeline.cc:791] Discarding reconstruction due to bad initial pair
I20260910 06:19:32.007909 0x1fa65e140 incremental_pipeline.cc:487] => Provided pair is unsuitable for initialization.
I20260910 06:19:32.007911 0x1fa65e140 incremental_pipeline.cc:791] Discarding reconstruction due to bad initial pair
I20260910 06:19:32.008985 0x1fa65e140 incremental_pipeline.cc:487] => Provided pair is unsuitable for initialization.
I20260910 06:19:32.008992 0x1fa65e140 incremental_pipeline.cc:791] Discarding reconstruction due to bad initial pair
I20260910 06:19:32.010509 0x1fa65e140 incremental_pipeline.cc:487] => Provided pair is unsuitable for initialization.
I20260910 06:19:32.010512 0x1fa65e140 incremental_pipeline.cc:791] Discarding reconstruction due to bad initial pair
I20260910 06:19:32.011451 0x1fa65e140 incremental_pipeline.cc:487] => Provided pair is unsuitable for initialization.
I20260910 06:19:32.011453 0x1fa65e140 incremental_pipeline.cc:791] Discarding reconstruction due to bad initial pair
I20260910 06:19:32.013016 0x1fa65e140 incremental_pipeline.cc:487] => Provided pair is unsuitable for initialization.
I20260910 06:19:32.013019 0x1fa65e140 incremental_pipeline.cc:791] Discarding reconstruction due to bad initial pair
I20260910 06:19:32.013950 0x1fa65e140 incremental_pipeline.cc:487] => Provided pair is unsuitable for initialization.
I20260910 06:19:32.013953 0x1fa65e140 incremental_pipeline.cc:791] Discarding reconstruction due to bad initial pair
I20260910 06:19:32.015632 0x1fa65e140 incremental_pipeline.cc:487] => Provided pair is unsuitable for initialization.
I20260910 06:19:32.015635 0x1fa65e140 incremental_pipeline.cc:791] Discarding reconstruction due to bad initial pair
I20260910 06:19:32.017132 0x1fa65e140 incremental_pipeline.cc:487] => Provided pair is unsuitable for initialization.
I20260910 06:19:32.017135 0x1fa65e140 incremental_pipeline.cc:791] Discarding reconstruction due to bad initial pair
I20260910 06:19:32.018636 0x1fa65e140 incremental_pipeline.cc:487] => Provided pair is unsuitable for initialization.
I20260910 06:19:32.018639 0x1fa65e140 incremental_pipeline.cc:791] Discarding reconstruction due to bad initial pair
I20260910 06:19:32.020132 0x1fa65e140 incremental_pipeline.cc:487] => Provided pair is unsuitable for initialization.
I20260910 06:19:32.020134 0x1fa65e140 incremental_pipeline.cc:791] Discarding reconstruction due to bad initial pair
I20260910 06:19:32.021644 0x1fa65e140 incremental_pipeline.cc:487] => Provided pair is unsuitable for initialization.
I20260910 06:19:32.021646 0x1fa65e140 incremental_pipeline.cc:791] Discarding reconstruction due to bad initial pair
I20260910 06:19:32.022473 0x1fa65e140 incremental_pipeline.cc:487] => Provided pair is unsuitable for initialization.
I20260910 06:19:32.022476 0x1fa65e140 incremental_pipeline.cc:791] Discarding reconstruction due to bad initial pair
I20260910 06:19:32.023466 0x1fa65e140 incremental_pipeline.cc:487] => Provided pair is unsuitable for initialization.
I20260910 06:19:32.023468 0x1fa65e140 incremental_pipeline.cc:791] Discarding reconstruction due to bad initial pair
I20260910 06:19:32.024584 0x1fa65e140 incremental_pipeline.cc:487] => Provided pair is unsuitable for initialization.
I20260910 06:19:32.024586 0x1fa65e140 incremental_pipeline.cc:791] Discarding reconstruction due to bad initial pair
I20260910 06:19:32.026246 0x1fa65e140 incremental_pipeline.cc:487] => Provided pair is unsuitable for initialization.
I20260910 06:19:32.026248 0x1fa65e140 incremental_pipeline.cc:791] Discarding reconstruction due to bad initial pair
I20260910 06:19:32.027097 0x1fa65e140 incremental_pipeline.cc:487] => Provided pair is unsuitable for initialization.
I20260910 06:19:32.027099 0x1fa65e140 incremental_pipeline.cc:791] Discarding reconstruction due to bad initial pair
I20260910 06:19:32.027947 0x1fa65e140 incremental_pipeline.cc:487] => Provided pair is unsuitable for initialization.
I20260910 06:19:32.027949 0x1fa65e140 incremental_pipeline.cc:791] Discarding reconstruction due to bad initial pair
I20260910 06:19:32.029509 0x1fa65e140 incremental_pipeline.cc:487] => Provided pair is unsuitable for initialization.
I20260910 06:19:32.029512 0x1fa65e140 incremental_pipeline.cc:791] Discarding reconstruction due to bad initial pair
I20260910 06:19:32.030646 0x1fa65e140 incremental_pipeline.cc:487] => Provided pair is unsuitable for initialization.
I20260910 06:19:32.030648 0x1fa65e140 incremental_pipeline.cc:791] Discarding reconstruction due to bad initial pair
I20260910 06:19:32.031612 0x1fa65e140 incremental_pipeline.cc:487] => Provided pair is unsuitable for initialization.
I20260910 06:19:32.031615 0x1fa65e140 incremental_pipeline.cc:791] Discarding reconstruction due to bad initial pair
I20260910 06:19:32.032530 0x1fa65e140 incremental_pipeline.cc:487] => Provided pair is unsuitable for initialization.
I20260910 06:19:32.032533 0x1fa65e140 incremental_pipeline.cc:791] Discarding reconstruction due to bad initial pair
I20260910 06:19:32.033548 0x1fa65e140 incremental_pipeline.cc:487] => Provided pair is unsuitable for initialization.
I20260910 06:19:32.033551 0x1fa65e140 incremental_pipeline.cc:791] Discarding reconstruction due to bad initial pair
I20260910 06:19:32.034582 0x1fa65e140 incremental_pipeline.cc:487] => Provided pair is unsuitable for initialization.
I20260910 06:19:32.034584 0x1fa65e140 incremental_pipeline.cc:791] Discarding reconstruction due to bad initial pair
I20260910 06:19:32.035424 0x1fa65e140 incremental_pipeline.cc:487] => Provided pair is unsuitable for initialization.
I20260910 06:19:32.035427 0x1fa65e140 incremental_pipeline.cc:791] Discarding reconstruction due to bad initial pair
I20260910 06:19:32.036445 0x1fa65e140 incremental_pipeline.cc:487] => Provided pair is unsuitable for initialization.
I20260910 06:19:32.036448 0x1fa65e140 incremental_pipeline.cc:791] Discarding reconstruction due to bad initial pair
I20260910 06:19:32.037295 0x1fa65e140 incremental_pipeline.cc:487] => Provided pair is unsuitable for initialization.
I20260910 06:19:32.037297 0x1fa65e140 incremental_pipeline.cc:791] Discarding reconstruction due to bad initial pair
I20260910 06:19:32.038870 0x1fa65e140 incremental_pipeline.cc:487] => Provided pair is unsuitable for initialization.
I20260910 06:19:32.038872 0x1fa65e140 incremental_pipeline.cc:791] Discarding reconstruction due to bad initial pair
I20260910 06:19:32.039895 0x1fa65e140 incremental_pipeline.cc:487] => Provided pair is unsuitable for initialization.
I20260910 06:19:32.039897 0x1fa65e140 incremental_pipeline.cc:791] Discarding reconstruction due to bad initial pair
I20260910 06:19:32.041378 0x1fa65e140 incremental_pipeline.cc:487] => Provided pair is unsuitable for initialization.
I20260910 06:19:32.041381 0x1fa65e140 incremental_pipeline.cc:791] Discarding reconstruction due to bad initial pair
I20260910 06:19:32.042410 0x1fa65e140 incremental_pipeline.cc:487] => Provided pair is unsuitable for initialization.
I20260910 06:19:32.042412 0x1fa65e140 incremental_pipeline.cc:791] Discarding reconstruction due to bad initial pair
I20260910 06:19:32.043469 0x1fa65e140 incremental_pipeline.cc:487] => Provided pair is unsuitable for initialization.
I20260910 06:19:32.043471 0x1fa65e140 incremental_pipeline.cc:791] Discarding reconstruction due to bad initial pair
I20260910 06:19:32.045073 0x1fa65e140 incremental_pipeline.cc:487] => Provided pair is unsuitable for initialization.
I20260910 06:19:32.045075 0x1fa65e140 incremental_pipeline.cc:791] Discarding reconstruction due to bad initial pair
I20260910 06:19:32.046278 0x1fa65e140 incremental_pipeline.cc:487] => Provided pair is unsuitable for initialization.
I20260910 06:19:32.046281 0x1fa65e140 incremental_pipeline.cc:791] Discarding reconstruction due to bad initial pair
I20260910 06:19:32.047849 0x1fa65e140 incremental_pipeline.cc:487] => Provided pair is unsuitable for initialization.
I20260910 06:19:32.047851 0x1fa65e140 incremental_pipeline.cc:791] Discarding reconstruction due to bad initial pair
I20260910 06:19:32.049387 0x1fa65e140 incremental_pipeline.cc:487] => Provided pair is unsuitable for initialization.
I20260910 06:19:32.049389 0x1fa65e140 incremental_pipeline.cc:791] Discarding reconstruction due to bad initial pair
I20260910 06:19:32.050303 0x1fa65e140 incremental_pipeline.cc:487] => Provided pair is unsuitable for initialization.
I20260910 06:19:32.050306 0x1fa65e140 incremental_pipeline.cc:791] Discarding reconstruction due to bad initial pair
I20260910 06:19:32.051917 0x1fa65e140 incremental_pipeline.cc:487] => Provided pair is unsuitable for initialization.
I20260910 06:19:32.051920 0x1fa65e140 incremental_pipeline.cc:791] Discarding reconstruction due to bad initial pair
I20260910 06:19:32.053534 0x1fa65e140 incremental_pipeline.cc:487] => Provided pair is unsuitable for initialization.
I20260910 06:19:32.053536 0x1fa65e140 incremental_pipeline.cc:791] Discarding reconstruction due to bad initial pair
I20260910 06:19:32.055061 0x1fa65e140 incremental_pipeline.cc:487] => Provided pair is unsuitable for initialization.
I20260910 06:19:32.055064 0x1fa65e140 incremental_pipeline.cc:791] Discarding reconstruction due to bad initial pair
I20260910 06:19:32.056650 0x1fa65e140 incremental_pipeline.cc:487] => Provided pair is unsuitable for initialization.
I20260910 06:19:32.056653 0x1fa65e140 incremental_pipeline.cc:791] Discarding reconstruction due to bad initial pair
I20260910 06:19:32.058070 0x1fa65e140 incremental_pipeline.cc:487] => Provided pair is unsuitable for initialization.
I20260910 06:19:32.058072 0x1fa65e140 incremental_pipeline.cc:791] Discarding reconstruction due to bad initial pair
I20260910 06:19:32.059583 0x1fa65e140 incremental_pipeline.cc:487] => Provided pair is unsuitable for initialization.
I20260910 06:19:32.059586 0x1fa65e140 incremental_pipeline.cc:791] Discarding reconstruction due to bad initial pair
I20260910 06:19:32.060724 0x1fa65e140 incremental_pipeline.cc:487] => Provided pair is unsuitable for initialization.
I20260910 06:19:32.060727 0x1fa65e140 incremental_pipeline.cc:791] Discarding reconstruction due to bad initial pair
I20260910 06:19:32.061903 0x1fa65e140 incremental_pipeline.cc:487] => Provided pair is unsuitable for initialization.
I20260910 06:19:32.061906 0x1fa65e140 incremental_pipeline.cc:791] Discarding reconstruction due to bad initial pair
I20260910 06:19:32.062889 0x1fa65e140 incremental_pipeline.cc:487] => Provided pair is unsuitable for initialization.
I20260910 06:19:32.062892 0x1fa65e140 incremental_pipeline.cc:791] Discarding reconstruction due to bad initial pair
I20260910 06:19:32.064657 0x1fa65e140 incremental_pipeline.cc:487] => Provided pair is unsuitable for initialization.
I20260910 06:19:32.064659 0x1fa65e140 incremental_pipeline.cc:791] Discarding reconstruction due to bad initial pair
I20260910 06:19:32.065887 0x1fa65e140 incremental_pipeline.cc:487] => Provided pair is unsuitable for initialization.
I20260910 06:19:32.065890 0x1fa65e140 incremental_pipeline.cc:791] Discarding reconstruction due to bad initial pair
I20260910 06:19:32.067585 0x1fa65e140 incremental_pipeline.cc:487] => Provided pair is unsuitable for initialization.
I20260910 06:19:32.067588 0x1fa65e140 incremental_pipeline.cc:791] Discarding reconstruction due to bad initial pair
I20260910 06:19:32.068546 0x1fa65e140 incremental_pipeline.cc:487] => Provided pair is unsuitable for initialization.
I20260910 06:19:32.068549 0x1fa65e140 incremental_pipeline.cc:791] Discarding reconstruction due to bad initial pair
I20260910 06:19:32.069515 0x1fa65e140 incremental_pipeline.cc:487] => Provided pair is unsuitable for initialization.
I20260910 06:19:32.069517 0x1fa65e140 incremental_pipeline.cc:791] Discarding reconstruction due to bad initial pair
I20260910 06:19:32.070443 0x1fa65e140 incremental_pipeline.cc:487] => Provided pair is unsuitable for initialization.
I20260910 06:19:32.070446 0x1fa65e140 incremental_pipeline.cc:791] Discarding reconstruction due to bad initial pair
I20260910 06:19:32.072027 0x1fa65e140 incremental_pipeline.cc:487] => Provided pair is unsuitable for initialization.
I20260910 06:19:32.072030 0x1fa65e140 incremental_pipeline.cc:791] Discarding reconstruction due to bad initial pair
I20260910 06:19:32.072961 0x1fa65e140 incremental_pipeline.cc:487] => Provided pair is unsuitable for initialization.
I20260910 06:19:32.072964 0x1fa65e140 incremental_pipeline.cc:791] Discarding reconstruction due to bad initial pair
I20260910 06:19:32.073908 0x1fa65e140 incremental_pipeline.cc:487] => Provided pair is unsuitable for initialization.
I20260910 06:19:32.073915 0x1fa65e140 incremental_pipeline.cc:791] Discarding reconstruction due to bad initial pair
I20260910 06:19:32.075598 0x1fa65e140 incremental_pipeline.cc:487] => Provided pair is unsuitable for initialization.
I20260910 06:19:32.075600 0x1fa65e140 incremental_pipeline.cc:791] Discarding reconstruction due to bad initial pair
I20260910 06:19:32.077200 0x1fa65e140 incremental_pipeline.cc:487] => Provided pair is unsuitable for initialization.
I20260910 06:19:32.077202 0x1fa65e140 incremental_pipeline.cc:791] Discarding reconstruction due to bad initial pair
I20260910 06:19:32.079616 0x1fa65e140 incremental_pipeline.cc:487] => Provided pair is unsuitable for initialization.
I20260910 06:19:32.079619 0x1fa65e140 incremental_pipeline.cc:791] Discarding reconstruction due to bad initial pair
I20260910 06:19:32.080650 0x1fa65e140 incremental_pipeline.cc:487] => Provided pair is unsuitable for initialization.
I20260910 06:19:32.080653 0x1fa65e140 incremental_pipeline.cc:791] Discarding reconstruction due to bad initial pair
I20260910 06:19:32.082209 0x1fa65e140 incremental_pipeline.cc:487] => Provided pair is unsuitable for initialization.
I20260910 06:19:32.082212 0x1fa65e140 incremental_pipeline.cc:791] Discarding reconstruction due to bad initial pair
I20260910 06:19:32.083751 0x1fa65e140 incremental_pipeline.cc:487] => Provided pair is unsuitable for initialization.
I20260910 06:19:32.083754 0x1fa65e140 incremental_pipeline.cc:791] Discarding reconstruction due to bad initial pair
I20260910 06:19:32.085351 0x1fa65e140 incremental_pipeline.cc:487] => Provided pair is unsuitable for initialization.
I20260910 06:19:32.085353 0x1fa65e140 incremental_pipeline.cc:791] Discarding reconstruction due to bad initial pair
I20260910 06:19:32.086885 0x1fa65e140 incremental_pipeline.cc:487] => Provided pair is unsuitable for initialization.
I20260910 06:19:32.086887 0x1fa65e140 incremental_pipeline.cc:791] Discarding reconstruction due to bad initial pair
I20260910 06:19:32.088406 0x1fa65e140 incremental_pipeline.cc:487] => Provided pair is unsuitable for initialization.
I20260910 06:19:32.088409 0x1fa65e140 incremental_pipeline.cc:791] Discarding reconstruction due to bad initial pair
I20260910 06:19:32.089546 0x1fa65e140 incremental_pipeline.cc:487] => Provided pair is unsuitable for initialization.
I20260910 06:19:32.089548 0x1fa65e140 incremental_pipeline.cc:791] Discarding reconstruction due to bad initial pair
I20260910 06:19:32.090470 0x1fa65e140 incremental_pipeline.cc:487] => Provided pair is unsuitable for initialization.
I20260910 06:19:32.090472 0x1fa65e140 incremental_pipeline.cc:791] Discarding reconstruction due to bad initial pair
I20260910 06:19:32.091449 0x1fa65e140 incremental_pipeline.cc:487] => Provided pair is unsuitable for initialization.
I20260910 06:19:32.091452 0x1fa65e140 incremental_pipeline.cc:791] Discarding reconstruction due to bad initial pair
I20260910 06:19:32.092430 0x1fa65e140 incremental_pipeline.cc:487] => Provided pair is unsuitable for initialization.
I20260910 06:19:32.092433 0x1fa65e140 incremental_pipeline.cc:791] Discarding reconstruction due to bad initial pair
I20260910 06:19:32.093995 0x1fa65e140 incremental_pipeline.cc:487] => Provided pair is unsuitable for initialization.
I20260910 06:19:32.093997 0x1fa65e140 incremental_pipeline.cc:791] Discarding reconstruction due to bad initial pair
I20260910 06:19:32.095641 0x1fa65e140 incremental_pipeline.cc:487] => Provided pair is unsuitable for initialization.
I20260910 06:19:32.095644 0x1fa65e140 incremental_pipeline.cc:791] Discarding reconstruction due to bad initial pair
I20260910 06:19:32.097125 0x1fa65e140 incremental_pipeline.cc:487] => Provided pair is unsuitable for initialization.
I20260910 06:19:32.097128 0x1fa65e140 incremental_pipeline.cc:791] Discarding reconstruction due to bad initial pair
I20260910 06:19:32.098669 0x1fa65e140 incremental_pipeline.cc:487] => Provided pair is unsuitable for initialization.
I20260910 06:19:32.098671 0x1fa65e140 incremental_pipeline.cc:791] Discarding reconstruction due to bad initial pair
I20260910 06:19:32.100357 0x1fa65e140 incremental_pipeline.cc:487] => Provided pair is unsuitable for initialization.
I20260910 06:19:32.100360 0x1fa65e140 incremental_pipeline.cc:791] Discarding reconstruction due to bad initial pair
I20260910 06:19:32.102315 0x1fa65e140 incremental_pipeline.cc:487] => Provided pair is unsuitable for initialization.
I20260910 06:19:32.102318 0x1fa65e140 incremental_pipeline.cc:791] Discarding reconstruction due to bad initial pair
I20260910 06:19:32.103825 0x1fa65e140 incremental_pipeline.cc:487] => Provided pair is unsuitable for initialization.
I20260910 06:19:32.103828 0x1fa65e140 incremental_pipeline.cc:791] Discarding reconstruction due to bad initial pair
I20260910 06:19:32.105497 0x1fa65e140 incremental_pipeline.cc:487] => Provided pair is unsuitable for initialization.
I20260910 06:19:32.105500 0x1fa65e140 incremental_pipeline.cc:791] Discarding reconstruction due to bad initial pair
I20260910 06:19:32.106434 0x1fa65e140 incremental_pipeline.cc:487] => Provided pair is unsuitable for initialization.
I20260910 06:19:32.106437 0x1fa65e140 incremental_pipeline.cc:791] Discarding reconstruction due to bad initial pair
I20260910 06:19:32.108019 0x1fa65e140 incremental_pipeline.cc:487] => Provided pair is unsuitable for initialization.
I20260910 06:19:32.108021 0x1fa65e140 incremental_pipeline.cc:791] Discarding reconstruction due to bad initial pair
I20260910 06:19:32.109570 0x1fa65e140 incremental_pipeline.cc:487] => Provided pair is unsuitable for initialization.
I20260910 06:19:32.109573 0x1fa65e140 incremental_pipeline.cc:791] Discarding reconstruction due to bad initial pair
I20260910 06:19:32.111130 0x1fa65e140 incremental_pipeline.cc:487] => Provided pair is unsuitable for initialization.
I20260910 06:19:32.111132 0x1fa65e140 incremental_pipeline.cc:791] Discarding reconstruction due to bad initial pair
I20260910 06:19:32.112118 0x1fa65e140 incremental_pipeline.cc:487] => Provided pair is unsuitable for initialization.
I20260910 06:19:32.112121 0x1fa65e140 incremental_pipeline.cc:791] Discarding reconstruction due to bad initial pair
I20260910 06:19:32.114430 0x1fa65e140 incremental_pipeline.cc:487] => Provided pair is unsuitable for initialization.
I20260910 06:19:32.114433 0x1fa65e140 incremental_pipeline.cc:791] Discarding reconstruction due to bad initial pair
I20260910 06:19:32.115577 0x1fa65e140 incremental_pipeline.cc:487] => Provided pair is unsuitable for initialization.
I20260910 06:19:32.115580 0x1fa65e140 incremental_pipeline.cc:791] Discarding reconstruction due to bad initial pair
I20260910 06:19:32.116519 0x1fa65e140 incremental_pipeline.cc:487] => Provided pair is unsuitable for initialization.
I20260910 06:19:32.116522 0x1fa65e140 incremental_pipeline.cc:791] Discarding reconstruction due to bad initial pair
I20260910 06:19:32.118094 0x1fa65e140 incremental_pipeline.cc:487] => Provided pair is unsuitable for initialization.
I20260910 06:19:32.118099 0x1fa65e140 incremental_pipeline.cc:791] Discarding reconstruction due to bad initial pair
I20260910 06:19:32.119589 0x1fa65e140 incremental_pipeline.cc:487] => Provided pair is unsuitable for initialization.
I20260910 06:19:32.119592 0x1fa65e140 incremental_pipeline.cc:791] Discarding reconstruction due to bad initial pair
I20260910 06:19:32.121421 0x1fa65e140 incremental_pipeline.cc:487] => Provided pair is unsuitable for initialization.
I20260910 06:19:32.121423 0x1fa65e140 incremental_pipeline.cc:791] Discarding reconstruction due to bad initial pair
I20260910 06:19:32.122358 0x1fa65e140 incremental_pipeline.cc:487] => Provided pair is unsuitable for initialization.
I20260910 06:19:32.122361 0x1fa65e140 incremental_pipeline.cc:791] Discarding reconstruction due to bad initial pair
I20260910 06:19:32.123305 0x1fa65e140 incremental_pipeline.cc:487] => Provided pair is unsuitable for initialization.
I20260910 06:19:32.123308 0x1fa65e140 incremental_pipeline.cc:791] Discarding reconstruction due to bad initial pair
I20260910 06:19:32.124959 0x1fa65e140 incremental_pipeline.cc:487] => Provided pair is unsuitable for initialization.
I20260910 06:19:32.124965 0x1fa65e140 incremental_pipeline.cc:791] Discarding reconstruction due to bad initial pair
I20260910 06:19:32.126975 0x1fa65e140 incremental_pipeline.cc:487] => Provided pair is unsuitable for initialization.
I20260910 06:19:32.126978 0x1fa65e140 incremental_pipeline.cc:791] Discarding reconstruction due to bad initial pair
I20260910 06:19:32.128077 0x1fa65e140 incremental_pipeline.cc:487] => Provided pair is unsuitable for initialization.
I20260910 06:19:32.128079 0x1fa65e140 incremental_pipeline.cc:791] Discarding reconstruction due to bad initial pair
I20260910 06:19:32.129600 0x1fa65e140 incremental_pipeline.cc:487] => Provided pair is unsuitable for initialization.
I20260910 06:19:32.129603 0x1fa65e140 incremental_pipeline.cc:791] Discarding reconstruction due to bad initial pair
I20260910 06:19:32.130482 0x1fa65e140 incremental_pipeline.cc:487] => Provided pair is unsuitable for initialization.
I20260910 06:19:32.130485 0x1fa65e140 incremental_pipeline.cc:791] Discarding reconstruction due to bad initial pair
I20260910 06:19:32.131430 0x1fa65e140 incremental_pipeline.cc:487] => Provided pair is unsuitable for initialization.
I20260910 06:19:32.131433 0x1fa65e140 incremental_pipeline.cc:791] Discarding reconstruction due to bad initial pair
I20260910 06:19:32.132376 0x1fa65e140 incremental_pipeline.cc:487] => Provided pair is unsuitable for initialization.
I20260910 06:19:32.132379 0x1fa65e140 incremental_pipeline.cc:791] Discarding reconstruction due to bad initial pair
I20260910 06:19:32.133339 0x1fa65e140 incremental_pipeline.cc:487] => Provided pair is unsuitable for initialization.
I20260910 06:19:32.133341 0x1fa65e140 incremental_pipeline.cc:791] Discarding reconstruction due to bad initial pair
I20260910 06:19:32.134265 0x1fa65e140 incremental_pipeline.cc:487] => Provided pair is unsuitable for initialization.
I20260910 06:19:32.134268 0x1fa65e140 incremental_pipeline.cc:791] Discarding reconstruction due to bad initial pair
I20260910 06:19:32.135866 0x1fa65e140 incremental_pipeline.cc:487] => Provided pair is unsuitable for initialization.
I20260910 06:19:32.135868 0x1fa65e140 incremental_pipeline.cc:791] Discarding reconstruction due to bad initial pair
I20260910 06:19:32.136792 0x1fa65e140 incremental_pipeline.cc:487] => Provided pair is unsuitable for initialization.
I20260910 06:19:32.136795 0x1fa65e140 incremental_pipeline.cc:791] Discarding reconstruction due to bad initial pair
I20260910 06:19:32.138348 0x1fa65e140 incremental_pipeline.cc:487] => Provided pair is unsuitable for initialization.
I20260910 06:19:32.138353 0x1fa65e140 incremental_pipeline.cc:791] Discarding reconstruction due to bad initial pair
I20260910 06:19:32.139885 0x1fa65e140 incremental_pipeline.cc:487] => Provided pair is unsuitable for initialization.
I20260910 06:19:32.139888 0x1fa65e140 incremental_pipeline.cc:791] Discarding reconstruction due to bad initial pair
I20260910 06:19:32.141084 0x1fa65e140 incremental_pipeline.cc:487] => Provided pair is unsuitable for initialization.
I20260910 06:19:32.141087 0x1fa65e140 incremental_pipeline.cc:791] Discarding reconstruction due to bad initial pair
I20260910 06:19:32.142728 0x1fa65e140 incremental_pipeline.cc:487] => Provided pair is unsuitable for initialization.
I20260910 06:19:32.142730 0x1fa65e140 incremental_pipeline.cc:791] Discarding reconstruction due to bad initial pair
I20260910 06:19:32.144266 0x1fa65e140 incremental_pipeline.cc:487] => Provided pair is unsuitable for initialization.
I20260910 06:19:32.144269 0x1fa65e140 incremental_pipeline.cc:791] Discarding reconstruction due to bad initial pair
I20260910 06:19:32.145812 0x1fa65e140 incremental_pipeline.cc:487] => Provided pair is unsuitable for initialization.
I20260910 06:19:32.145815 0x1fa65e140 incremental_pipeline.cc:791] Discarding reconstruction due to bad initial pair
I20260910 06:19:32.146784 0x1fa65e140 incremental_pipeline.cc:487] => Provided pair is unsuitable for initialization.
I20260910 06:19:32.146787 0x1fa65e140 incremental_pipeline.cc:791] Discarding reconstruction due to bad initial pair
I20260910 06:19:32.148303 0x1fa65e140 incremental_pipeline.cc:487] => Provided pair is unsuitable for initialization.
I20260910 06:19:32.148306 0x1fa65e140 incremental_pipeline.cc:791] Discarding reconstruction due to bad initial pair
I20260910 06:19:32.149834 0x1fa65e140 incremental_pipeline.cc:487] => Provided pair is unsuitable for initialization.
I20260910 06:19:32.149836 0x1fa65e140 incremental_pipeline.cc:791] Discarding reconstruction due to bad initial pair
I20260910 06:19:32.150902 0x1fa65e140 incremental_pipeline.cc:487] => Provided pair is unsuitable for initialization.
I20260910 06:19:32.150905 0x1fa65e140 incremental_pipeline.cc:791] Discarding reconstruction due to bad initial pair
I20260910 06:19:32.152032 0x1fa65e140 incremental_pipeline.cc:487] => Provided pair is unsuitable for initialization.
I20260910 06:19:32.152034 0x1fa65e140 incremental_pipeline.cc:791] Discarding reconstruction due to bad initial pair
I20260910 06:19:32.153558 0x1fa65e140 incremental_pipeline.cc:487] => Provided pair is unsuitable for initialization.
I20260910 06:19:32.153560 0x1fa65e140 incremental_pipeline.cc:791] Discarding reconstruction due to bad initial pair
I20260910 06:19:32.154498 0x1fa65e140 incremental_pipeline.cc:487] => Provided pair is unsuitable for initialization.
I20260910 06:19:32.154501 0x1fa65e140 incremental_pipeline.cc:791] Discarding reconstruction due to bad initial pair
I20260910 06:19:32.155380 0x1fa65e140 incremental_pipeline.cc:487] => Provided pair is unsuitable for initialization.
I20260910 06:19:32.155383 0x1fa65e140 incremental_pipeline.cc:791] Discarding reconstruction due to bad initial pair
I20260910 06:19:32.156410 0x1fa65e140 incremental_pipeline.cc:487] => Provided pair is unsuitable for initialization.
I20260910 06:19:32.156412 0x1fa65e140 incremental_pipeline.cc:791] Discarding reconstruction due to bad initial pair
I20260910 06:19:32.157963 0x1fa65e140 incremental_pipeline.cc:487] => Provided pair is unsuitable for initialization.
I20260910 06:19:32.157965 0x1fa65e140 incremental_pipeline.cc:791] Discarding reconstruction due to bad initial pair
I20260910 06:19:32.158976 0x1fa65e140 incremental_pipeline.cc:487] => Provided pair is unsuitable for initialization.
I20260910 06:19:32.158978 0x1fa65e140 incremental_pipeline.cc:791] Discarding reconstruction due to bad initial pair
I20260910 06:19:32.159865 0x1fa65e140 incremental_pipeline.cc:487] => Provided pair is unsuitable for initialization.
I20260910 06:19:32.159869 0x1fa65e140 incremental_pipeline.cc:791] Discarding reconstruction due to bad initial pair
I20260910 06:19:32.160784 0x1fa65e140 incremental_pipeline.cc:487] => Provided pair is unsuitable for initialization.
I20260910 06:19:32.160787 0x1fa65e140 incremental_pipeline.cc:791] Discarding reconstruction due to bad initial pair
I20260910 06:19:32.163168 0x1fa65e140 incremental_pipeline.cc:487] => Provided pair is unsuitable for initialization.
I20260910 06:19:32.163170 0x1fa65e140 incremental_pipeline.cc:791] Discarding reconstruction due to bad initial pair
I20260910 06:19:32.164151 0x1fa65e140 incremental_pipeline.cc:487] => Provided pair is unsuitable for initialization.
I20260910 06:19:32.164153 0x1fa65e140 incremental_pipeline.cc:791] Discarding reconstruction due to bad initial pair
I20260910 06:19:32.165242 0x1fa65e140 incremental_pipeline.cc:487] => Provided pair is unsuitable for initialization.
I20260910 06:19:32.165245 0x1fa65e140 incremental_pipeline.cc:791] Discarding reconstruction due to bad initial pair
I20260910 06:19:32.166789 0x1fa65e140 incremental_pipeline.cc:487] => Provided pair is unsuitable for initialization.
I20260910 06:19:32.166791 0x1fa65e140 incremental_pipeline.cc:791] Discarding reconstruction due to bad initial pair
I20260910 06:19:32.168412 0x1fa65e140 incremental_pipeline.cc:487] => Provided pair is unsuitable for initialization.
I20260910 06:19:32.168417 0x1fa65e140 incremental_pipeline.cc:791] Discarding reconstruction due to bad initial pair
I20260910 06:19:32.169939 0x1fa65e140 incremental_pipeline.cc:487] => Provided pair is unsuitable for initialization.
I20260910 06:19:32.169946 0x1fa65e140 incremental_pipeline.cc:791] Discarding reconstruction due to bad initial pair
I20260910 06:19:32.170818 0x1fa65e140 incremental_pipeline.cc:487] => Provided pair is unsuitable for initialization.
I20260910 06:19:32.170821 0x1fa65e140 incremental_pipeline.cc:791] Discarding reconstruction due to bad initial pair
I20260910 06:19:32.171683 0x1fa65e140 incremental_pipeline.cc:487] => Provided pair is unsuitable for initialization.
I20260910 06:19:32.171686 0x1fa65e140 incremental_pipeline.cc:791] Discarding reconstruction due to bad initial pair
I20260910 06:19:32.174004 0x1fa65e140 incremental_pipeline.cc:487] => Provided pair is unsuitable for initialization.
I20260910 06:19:32.174007 0x1fa65e140 incremental_pipeline.cc:791] Discarding reconstruction due to bad initial pair
I20260910 06:19:32.174909 0x1fa65e140 incremental_pipeline.cc:487] => Provided pair is unsuitable for initialization.
I20260910 06:19:32.174911 0x1fa65e140 incremental_pipeline.cc:791] Discarding reconstruction due to bad initial pair
I20260910 06:19:32.176089 0x1fa65e140 incremental_pipeline.cc:487] => Provided pair is unsuitable for initialization.
I20260910 06:19:32.176091 0x1fa65e140 incremental_pipeline.cc:791] Discarding reconstruction due to bad initial pair
I20260910 06:19:32.177065 0x1fa65e140 incremental_pipeline.cc:487] => Provided pair is unsuitable for initialization.
I20260910 06:19:32.177067 0x1fa65e140 incremental_pipeline.cc:791] Discarding reconstruction due to bad initial pair
I20260910 06:19:32.178104 0x1fa65e140 incremental_pipeline.cc:487] => Provided pair is unsuitable for initialization.
I20260910 06:19:32.178106 0x1fa65e140 incremental_pipeline.cc:791] Discarding reconstruction due to bad initial pair
I20260910 06:19:32.179160 0x1fa65e140 incremental_pipeline.cc:487] => Provided pair is unsuitable for initialization.
I20260910 06:19:32.179163 0x1fa65e140 incremental_pipeline.cc:791] Discarding reconstruction due to bad initial pair
I20260910 06:19:32.180647 0x1fa65e140 incremental_pipeline.cc:487] => Provided pair is unsuitable for initialization.
I20260910 06:19:32.180650 0x1fa65e140 incremental_pipeline.cc:791] Discarding reconstruction due to bad initial pair
I20260910 06:19:32.182158 0x1fa65e140 incremental_pipeline.cc:487] => Provided pair is unsuitable for initialization.
I20260910 06:19:32.182161 0x1fa65e140 incremental_pipeline.cc:791] Discarding reconstruction due to bad initial pair
I20260910 06:19:32.183149 0x1fa65e140 incremental_pipeline.cc:487] => Provided pair is unsuitable for initialization.
I20260910 06:19:32.183152 0x1fa65e140 incremental_pipeline.cc:791] Discarding reconstruction due to bad initial pair
I20260910 06:19:32.184653 0x1fa65e140 incremental_pipeline.cc:487] => Provided pair is unsuitable for initialization.
I20260910 06:19:32.184656 0x1fa65e140 incremental_pipeline.cc:791] Discarding reconstruction due to bad initial pair
I20260910 06:19:32.185559 0x1fa65e140 incremental_pipeline.cc:487] => Provided pair is unsuitable for initialization.
I20260910 06:19:32.185561 0x1fa65e140 incremental_pipeline.cc:791] Discarding reconstruction due to bad initial pair
I20260910 06:19:32.186506 0x1fa65e140 incremental_pipeline.cc:487] => Provided pair is unsuitable for initialization.
I20260910 06:19:32.186509 0x1fa65e140 incremental_pipeline.cc:791] Discarding reconstruction due to bad initial pair
I20260910 06:19:32.187477 0x1fa65e140 incremental_pipeline.cc:487] => Provided pair is unsuitable for initialization.
I20260910 06:19:32.187480 0x1fa65e140 incremental_pipeline.cc:791] Discarding reconstruction due to bad initial pair
I20260910 06:19:32.188477 0x1fa65e140 incremental_pipeline.cc:487] => Provided pair is unsuitable for initialization.
I20260910 06:19:32.188480 0x1fa65e140 incremental_pipeline.cc:791] Discarding reconstruction due to bad initial pair
I20260910 06:19:32.190463 0x1fa65e140 incremental_pipeline.cc:487] => Provided pair is unsuitable for initialization.
I20260910 06:19:32.190466 0x1fa65e140 incremental_pipeline.cc:791] Discarding reconstruction due to bad initial pair
I20260910 06:19:32.192022 0x1fa65e140 incremental_pipeline.cc:487] => Provided pair is unsuitable for initialization.
I20260910 06:19:32.192025 0x1fa65e140 incremental_pipeline.cc:791] Discarding reconstruction due to bad initial pair
I20260910 06:19:32.193577 0x1fa65e140 incremental_pipeline.cc:487] => Provided pair is unsuitable for initialization.
I20260910 06:19:32.193580 0x1fa65e140 incremental_pipeline.cc:791] Discarding reconstruction due to bad initial pair
I20260910 06:19:32.194938 0x1fa65e140 incremental_pipeline.cc:487] => Provided pair is unsuitable for initialization.
I20260910 06:19:32.194940 0x1fa65e140 incremental_pipeline.cc:791] Discarding reconstruction due to bad initial pair
I20260910 06:19:32.195886 0x1fa65e140 incremental_pipeline.cc:487] => Provided pair is unsuitable for initialization.
I20260910 06:19:32.195889 0x1fa65e140 incremental_pipeline.cc:791] Discarding reconstruction due to bad initial pair
I20260910 06:19:32.196938 0x1fa65e140 incremental_pipeline.cc:487] => Provided pair is unsuitable for initialization.
I20260910 06:19:32.196940 0x1fa65e140 incremental_pipeline.cc:791] Discarding reconstruction due to bad initial pair
I20260910 06:19:32.197830 0x1fa65e140 incremental_pipeline.cc:487] => Provided pair is unsuitable for initialization.
I20260910 06:19:32.197833 0x1fa65e140 incremental_pipeline.cc:791] Discarding reconstruction due to bad initial pair
I20260910 06:19:32.198755 0x1fa65e140 incremental_pipeline.cc:487] => Provided pair is unsuitable for initialization.
I20260910 06:19:32.198757 0x1fa65e140 incremental_pipeline.cc:791] Discarding reconstruction due to bad initial pair
I20260910 06:19:32.199636 0x1fa65e140 incremental_pipeline.cc:487] => Provided pair is unsuitable for initialization.
I20260910 06:19:32.199638 0x1fa65e140 incremental_pipeline.cc:791] Discarding reconstruction due to bad initial pair
I20260910 06:19:32.201356 0x1fa65e140 incremental_pipeline.cc:487] => Provided pair is unsuitable for initialization.
I20260910 06:19:32.201359 0x1fa65e140 incremental_pipeline.cc:791] Discarding reconstruction due to bad initial pair
I20260910 06:19:32.202259 0x1fa65e140 incremental_pipeline.cc:487] => Provided pair is unsuitable for initialization.
I20260910 06:19:32.202262 0x1fa65e140 incremental_pipeline.cc:791] Discarding reconstruction due to bad initial pair
I20260910 06:19:32.203200 0x1fa65e140 incremental_pipeline.cc:487] => Provided pair is unsuitable for initialization.
I20260910 06:19:32.203203 0x1fa65e140 incremental_pipeline.cc:791] Discarding reconstruction due to bad initial pair
I20260910 06:19:32.204103 0x1fa65e140 incremental_pipeline.cc:487] => Provided pair is unsuitable for initialization.
I20260910 06:19:32.204106 0x1fa65e140 incremental_pipeline.cc:791] Discarding reconstruction due to bad initial pair
I20260910 06:19:32.205216 0x1fa65e140 incremental_pipeline.cc:487] => Provided pair is unsuitable for initialization.
I20260910 06:19:32.205219 0x1fa65e140 incremental_pipeline.cc:791] Discarding reconstruction due to bad initial pair
I20260910 06:19:32.205222 0x1fa65e140 incremental_pipeline.cc:429] => Relaxing the initialization constraints.
I20260910 06:19:32.206778 0x1fa65e140 incremental_pipeline.cc:492] Registering initial image pair #1 and #2
I20260910 06:19:32.206944 0x1fa65e140 incremental_pipeline.cc:510] Global bundle adjustment
I20260910 06:19:32.212860 0x1fa65e140 incremental_pipeline.cc:791] Discarding reconstruction due to bad initial pair
I20260910 06:19:32.214550 0x1fa65e140 incremental_pipeline.cc:487] => Provided pair is unsuitable for initialization.
I20260910 06:19:32.214554 0x1fa65e140 incremental_pipeline.cc:791] Discarding reconstruction due to bad initial pair
I20260910 06:19:32.215681 0x1fa65e140 incremental_pipeline.cc:492] Registering initial image pair #1 and #2
I20260910 06:19:32.215786 0x1fa65e140 incremental_pipeline.cc:510] Global bundle adjustment
I20260910 06:19:32.215833 0x1fa65e140 incremental_pipeline.cc:791] Discarding reconstruction due to bad initial pair
I20260910 06:19:32.217463 0x1fa65e140 incremental_pipeline.cc:487] => Provided pair is unsuitable for initialization.
I20260910 06:19:32.217466 0x1fa65e140 incremental_pipeline.cc:791] Discarding reconstruction due to bad initial pair
I20260910 06:19:32.218487 0x1fa65e140 incremental_pipeline.cc:492] Registering initial image pair #1 and #2
I20260910 06:19:32.218589 0x1fa65e140 incremental_pipeline.cc:510] Global bundle adjustment
I20260910 06:19:32.218628 0x1fa65e140 incremental_pipeline.cc:791] Discarding reconstruction due to bad initial pair
I20260910 06:19:32.219578 0x1fa65e140 incremental_pipeline.cc:492] Registering initial image pair #1 and #2
I20260910 06:19:32.219679 0x1fa65e140 incremental_pipeline.cc:510] Global bundle adjustment
I20260910 06:19:32.219712 0x1fa65e140 incremental_pipeline.cc:791] Discarding reconstruction due to bad initial pair
I20260910 06:19:32.220864 0x1fa65e140 incremental_pipeline.cc:487] => Provided pair is unsuitable for initialization.
I20260910 06:19:32.220866 0x1fa65e140 incremental_pipeline.cc:791] Discarding reconstruction due to bad initial pair
I20260910 06:19:32.222420 0x1fa65e140 incremental_pipeline.cc:487] => Provided pair is unsuitable for initialization.
I20260910 06:19:32.222423 0x1fa65e140 incremental_pipeline.cc:791] Discarding reconstruction due to bad initial pair
I20260910 06:19:32.223938 0x1fa65e140 incremental_pipeline.cc:487] => Provided pair is unsuitable for initialization.
I20260910 06:19:32.223941 0x1fa65e140 incremental_pipeline.cc:791] Discarding reconstruction due to bad initial pair
I20260910 06:19:32.224837 0x1fa65e140 incremental_pipeline.cc:487] => Provided pair is unsuitable for initialization.
I20260910 06:19:32.224839 0x1fa65e140 incremental_pipeline.cc:791] Discarding reconstruction due to bad initial pair
I20260910 06:19:32.226423 0x1fa65e140 incremental_pipeline.cc:487] => Provided pair is unsuitable for initialization.
I20260910 06:19:32.226426 0x1fa65e140 incremental_pipeline.cc:791] Discarding reconstruction due to bad initial pair
I20260910 06:19:32.227588 0x1fa65e140 incremental_pipeline.cc:487] => Provided pair is unsuitable for initialization.
I20260910 06:19:32.227591 0x1fa65e140 incremental_pipeline.cc:791] Discarding reconstruction due to bad initial pair
I20260910 06:19:32.228524 0x1fa65e140 incremental_pipeline.cc:492] Registering initial image pair #1 and #2
I20260910 06:19:32.228626 0x1fa65e140 incremental_pipeline.cc:510] Global bundle adjustment
I20260910 06:19:32.228664 0x1fa65e140 incremental_pipeline.cc:791] Discarding reconstruction due to bad initial pair
I20260910 06:19:32.229572 0x1fa65e140 incremental_pipeline.cc:487] => Provided pair is unsuitable for initialization.
I20260910 06:19:32.229575 0x1fa65e140 incremental_pipeline.cc:791] Discarding reconstruction due to bad initial pair
I20260910 06:19:32.230570 0x1fa65e140 incremental_pipeline.cc:492] Registering initial image pair #1 and #2
I20260910 06:19:32.230671 0x1fa65e140 incremental_pipeline.cc:510] Global bundle adjustment
I20260910 06:19:32.230707 0x1fa65e140 incremental_pipeline.cc:791] Discarding reconstruction due to bad initial pair
I20260910 06:19:32.232254 0x1fa65e140 incremental_pipeline.cc:492] Registering initial image pair #1 and #2
I20260910 06:19:32.232353 0x1fa65e140 incremental_pipeline.cc:510] Global bundle adjustment
I20260910 06:19:32.232388 0x1fa65e140 incremental_pipeline.cc:791] Discarding reconstruction due to bad initial pair
I20260910 06:19:32.234066 0x1fa65e140 incremental_pipeline.cc:487] => Provided pair is unsuitable for initialization.
I20260910 06:19:32.234068 0x1fa65e140 incremental_pipeline.cc:791] Discarding reconstruction due to bad initial pair
I20260910 06:19:32.235607 0x1fa65e140 incremental_pipeline.cc:492] Registering initial image pair #1 and #2
I20260910 06:19:32.235708 0x1fa65e140 incremental_pipeline.cc:510] Global bundle adjustment
I20260910 06:19:32.235742 0x1fa65e140 incremental_pipeline.cc:791] Discarding reconstruction due to bad initial pair
I20260910 06:19:32.237303 0x1fa65e140 incremental_pipeline.cc:487] => Provided pair is unsuitable for initialization.
I20260910 06:19:32.237313 0x1fa65e140 incremental_pipeline.cc:791] Discarding reconstruction due to bad initial pair
I20260910 06:19:32.238215 0x1fa65e140 incremental_pipeline.cc:487] => Provided pair is unsuitable for initialization.
I20260910 06:19:32.238217 0x1fa65e140 incremental_pipeline.cc:791] Discarding reconstruction due to bad initial pair
I20260910 06:19:32.239366 0x1fa65e140 incremental_pipeline.cc:487] => Provided pair is unsuitable for initialization.
I20260910 06:19:32.239369 0x1fa65e140 incremental_pipeline.cc:791] Discarding reconstruction due to bad initial pair
I20260910 06:19:32.240886 0x1fa65e140 incremental_pipeline.cc:487] => Provided pair is unsuitable for initialization.
I20260910 06:19:32.240888 0x1fa65e140 incremental_pipeline.cc:791] Discarding reconstruction due to bad initial pair
I20260910 06:19:32.242143 0x1fa65e140 incremental_pipeline.cc:487] => Provided pair is unsuitable for initialization.
I20260910 06:19:32.242146 0x1fa65e140 incremental_pipeline.cc:791] Discarding reconstruction due to bad initial pair
I20260910 06:19:32.243447 0x1fa65e140 incremental_pipeline.cc:487] => Provided pair is unsuitable for initialization.
I20260910 06:19:32.243450 0x1fa65e140 incremental_pipeline.cc:791] Discarding reconstruction due to bad initial pair
I20260910 06:19:32.244979 0x1fa65e140 incremental_pipeline.cc:492] Registering initial image pair #1 and #2
I20260910 06:19:32.245080 0x1fa65e140 incremental_pipeline.cc:510] Global bundle adjustment
I20260910 06:19:32.245114 0x1fa65e140 incremental_pipeline.cc:791] Discarding reconstruction due to bad initial pair
I20260910 06:19:32.246171 0x1fa65e140 incremental_pipeline.cc:492] Registering initial image pair #1 and #2
I20260910 06:19:32.246269 0x1fa65e140 incremental_pipeline.cc:510] Global bundle adjustment
I20260910 06:19:32.246305 0x1fa65e140 incremental_pipeline.cc:791] Discarding reconstruction due to bad initial pair
I20260910 06:19:32.247204 0x1fa65e140 incremental_pipeline.cc:492] Registering initial image pair #1 and #2
I20260910 06:19:32.247305 0x1fa65e140 incremental_pipeline.cc:510] Global bundle adjustment
I20260910 06:19:32.247342 0x1fa65e140 incremental_pipeline.cc:791] Discarding reconstruction due to bad initial pair
I20260910 06:19:32.249000 0x1fa65e140 incremental_pipeline.cc:487] => Provided pair is unsuitable for initialization.
I20260910 06:19:32.249002 0x1fa65e140 incremental_pipeline.cc:791] Discarding reconstruction due to bad initial pair
I20260910 06:19:32.249987 0x1fa65e140 incremental_pipeline.cc:487] => Provided pair is unsuitable for initialization.
I20260910 06:19:32.249990 0x1fa65e140 incremental_pipeline.cc:791] Discarding reconstruction due to bad initial pair
I20260910 06:19:32.251489 0x1fa65e140 incremental_pipeline.cc:492] Registering initial image pair #1 and #2
I20260910 06:19:32.251590 0x1fa65e140 incremental_pipeline.cc:510] Global bundle adjustment
I20260910 06:19:32.251621 0x1fa65e140 incremental_pipeline.cc:791] Discarding reconstruction due to bad initial pair
I20260910 06:19:32.253514 0x1fa65e140 incremental_pipeline.cc:487] => Provided pair is unsuitable for initialization.
I20260910 06:19:32.253517 0x1fa65e140 incremental_pipeline.cc:791] Discarding reconstruction due to bad initial pair
I20260910 06:19:32.254421 0x1fa65e140 incremental_pipeline.cc:492] Registering initial image pair #1 and #2
I20260910 06:19:32.254522 0x1fa65e140 incremental_pipeline.cc:510] Global bundle adjustment
I20260910 06:19:32.254558 0x1fa65e140 incremental_pipeline.cc:791] Discarding reconstruction due to bad initial pair
I20260910 06:19:32.255619 0x1fa65e140 incremental_pipeline.cc:487] => Provided pair is unsuitable for initialization.
I20260910 06:19:32.255621 0x1fa65e140 incremental_pipeline.cc:791] Discarding reconstruction due to bad initial pair
I20260910 06:19:32.257380 0x1fa65e140 incremental_pipeline.cc:492] Registering initial image pair #1 and #2
I20260910 06:19:32.257481 0x1fa65e140 incremental_pipeline.cc:510] Global bundle adjustment
I20260910 06:19:32.257522 0x1fa65e140 incremental_pipeline.cc:791] Discarding reconstruction due to bad initial pair
I20260910 06:19:32.259059 0x1fa65e140 incremental_pipeline.cc:492] Registering initial image pair #1 and #2
I20260910 06:19:32.259158 0x1fa65e140 incremental_pipeline.cc:510] Global bundle adjustment
I20260910 06:19:32.259191 0x1fa65e140 incremental_pipeline.cc:791] Discarding reconstruction due to bad initial pair
I20260910 06:19:32.260806 0x1fa65e140 incremental_pipeline.cc:487] => Provided pair is unsuitable for initialization.
I20260910 06:19:32.260809 0x1fa65e140 incremental_pipeline.cc:791] Discarding reconstruction due to bad initial pair
I20260910 06:19:32.262688 0x1fa65e140 incremental_pipeline.cc:492] Registering initial image pair #1 and #2
I20260910 06:19:32.262787 0x1fa65e140 incremental_pipeline.cc:510] Global bundle adjustment
I20260910 06:19:32.262821 0x1fa65e140 incremental_pipeline.cc:791] Discarding reconstruction due to bad initial pair
I20260910 06:19:32.263788 0x1fa65e140 incremental_pipeline.cc:492] Registering initial image pair #1 and #2
I20260910 06:19:32.263889 0x1fa65e140 incremental_pipeline.cc:510] Global bundle adjustment
I20260910 06:19:32.263924 0x1fa65e140 incremental_pipeline.cc:791] Discarding reconstruction due to bad initial pair
I20260910 06:19:32.264957 0x1fa65e140 incremental_pipeline.cc:487] => Provided pair is unsuitable for initialization.
I20260910 06:19:32.264960 0x1fa65e140 incremental_pipeline.cc:791] Discarding reconstruction due to bad initial pair
I20260910 06:19:32.265804 0x1fa65e140 incremental_pipeline.cc:487] => Provided pair is unsuitable for initialization.
I20260910 06:19:32.265806 0x1fa65e140 incremental_pipeline.cc:791] Discarding reconstruction due to bad initial pair
I20260910 06:19:32.267341 0x1fa65e140 incremental_pipeline.cc:487] => Provided pair is unsuitable for initialization.
I20260910 06:19:32.267343 0x1fa65e140 incremental_pipeline.cc:791] Discarding reconstruction due to bad initial pair
I20260910 06:19:32.268867 0x1fa65e140 incremental_pipeline.cc:487] => Provided pair is unsuitable for initialization.
I20260910 06:19:32.268870 0x1fa65e140 incremental_pipeline.cc:791] Discarding reconstruction due to bad initial pair
I20260910 06:19:32.270110 0x1fa65e140 incremental_pipeline.cc:487] => Provided pair is unsuitable for initialization.
I20260910 06:19:32.270113 0x1fa65e140 incremental_pipeline.cc:791] Discarding reconstruction due to bad initial pair
I20260910 06:19:32.270949 0x1fa65e140 incremental_pipeline.cc:492] Registering initial image pair #1 and #2
I20260910 06:19:32.271051 0x1fa65e140 incremental_pipeline.cc:510] Global bundle adjustment
I20260910 06:19:32.271086 0x1fa65e140 incremental_pipeline.cc:791] Discarding reconstruction due to bad initial pair
I20260910 06:19:32.272282 0x1fa65e140 incremental_pipeline.cc:487] => Provided pair is unsuitable for initialization.
I20260910 06:19:32.272284 0x1fa65e140 incremental_pipeline.cc:791] Discarding reconstruction due to bad initial pair
I20260910 06:19:32.273291 0x1fa65e140 incremental_pipeline.cc:487] => Provided pair is unsuitable for initialization.
I20260910 06:19:32.273294 0x1fa65e140 incremental_pipeline.cc:791] Discarding reconstruction due to bad initial pair
I20260910 06:19:32.274284 0x1fa65e140 incremental_pipeline.cc:492] Registering initial image pair #1 and #2
I20260910 06:19:32.274383 0x1fa65e140 incremental_pipeline.cc:510] Global bundle adjustment
I20260910 06:19:32.274417 0x1fa65e140 incremental_pipeline.cc:791] Discarding reconstruction due to bad initial pair
I20260910 06:19:32.276079 0x1fa65e140 incremental_pipeline.cc:487] => Provided pair is unsuitable for initialization.
I20260910 06:19:32.276081 0x1fa65e140 incremental_pipeline.cc:791] Discarding reconstruction due to bad initial pair
I20260910 06:19:32.277625 0x1fa65e140 incremental_pipeline.cc:492] Registering initial image pair #1 and #2
I20260910 06:19:32.277726 0x1fa65e140 incremental_pipeline.cc:510] Global bundle adjustment
I20260910 06:19:32.277760 0x1fa65e140 incremental_pipeline.cc:791] Discarding reconstruction due to bad initial pair
I20260910 06:19:32.279332 0x1fa65e140 incremental_pipeline.cc:487] => Provided pair is unsuitable for initialization.
I20260910 06:19:32.279335 0x1fa65e140 incremental_pipeline.cc:791] Discarding reconstruction due to bad initial pair
I20260910 06:19:32.280863 0x1fa65e140 incremental_pipeline.cc:487] => Provided pair is unsuitable for initialization.
I20260910 06:19:32.280866 0x1fa65e140 incremental_pipeline.cc:791] Discarding reconstruction due to bad initial pair
I20260910 06:19:32.281739 0x1fa65e140 incremental_pipeline.cc:487] => Provided pair is unsuitable for initialization.
I20260910 06:19:32.281742 0x1fa65e140 incremental_pipeline.cc:791] Discarding reconstruction due to bad initial pair
I20260910 06:19:32.283369 0x1fa65e140 incremental_pipeline.cc:492] Registering initial image pair #1 and #2
I20260910 06:19:32.283470 0x1fa65e140 incremental_pipeline.cc:510] Global bundle adjustment
I20260910 06:19:32.283505 0x1fa65e140 incremental_pipeline.cc:791] Discarding reconstruction due to bad initial pair
I20260910 06:19:32.285117 0x1fa65e140 incremental_pipeline.cc:487] => Provided pair is unsuitable for initialization.
I20260910 06:19:32.285120 0x1fa65e140 incremental_pipeline.cc:791] Discarding reconstruction due to bad initial pair
I20260910 06:19:32.286146 0x1fa65e140 incremental_pipeline.cc:487] => Provided pair is unsuitable for initialization.
I20260910 06:19:32.286148 0x1fa65e140 incremental_pipeline.cc:791] Discarding reconstruction due to bad initial pair
I20260910 06:19:32.287051 0x1fa65e140 incremental_pipeline.cc:492] Registering initial image pair #1 and #2
I20260910 06:19:32.287152 0x1fa65e140 incremental_pipeline.cc:510] Global bundle adjustment
I20260910 06:19:32.287186 0x1fa65e140 incremental_pipeline.cc:791] Discarding reconstruction due to bad initial pair
I20260910 06:19:32.288125 0x1fa65e140 incremental_pipeline.cc:487] => Provided pair is unsuitable for initialization.
I20260910 06:19:32.288128 0x1fa65e140 incremental_pipeline.cc:791] Discarding reconstruction due to bad initial pair
I20260910 06:19:32.289652 0x1fa65e140 incremental_pipeline.cc:492] Registering initial image pair #1 and #2
I20260910 06:19:32.289751 0x1fa65e140 incremental_pipeline.cc:510] Global bundle adjustment
I20260910 06:19:32.289783 0x1fa65e140 incremental_pipeline.cc:791] Discarding reconstruction due to bad initial pair
I20260910 06:19:32.290694 0x1fa65e140 incremental_pipeline.cc:487] => Provided pair is unsuitable for initialization.
I20260910 06:19:32.290697 0x1fa65e140 incremental_pipeline.cc:791] Discarding reconstruction due to bad initial pair
I20260910 06:19:32.292216 0x1fa65e140 incremental_pipeline.cc:487] => Provided pair is unsuitable for initialization.
I20260910 06:19:32.292219 0x1fa65e140 incremental_pipeline.cc:791] Discarding reconstruction due to bad initial pair
I20260910 06:19:32.293310 0x1fa65e140 incremental_pipeline.cc:492] Registering initial image pair #1 and #2
I20260910 06:19:32.293411 0x1fa65e140 incremental_pipeline.cc:510] Global bundle adjustment
I20260910 06:19:32.293444 0x1fa65e140 incremental_pipeline.cc:791] Discarding reconstruction due to bad initial pair
I20260910 06:19:32.294510 0x1fa65e140 incremental_pipeline.cc:492] Registering initial image pair #1 and #2
I20260910 06:19:32.294614 0x1fa65e140 incremental_pipeline.cc:510] Global bundle adjustment
I20260910 06:19:32.294647 0x1fa65e140 incremental_pipeline.cc:791] Discarding reconstruction due to bad initial pair
I20260910 06:19:32.295715 0x1fa65e140 incremental_pipeline.cc:492] Registering initial image pair #1 and #2
I20260910 06:19:32.295816 0x1fa65e140 incremental_pipeline.cc:510] Global bundle adjustment
I20260910 06:19:32.295851 0x1fa65e140 incremental_pipeline.cc:791] Discarding reconstruction due to bad initial pair
I20260910 06:19:32.296975 0x1fa65e140 incremental_pipeline.cc:492] Registering initial image pair #1 and #2
I20260910 06:19:32.297077 0x1fa65e140 incremental_pipeline.cc:510] Global bundle adjustment
I20260910 06:19:32.297111 0x1fa65e140 incremental_pipeline.cc:791] Discarding reconstruction due to bad initial pair
I20260910 06:19:32.298104 0x1fa65e140 incremental_pipeline.cc:492] Registering initial image pair #1 and #2
I20260910 06:19:32.298206 0x1fa65e140 incremental_pipeline.cc:510] Global bundle adjustment
I20260910 06:19:32.298239 0x1fa65e140 incremental_pipeline.cc:791] Discarding reconstruction due to bad initial pair
I20260910 06:19:32.299208 0x1fa65e140 incremental_pipeline.cc:487] => Provided pair is unsuitable for initialization.
I20260910 06:19:32.299210 0x1fa65e140 incremental_pipeline.cc:791] Discarding reconstruction due to bad initial pair
I20260910 06:19:32.300108 0x1fa65e140 incremental_pipeline.cc:487] => Provided pair is unsuitable for initialization.
I20260910 06:19:32.300110 0x1fa65e140 incremental_pipeline.cc:791] Discarding reconstruction due to bad initial pair
I20260910 06:19:32.301033 0x1fa65e140 incremental_pipeline.cc:487] => Provided pair is unsuitable for initialization.
I20260910 06:19:32.301035 0x1fa65e140 incremental_pipeline.cc:791] Discarding reconstruction due to bad initial pair
I20260910 06:19:32.302075 0x1fa65e140 incremental_pipeline.cc:492] Registering initial image pair #1 and #2
I20260910 06:19:32.302176 0x1fa65e140 incremental_pipeline.cc:510] Global bundle adjustment
I20260910 06:19:32.302213 0x1fa65e140 incremental_pipeline.cc:791] Discarding reconstruction due to bad initial pair
I20260910 06:19:32.303733 0x1fa65e140 incremental_pipeline.cc:487] => Provided pair is unsuitable for initialization.
I20260910 06:19:32.303736 0x1fa65e140 incremental_pipeline.cc:791] Discarding reconstruction due to bad initial pair
I20260910 06:19:32.304735 0x1fa65e140 incremental_pipeline.cc:492] Registering initial image pair #1 and #2
I20260910 06:19:32.304836 0x1fa65e140 incremental_pipeline.cc:510] Global bundle adjustment
I20260910 06:19:32.304870 0x1fa65e140 incremental_pipeline.cc:791] Discarding reconstruction due to bad initial pair
I20260910 06:19:32.305782 0x1fa65e140 incremental_pipeline.cc:492] Registering initial image pair #1 and #2
I20260910 06:19:32.305884 0x1fa65e140 incremental_pipeline.cc:510] Global bundle adjustment
I20260910 06:19:32.305915 0x1fa65e140 incremental_pipeline.cc:791] Discarding reconstruction due to bad initial pair
I20260910 06:19:32.307497 0x1fa65e140 incremental_pipeline.cc:492] Registering initial image pair #1 and #2
I20260910 06:19:32.307598 0x1fa65e140 incremental_pipeline.cc:510] Global bundle adjustment
I20260910 06:19:32.307633 0x1fa65e140 incremental_pipeline.cc:791] Discarding reconstruction due to bad initial pair
I20260910 06:19:32.308521 0x1fa65e140 incremental_pipeline.cc:492] Registering initial image pair #1 and #2
I20260910 06:19:32.308622 0x1fa65e140 incremental_pipeline.cc:510] Global bundle adjustment
I20260910 06:19:32.308656 0x1fa65e140 incremental_pipeline.cc:791] Discarding reconstruction due to bad initial pair
I20260910 06:19:32.309952 0x1fa65e140 incremental_pipeline.cc:492] Registering initial image pair #1 and #2
I20260910 06:19:32.310054 0x1fa65e140 incremental_pipeline.cc:510] Global bundle adjustment
I20260910 06:19:32.310089 0x1fa65e140 incremental_pipeline.cc:791] Discarding reconstruction due to bad initial pair
I20260910 06:19:32.311124 0x1fa65e140 incremental_pipeline.cc:492] Registering initial image pair #1 and #2
I20260910 06:19:32.311225 0x1fa65e140 incremental_pipeline.cc:510] Global bundle adjustment
I20260910 06:19:32.311258 0x1fa65e140 incremental_pipeline.cc:791] Discarding reconstruction due to bad initial pair
I20260910 06:19:32.312403 0x1fa65e140 incremental_pipeline.cc:492] Registering initial image pair #1 and #2
I20260910 06:19:32.312503 0x1fa65e140 incremental_pipeline.cc:510] Global bundle adjustment
I20260910 06:19:32.312538 0x1fa65e140 incremental_pipeline.cc:791] Discarding reconstruction due to bad initial pair
I20260910 06:19:32.313609 0x1fa65e140 incremental_pipeline.cc:487] => Provided pair is unsuitable for initialization.
I20260910 06:19:32.313612 0x1fa65e140 incremental_pipeline.cc:791] Discarding reconstruction due to bad initial pair
I20260910 06:19:32.314660 0x1fa65e140 incremental_pipeline.cc:492] Registering initial image pair #1 and #2
I20260910 06:19:32.314767 0x1fa65e140 incremental_pipeline.cc:510] Global bundle adjustment
I20260910 06:19:32.314804 0x1fa65e140 incremental_pipeline.cc:791] Discarding reconstruction due to bad initial pair
I20260910 06:19:32.315734 0x1fa65e140 incremental_pipeline.cc:487] => Provided pair is unsuitable for initialization.
I20260910 06:19:32.315736 0x1fa65e140 incremental_pipeline.cc:791] Discarding reconstruction due to bad initial pair
I20260910 06:19:32.316624 0x1fa65e140 incremental_pipeline.cc:487] => Provided pair is unsuitable for initialization.
I20260910 06:19:32.316627 0x1fa65e140 incremental_pipeline.cc:791] Discarding reconstruction due to bad initial pair
I20260910 06:19:32.317551 0x1fa65e140 incremental_pipeline.cc:487] => Provided pair is unsuitable for initialization.
I20260910 06:19:32.317553 0x1fa65e140 incremental_pipeline.cc:791] Discarding reconstruction due to bad initial pair
I20260910 06:19:32.319065 0x1fa65e140 incremental_pipeline.cc:487] => Provided pair is unsuitable for initialization.
I20260910 06:19:32.319067 0x1fa65e140 incremental_pipeline.cc:791] Discarding reconstruction due to bad initial pair
I20260910 06:19:32.320623 0x1fa65e140 incremental_pipeline.cc:492] Registering initial image pair #1 and #2
I20260910 06:19:32.320722 0x1fa65e140 incremental_pipeline.cc:510] Global bundle adjustment
I20260910 06:19:32.320756 0x1fa65e140 incremental_pipeline.cc:791] Discarding reconstruction due to bad initial pair
I20260910 06:19:32.321742 0x1fa65e140 incremental_pipeline.cc:487] => Provided pair is unsuitable for initialization.
I20260910 06:19:32.321745 0x1fa65e140 incremental_pipeline.cc:791] Discarding reconstruction due to bad initial pair
I20260910 06:19:32.323317 0x1fa65e140 incremental_pipeline.cc:487] => Provided pair is unsuitable for initialization.
I20260910 06:19:32.323320 0x1fa65e140 incremental_pipeline.cc:791] Discarding reconstruction due to bad initial pair
I20260910 06:19:32.324875 0x1fa65e140 incremental_pipeline.cc:492] Registering initial image pair #1 and #2
I20260910 06:19:32.324974 0x1fa65e140 incremental_pipeline.cc:510] Global bundle adjustment
I20260910 06:19:32.325007 0x1fa65e140 incremental_pipeline.cc:791] Discarding reconstruction due to bad initial pair
I20260910 06:19:32.325869 0x1fa65e140 incremental_pipeline.cc:487] => Provided pair is unsuitable for initialization.
I20260910 06:19:32.325871 0x1fa65e140 incremental_pipeline.cc:791] Discarding reconstruction due to bad initial pair
I20260910 06:19:32.326737 0x1fa65e140 incremental_pipeline.cc:487] => Provided pair is unsuitable for initialization.
I20260910 06:19:32.326739 0x1fa65e140 incremental_pipeline.cc:791] Discarding reconstruction due to bad initial pair
I20260910 06:19:32.327790 0x1fa65e140 incremental_pipeline.cc:492] Registering initial image pair #1 and #2
I20260910 06:19:32.327891 0x1fa65e140 incremental_pipeline.cc:510] Global bundle adjustment
I20260910 06:19:32.327925 0x1fa65e140 incremental_pipeline.cc:791] Discarding reconstruction due to bad initial pair
I20260910 06:19:32.329503 0x1fa65e140 incremental_pipeline.cc:492] Registering initial image pair #1 and #2
I20260910 06:19:32.329602 0x1fa65e140 incremental_pipeline.cc:510] Global bundle adjustment
I20260910 06:19:32.329636 0x1fa65e140 incremental_pipeline.cc:791] Discarding reconstruction due to bad initial pair
I20260910 06:19:32.330484 0x1fa65e140 incremental_pipeline.cc:487] => Provided pair is unsuitable for initialization.
I20260910 06:19:32.330486 0x1fa65e140 incremental_pipeline.cc:791] Discarding reconstruction due to bad initial pair
I20260910 06:19:32.332049 0x1fa65e140 incremental_pipeline.cc:487] => Provided pair is unsuitable for initialization.
I20260910 06:19:32.332052 0x1fa65e140 incremental_pipeline.cc:791] Discarding reconstruction due to bad initial pair
I20260910 06:19:32.333651 0x1fa65e140 incremental_pipeline.cc:492] Registering initial image pair #1 and #2
I20260910 06:19:32.333752 0x1fa65e140 incremental_pipeline.cc:510] Global bundle adjustment
I20260910 06:19:32.333795 0x1fa65e140 incremental_pipeline.cc:791] Discarding reconstruction due to bad initial pair
I20260910 06:19:32.334977 0x1fa65e140 incremental_pipeline.cc:492] Registering initial image pair #1 and #2
I20260910 06:19:32.335076 0x1fa65e140 incremental_pipeline.cc:510] Global bundle adjustment
I20260910 06:19:32.335112 0x1fa65e140 incremental_pipeline.cc:791] Discarding reconstruction due to bad initial pair
I20260910 06:19:32.335970 0x1fa65e140 incremental_pipeline.cc:492] Registering initial image pair #1 and #2
I20260910 06:19:32.336071 0x1fa65e140 incremental_pipeline.cc:510] Global bundle adjustment
I20260910 06:19:32.336104 0x1fa65e140 incremental_pipeline.cc:791] Discarding reconstruction due to bad initial pair
I20260910 06:19:32.338053 0x1fa65e140 incremental_pipeline.cc:492] Registering initial image pair #1 and #2
I20260910 06:19:32.338152 0x1fa65e140 incremental_pipeline.cc:510] Global bundle adjustment
I20260910 06:19:32.338182 0x1fa65e140 incremental_pipeline.cc:791] Discarding reconstruction due to bad initial pair
I20260910 06:19:32.339770 0x1fa65e140 incremental_pipeline.cc:487] => Provided pair is unsuitable for initialization.
I20260910 06:19:32.339773 0x1fa65e140 incremental_pipeline.cc:791] Discarding reconstruction due to bad initial pair
I20260910 06:19:32.341332 0x1fa65e140 incremental_pipeline.cc:492] Registering initial image pair #1 and #2
I20260910 06:19:32.341433 0x1fa65e140 incremental_pipeline.cc:510] Global bundle adjustment
I20260910 06:19:32.341463 0x1fa65e140 incremental_pipeline.cc:791] Discarding reconstruction due to bad initial pair
I20260910 06:19:32.343034 0x1fa65e140 incremental_pipeline.cc:492] Registering initial image pair #1 and #2
I20260910 06:19:32.343134 0x1fa65e140 incremental_pipeline.cc:510] Global bundle adjustment
I20260910 06:19:32.343166 0x1fa65e140 incremental_pipeline.cc:791] Discarding reconstruction due to bad initial pair
I20260910 06:19:32.344748 0x1fa65e140 incremental_pipeline.cc:492] Registering initial image pair #1 and #2
I20260910 06:19:32.344850 0x1fa65e140 incremental_pipeline.cc:510] Global bundle adjustment
I20260910 06:19:32.344883 0x1fa65e140 incremental_pipeline.cc:791] Discarding reconstruction due to bad initial pair
I20260910 06:19:32.345887 0x1fa65e140 incremental_pipeline.cc:492] Registering initial image pair #1 and #2
I20260910 06:19:32.345987 0x1fa65e140 incremental_pipeline.cc:510] Global bundle adjustment
I20260910 06:19:32.346022 0x1fa65e140 incremental_pipeline.cc:791] Discarding reconstruction due to bad initial pair
I20260910 06:19:32.347192 0x1fa65e140 incremental_pipeline.cc:487] => Provided pair is unsuitable for initialization.
I20260910 06:19:32.347195 0x1fa65e140 incremental_pipeline.cc:791] Discarding reconstruction due to bad initial pair
I20260910 06:19:32.348261 0x1fa65e140 incremental_pipeline.cc:492] Registering initial image pair #1 and #2
I20260910 06:19:32.348363 0x1fa65e140 incremental_pipeline.cc:510] Global bundle adjustment
I20260910 06:19:32.348396 0x1fa65e140 incremental_pipeline.cc:791] Discarding reconstruction due to bad initial pair
I20260910 06:19:32.349522 0x1fa65e140 incremental_pipeline.cc:492] Registering initial image pair #1 and #2
I20260910 06:19:32.349620 0x1fa65e140 incremental_pipeline.cc:510] Global bundle adjustment
I20260910 06:19:32.349654 0x1fa65e140 incremental_pipeline.cc:791] Discarding reconstruction due to bad initial pair
I20260910 06:19:32.351144 0x1fa65e140 incremental_pipeline.cc:487] => Provided pair is unsuitable for initialization.
I20260910 06:19:32.351147 0x1fa65e140 incremental_pipeline.cc:791] Discarding reconstruction due to bad initial pair
I20260910 06:19:32.352880 0x1fa65e140 incremental_pipeline.cc:492] Registering initial image pair #1 and #2
I20260910 06:19:32.352983 0x1fa65e140 incremental_pipeline.cc:510] Global bundle adjustment
I20260910 06:19:32.353018 0x1fa65e140 incremental_pipeline.cc:791] Discarding reconstruction due to bad initial pair
I20260910 06:19:32.354553 0x1fa65e140 incremental_pipeline.cc:487] => Provided pair is unsuitable for initialization.
I20260910 06:19:32.354560 0x1fa65e140 incremental_pipeline.cc:791] Discarding reconstruction due to bad initial pair
I20260910 06:19:32.355676 0x1fa65e140 incremental_pipeline.cc:492] Registering initial image pair #1 and #2
I20260910 06:19:32.355775 0x1fa65e140 incremental_pipeline.cc:510] Global bundle adjustment
I20260910 06:19:32.355811 0x1fa65e140 incremental_pipeline.cc:791] Discarding reconstruction due to bad initial pair
I20260910 06:19:32.356980 0x1fa65e140 incremental_pipeline.cc:487] => Provided pair is unsuitable for initialization.
I20260910 06:19:32.356983 0x1fa65e140 incremental_pipeline.cc:791] Discarding reconstruction due to bad initial pair
I20260910 06:19:32.358778 0x1fa65e140 incremental_pipeline.cc:492] Registering initial image pair #1 and #2
I20260910 06:19:32.358877 0x1fa65e140 incremental_pipeline.cc:510] Global bundle adjustment
I20260910 06:19:32.358909 0x1fa65e140 incremental_pipeline.cc:791] Discarding reconstruction due to bad initial pair
I20260910 06:19:32.359928 0x1fa65e140 incremental_pipeline.cc:487] => Provided pair is unsuitable for initialization.
I20260910 06:19:32.359930 0x1fa65e140 incremental_pipeline.cc:791] Discarding reconstruction due to bad initial pair
I20260910 06:19:32.360941 0x1fa65e140 incremental_pipeline.cc:492] Registering initial image pair #1 and #2
I20260910 06:19:32.361040 0x1fa65e140 incremental_pipeline.cc:510] Global bundle adjustment
I20260910 06:19:32.361075 0x1fa65e140 incremental_pipeline.cc:791] Discarding reconstruction due to bad initial pair
I20260910 06:19:32.362666 0x1fa65e140 incremental_pipeline.cc:487] => Provided pair is unsuitable for initialization.
I20260910 06:19:32.362669 0x1fa65e140 incremental_pipeline.cc:791] Discarding reconstruction due to bad initial pair
I20260910 06:19:32.363594 0x1fa65e140 incremental_pipeline.cc:492] Registering initial image pair #1 and #2
I20260910 06:19:32.363694 0x1fa65e140 incremental_pipeline.cc:510] Global bundle adjustment
I20260910 06:19:32.363730 0x1fa65e140 incremental_pipeline.cc:791] Discarding reconstruction due to bad initial pair
I20260910 06:19:32.365456 0x1fa65e140 incremental_pipeline.cc:492] Registering initial image pair #1 and #2
I20260910 06:19:32.365555 0x1fa65e140 incremental_pipeline.cc:510] Global bundle adjustment
I20260910 06:19:32.365589 0x1fa65e140 incremental_pipeline.cc:791] Discarding reconstruction due to bad initial pair
I20260910 06:19:32.367162 0x1fa65e140 incremental_pipeline.cc:492] Registering initial image pair #1 and #2
I20260910 06:19:32.367260 0x1fa65e140 incremental_pipeline.cc:510] Global bundle adjustment
I20260910 06:19:32.367293 0x1fa65e140 incremental_pipeline.cc:791] Discarding reconstruction due to bad initial pair
I20260910 06:19:32.369111 0x1fa65e140 incremental_pipeline.cc:487] => Provided pair is unsuitable for initialization.
I20260910 06:19:32.369113 0x1fa65e140 incremental_pipeline.cc:791] Discarding reconstruction due to bad initial pair
I20260910 06:19:32.369939 0x1fa65e140 incremental_pipeline.cc:492] Registering initial image pair #1 and #2
I20260910 06:19:32.370040 0x1fa65e140 incremental_pipeline.cc:510] Global bundle adjustment
I20260910 06:19:32.370076 0x1fa65e140 incremental_pipeline.cc:791] Discarding reconstruction due to bad initial pair
I20260910 06:19:32.371064 0x1fa65e140 incremental_pipeline.cc:487] => Provided pair is unsuitable for initialization.
I20260910 06:19:32.371067 0x1fa65e140 incremental_pipeline.cc:791] Discarding reconstruction due to bad initial pair
I20260910 06:19:32.372613 0x1fa65e140 incremental_pipeline.cc:487] => Provided pair is unsuitable for initialization.
I20260910 06:19:32.372616 0x1fa65e140 incremental_pipeline.cc:791] Discarding reconstruction due to bad initial pair
I20260910 06:19:32.374159 0x1fa65e140 incremental_pipeline.cc:492] Registering initial image pair #1 and #2
I20260910 06:19:32.374259 0x1fa65e140 incremental_pipeline.cc:510] Global bundle adjustment
I20260910 06:19:32.374294 0x1fa65e140 incremental_pipeline.cc:791] Discarding reconstruction due to bad initial pair
I20260910 06:19:32.375935 0x1fa65e140 incremental_pipeline.cc:487] => Provided pair is unsuitable for initialization.
I20260910 06:19:32.375942 0x1fa65e140 incremental_pipeline.cc:791] Discarding reconstruction due to bad initial pair
I20260910 06:19:32.377252 0x1fa65e140 incremental_pipeline.cc:487] => Provided pair is unsuitable for initialization.
I20260910 06:19:32.377254 0x1fa65e140 incremental_pipeline.cc:791] Discarding reconstruction due to bad initial pair
I20260910 06:19:32.378348 0x1fa65e140 incremental_pipeline.cc:487] => Provided pair is unsuitable for initialization.
I20260910 06:19:32.378350 0x1fa65e140 incremental_pipeline.cc:791] Discarding reconstruction due to bad initial pair
I20260910 06:19:32.379997 0x1fa65e140 incremental_pipeline.cc:492] Registering initial image pair #1 and #2
I20260910 06:19:32.380104 0x1fa65e140 incremental_pipeline.cc:510] Global bundle adjustment
I20260910 06:19:32.380139 0x1fa65e140 incremental_pipeline.cc:791] Discarding reconstruction due to bad initial pair
I20260910 06:19:32.381282 0x1fa65e140 incremental_pipeline.cc:492] Registering initial image pair #1 and #2
I20260910 06:19:32.381382 0x1fa65e140 incremental_pipeline.cc:510] Global bundle adjustment
I20260910 06:19:32.381417 0x1fa65e140 incremental_pipeline.cc:791] Discarding reconstruction due to bad initial pair
I20260910 06:19:32.382996 0x1fa65e140 incremental_pipeline.cc:492] Registering initial image pair #1 and #2
I20260910 06:19:32.383099 0x1fa65e140 incremental_pipeline.cc:510] Global bundle adjustment
I20260910 06:19:32.383132 0x1fa65e140 incremental_pipeline.cc:791] Discarding reconstruction due to bad initial pair
I20260910 06:19:32.384272 0x1fa65e140 incremental_pipeline.cc:487] => Provided pair is unsuitable for initialization.
I20260910 06:19:32.384274 0x1fa65e140 incremental_pipeline.cc:791] Discarding reconstruction due to bad initial pair
I20260910 06:19:32.385201 0x1fa65e140 incremental_pipeline.cc:492] Registering initial image pair #1 and #2
I20260910 06:19:32.385305 0x1fa65e140 incremental_pipeline.cc:510] Global bundle adjustment
I20260910 06:19:32.385338 0x1fa65e140 incremental_pipeline.cc:791] Discarding reconstruction due to bad initial pair
I20260910 06:19:32.386301 0x1fa65e140 incremental_pipeline.cc:487] => Provided pair is unsuitable for initialization.
I20260910 06:19:32.386303 0x1fa65e140 incremental_pipeline.cc:791] Discarding reconstruction due to bad initial pair
I20260910 06:19:32.387841 0x1fa65e140 incremental_pipeline.cc:487] => Provided pair is unsuitable for initialization.
I20260910 06:19:32.387843 0x1fa65e140 incremental_pipeline.cc:791] Discarding reconstruction due to bad initial pair
I20260910 06:19:32.388733 0x1fa65e140 incremental_pipeline.cc:487] => Provided pair is unsuitable for initialization.
I20260910 06:19:32.388735 0x1fa65e140 incremental_pipeline.cc:791] Discarding reconstruction due to bad initial pair
I20260910 06:19:32.389597 0x1fa65e140 incremental_pipeline.cc:492] Registering initial image pair #1 and #2
I20260910 06:19:32.389698 0x1fa65e140 incremental_pipeline.cc:510] Global bundle adjustment
I20260910 06:19:32.389731 0x1fa65e140 incremental_pipeline.cc:791] Discarding reconstruction due to bad initial pair
I20260910 06:19:32.390648 0x1fa65e140 incremental_pipeline.cc:492] Registering initial image pair #1 and #2
I20260910 06:19:32.390749 0x1fa65e140 incremental_pipeline.cc:510] Global bundle adjustment
I20260910 06:19:32.390783 0x1fa65e140 incremental_pipeline.cc:791] Discarding reconstruction due to bad initial pair
I20260910 06:19:32.392331 0x1fa65e140 incremental_pipeline.cc:492] Registering initial image pair #1 and #2
I20260910 06:19:32.392431 0x1fa65e140 incremental_pipeline.cc:510] Global bundle adjustment
I20260910 06:19:32.392464 0x1fa65e140 incremental_pipeline.cc:791] Discarding reconstruction due to bad initial pair
I20260910 06:19:32.394625 0x1fa65e140 incremental_pipeline.cc:487] => Provided pair is unsuitable for initialization.
I20260910 06:19:32.394628 0x1fa65e140 incremental_pipeline.cc:791] Discarding reconstruction due to bad initial pair
I20260910 06:19:32.395582 0x1fa65e140 incremental_pipeline.cc:487] => Provided pair is unsuitable for initialization.
I20260910 06:19:32.395585 0x1fa65e140 incremental_pipeline.cc:791] Discarding reconstruction due to bad initial pair
I20260910 06:19:32.397103 0x1fa65e140 incremental_pipeline.cc:487] => Provided pair is unsuitable for initialization.
I20260910 06:19:32.397106 0x1fa65e140 incremental_pipeline.cc:791] Discarding reconstruction due to bad initial pair
I20260910 06:19:32.398112 0x1fa65e140 incremental_pipeline.cc:492] Registering initial image pair #1 and #2
I20260910 06:19:32.398213 0x1fa65e140 incremental_pipeline.cc:510] Global bundle adjustment
I20260910 06:19:32.398248 0x1fa65e140 incremental_pipeline.cc:791] Discarding reconstruction due to bad initial pair
I20260910 06:19:32.399888 0x1fa65e140 incremental_pipeline.cc:487] => Provided pair is unsuitable for initialization.
I20260910 06:19:32.399891 0x1fa65e140 incremental_pipeline.cc:791] Discarding reconstruction due to bad initial pair
I20260910 06:19:32.401390 0x1fa65e140 incremental_pipeline.cc:487] => Provided pair is unsuitable for initialization.
I20260910 06:19:32.401392 0x1fa65e140 incremental_pipeline.cc:791] Discarding reconstruction due to bad initial pair
I20260910 06:19:32.402897 0x1fa65e140 incremental_pipeline.cc:492] Registering initial image pair #1 and #2
I20260910 06:19:32.402998 0x1fa65e140 incremental_pipeline.cc:510] Global bundle adjustment
I20260910 06:19:32.403032 0x1fa65e140 incremental_pipeline.cc:791] Discarding reconstruction due to bad initial pair
I20260910 06:19:32.404587 0x1fa65e140 incremental_pipeline.cc:487] => Provided pair is unsuitable for initialization.
I20260910 06:19:32.404590 0x1fa65e140 incremental_pipeline.cc:791] Discarding reconstruction due to bad initial pair
I20260910 06:19:32.405994 0x1fa65e140 incremental_pipeline.cc:492] Registering initial image pair #1 and #2
I20260910 06:19:32.406092 0x1fa65e140 incremental_pipeline.cc:510] Global bundle adjustment
I20260910 06:19:32.406125 0x1fa65e140 incremental_pipeline.cc:791] Discarding reconstruction due to bad initial pair
I20260910 06:19:32.407688 0x1fa65e140 incremental_pipeline.cc:492] Registering initial image pair #1 and #2
I20260910 06:19:32.407791 0x1fa65e140 incremental_pipeline.cc:510] Global bundle adjustment
I20260910 06:19:32.407825 0x1fa65e140 incremental_pipeline.cc:791] Discarding reconstruction due to bad initial pair
I20260910 06:19:32.409386 0x1fa65e140 incremental_pipeline.cc:492] Registering initial image pair #1 and #2
I20260910 06:19:32.409487 0x1fa65e140 incremental_pipeline.cc:510] Global bundle adjustment
I20260910 06:19:32.409521 0x1fa65e140 incremental_pipeline.cc:791] Discarding reconstruction due to bad initial pair
I20260910 06:19:32.410369 0x1fa65e140 incremental_pipeline.cc:487] => Provided pair is unsuitable for initialization.
I20260910 06:19:32.410372 0x1fa65e140 incremental_pipeline.cc:791] Discarding reconstruction due to bad initial pair
I20260910 06:19:32.411914 0x1fa65e140 incremental_pipeline.cc:487] => Provided pair is unsuitable for initialization.
I20260910 06:19:32.411916 0x1fa65e140 incremental_pipeline.cc:791] Discarding reconstruction due to bad initial pair
I20260910 06:19:32.413476 0x1fa65e140 incremental_pipeline.cc:492] Registering initial image pair #1 and #2
I20260910 06:19:32.413575 0x1fa65e140 incremental_pipeline.cc:510] Global bundle adjustment
I20260910 06:19:32.413607 0x1fa65e140 incremental_pipeline.cc:791] Discarding reconstruction due to bad initial pair
I20260910 06:19:32.415211 0x1fa65e140 incremental_pipeline.cc:487] => Provided pair is unsuitable for initialization.
I20260910 06:19:32.415214 0x1fa65e140 incremental_pipeline.cc:791] Discarding reconstruction due to bad initial pair
I20260910 06:19:32.416694 0x1fa65e140 incremental_pipeline.cc:487] => Provided pair is unsuitable for initialization.
I20260910 06:19:32.416696 0x1fa65e140 incremental_pipeline.cc:791] Discarding reconstruction due to bad initial pair
I20260910 06:19:32.417885 0x1fa65e140 incremental_pipeline.cc:492] Registering initial image pair #1 and #2
I20260910 06:19:32.417992 0x1fa65e140 incremental_pipeline.cc:510] Global bundle adjustment
I20260910 06:19:32.418027 0x1fa65e140 incremental_pipeline.cc:791] Discarding reconstruction due to bad initial pair
I20260910 06:19:32.419023 0x1fa65e140 incremental_pipeline.cc:492] Registering initial image pair #1 and #2
I20260910 06:19:32.419122 0x1fa65e140 incremental_pipeline.cc:510] Global bundle adjustment
I20260910 06:19:32.419158 0x1fa65e140 incremental_pipeline.cc:791] Discarding reconstruction due to bad initial pair
I20260910 06:19:32.420736 0x1fa65e140 incremental_pipeline.cc:487] => Provided pair is unsuitable for initialization.
I20260910 06:19:32.420739 0x1fa65e140 incremental_pipeline.cc:791] Discarding reconstruction due to bad initial pair
I20260910 06:19:32.422354 0x1fa65e140 incremental_pipeline.cc:492] Registering initial image pair #1 and #2
I20260910 06:19:32.422453 0x1fa65e140 incremental_pipeline.cc:510] Global bundle adjustment
I20260910 06:19:32.422489 0x1fa65e140 incremental_pipeline.cc:791] Discarding reconstruction due to bad initial pair
I20260910 06:19:32.423465 0x1fa65e140 incremental_pipeline.cc:492] Registering initial image pair #1 and #2
I20260910 06:19:32.423566 0x1fa65e140 incremental_pipeline.cc:510] Global bundle adjustment
I20260910 06:19:32.423601 0x1fa65e140 incremental_pipeline.cc:791] Discarding reconstruction due to bad initial pair
I20260910 06:19:32.424807 0x1fa65e140 incremental_pipeline.cc:487] => Provided pair is unsuitable for initialization.
I20260910 06:19:32.424809 0x1fa65e140 incremental_pipeline.cc:791] Discarding reconstruction due to bad initial pair
I20260910 06:19:32.426275 0x1fa65e140 incremental_pipeline.cc:487] => Provided pair is unsuitable for initialization.
I20260910 06:19:32.426277 0x1fa65e140 incremental_pipeline.cc:791] Discarding reconstruction due to bad initial pair
I20260910 06:19:32.427172 0x1fa65e140 incremental_pipeline.cc:487] => Provided pair is unsuitable for initialization.
I20260910 06:19:32.427174 0x1fa65e140 incremental_pipeline.cc:791] Discarding reconstruction due to bad initial pair
I20260910 06:19:32.428109 0x1fa65e140 incremental_pipeline.cc:487] => Provided pair is unsuitable for initialization.
I20260910 06:19:32.428112 0x1fa65e140 incremental_pipeline.cc:791] Discarding reconstruction due to bad initial pair
I20260910 06:19:32.429083 0x1fa65e140 incremental_pipeline.cc:492] Registering initial image pair #1 and #2
I20260910 06:19:32.429184 0x1fa65e140 incremental_pipeline.cc:510] Global bundle adjustment
I20260910 06:19:32.429216 0x1fa65e140 incremental_pipeline.cc:791] Discarding reconstruction due to bad initial pair
I20260910 06:19:32.430368 0x1fa65e140 incremental_pipeline.cc:492] Registering initial image pair #1 and #2
I20260910 06:19:32.430468 0x1fa65e140 incremental_pipeline.cc:510] Global bundle adjustment
I20260910 06:19:32.430502 0x1fa65e140 incremental_pipeline.cc:791] Discarding reconstruction due to bad initial pair
I20260910 06:19:32.432048 0x1fa65e140 incremental_pipeline.cc:492] Registering initial image pair #1 and #2
I20260910 06:19:32.432152 0x1fa65e140 incremental_pipeline.cc:510] Global bundle adjustment
I20260910 06:19:32.432187 0x1fa65e140 incremental_pipeline.cc:791] Discarding reconstruction due to bad initial pair
I20260910 06:19:32.433926 0x1fa65e140 incremental_pipeline.cc:487] => Provided pair is unsuitable for initialization.
I20260910 06:19:32.433928 0x1fa65e140 incremental_pipeline.cc:791] Discarding reconstruction due to bad initial pair
I20260910 06:19:32.434847 0x1fa65e140 incremental_pipeline.cc:492] Registering initial image pair #1 and #2
I20260910 06:19:32.434948 0x1fa65e140 incremental_pipeline.cc:510] Global bundle adjustment
I20260910 06:19:32.434982 0x1fa65e140 incremental_pipeline.cc:791] Discarding reconstruction due to bad initial pair
I20260910 06:19:32.435916 0x1fa65e140 incremental_pipeline.cc:487] => Provided pair is unsuitable for initialization.
I20260910 06:19:32.435919 0x1fa65e140 incremental_pipeline.cc:791] Discarding reconstruction due to bad initial pair
I20260910 06:19:32.436938 0x1fa65e140 incremental_pipeline.cc:492] Registering initial image pair #1 and #2
I20260910 06:19:32.437037 0x1fa65e140 incremental_pipeline.cc:510] Global bundle adjustment
I20260910 06:19:32.437072 0x1fa65e140 incremental_pipeline.cc:791] Discarding reconstruction due to bad initial pair
I20260910 06:19:32.437972 0x1fa65e140 incremental_pipeline.cc:492] Registering initial image pair #1 and #2
I20260910 06:19:32.438074 0x1fa65e140 incremental_pipeline.cc:510] Global bundle adjustment
I20260910 06:19:32.438107 0x1fa65e140 incremental_pipeline.cc:791] Discarding reconstruction due to bad initial pair
I20260910 06:19:32.439895 0x1fa65e140 incremental_pipeline.cc:487] => Provided pair is unsuitable for initialization.
I20260910 06:19:32.439898 0x1fa65e140 incremental_pipeline.cc:791] Discarding reconstruction due to bad initial pair
I20260910 06:19:32.441492 0x1fa65e140 incremental_pipeline.cc:487] => Provided pair is unsuitable for initialization.
I20260910 06:19:32.441495 0x1fa65e140 incremental_pipeline.cc:791] Discarding reconstruction due to bad initial pair
I20260910 06:19:32.442492 0x1fa65e140 incremental_pipeline.cc:487] => Provided pair is unsuitable for initialization.
I20260910 06:19:32.442495 0x1fa65e140 incremental_pipeline.cc:791] Discarding reconstruction due to bad initial pair
I20260910 06:19:32.444810 0x1fa65e140 incremental_pipeline.cc:492] Registering initial image pair #1 and #2
I20260910 06:19:32.444910 0x1fa65e140 incremental_pipeline.cc:510] Global bundle adjustment
I20260910 06:19:32.444941 0x1fa65e140 incremental_pipeline.cc:791] Discarding reconstruction due to bad initial pair
I20260910 06:19:32.446024 0x1fa65e140 incremental_pipeline.cc:487] => Provided pair is unsuitable for initialization.
I20260910 06:19:32.446026 0x1fa65e140 incremental_pipeline.cc:791] Discarding reconstruction due to bad initial pair
I20260910 06:19:32.446987 0x1fa65e140 incremental_pipeline.cc:487] => Provided pair is unsuitable for initialization.
I20260910 06:19:32.446989 0x1fa65e140 incremental_pipeline.cc:791] Discarding reconstruction due to bad initial pair
I20260910 06:19:32.447999 0x1fa65e140 incremental_pipeline.cc:492] Registering initial image pair #1 and #2
I20260910 06:19:32.448099 0x1fa65e140 incremental_pipeline.cc:510] Global bundle adjustment
I20260910 06:19:32.448133 0x1fa65e140 incremental_pipeline.cc:791] Discarding reconstruction due to bad initial pair
I20260910 06:19:32.449684 0x1fa65e140 incremental_pipeline.cc:492] Registering initial image pair #1 and #2
I20260910 06:19:32.449789 0x1fa65e140 incremental_pipeline.cc:510] Global bundle adjustment
I20260910 06:19:32.449823 0x1fa65e140 incremental_pipeline.cc:791] Discarding reconstruction due to bad initial pair
I20260910 06:19:32.451388 0x1fa65e140 incremental_pipeline.cc:487] => Provided pair is unsuitable for initialization.
I20260910 06:19:32.451391 0x1fa65e140 incremental_pipeline.cc:791] Discarding reconstruction due to bad initial pair
I20260910 06:19:32.452538 0x1fa65e140 incremental_pipeline.cc:492] Registering initial image pair #1 and #2
I20260910 06:19:32.452640 0x1fa65e140 incremental_pipeline.cc:510] Global bundle adjustment
I20260910 06:19:32.452675 0x1fa65e140 incremental_pipeline.cc:791] Discarding reconstruction due to bad initial pair
I20260910 06:19:32.454165 0x1fa65e140 incremental_pipeline.cc:492] Registering initial image pair #1 and #2
I20260910 06:19:32.454267 0x1fa65e140 incremental_pipeline.cc:510] Global bundle adjustment
I20260910 06:19:32.454302 0x1fa65e140 incremental_pipeline.cc:791] Discarding reconstruction due to bad initial pair
I20260910 06:19:32.455480 0x1fa65e140 incremental_pipeline.cc:492] Registering initial image pair #1 and #2
I20260910 06:19:32.455579 0x1fa65e140 incremental_pipeline.cc:510] Global bundle adjustment
I20260910 06:19:32.455611 0x1fa65e140 incremental_pipeline.cc:791] Discarding reconstruction due to bad initial pair
I20260910 06:19:32.457250 0x1fa65e140 incremental_pipeline.cc:492] Registering initial image pair #1 and #2
I20260910 06:19:32.457351 0x1fa65e140 incremental_pipeline.cc:510] Global bundle adjustment
I20260910 06:19:32.457392 0x1fa65e140 incremental_pipeline.cc:791] Discarding reconstruction due to bad initial pair
I20260910 06:19:32.458253 0x1fa65e140 incremental_pipeline.cc:492] Registering initial image pair #1 and #2
I20260910 06:19:32.458353 0x1fa65e140 incremental_pipeline.cc:510] Global bundle adjustment
I20260910 06:19:32.458390 0x1fa65e140 incremental_pipeline.cc:791] Discarding reconstruction due to bad initial pair
I20260910 06:19:32.459911 0x1fa65e140 incremental_pipeline.cc:492] Registering initial image pair #1 and #2
I20260910 06:19:32.460012 0x1fa65e140 incremental_pipeline.cc:510] Global bundle adjustment
I20260910 06:19:32.460047 0x1fa65e140 incremental_pipeline.cc:791] Discarding reconstruction due to bad initial pair
I20260910 06:19:32.461044 0x1fa65e140 incremental_pipeline.cc:487] => Provided pair is unsuitable for initialization.
I20260910 06:19:32.461046 0x1fa65e140 incremental_pipeline.cc:791] Discarding reconstruction due to bad initial pair
I20260910 06:19:32.461922 0x1fa65e140 incremental_pipeline.cc:487] => Provided pair is unsuitable for initialization.
I20260910 06:19:32.461924 0x1fa65e140 incremental_pipeline.cc:791] Discarding reconstruction due to bad initial pair
I20260910 06:19:32.463462 0x1fa65e140 incremental_pipeline.cc:487] => Provided pair is unsuitable for initialization.
I20260910 06:19:32.463464 0x1fa65e140 incremental_pipeline.cc:791] Discarding reconstruction due to bad initial pair
I20260910 06:19:32.465158 0x1fa65e140 incremental_pipeline.cc:492] Registering initial image pair #1 and #2
I20260910 06:19:32.465257 0x1fa65e140 incremental_pipeline.cc:510] Global bundle adjustment
I20260910 06:19:32.465290 0x1fa65e140 incremental_pipeline.cc:791] Discarding reconstruction due to bad initial pair
I20260910 06:19:32.466195 0x1fa65e140 incremental_pipeline.cc:492] Registering initial image pair #1 and #2
I20260910 06:19:32.466296 0x1fa65e140 incremental_pipeline.cc:510] Global bundle adjustment
I20260910 06:19:32.466331 0x1fa65e140 incremental_pipeline.cc:791] Discarding reconstruction due to bad initial pair
I20260910 06:19:32.467695 0x1fa65e140 incremental_pipeline.cc:487] => Provided pair is unsuitable for initialization.
I20260910 06:19:32.467697 0x1fa65e140 incremental_pipeline.cc:791] Discarding reconstruction due to bad initial pair
I20260910 06:19:32.468532 0x1fa65e140 incremental_pipeline.cc:492] Registering initial image pair #1 and #2
I20260910 06:19:32.468631 0x1fa65e140 incremental_pipeline.cc:510] Global bundle adjustment
I20260910 06:19:32.468668 0x1fa65e140 incremental_pipeline.cc:791] Discarding reconstruction due to bad initial pair
I20260910 06:19:32.469826 0x1fa65e140 incremental_pipeline.cc:492] Registering initial image pair #1 and #2
I20260910 06:19:32.469931 0x1fa65e140 incremental_pipeline.cc:510] Global bundle adjustment
I20260910 06:19:32.469967 0x1fa65e140 incremental_pipeline.cc:791] Discarding reconstruction due to bad initial pair
I20260910 06:19:32.470959 0x1fa65e140 incremental_pipeline.cc:487] => Provided pair is unsuitable for initialization.
I20260910 06:19:32.470961 0x1fa65e140 incremental_pipeline.cc:791] Discarding reconstruction due to bad initial pair
I20260910 06:19:32.472533 0x1fa65e140 incremental_pipeline.cc:492] Registering initial image pair #1 and #2
I20260910 06:19:32.472634 0x1fa65e140 incremental_pipeline.cc:510] Global bundle adjustment
I20260910 06:19:32.472666 0x1fa65e140 incremental_pipeline.cc:791] Discarding reconstruction due to bad initial pair
I20260910 06:19:32.473657 0x1fa65e140 incremental_pipeline.cc:487] => Provided pair is unsuitable for initialization.
I20260910 06:19:32.473659 0x1fa65e140 incremental_pipeline.cc:791] Discarding reconstruction due to bad initial pair
I20260910 06:19:32.475903 0x1fa65e140 incremental_pipeline.cc:492] Registering initial image pair #1 and #2
I20260910 06:19:32.476004 0x1fa65e140 incremental_pipeline.cc:510] Global bundle adjustment
I20260910 06:19:32.476037 0x1fa65e140 incremental_pipeline.cc:791] Discarding reconstruction due to bad initial pair
I20260910 06:19:32.477771 0x1fa65e140 incremental_pipeline.cc:487] => Provided pair is unsuitable for initialization.
I20260910 06:19:32.477774 0x1fa65e140 incremental_pipeline.cc:791] Discarding reconstruction due to bad initial pair
I20260910 06:19:32.478911 0x1fa65e140 incremental_pipeline.cc:492] Registering initial image pair #1 and #2
I20260910 06:19:32.479012 0x1fa65e140 incremental_pipeline.cc:510] Global bundle adjustment
I20260910 06:19:32.479046 0x1fa65e140 incremental_pipeline.cc:791] Discarding reconstruction due to bad initial pair
I20260910 06:19:32.480074 0x1fa65e140 incremental_pipeline.cc:492] Registering initial image pair #1 and #2
I20260910 06:19:32.480173 0x1fa65e140 incremental_pipeline.cc:510] Global bundle adjustment
I20260910 06:19:32.480208 0x1fa65e140 incremental_pipeline.cc:791] Discarding reconstruction due to bad initial pair
I20260910 06:19:32.481286 0x1fa65e140 incremental_pipeline.cc:487] => Provided pair is unsuitable for initialization.
I20260910 06:19:32.481289 0x1fa65e140 incremental_pipeline.cc:791] Discarding reconstruction due to bad initial pair
I20260910 06:19:32.481292 0x1fa65e140 incremental_pipeline.cc:442] => Relaxing the initialization constraints.
I20260910 06:19:32.482351 0x1fa65e140 incremental_pipeline.cc:487] => Provided pair is unsuitable for initialization.
I20260910 06:19:32.482354 0x1fa65e140 incremental_pipeline.cc:791] Discarding reconstruction due to bad initial pair
I20260910 06:19:32.483912 0x1fa65e140 incremental_pipeline.cc:487] => Provided pair is unsuitable for initialization.
I20260910 06:19:32.483915 0x1fa65e140 incremental_pipeline.cc:791] Discarding reconstruction due to bad initial pair
I20260910 06:19:32.484937 0x1fa65e140 incremental_pipeline.cc:492] Registering initial image pair #1 and #2
I20260910 06:19:32.485039 0x1fa65e140 incremental_pipeline.cc:510] Global bundle adjustment
I20260910 06:19:32.485072 0x1fa65e140 incremental_pipeline.cc:791] Discarding reconstruction due to bad initial pair
I20260910 06:19:32.486275 0x1fa65e140 incremental_pipeline.cc:492] Registering initial image pair #1 and #2
I20260910 06:19:32.486374 0x1fa65e140 incremental_pipeline.cc:510] Global bundle adjustment
I20260910 06:19:32.486410 0x1fa65e140 incremental_pipeline.cc:791] Discarding reconstruction due to bad initial pair
I20260910 06:19:32.487348 0x1fa65e140 incremental_pipeline.cc:492] Registering initial image pair #1 and #2
I20260910 06:19:32.487448 0x1fa65e140 incremental_pipeline.cc:510] Global bundle adjustment
I20260910 06:19:32.487483 0x1fa65e140 incremental_pipeline.cc:791] Discarding reconstruction due to bad initial pair
I20260910 06:19:32.489076 0x1fa65e140 incremental_pipeline.cc:492] Registering initial image pair #1 and #2
I20260910 06:19:32.489177 0x1fa65e140 incremental_pipeline.cc:510] Global bundle adjustment
I20260910 06:19:32.489209 0x1fa65e140 incremental_pipeline.cc:791] Discarding reconstruction due to bad initial pair
I20260910 06:19:32.490411 0x1fa65e140 incremental_pipeline.cc:487] => Provided pair is unsuitable for initialization.
I20260910 06:19:32.490414 0x1fa65e140 incremental_pipeline.cc:791] Discarding reconstruction due to bad initial pair
I20260910 06:19:32.491368 0x1fa65e140 incremental_pipeline.cc:492] Registering initial image pair #1 and #2
I20260910 06:19:32.491467 0x1fa65e140 incremental_pipeline.cc:510] Global bundle adjustment
I20260910 06:19:32.491502 0x1fa65e140 incremental_pipeline.cc:791] Discarding reconstruction due to bad initial pair
I20260910 06:19:32.493030 0x1fa65e140 incremental_pipeline.cc:487] => Provided pair is unsuitable for initialization.
I20260910 06:19:32.493032 0x1fa65e140 incremental_pipeline.cc:791] Discarding reconstruction due to bad initial pair
I20260910 06:19:32.493997 0x1fa65e140 incremental_pipeline.cc:492] Registering initial image pair #1 and #2
I20260910 06:19:32.494096 0x1fa65e140 incremental_pipeline.cc:510] Global bundle adjustment
I20260910 06:19:32.494130 0x1fa65e140 incremental_pipeline.cc:791] Discarding reconstruction due to bad initial pair
I20260910 06:19:32.495056 0x1fa65e140 incremental_pipeline.cc:487] => Provided pair is unsuitable for initialization.
I20260910 06:19:32.495062 0x1fa65e140 incremental_pipeline.cc:791] Discarding reconstruction due to bad initial pair
I20260910 06:19:32.496620 0x1fa65e140 incremental_pipeline.cc:487] => Provided pair is unsuitable for initialization.
I20260910 06:19:32.496622 0x1fa65e140 incremental_pipeline.cc:791] Discarding reconstruction due to bad initial pair
I20260910 06:19:32.498206 0x1fa65e140 incremental_pipeline.cc:487] => Provided pair is unsuitable for initialization.
I20260910 06:19:32.498208 0x1fa65e140 incremental_pipeline.cc:791] Discarding reconstruction due to bad initial pair
I20260910 06:19:32.499402 0x1fa65e140 incremental_pipeline.cc:492] Registering initial image pair #1 and #2
I20260910 06:19:32.499502 0x1fa65e140 incremental_pipeline.cc:510] Global bundle adjustment
I20260910 06:19:32.499536 0x1fa65e140 incremental_pipeline.cc:791] Discarding reconstruction due to bad initial pair
I20260910 06:19:32.501155 0x1fa65e140 incremental_pipeline.cc:487] => Provided pair is unsuitable for initialization.
I20260910 06:19:32.501158 0x1fa65e140 incremental_pipeline.cc:791] Discarding reconstruction due to bad initial pair
I20260910 06:19:32.502192 0x1fa65e140 incremental_pipeline.cc:492] Registering initial image pair #1 and #2
I20260910 06:19:32.502292 0x1fa65e140 incremental_pipeline.cc:510] Global bundle adjustment
I20260910 06:19:32.502327 0x1fa65e140 incremental_pipeline.cc:791] Discarding reconstruction due to bad initial pair
I20260910 06:19:32.503296 0x1fa65e140 incremental_pipeline.cc:492] Registering initial image pair #1 and #2
I20260910 06:19:32.503395 0x1fa65e140 incremental_pipeline.cc:510] Global bundle adjustment
I20260910 06:19:32.503430 0x1fa65e140 incremental_pipeline.cc:791] Discarding reconstruction due to bad initial pair
I20260910 06:19:32.504955 0x1fa65e140 incremental_pipeline.cc:492] Registering initial image pair #1 and #2
I20260910 06:19:32.505053 0x1fa65e140 incremental_pipeline.cc:510] Global bundle adjustment
I20260910 06:19:32.505086 0x1fa65e140 incremental_pipeline.cc:791] Discarding reconstruction due to bad initial pair
I20260910 06:19:32.506686 0x1fa65e140 incremental_pipeline.cc:492] Registering initial image pair #1 and #2
I20260910 06:19:32.506787 0x1fa65e140 incremental_pipeline.cc:510] Global bundle adjustment
I20260910 06:19:32.506823 0x1fa65e140 incremental_pipeline.cc:791] Discarding reconstruction due to bad initial pair
I20260910 06:19:32.507806 0x1fa65e140 incremental_pipeline.cc:492] Registering initial image pair #1 and #2
I20260910 06:19:32.507907 0x1fa65e140 incremental_pipeline.cc:510] Global bundle adjustment
I20260910 06:19:32.507943 0x1fa65e140 incremental_pipeline.cc:791] Discarding reconstruction due to bad initial pair
I20260910 06:19:32.509047 0x1fa65e140 incremental_pipeline.cc:492] Registering initial image pair #1 and #2
I20260910 06:19:32.509150 0x1fa65e140 incremental_pipeline.cc:510] Global bundle adjustment
I20260910 06:19:32.509185 0x1fa65e140 incremental_pipeline.cc:791] Discarding reconstruction due to bad initial pair
I20260910 06:19:32.510446 0x1fa65e140 incremental_pipeline.cc:487] => Provided pair is unsuitable for initialization.
I20260910 06:19:32.510448 0x1fa65e140 incremental_pipeline.cc:791] Discarding reconstruction due to bad initial pair
I20260910 06:19:32.511472 0x1fa65e140 incremental_pipeline.cc:492] Registering initial image pair #1 and #2
I20260910 06:19:32.511572 0x1fa65e140 incremental_pipeline.cc:510] Global bundle adjustment
I20260910 06:19:32.511606 0x1fa65e140 incremental_pipeline.cc:791] Discarding reconstruction due to bad initial pair
I20260910 06:19:32.512881 0x1fa65e140 incremental_pipeline.cc:487] => Provided pair is unsuitable for initialization.
I20260910 06:19:32.512886 0x1fa65e140 incremental_pipeline.cc:791] Discarding reconstruction due to bad initial pair
I20260910 06:19:32.514462 0x1fa65e140 incremental_pipeline.cc:492] Registering initial image pair #1 and #2
I20260910 06:19:32.514563 0x1fa65e140 incremental_pipeline.cc:510] Global bundle adjustment
I20260910 06:19:32.514599 0x1fa65e140 incremental_pipeline.cc:791] Discarding reconstruction due to bad initial pair
I20260910 06:19:32.516132 0x1fa65e140 incremental_pipeline.cc:492] Registering initial image pair #1 and #2
I20260910 06:19:32.516233 0x1fa65e140 incremental_pipeline.cc:510] Global bundle adjustment
I20260910 06:19:32.516270 0x1fa65e140 incremental_pipeline.cc:791] Discarding reconstruction due to bad initial pair
I20260910 06:19:32.517237 0x1fa65e140 incremental_pipeline.cc:492] Registering initial image pair #1 and #2
I20260910 06:19:32.517336 0x1fa65e140 incremental_pipeline.cc:510] Global bundle adjustment
I20260910 06:19:32.517368 0x1fa65e140 incremental_pipeline.cc:791] Discarding reconstruction due to bad initial pair
I20260910 06:19:32.518393 0x1fa65e140 incremental_pipeline.cc:492] Registering initial image pair #1 and #2
I20260910 06:19:32.518494 0x1fa65e140 incremental_pipeline.cc:510] Global bundle adjustment
I20260910 06:19:32.518530 0x1fa65e140 incremental_pipeline.cc:791] Discarding reconstruction due to bad initial pair
I20260910 06:19:32.519640 0x1fa65e140 incremental_pipeline.cc:487] => Provided pair is unsuitable for initialization.
I20260910 06:19:32.519643 0x1fa65e140 incremental_pipeline.cc:791] Discarding reconstruction due to bad initial pair
I20260910 06:19:32.520643 0x1fa65e140 incremental_pipeline.cc:487] => Provided pair is unsuitable for initialization.
I20260910 06:19:32.520645 0x1fa65e140 incremental_pipeline.cc:791] Discarding reconstruction due to bad initial pair
I20260910 06:19:32.522180 0x1fa65e140 incremental_pipeline.cc:487] => Provided pair is unsuitable for initialization.
I20260910 06:19:32.522183 0x1fa65e140 incremental_pipeline.cc:791] Discarding reconstruction due to bad initial pair
I20260910 06:19:32.523869 0x1fa65e140 incremental_pipeline.cc:492] Registering initial image pair #1 and #2
I20260910 06:19:32.523970 0x1fa65e140 incremental_pipeline.cc:510] Global bundle adjustment
I20260910 06:19:32.524005 0x1fa65e140 incremental_pipeline.cc:791] Discarding reconstruction due to bad initial pair
I20260910 06:19:32.525866 0x1fa65e140 incremental_pipeline.cc:487] => Provided pair is unsuitable for initialization.
I20260910 06:19:32.525869 0x1fa65e140 incremental_pipeline.cc:791] Discarding reconstruction due to bad initial pair
I20260910 06:19:32.527395 0x1fa65e140 incremental_pipeline.cc:492] Registering initial image pair #1 and #2
I20260910 06:19:32.527494 0x1fa65e140 incremental_pipeline.cc:510] Global bundle adjustment
I20260910 06:19:32.527531 0x1fa65e140 incremental_pipeline.cc:791] Discarding reconstruction due to bad initial pair
I20260910 06:19:32.529092 0x1fa65e140 incremental_pipeline.cc:487] => Provided pair is unsuitable for initialization.
I20260910 06:19:32.529094 0x1fa65e140 incremental_pipeline.cc:791] Discarding reconstruction due to bad initial pair
I20260910 06:19:32.529959 0x1fa65e140 incremental_pipeline.cc:487] => Provided pair is unsuitable for initialization.
I20260910 06:19:32.529962 0x1fa65e140 incremental_pipeline.cc:791] Discarding reconstruction due to bad initial pair
I20260910 06:19:32.530889 0x1fa65e140 incremental_pipeline.cc:492] Registering initial image pair #1 and #2
I20260910 06:19:32.530989 0x1fa65e140 incremental_pipeline.cc:510] Global bundle adjustment
I20260910 06:19:32.531026 0x1fa65e140 incremental_pipeline.cc:791] Discarding reconstruction due to bad initial pair
I20260910 06:19:32.532044 0x1fa65e140 incremental_pipeline.cc:492] Registering initial image pair #1 and #2
I20260910 06:19:32.532147 0x1fa65e140 incremental_pipeline.cc:510] Global bundle adjustment
I20260910 06:19:32.532182 0x1fa65e140 incremental_pipeline.cc:791] Discarding reconstruction due to bad initial pair
I20260910 06:19:32.533141 0x1fa65e140 incremental_pipeline.cc:492] Registering initial image pair #1 and #2
I20260910 06:19:32.533242 0x1fa65e140 incremental_pipeline.cc:510] Global bundle adjustment
I20260910 06:19:32.533280 0x1fa65e140 incremental_pipeline.cc:791] Discarding reconstruction due to bad initial pair
I20260910 06:19:32.534895 0x1fa65e140 incremental_pipeline.cc:487] => Provided pair is unsuitable for initialization.
I20260910 06:19:32.534897 0x1fa65e140 incremental_pipeline.cc:791] Discarding reconstruction due to bad initial pair
I20260910 06:19:32.535804 0x1fa65e140 incremental_pipeline.cc:487] => Provided pair is unsuitable for initialization.
I20260910 06:19:32.535807 0x1fa65e140 incremental_pipeline.cc:791] Discarding reconstruction due to bad initial pair
I20260910 06:19:32.536701 0x1fa65e140 incremental_pipeline.cc:487] => Provided pair is unsuitable for initialization.
I20260910 06:19:32.536703 0x1fa65e140 incremental_pipeline.cc:791] Discarding reconstruction due to bad initial pair
I20260910 06:19:32.537640 0x1fa65e140 incremental_pipeline.cc:492] Registering initial image pair #1 and #2
I20260910 06:19:32.537742 0x1fa65e140 incremental_pipeline.cc:510] Global bundle adjustment
I20260910 06:19:32.537777 0x1fa65e140 incremental_pipeline.cc:791] Discarding reconstruction due to bad initial pair
I20260910 06:19:32.538775 0x1fa65e140 incremental_pipeline.cc:492] Registering initial image pair #1 and #2
I20260910 06:19:32.538876 0x1fa65e140 incremental_pipeline.cc:510] Global bundle adjustment
I20260910 06:19:32.538911 0x1fa65e140 incremental_pipeline.cc:791] Discarding reconstruction due to bad initial pair
I20260910 06:19:32.540451 0x1fa65e140 incremental_pipeline.cc:487] => Provided pair is unsuitable for initialization.
I20260910 06:19:32.540453 0x1fa65e140 incremental_pipeline.cc:791] Discarding reconstruction due to bad initial pair
I20260910 06:19:32.541973 0x1fa65e140 incremental_pipeline.cc:492] Registering initial image pair #1 and #2
I20260910 06:19:32.542074 0x1fa65e140 incremental_pipeline.cc:510] Global bundle adjustment
I20260910 06:19:32.542108 0x1fa65e140 incremental_pipeline.cc:791] Discarding reconstruction due to bad initial pair
I20260910 06:19:32.543629 0x1fa65e140 incremental_pipeline.cc:492] Registering initial image pair #1 and #2
I20260910 06:19:32.543734 0x1fa65e140 incremental_pipeline.cc:510] Global bundle adjustment
I20260910 06:19:32.543769 0x1fa65e140 incremental_pipeline.cc:791] Discarding reconstruction due to bad initial pair
I20260910 06:19:32.544717 0x1fa65e140 incremental_pipeline.cc:487] => Provided pair is unsuitable for initialization.
I20260910 06:19:32.544719 0x1fa65e140 incremental_pipeline.cc:791] Discarding reconstruction due to bad initial pair
I20260910 06:19:32.545576 0x1fa65e140 incremental_pipeline.cc:492] Registering initial image pair #1 and #2
I20260910 06:19:32.545677 0x1fa65e140 incremental_pipeline.cc:510] Global bundle adjustment
I20260910 06:19:32.545713 0x1fa65e140 incremental_pipeline.cc:791] Discarding reconstruction due to bad initial pair
I20260910 06:19:32.547237 0x1fa65e140 incremental_pipeline.cc:492] Registering initial image pair #1 and #2
I20260910 06:19:32.547337 0x1fa65e140 incremental_pipeline.cc:510] Global bundle adjustment
I20260910 06:19:32.547371 0x1fa65e140 incremental_pipeline.cc:791] Discarding reconstruction due to bad initial pair
I20260910 06:19:32.548360 0x1fa65e140 incremental_pipeline.cc:487] => Provided pair is unsuitable for initialization.
I20260910 06:19:32.548362 0x1fa65e140 incremental_pipeline.cc:791] Discarding reconstruction due to bad initial pair
I20260910 06:19:32.549237 0x1fa65e140 incremental_pipeline.cc:487] => Provided pair is unsuitable for initialization.
I20260910 06:19:32.549239 0x1fa65e140 incremental_pipeline.cc:791] Discarding reconstruction due to bad initial pair
I20260910 06:19:32.550296 0x1fa65e140 incremental_pipeline.cc:492] Registering initial image pair #1 and #2
I20260910 06:19:32.550397 0x1fa65e140 incremental_pipeline.cc:510] Global bundle adjustment
I20260910 06:19:32.550432 0x1fa65e140 incremental_pipeline.cc:791] Discarding reconstruction due to bad initial pair
I20260910 06:19:32.551985 0x1fa65e140 incremental_pipeline.cc:492] Registering initial image pair #1 and #2
I20260910 06:19:32.552086 0x1fa65e140 incremental_pipeline.cc:510] Global bundle adjustment
I20260910 06:19:32.552122 0x1fa65e140 incremental_pipeline.cc:791] Discarding reconstruction due to bad initial pair
I20260910 06:19:32.553740 0x1fa65e140 incremental_pipeline.cc:487] => Provided pair is unsuitable for initialization.
I20260910 06:19:32.553742 0x1fa65e140 incremental_pipeline.cc:791] Discarding reconstruction due to bad initial pair
I20260910 06:19:32.555284 0x1fa65e140 incremental_pipeline.cc:492] Registering initial image pair #1 and #2
I20260910 06:19:32.555384 0x1fa65e140 incremental_pipeline.cc:510] Global bundle adjustment
I20260910 06:19:32.555417 0x1fa65e140 incremental_pipeline.cc:791] Discarding reconstruction due to bad initial pair
I20260910 06:19:32.556467 0x1fa65e140 incremental_pipeline.cc:487] => Provided pair is unsuitable for initialization.
I20260910 06:19:32.556469 0x1fa65e140 incremental_pipeline.cc:791] Discarding reconstruction due to bad initial pair
I20260910 06:19:32.557986 0x1fa65e140 incremental_pipeline.cc:487] => Provided pair is unsuitable for initialization.
I20260910 06:19:32.557988 0x1fa65e140 incremental_pipeline.cc:791] Discarding reconstruction due to bad initial pair
I20260910 06:19:32.559431 0x1fa65e140 incremental_pipeline.cc:487] => Provided pair is unsuitable for initialization.
I20260910 06:19:32.559433 0x1fa65e140 incremental_pipeline.cc:791] Discarding reconstruction due to bad initial pair
I20260910 06:19:32.560525 0x1fa65e140 incremental_pipeline.cc:487] => Provided pair is unsuitable for initialization.
I20260910 06:19:32.560527 0x1fa65e140 incremental_pipeline.cc:791] Discarding reconstruction due to bad initial pair
I20260910 06:19:32.561404 0x1fa65e140 incremental_pipeline.cc:492] Registering initial image pair #1 and #2
I20260910 06:19:32.561505 0x1fa65e140 incremental_pipeline.cc:510] Global bundle adjustment
I20260910 06:19:32.561541 0x1fa65e140 incremental_pipeline.cc:791] Discarding reconstruction due to bad initial pair
I20260910 06:19:32.562603 0x1fa65e140 incremental_pipeline.cc:492] Registering initial image pair #1 and #2
I20260910 06:19:32.562704 0x1fa65e140 incremental_pipeline.cc:510] Global bundle adjustment
I20260910 06:19:32.562738 0x1fa65e140 incremental_pipeline.cc:791] Discarding reconstruction due to bad initial pair
I20260910 06:19:32.563749 0x1fa65e140 incremental_pipeline.cc:487] => Provided pair is unsuitable for initialization.
I20260910 06:19:32.563751 0x1fa65e140 incremental_pipeline.cc:791] Discarding reconstruction due to bad initial pair
I20260910 06:19:32.564601 0x1fa65e140 incremental_pipeline.cc:492] Registering initial image pair #1 and #2
I20260910 06:19:32.564701 0x1fa65e140 incremental_pipeline.cc:510] Global bundle adjustment
I20260910 06:19:32.564736 0x1fa65e140 incremental_pipeline.cc:791] Discarding reconstruction due to bad initial pair
I20260910 06:19:32.565757 0x1fa65e140 incremental_pipeline.cc:492] Registering initial image pair #1 and #2
I20260910 06:19:32.565857 0x1fa65e140 incremental_pipeline.cc:510] Global bundle adjustment
I20260910 06:19:32.565890 0x1fa65e140 incremental_pipeline.cc:791] Discarding reconstruction due to bad initial pair
I20260910 06:19:32.567442 0x1fa65e140 incremental_pipeline.cc:492] Registering initial image pair #1 and #2
I20260910 06:19:32.567542 0x1fa65e140 incremental_pipeline.cc:510] Global bundle adjustment
I20260910 06:19:32.567575 0x1fa65e140 incremental_pipeline.cc:791] Discarding reconstruction due to bad initial pair
I20260910 06:19:32.568478 0x1fa65e140 incremental_pipeline.cc:492] Registering initial image pair #1 and #2
I20260910 06:19:32.568578 0x1fa65e140 incremental_pipeline.cc:510] Global bundle adjustment
I20260910 06:19:32.568614 0x1fa65e140 incremental_pipeline.cc:791] Discarding reconstruction due to bad initial pair
I20260910 06:19:32.570215 0x1fa65e140 incremental_pipeline.cc:487] => Provided pair is unsuitable for initialization.
I20260910 06:19:32.570217 0x1fa65e140 incremental_pipeline.cc:791] Discarding reconstruction due to bad initial pair
I20260910 06:19:32.571245 0x1fa65e140 incremental_pipeline.cc:492] Registering initial image pair #1 and #2
I20260910 06:19:32.571345 0x1fa65e140 incremental_pipeline.cc:510] Global bundle adjustment
I20260910 06:19:32.571383 0x1fa65e140 incremental_pipeline.cc:791] Discarding reconstruction due to bad initial pair
I20260910 06:19:32.572380 0x1fa65e140 incremental_pipeline.cc:492] Registering initial image pair #1 and #2
I20260910 06:19:32.572480 0x1fa65e140 incremental_pipeline.cc:510] Global bundle adjustment
I20260910 06:19:32.572517 0x1fa65e140 incremental_pipeline.cc:791] Discarding reconstruction due to bad initial pair
I20260910 06:19:32.574030 0x1fa65e140 incremental_pipeline.cc:492] Registering initial image pair #1 and #2
I20260910 06:19:32.574131 0x1fa65e140 incremental_pipeline.cc:510] Global bundle adjustment
I20260910 06:19:32.574165 0x1fa65e140 incremental_pipeline.cc:791] Discarding reconstruction due to bad initial pair
I20260910 06:19:32.575411 0x1fa65e140 incremental_pipeline.cc:492] Registering initial image pair #1 and #2
I20260910 06:19:32.575511 0x1fa65e140 incremental_pipeline.cc:510] Global bundle adjustment
I20260910 06:19:32.575544 0x1fa65e140 incremental_pipeline.cc:791] Discarding reconstruction due to bad initial pair
I20260910 06:19:32.576498 0x1fa65e140 incremental_pipeline.cc:487] => Provided pair is unsuitable for initialization.
I20260910 06:19:32.576501 0x1fa65e140 incremental_pipeline.cc:791] Discarding reconstruction due to bad initial pair
I20260910 06:19:32.578248 0x1fa65e140 incremental_pipeline.cc:487] => Provided pair is unsuitable for initialization.
I20260910 06:19:32.578250 0x1fa65e140 incremental_pipeline.cc:791] Discarding reconstruction due to bad initial pair
I20260910 06:19:32.579333 0x1fa65e140 incremental_pipeline.cc:487] => Provided pair is unsuitable for initialization.
I20260910 06:19:32.579335 0x1fa65e140 incremental_pipeline.cc:791] Discarding reconstruction due to bad initial pair
I20260910 06:19:32.580854 0x1fa65e140 incremental_pipeline.cc:487] => Provided pair is unsuitable for initialization.
I20260910 06:19:32.580856 0x1fa65e140 incremental_pipeline.cc:791] Discarding reconstruction due to bad initial pair
I20260910 06:19:32.582415 0x1fa65e140 incremental_pipeline.cc:492] Registering initial image pair #1 and #2
I20260910 06:19:32.582515 0x1fa65e140 incremental_pipeline.cc:510] Global bundle adjustment
I20260910 06:19:32.582550 0x1fa65e140 incremental_pipeline.cc:791] Discarding reconstruction due to bad initial pair
I20260910 06:19:32.583479 0x1fa65e140 incremental_pipeline.cc:487] => Provided pair is unsuitable for initialization.
I20260910 06:19:32.583481 0x1fa65e140 incremental_pipeline.cc:791] Discarding reconstruction due to bad initial pair
I20260910 06:19:32.585053 0x1fa65e140 incremental_pipeline.cc:487] => Provided pair is unsuitable for initialization.
I20260910 06:19:32.585055 0x1fa65e140 incremental_pipeline.cc:791] Discarding reconstruction due to bad initial pair
I20260910 06:19:32.586312 0x1fa65e140 incremental_pipeline.cc:487] => Provided pair is unsuitable for initialization.
I20260910 06:19:32.586314 0x1fa65e140 incremental_pipeline.cc:791] Discarding reconstruction due to bad initial pair
I20260910 06:19:32.587371 0x1fa65e140 incremental_pipeline.cc:492] Registering initial image pair #1 and #2
I20260910 06:19:32.587472 0x1fa65e140 incremental_pipeline.cc:510] Global bundle adjustment
I20260910 06:19:32.587507 0x1fa65e140 incremental_pipeline.cc:791] Discarding reconstruction due to bad initial pair
I20260910 06:19:32.589062 0x1fa65e140 incremental_pipeline.cc:492] Registering initial image pair #1 and #2
I20260910 06:19:32.589162 0x1fa65e140 incremental_pipeline.cc:510] Global bundle adjustment
I20260910 06:19:32.589197 0x1fa65e140 incremental_pipeline.cc:791] Discarding reconstruction due to bad initial pair
I20260910 06:19:32.590850 0x1fa65e140 incremental_pipeline.cc:492] Registering initial image pair #1 and #2
I20260910 06:19:32.590951 0x1fa65e140 incremental_pipeline.cc:510] Global bundle adjustment
I20260910 06:19:32.590986 0x1fa65e140 incremental_pipeline.cc:791] Discarding reconstruction due to bad initial pair
I20260910 06:19:32.592726 0x1fa65e140 incremental_pipeline.cc:492] Registering initial image pair #1 and #2
I20260910 06:19:32.592830 0x1fa65e140 incremental_pipeline.cc:510] Global bundle adjustment
I20260910 06:19:32.592863 0x1fa65e140 incremental_pipeline.cc:791] Discarding reconstruction due to bad initial pair
I20260910 06:19:32.594374 0x1fa65e140 incremental_pipeline.cc:492] Registering initial image pair #1 and #2
I20260910 06:19:32.594476 0x1fa65e140 incremental_pipeline.cc:510] Global bundle adjustment
I20260910 06:19:32.594510 0x1fa65e140 incremental_pipeline.cc:791] Discarding reconstruction due to bad initial pair
I20260910 06:19:32.595522 0x1fa65e140 incremental_pipeline.cc:487] => Provided pair is unsuitable for initialization.
I20260910 06:19:32.595524 0x1fa65e140 incremental_pipeline.cc:791] Discarding reconstruction due to bad initial pair
I20260910 06:19:32.596491 0x1fa65e140 incremental_pipeline.cc:492] Registering initial image pair #1 and #2
I20260910 06:19:32.596590 0x1fa65e140 incremental_pipeline.cc:510] Global bundle adjustment
I20260910 06:19:32.596624 0x1fa65e140 incremental_pipeline.cc:791] Discarding reconstruction due to bad initial pair
I20260910 06:19:32.597503 0x1fa65e140 incremental_pipeline.cc:492] Registering initial image pair #1 and #2
I20260910 06:19:32.597604 0x1fa65e140 incremental_pipeline.cc:510] Global bundle adjustment
I20260910 06:19:32.597638 0x1fa65e140 incremental_pipeline.cc:791] Discarding reconstruction due to bad initial pair
I20260910 06:19:32.599176 0x1fa65e140 incremental_pipeline.cc:492] Registering initial image pair #1 and #2
I20260910 06:19:32.599275 0x1fa65e140 incremental_pipeline.cc:510] Global bundle adjustment
I20260910 06:19:32.599311 0x1fa65e140 incremental_pipeline.cc:791] Discarding reconstruction due to bad initial pair
I20260910 06:19:32.600349 0x1fa65e140 incremental_pipeline.cc:492] Registering initial image pair #1 and #2
I20260910 06:19:32.600450 0x1fa65e140 incremental_pipeline.cc:510] Global bundle adjustment
I20260910 06:19:32.600484 0x1fa65e140 incremental_pipeline.cc:791] Discarding reconstruction due to bad initial pair
I20260910 06:19:32.602115 0x1fa65e140 incremental_pipeline.cc:492] Registering initial image pair #1 and #2
I20260910 06:19:32.602213 0x1fa65e140 incremental_pipeline.cc:510] Global bundle adjustment
I20260910 06:19:32.602248 0x1fa65e140 incremental_pipeline.cc:791] Discarding reconstruction due to bad initial pair
I20260910 06:19:32.603242 0x1fa65e140 incremental_pipeline.cc:487] => Provided pair is unsuitable for initialization.
I20260910 06:19:32.603244 0x1fa65e140 incremental_pipeline.cc:791] Discarding reconstruction due to bad initial pair
I20260910 06:19:32.604751 0x1fa65e140 incremental_pipeline.cc:487] => Provided pair is unsuitable for initialization.
I20260910 06:19:32.604753 0x1fa65e140 incremental_pipeline.cc:791] Discarding reconstruction due to bad initial pair
I20260910 06:19:32.606312 0x1fa65e140 incremental_pipeline.cc:492] Registering initial image pair #1 and #2
I20260910 06:19:32.606414 0x1fa65e140 incremental_pipeline.cc:510] Global bundle adjustment
I20260910 06:19:32.606449 0x1fa65e140 incremental_pipeline.cc:791] Discarding reconstruction due to bad initial pair
I20260910 06:19:32.607416 0x1fa65e140 incremental_pipeline.cc:492] Registering initial image pair #1 and #2
I20260910 06:19:32.607514 0x1fa65e140 incremental_pipeline.cc:510] Global bundle adjustment
I20260910 06:19:32.607548 0x1fa65e140 incremental_pipeline.cc:791] Discarding reconstruction due to bad initial pair
I20260910 06:19:32.608681 0x1fa65e140 incremental_pipeline.cc:492] Registering initial image pair #1 and #2
I20260910 06:19:32.608780 0x1fa65e140 incremental_pipeline.cc:510] Global bundle adjustment
I20260910 06:19:32.608812 0x1fa65e140 incremental_pipeline.cc:791] Discarding reconstruction due to bad initial pair
I20260910 06:19:32.609868 0x1fa65e140 incremental_pipeline.cc:487] => Provided pair is unsuitable for initialization.
I20260910 06:19:32.609871 0x1fa65e140 incremental_pipeline.cc:791] Discarding reconstruction due to bad initial pair
I20260910 06:19:32.610701 0x1fa65e140 incremental_pipeline.cc:492] Registering initial image pair #1 and #2
I20260910 06:19:32.610804 0x1fa65e140 incremental_pipeline.cc:510] Global bundle adjustment
I20260910 06:19:32.610840 0x1fa65e140 incremental_pipeline.cc:791] Discarding reconstruction due to bad initial pair
I20260910 06:19:32.612477 0x1fa65e140 incremental_pipeline.cc:492] Registering initial image pair #1 and #2
I20260910 06:19:32.612576 0x1fa65e140 incremental_pipeline.cc:510] Global bundle adjustment
I20260910 06:19:32.612612 0x1fa65e140 incremental_pipeline.cc:791] Discarding reconstruction due to bad initial pair
I20260910 06:19:32.613605 0x1fa65e140 incremental_pipeline.cc:487] => Provided pair is unsuitable for initialization.
I20260910 06:19:32.613608 0x1fa65e140 incremental_pipeline.cc:791] Discarding reconstruction due to bad initial pair
I20260910 06:19:32.615155 0x1fa65e140 incremental_pipeline.cc:492] Registering initial image pair #1 and #2
I20260910 06:19:32.615257 0x1fa65e140 incremental_pipeline.cc:510] Global bundle adjustment
I20260910 06:19:32.615289 0x1fa65e140 incremental_pipeline.cc:791] Discarding reconstruction due to bad initial pair
I20260910 06:19:32.616209 0x1fa65e140 incremental_pipeline.cc:487] => Provided pair is unsuitable for initialization.
I20260910 06:19:32.616211 0x1fa65e140 incremental_pipeline.cc:791] Discarding reconstruction due to bad initial pair
I20260910 06:19:32.617409 0x1fa65e140 incremental_pipeline.cc:487] => Provided pair is unsuitable for initialization.
I20260910 06:19:32.617411 0x1fa65e140 incremental_pipeline.cc:791] Discarding reconstruction due to bad initial pair
I20260910 06:19:32.618268 0x1fa65e140 incremental_pipeline.cc:492] Registering initial image pair #1 and #2
I20260910 06:19:32.618369 0x1fa65e140 incremental_pipeline.cc:510] Global bundle adjustment
I20260910 06:19:32.618402 0x1fa65e140 incremental_pipeline.cc:791] Discarding reconstruction due to bad initial pair
I20260910 06:19:32.619520 0x1fa65e140 incremental_pipeline.cc:492] Registering initial image pair #1 and #2
I20260910 06:19:32.619621 0x1fa65e140 incremental_pipeline.cc:510] Global bundle adjustment
I20260910 06:19:32.619654 0x1fa65e140 incremental_pipeline.cc:791] Discarding reconstruction due to bad initial pair
I20260910 06:19:32.620854 0x1fa65e140 incremental_pipeline.cc:487] => Provided pair is unsuitable for initialization.
I20260910 06:19:32.620856 0x1fa65e140 incremental_pipeline.cc:791] Discarding reconstruction due to bad initial pair
I20260910 06:19:32.621726 0x1fa65e140 incremental_pipeline.cc:487] => Provided pair is unsuitable for initialization.
I20260910 06:19:32.621729 0x1fa65e140 incremental_pipeline.cc:791] Discarding reconstruction due to bad initial pair
I20260910 06:19:32.622568 0x1fa65e140 incremental_pipeline.cc:492] Registering initial image pair #1 and #2
I20260910 06:19:32.622669 0x1fa65e140 incremental_pipeline.cc:510] Global bundle adjustment
I20260910 06:19:32.622703 0x1fa65e140 incremental_pipeline.cc:791] Discarding reconstruction due to bad initial pair
I20260910 06:19:32.624344 0x1fa65e140 incremental_pipeline.cc:487] => Provided pair is unsuitable for initialization.
I20260910 06:19:32.624346 0x1fa65e140 incremental_pipeline.cc:791] Discarding reconstruction due to bad initial pair
I20260910 06:19:32.625262 0x1fa65e140 incremental_pipeline.cc:487] => Provided pair is unsuitable for initialization.
I20260910 06:19:32.625265 0x1fa65e140 incremental_pipeline.cc:791] Discarding reconstruction due to bad initial pair
I20260910 06:19:32.626806 0x1fa65e140 incremental_pipeline.cc:492] Registering initial image pair #1 and #2
I20260910 06:19:32.626907 0x1fa65e140 incremental_pipeline.cc:510] Global bundle adjustment
I20260910 06:19:32.626944 0x1fa65e140 incremental_pipeline.cc:791] Discarding reconstruction due to bad initial pair
I20260910 06:19:32.627941 0x1fa65e140 incremental_pipeline.cc:487] => Provided pair is unsuitable for initialization.
I20260910 06:19:32.627944 0x1fa65e140 incremental_pipeline.cc:791] Discarding reconstruction due to bad initial pair
I20260910 06:19:32.629452 0x1fa65e140 incremental_pipeline.cc:492] Registering initial image pair #1 and #2
I20260910 06:19:32.629557 0x1fa65e140 incremental_pipeline.cc:510] Global bundle adjustment
I20260910 06:19:32.629594 0x1fa65e140 incremental_pipeline.cc:791] Discarding reconstruction due to bad initial pair
I20260910 06:19:32.631190 0x1fa65e140 incremental_pipeline.cc:487] => Provided pair is unsuitable for initialization.
I20260910 06:19:32.631193 0x1fa65e140 incremental_pipeline.cc:791] Discarding reconstruction due to bad initial pair
I20260910 06:19:32.632093 0x1fa65e140 incremental_pipeline.cc:487] => Provided pair is unsuitable for initialization.
I20260910 06:19:32.632096 0x1fa65e140 incremental_pipeline.cc:791] Discarding reconstruction due to bad initial pair
I20260910 06:19:32.634344 0x1fa65e140 incremental_pipeline.cc:487] => Provided pair is unsuitable for initialization.
I20260910 06:19:32.634347 0x1fa65e140 incremental_pipeline.cc:791] Discarding reconstruction due to bad initial pair
I20260910 06:19:32.636018 0x1fa65e140 incremental_pipeline.cc:487] => Provided pair is unsuitable for initialization.
I20260910 06:19:32.636020 0x1fa65e140 incremental_pipeline.cc:791] Discarding reconstruction due to bad initial pair
I20260910 06:19:32.637490 0x1fa65e140 incremental_pipeline.cc:487] => Provided pair is unsuitable for initialization.
I20260910 06:19:32.637493 0x1fa65e140 incremental_pipeline.cc:791] Discarding reconstruction due to bad initial pair
I20260910 06:19:32.638411 0x1fa65e140 incremental_pipeline.cc:492] Registering initial image pair #1 and #2
I20260910 06:19:32.638512 0x1fa65e140 incremental_pipeline.cc:510] Global bundle adjustment
I20260910 06:19:32.638547 0x1fa65e140 incremental_pipeline.cc:791] Discarding reconstruction due to bad initial pair
I20260910 06:19:32.640178 0x1fa65e140 incremental_pipeline.cc:487] => Provided pair is unsuitable for initialization.
I20260910 06:19:32.640180 0x1fa65e140 incremental_pipeline.cc:791] Discarding reconstruction due to bad initial pair
I20260910 06:19:32.642374 0x1fa65e140 incremental_pipeline.cc:487] => Provided pair is unsuitable for initialization.
I20260910 06:19:32.642377 0x1fa65e140 incremental_pipeline.cc:791] Discarding reconstruction due to bad initial pair
I20260910 06:19:32.643888 0x1fa65e140 incremental_pipeline.cc:492] Registering initial image pair #1 and #2
I20260910 06:19:32.643989 0x1fa65e140 incremental_pipeline.cc:510] Global bundle adjustment
I20260910 06:19:32.644024 0x1fa65e140 incremental_pipeline.cc:791] Discarding reconstruction due to bad initial pair
I20260910 06:19:32.644980 0x1fa65e140 incremental_pipeline.cc:492] Registering initial image pair #1 and #2
I20260910 06:19:32.645081 0x1fa65e140 incremental_pipeline.cc:510] Global bundle adjustment
I20260910 06:19:32.645116 0x1fa65e140 incremental_pipeline.cc:791] Discarding reconstruction due to bad initial pair
I20260910 06:19:32.646160 0x1fa65e140 incremental_pipeline.cc:487] => Provided pair is unsuitable for initialization.
I20260910 06:19:32.646162 0x1fa65e140 incremental_pipeline.cc:791] Discarding reconstruction due to bad initial pair
I20260910 06:19:32.647153 0x1fa65e140 incremental_pipeline.cc:492] Registering initial image pair #1 and #2
I20260910 06:19:32.647252 0x1fa65e140 incremental_pipeline.cc:510] Global bundle adjustment
I20260910 06:19:32.647287 0x1fa65e140 incremental_pipeline.cc:791] Discarding reconstruction due to bad initial pair
I20260910 06:19:32.648258 0x1fa65e140 incremental_pipeline.cc:492] Registering initial image pair #1 and #2
I20260910 06:19:32.648358 0x1fa65e140 incremental_pipeline.cc:510] Global bundle adjustment
I20260910 06:19:32.648393 0x1fa65e140 incremental_pipeline.cc:791] Discarding reconstruction due to bad initial pair
I20260910 06:19:32.649986 0x1fa65e140 incremental_pipeline.cc:492] Registering initial image pair #1 and #2
I20260910 06:19:32.650087 0x1fa65e140 incremental_pipeline.cc:510] Global bundle adjustment
I20260910 06:19:32.650122 0x1fa65e140 incremental_pipeline.cc:791] Discarding reconstruction due to bad initial pair
I20260910 06:19:32.651671 0x1fa65e140 incremental_pipeline.cc:487] => Provided pair is unsuitable for initialization.
I20260910 06:19:32.651677 0x1fa65e140 incremental_pipeline.cc:791] Discarding reconstruction due to bad initial pair
I20260910 06:19:32.653894 0x1fa65e140 incremental_pipeline.cc:492] Registering initial image pair #1 and #2
I20260910 06:19:32.653995 0x1fa65e140 incremental_pipeline.cc:510] Global bundle adjustment
I20260910 06:19:32.654030 0x1fa65e140 incremental_pipeline.cc:791] Discarding reconstruction due to bad initial pair
I20260910 06:19:32.655131 0x1fa65e140 incremental_pipeline.cc:492] Registering initial image pair #1 and #2
I20260910 06:19:32.655232 0x1fa65e140 incremental_pipeline.cc:510] Global bundle adjustment
I20260910 06:19:32.655267 0x1fa65e140 incremental_pipeline.cc:791] Discarding reconstruction due to bad initial pair
I20260910 06:19:32.656170 0x1fa65e140 incremental_pipeline.cc:487] => Provided pair is unsuitable for initialization.
I20260910 06:19:32.656172 0x1fa65e140 incremental_pipeline.cc:791] Discarding reconstruction due to bad initial pair
I20260910 06:19:32.657053 0x1fa65e140 incremental_pipeline.cc:492] Registering initial image pair #1 and #2
I20260910 06:19:32.657152 0x1fa65e140 incremental_pipeline.cc:510] Global bundle adjustment
I20260910 06:19:32.657190 0x1fa65e140 incremental_pipeline.cc:791] Discarding reconstruction due to bad initial pair
I20260910 06:19:32.658766 0x1fa65e140 incremental_pipeline.cc:492] Registering initial image pair #1 and #2
I20260910 06:19:32.658866 0x1fa65e140 incremental_pipeline.cc:510] Global bundle adjustment
I20260910 06:19:32.658898 0x1fa65e140 incremental_pipeline.cc:791] Discarding reconstruction due to bad initial pair
I20260910 06:19:32.660451 0x1fa65e140 incremental_pipeline.cc:492] Registering initial image pair #1 and #2
I20260910 06:19:32.660552 0x1fa65e140 incremental_pipeline.cc:510] Global bundle adjustment
I20260910 06:19:32.660586 0x1fa65e140 incremental_pipeline.cc:791] Discarding reconstruction due to bad initial pair
I20260910 06:19:32.662163 0x1fa65e140 incremental_pipeline.cc:492] Registering initial image pair #1 and #2
I20260910 06:19:32.662267 0x1fa65e140 incremental_pipeline.cc:510] Global bundle adjustment
I20260910 06:19:32.662302 0x1fa65e140 incremental_pipeline.cc:791] Discarding reconstruction due to bad initial pair
I20260910 06:19:32.663336 0x1fa65e140 incremental_pipeline.cc:492] Registering initial image pair #1 and #2
I20260910 06:19:32.663435 0x1fa65e140 incremental_pipeline.cc:510] Global bundle adjustment
I20260910 06:19:32.663469 0x1fa65e140 incremental_pipeline.cc:791] Discarding reconstruction due to bad initial pair
I20260910 06:19:32.664363 0x1fa65e140 incremental_pipeline.cc:487] => Provided pair is unsuitable for initialization.
I20260910 06:19:32.664365 0x1fa65e140 incremental_pipeline.cc:791] Discarding reconstruction due to bad initial pair
I20260910 06:19:32.665334 0x1fa65e140 incremental_pipeline.cc:492] Registering initial image pair #1 and #2
I20260910 06:19:32.665435 0x1fa65e140 incremental_pipeline.cc:510] Global bundle adjustment
I20260910 06:19:32.665468 0x1fa65e140 incremental_pipeline.cc:791] Discarding reconstruction due to bad initial pair
I20260910 06:19:32.666405 0x1fa65e140 incremental_pipeline.cc:487] => Provided pair is unsuitable for initialization.
I20260910 06:19:32.666408 0x1fa65e140 incremental_pipeline.cc:791] Discarding reconstruction due to bad initial pair
I20260910 06:19:32.667365 0x1fa65e140 incremental_pipeline.cc:492] Registering initial image pair #1 and #2
I20260910 06:19:32.667464 0x1fa65e140 incremental_pipeline.cc:510] Global bundle adjustment
I20260910 06:19:32.667500 0x1fa65e140 incremental_pipeline.cc:791] Discarding reconstruction due to bad initial pair
I20260910 06:19:32.669106 0x1fa65e140 incremental_pipeline.cc:487] => Provided pair is unsuitable for initialization.
I20260910 06:19:32.669109 0x1fa65e140 incremental_pipeline.cc:791] Discarding reconstruction due to bad initial pair
I20260910 06:19:32.670006 0x1fa65e140 incremental_pipeline.cc:492] Registering initial image pair #1 and #2
I20260910 06:19:32.670106 0x1fa65e140 incremental_pipeline.cc:510] Global bundle adjustment
I20260910 06:19:32.670143 0x1fa65e140 incremental_pipeline.cc:791] Discarding reconstruction due to bad initial pair
I20260910 06:19:32.671733 0x1fa65e140 incremental_pipeline.cc:492] Registering initial image pair #1 and #2
I20260910 06:19:32.671834 0x1fa65e140 incremental_pipeline.cc:510] Global bundle adjustment
I20260910 06:19:32.671867 0x1fa65e140 incremental_pipeline.cc:791] Discarding reconstruction due to bad initial pair
I20260910 06:19:32.673438 0x1fa65e140 incremental_pipeline.cc:487] => Provided pair is unsuitable for initialization.
I20260910 06:19:32.673440 0x1fa65e140 incremental_pipeline.cc:791] Discarding reconstruction due to bad initial pair
I20260910 06:19:32.675049 0x1fa65e140 incremental_pipeline.cc:487] => Provided pair is unsuitable for initialization.
I20260910 06:19:32.675052 0x1fa65e140 incremental_pipeline.cc:791] Discarding reconstruction due to bad initial pair
I20260910 06:19:32.676587 0x1fa65e140 incremental_pipeline.cc:487] => Provided pair is unsuitable for initialization.
I20260910 06:19:32.676589 0x1fa65e140 incremental_pipeline.cc:791] Discarding reconstruction due to bad initial pair
I20260910 06:19:32.677554 0x1fa65e140 incremental_pipeline.cc:487] => Provided pair is unsuitable for initialization.
I20260910 06:19:32.677556 0x1fa65e140 incremental_pipeline.cc:791] Discarding reconstruction due to bad initial pair
I20260910 06:19:32.678461 0x1fa65e140 incremental_pipeline.cc:487] => Provided pair is unsuitable for initialization.
I20260910 06:19:32.678463 0x1fa65e140 incremental_pipeline.cc:791] Discarding reconstruction due to bad initial pair
I20260910 06:19:32.679377 0x1fa65e140 incremental_pipeline.cc:492] Registering initial image pair #1 and #2
I20260910 06:19:32.679479 0x1fa65e140 incremental_pipeline.cc:510] Global bundle adjustment
I20260910 06:19:32.679516 0x1fa65e140 incremental_pipeline.cc:791] Discarding reconstruction due to bad initial pair
I20260910 06:19:32.680511 0x1fa65e140 incremental_pipeline.cc:487] => Provided pair is unsuitable for initialization.
I20260910 06:19:32.680513 0x1fa65e140 incremental_pipeline.cc:791] Discarding reconstruction due to bad initial pair
I20260910 06:19:32.682028 0x1fa65e140 incremental_pipeline.cc:487] => Provided pair is unsuitable for initialization.
I20260910 06:19:32.682030 0x1fa65e140 incremental_pipeline.cc:791] Discarding reconstruction due to bad initial pair
I20260910 06:19:32.683589 0x1fa65e140 incremental_pipeline.cc:492] Registering initial image pair #1 and #2
I20260910 06:19:32.683690 0x1fa65e140 incremental_pipeline.cc:510] Global bundle adjustment
I20260910 06:19:32.683724 0x1fa65e140 incremental_pipeline.cc:791] Discarding reconstruction due to bad initial pair
I20260910 06:19:32.684678 0x1fa65e140 incremental_pipeline.cc:487] => Provided pair is unsuitable for initialization.
I20260910 06:19:32.684680 0x1fa65e140 incremental_pipeline.cc:791] Discarding reconstruction due to bad initial pair
I20260910 06:19:32.685553 0x1fa65e140 incremental_pipeline.cc:487] => Provided pair is unsuitable for initialization.
I20260910 06:19:32.685555 0x1fa65e140 incremental_pipeline.cc:791] Discarding reconstruction due to bad initial pair
I20260910 06:19:32.686783 0x1fa65e140 incremental_pipeline.cc:492] Registering initial image pair #1 and #2
I20260910 06:19:32.686884 0x1fa65e140 incremental_pipeline.cc:510] Global bundle adjustment
I20260910 06:19:32.686919 0x1fa65e140 incremental_pipeline.cc:791] Discarding reconstruction due to bad initial pair
I20260910 06:19:32.687893 0x1fa65e140 incremental_pipeline.cc:492] Registering initial image pair #1 and #2
I20260910 06:19:32.687993 0x1fa65e140 incremental_pipeline.cc:510] Global bundle adjustment
I20260910 06:19:32.688029 0x1fa65e140 incremental_pipeline.cc:791] Discarding reconstruction due to bad initial pair
I20260910 06:19:32.688982 0x1fa65e140 incremental_pipeline.cc:487] => Provided pair is unsuitable for initialization.
I20260910 06:19:32.688984 0x1fa65e140 incremental_pipeline.cc:791] Discarding reconstruction due to bad initial pair
I20260910 06:19:32.690541 0x1fa65e140 incremental_pipeline.cc:492] Registering initial image pair #1 and #2
I20260910 06:19:32.690641 0x1fa65e140 incremental_pipeline.cc:510] Global bundle adjustment
I20260910 06:19:32.690675 0x1fa65e140 incremental_pipeline.cc:791] Discarding reconstruction due to bad initial pair
I20260910 06:19:32.691626 0x1fa65e140 incremental_pipeline.cc:492] Registering initial image pair #1 and #2
I20260910 06:19:32.691727 0x1fa65e140 incremental_pipeline.cc:510] Global bundle adjustment
I20260910 06:19:32.691763 0x1fa65e140 incremental_pipeline.cc:791] Discarding reconstruction due to bad initial pair
I20260910 06:19:32.692660 0x1fa65e140 incremental_pipeline.cc:492] Registering initial image pair #1 and #2
I20260910 06:19:32.692761 0x1fa65e140 incremental_pipeline.cc:510] Global bundle adjustment
I20260910 06:19:32.692796 0x1fa65e140 incremental_pipeline.cc:791] Discarding reconstruction due to bad initial pair
I20260910 06:19:32.694374 0x1fa65e140 incremental_pipeline.cc:492] Registering initial image pair #1 and #2
I20260910 06:19:32.694476 0x1fa65e140 incremental_pipeline.cc:510] Global bundle adjustment
I20260910 06:19:32.694512 0x1fa65e140 incremental_pipeline.cc:791] Discarding reconstruction due to bad initial pair
I20260910 06:19:32.695443 0x1fa65e140 incremental_pipeline.cc:492] Registering initial image pair #1 and #2
I20260910 06:19:32.695544 0x1fa65e140 incremental_pipeline.cc:510] Global bundle adjustment
I20260910 06:19:32.695578 0x1fa65e140 incremental_pipeline.cc:791] Discarding reconstruction due to bad initial pair
I20260910 06:19:32.696858 0x1fa65e140 incremental_pipeline.cc:492] Registering initial image pair #1 and #2
I20260910 06:19:32.696960 0x1fa65e140 incremental_pipeline.cc:510] Global bundle adjustment
I20260910 06:19:32.696996 0x1fa65e140 incremental_pipeline.cc:791] Discarding reconstruction due to bad initial pair
I20260910 06:19:32.698247 0x1fa65e140 incremental_pipeline.cc:487] => Provided pair is unsuitable for initialization.
I20260910 06:19:32.698249 0x1fa65e140 incremental_pipeline.cc:791] Discarding reconstruction due to bad initial pair
I20260910 06:19:32.699847 0x1fa65e140 incremental_pipeline.cc:492] Registering initial image pair #1 and #2
I20260910 06:19:32.699947 0x1fa65e140 incremental_pipeline.cc:510] Global bundle adjustment
I20260910 06:19:32.699983 0x1fa65e140 incremental_pipeline.cc:791] Discarding reconstruction due to bad initial pair
I20260910 06:19:32.700979 0x1fa65e140 incremental_pipeline.cc:487] => Provided pair is unsuitable for initialization.
I20260910 06:19:32.700982 0x1fa65e140 incremental_pipeline.cc:791] Discarding reconstruction due to bad initial pair
I20260910 06:19:32.702169 0x1fa65e140 incremental_pipeline.cc:487] => Provided pair is unsuitable for initialization.
I20260910 06:19:32.702171 0x1fa65e140 incremental_pipeline.cc:791] Discarding reconstruction due to bad initial pair
I20260910 06:19:32.703204 0x1fa65e140 incremental_pipeline.cc:492] Registering initial image pair #1 and #2
I20260910 06:19:32.703303 0x1fa65e140 incremental_pipeline.cc:510] Global bundle adjustment
I20260910 06:19:32.703338 0x1fa65e140 incremental_pipeline.cc:791] Discarding reconstruction due to bad initial pair
I20260910 06:19:32.704905 0x1fa65e140 incremental_pipeline.cc:487] => Provided pair is unsuitable for initialization.
I20260910 06:19:32.704907 0x1fa65e140 incremental_pipeline.cc:791] Discarding reconstruction due to bad initial pair
I20260910 06:19:32.706419 0x1fa65e140 incremental_pipeline.cc:487] => Provided pair is unsuitable for initialization.
I20260910 06:19:32.706422 0x1fa65e140 incremental_pipeline.cc:791] Discarding reconstruction due to bad initial pair
I20260910 06:19:32.707964 0x1fa65e140 incremental_pipeline.cc:492] Registering initial image pair #1 and #2
I20260910 06:19:32.708065 0x1fa65e140 incremental_pipeline.cc:510] Global bundle adjustment
I20260910 06:19:32.708099 0x1fa65e140 incremental_pipeline.cc:791] Discarding reconstruction due to bad initial pair
I20260910 06:19:32.710486 0x1fa65e140 incremental_pipeline.cc:492] Registering initial image pair #1 and #2
I20260910 06:19:32.710594 0x1fa65e140 incremental_pipeline.cc:510] Global bundle adjustment
I20260910 06:19:32.710630 0x1fa65e140 incremental_pipeline.cc:791] Discarding reconstruction due to bad initial pair
I20260910 06:19:32.711651 0x1fa65e140 incremental_pipeline.cc:492] Registering initial image pair #1 and #2
I20260910 06:19:32.711751 0x1fa65e140 incremental_pipeline.cc:510] Global bundle adjustment
I20260910 06:19:32.711784 0x1fa65e140 incremental_pipeline.cc:791] Discarding reconstruction due to bad initial pair
I20260910 06:19:32.712907 0x1fa65e140 incremental_pipeline.cc:487] => Provided pair is unsuitable for initialization.
I20260910 06:19:32.712911 0x1fa65e140 incremental_pipeline.cc:791] Discarding reconstruction due to bad initial pair
I20260910 06:19:32.714482 0x1fa65e140 incremental_pipeline.cc:492] Registering initial image pair #1 and #2
I20260910 06:19:32.714581 0x1fa65e140 incremental_pipeline.cc:510] Global bundle adjustment
I20260910 06:19:32.714614 0x1fa65e140 incremental_pipeline.cc:791] Discarding reconstruction due to bad initial pair
I20260910 06:19:32.716433 0x1fa65e140 incremental_pipeline.cc:492] Registering initial image pair #1 and #2
I20260910 06:19:32.716531 0x1fa65e140 incremental_pipeline.cc:510] Global bundle adjustment
I20260910 06:19:32.716566 0x1fa65e140 incremental_pipeline.cc:791] Discarding reconstruction due to bad initial pair
I20260910 06:19:32.717527 0x1fa65e140 incremental_pipeline.cc:492] Registering initial image pair #1 and #2
I20260910 06:19:32.717626 0x1fa65e140 incremental_pipeline.cc:510] Global bundle adjustment
I20260910 06:19:32.717660 0x1fa65e140 incremental_pipeline.cc:791] Discarding reconstruction due to bad initial pair
I20260910 06:19:32.719022 0x1fa65e140 incremental_pipeline.cc:492] Registering initial image pair #1 and #2
I20260910 06:19:32.719124 0x1fa65e140 incremental_pipeline.cc:510] Global bundle adjustment
I20260910 06:19:32.719159 0x1fa65e140 incremental_pipeline.cc:791] Discarding reconstruction due to bad initial pair
I20260910 06:19:32.720778 0x1fa65e140 incremental_pipeline.cc:492] Registering initial image pair #1 and #2
I20260910 06:19:32.720878 0x1fa65e140 incremental_pipeline.cc:510] Global bundle adjustment
I20260910 06:19:32.720909 0x1fa65e140 incremental_pipeline.cc:791] Discarding reconstruction due to bad initial pair
I20260910 06:19:32.722033 0x1fa65e140 incremental_pipeline.cc:492] Registering initial image pair #1 and #2
I20260910 06:19:32.722135 0x1fa65e140 incremental_pipeline.cc:510] Global bundle adjustment
I20260910 06:19:32.722170 0x1fa65e140 incremental_pipeline.cc:791] Discarding reconstruction due to bad initial pair
I20260910 06:19:32.723691 0x1fa65e140 incremental_pipeline.cc:487] => Provided pair is unsuitable for initialization.
I20260910 06:19:32.723693 0x1fa65e140 incremental_pipeline.cc:791] Discarding reconstruction due to bad initial pair
I20260910 06:19:32.724740 0x1fa65e140 incremental_pipeline.cc:492] Registering initial image pair #1 and #2
I20260910 06:19:32.724840 0x1fa65e140 incremental_pipeline.cc:510] Global bundle adjustment
I20260910 06:19:32.724873 0x1fa65e140 incremental_pipeline.cc:791] Discarding reconstruction due to bad initial pair
I20260910 06:19:32.726041 0x1fa65e140 incremental_pipeline.cc:492] Registering initial image pair #1 and #2
I20260910 06:19:32.726143 0x1fa65e140 incremental_pipeline.cc:510] Global bundle adjustment
I20260910 06:19:32.726178 0x1fa65e140 incremental_pipeline.cc:791] Discarding reconstruction due to bad initial pair
I20260910 06:19:32.727142 0x1fa65e140 incremental_pipeline.cc:487] => Provided pair is unsuitable for initialization.
I20260910 06:19:32.727144 0x1fa65e140 incremental_pipeline.cc:791] Discarding reconstruction due to bad initial pair
I20260910 06:19:32.728175 0x1fa65e140 incremental_pipeline.cc:492] Registering initial image pair #1 and #2
I20260910 06:19:32.728274 0x1fa65e140 incremental_pipeline.cc:510] Global bundle adjustment
I20260910 06:19:32.728310 0x1fa65e140 incremental_pipeline.cc:791] Discarding reconstruction due to bad initial pair
I20260910 06:19:32.729802 0x1fa65e140 incremental_pipeline.cc:487] => Provided pair is unsuitable for initialization.
I20260910 06:19:32.729805 0x1fa65e140 incremental_pipeline.cc:791] Discarding reconstruction due to bad initial pair
I20260910 06:19:32.731348 0x1fa65e140 incremental_pipeline.cc:487] => Provided pair is unsuitable for initialization.
I20260910 06:19:32.731350 0x1fa65e140 incremental_pipeline.cc:791] Discarding reconstruction due to bad initial pair
I20260910 06:19:32.732440 0x1fa65e140 incremental_pipeline.cc:492] Registering initial image pair #1 and #2
I20260910 06:19:32.732539 0x1fa65e140 incremental_pipeline.cc:510] Global bundle adjustment
I20260910 06:19:32.732572 0x1fa65e140 incremental_pipeline.cc:791] Discarding reconstruction due to bad initial pair
I20260910 06:19:32.734122 0x1fa65e140 incremental_pipeline.cc:492] Registering initial image pair #1 and #2
I20260910 06:19:32.734221 0x1fa65e140 incremental_pipeline.cc:510] Global bundle adjustment
I20260910 06:19:32.734257 0x1fa65e140 incremental_pipeline.cc:791] Discarding reconstruction due to bad initial pair
I20260910 06:19:32.735774 0x1fa65e140 incremental_pipeline.cc:487] => Provided pair is unsuitable for initialization.
I20260910 06:19:32.735777 0x1fa65e140 incremental_pipeline.cc:791] Discarding reconstruction due to bad initial pair
I20260910 06:19:32.737415 0x1fa65e140 incremental_pipeline.cc:492] Registering initial image pair #1 and #2
I20260910 06:19:32.737514 0x1fa65e140 incremental_pipeline.cc:510] Global bundle adjustment
I20260910 06:19:32.737549 0x1fa65e140 incremental_pipeline.cc:791] Discarding reconstruction due to bad initial pair
I20260910 06:19:32.739070 0x1fa65e140 incremental_pipeline.cc:487] => Provided pair is unsuitable for initialization.
I20260910 06:19:32.739073 0x1fa65e140 incremental_pipeline.cc:791] Discarding reconstruction due to bad initial pair
I20260910 06:19:32.739931 0x1fa65e140 incremental_pipeline.cc:487] => Provided pair is unsuitable for initialization.
I20260910 06:19:32.739934 0x1fa65e140 incremental_pipeline.cc:791] Discarding reconstruction due to bad initial pair
I20260910 06:19:32.740925 0x1fa65e140 incremental_pipeline.cc:492] Registering initial image pair #1 and #2
I20260910 06:19:32.741024 0x1fa65e140 incremental_pipeline.cc:510] Global bundle adjustment
I20260910 06:19:32.741057 0x1fa65e140 incremental_pipeline.cc:791] Discarding reconstruction due to bad initial pair
I20260910 06:19:32.742000 0x1fa65e140 incremental_pipeline.cc:492] Registering initial image pair #1 and #2
I20260910 06:19:32.742101 0x1fa65e140 incremental_pipeline.cc:510] Global bundle adjustment
I20260910 06:19:32.742136 0x1fa65e140 incremental_pipeline.cc:791] Discarding reconstruction due to bad initial pair
I20260910 06:19:32.743272 0x1fa65e140 incremental_pipeline.cc:492] Registering initial image pair #1 and #2
I20260910 06:19:32.743370 0x1fa65e140 incremental_pipeline.cc:510] Global bundle adjustment
I20260910 06:19:32.743404 0x1fa65e140 incremental_pipeline.cc:791] Discarding reconstruction due to bad initial pair
I20260910 06:19:32.744949 0x1fa65e140 incremental_pipeline.cc:492] Registering initial image pair #1 and #2
I20260910 06:19:32.745048 0x1fa65e140 incremental_pipeline.cc:510] Global bundle adjustment
I20260910 06:19:32.745080 0x1fa65e140 incremental_pipeline.cc:791] Discarding reconstruction due to bad initial pair
I20260910 06:19:32.746691 0x1fa65e140 incremental_pipeline.cc:487] => Provided pair is unsuitable for initialization.
I20260910 06:19:32.746694 0x1fa65e140 incremental_pipeline.cc:791] Discarding reconstruction due to bad initial pair
I20260910 06:19:32.747689 0x1fa65e140 incremental_pipeline.cc:492] Registering initial image pair #1 and #2
I20260910 06:19:32.747790 0x1fa65e140 incremental_pipeline.cc:510] Global bundle adjustment
I20260910 06:19:32.747824 0x1fa65e140 incremental_pipeline.cc:791] Discarding reconstruction due to bad initial pair
I20260910 06:19:32.749386 0x1fa65e140 incremental_pipeline.cc:492] Registering initial image pair #1 and #2
I20260910 06:19:32.749487 0x1fa65e140 incremental_pipeline.cc:510] Global bundle adjustment
I20260910 06:19:32.749523 0x1fa65e140 incremental_pipeline.cc:791] Discarding reconstruction due to bad initial pair
I20260910 06:19:32.749563 0x1fa65e140 timer.cc:90] Elapsed time: 0.022 [minutes]
[0;31mE20260910 06:19:32.749567 0x1fa65e140 sfm.cc:310] Failed to create any sparse model
[m