
I20260910 06:19:32.854806 0x1fa65e140 incremental_pipeline.cc:353] Loading database
I20260910 06:19:32.855084 0x1fa65e140 database_cache.cc:73] Loading rigs...
I20260910 06:19:32.855100 0x1fa65e140 database_cache.cc:83]  1 in 0.000s
I20260910 06:19:32.855104 0x1fa65e140 database_cache.cc:91] Loading cameras...
I20260910 06:19:32.855110 0x1fa65e140 database_cache.cc:109]  1 in 0.000s
I20260910 06:19:32.855112 0x1fa65e140 database_cache.cc:117] Loading frames...
I20260910 06:19:32.855125 0x1fa65e140 database_cache.cc:127]  4 in 0.000s
I20260910 06:19:32.855127 0x1fa65e140 database_cache.cc:135] Loading matches...
I20260910 06:19:32.855148 0x1fa65e140 database_cache.cc:140]  3 in 0.000s
I20260910 06:19:32.855153 0x1fa65e140 database_cache.cc:148] Loading images...
I20260910 06:19:32.855343 0x1fa65e140 database_cache.cc:245]  4 in 0.000s (connected 4, loaded 4)
I20260910 06:19:32.855346 0x1fa65e140 database_cache.cc:259] Loading pose priors...
I20260910 06:19:32.855350 0x1fa65e140 database_cache.cc:267]  0 in 0.000s
I20260910 06:19:32.855352 0x1fa65e140 database_cache.cc:275] Building correspondence graph...
I20260910 06:19:32.855416 0x1fa65e140 database_cache.cc:304]  in 0.000s (ignored 0)
I20260910 06:19:32.855419 0x1fa65e140 timer.cc:90] Elapsed time: 0.000 [minutes]
I20260910 06:19:32.856623 0x1fa65e140 incremental_pipeline.cc:487] => Provided pair is unsuitable for initialization.
I20260910 06:19:32.856627 0x1fa65e140 incremental_pipeline.cc:791] Discarding reconstruction due to bad initial pair
I20260910 06:19:32.857523 0x1fa65e140 incremental_pipeline.cc:487] => Provided pair is unsuitable for initialization.
I20260910 06:19:32.857526 0x1fa65e140 incremental_pipeline.cc:791] Discarding reconstruction due to bad initial pair
I20260910 06:19:32.858479 0x1fa65e140 incremental_pipeline.cc:487] => Provided pair is unsuitable for initialization.
I20260910 06:19:32.858482 0x1fa65e140 incremental_pipeline.cc:791] Discarding reconstruction due to bad initial pair
I20260910 06:19:32.859372 0x1fa65e140 incremental_pipeline.cc:487] => Provided pair is unsuitable for initialization.
I20260910 06:19:32.859375 0x1fa65e140 incremental_pipeline.cc:791] Discarding reconstruction due to bad initial pair
I20260910 06:19:32.860262 0x1fa65e140 incremental_pipeline.cc:487] => Provided pair is unsuitable for initialization.
I20260910 06:19:32.860265 0x1fa65e140 incremental_pipeline.cc:791] Discarding reconstruction due to bad initial pair
I20260910 06:19:32.861030 0x1fa65e140 incremental_pipeline.cc:487] => Provided pair is unsuitable for initialization.
I20260910 06:19:32.861033 0x1fa65e140 incremental_pipeline.cc:791] Discarding reconstruction due to bad initial pair
I20260910 06:19:32.861777 0x1fa65e140 incremental_pipeline.cc:487] => Provided pair is unsuitable for initialization.
I20260910 06:19:32.861780 0x1fa65e140 incremental_pipeline.cc:791] Discarding reconstruction due to bad initial pair
I20260910 06:19:32.862691 0x1fa65e140 incremental_pipeline.cc:487] => Provided pair is unsuitable for initialization.
I20260910 06:19:32.862693 0x1fa65e140 incremental_pipeline.cc:791] Discarding reconstruction due to bad initial pair
I20260910 06:19:32.863495 0x1fa65e140 incremental_pipeline.cc:487] => Provided pair is unsuitable for initialization.
I20260910 06:19:32.863498 0x1fa65e140 incremental_pipeline.cc:791] Discarding reconstruction due to bad initial pair
I20260910 06:19:32.864652 0x1fa65e140 incremental_pipeline.cc:487] => Provided pair is unsuitable for initialization.
I20260910 06:19:32.864655 0x1fa65e140 incremental_pipeline.cc:791] Discarding reconstruction due to bad initial pair
I20260910 06:19:32.865335 0x1fa65e140 incremental_pipeline.cc:487] => Provided pair is unsuitable for initialization.
I20260910 06:19:32.865337 0x1fa65e140 incremental_pipeline.cc:791] Discarding reconstruction due to bad initial pair
I20260910 06:19:32.866205 0x1fa65e140 incremental_pipeline.cc:487] => Provided pair is unsuitable for initialization.
I20260910 06:19:32.866208 0x1fa65e140 incremental_pipeline.cc:791] Discarding reconstruction due to bad initial pair
I20260910 06:19:32.867144 0x1fa65e140 incremental_pipeline.cc:487] => Provided pair is unsuitable for initialization.
I20260910 06:19:32.867156 0x1fa65e140 incremental_pipeline.cc:791] Discarding reconstruction due to bad initial pair
I20260910 06:19:32.868044 0x1fa65e140 incremental_pipeline.cc:487] => Provided pair is unsuitable for initialization.
I20260910 06:19:32.868047 0x1fa65e140 incremental_pipeline.cc:791] Discarding reconstruction due to bad initial pair
I20260910 06:19:32.869455 0x1fa65e140 incremental_pipeline.cc:487] => Provided pair is unsuitable for initialization.
I20260910 06:19:32.869457 0x1fa65e140 incremental_pipeline.cc:791] Discarding reconstruction due to bad initial pair
I20260910 06:19:32.870320 0x1fa65e140 incremental_pipeline.cc:487] => Provided pair is unsuitable for initialization.
I20260910 06:19:32.870323 0x1fa65e140 incremental_pipeline.cc:791] Discarding reconstruction due to bad initial pair
I20260910 06:19:32.871517 0x1fa65e140 incremental_pipeline.cc:487] => Provided pair is unsuitable for initialization.
I20260910 06:19:32.871520 0x1fa65e140 incremental_pipeline.cc:791] Discarding reconstruction due to bad initial pair
I20260910 06:19:32.872620 0x1fa65e140 incremental_pipeline.cc:487] => Provided pair is unsuitable for initialization.
I20260910 06:19:32.872623 0x1fa65e140 incremental_pipeline.cc:791] Discarding reconstruction due to bad initial pair
I20260910 06:19:32.873508 0x1fa65e140 incremental_pipeline.cc:487] => Provided pair is unsuitable for initialization.
I20260910 06:19:32.873510 0x1fa65e140 incremental_pipeline.cc:791] Discarding reconstruction due to bad initial pair
I20260910 06:19:32.874147 0x1fa65e140 incremental_pipeline.cc:487] => Provided pair is unsuitable for initialization.
I20260910 06:19:32.874149 0x1fa65e140 incremental_pipeline.cc:791] Discarding reconstruction due to bad initial pair
I20260910 06:19:32.875097 0x1fa65e140 incremental_pipeline.cc:487] => Provided pair is unsuitable for initialization.
I20260910 06:19:32.875099 0x1fa65e140 incremental_pipeline.cc:791] Discarding reconstruction due to bad initial pair
I20260910 06:19:32.875930 0x1fa65e140 incremental_pipeline.cc:487] => Provided pair is unsuitable for initialization.
I20260910 06:19:32.875932 0x1fa65e140 incremental_pipeline.cc:791] Discarding reconstruction due to bad initial pair
I20260910 06:19:32.877173 0x1fa65e140 incremental_pipeline.cc:487] => Provided pair is unsuitable for initialization.
I20260910 06:19:32.877176 0x1fa65e140 incremental_pipeline.cc:791] Discarding reconstruction due to bad initial pair
I20260910 06:19:32.877870 0x1fa65e140 incremental_pipeline.cc:487] => Provided pair is unsuitable for initialization.
I20260910 06:19:32.877873 0x1fa65e140 incremental_pipeline.cc:791] Discarding reconstruction due to bad initial pair
I20260910 06:19:32.878635 0x1fa65e140 incremental_pipeline.cc:487] => Provided pair is unsuitable for initialization.
I20260910 06:19:32.878638 0x1fa65e140 incremental_pipeline.cc:791] Discarding reconstruction due to bad initial pair
I20260910 06:19:32.879688 0x1fa65e140 incremental_pipeline.cc:487] => Provided pair is unsuitable for initialization.
I20260910 06:19:32.879691 0x1fa65e140 incremental_pipeline.cc:791] Discarding reconstruction due to bad initial pair
I20260910 06:19:32.880692 0x1fa65e140 incremental_pipeline.cc:487] => Provided pair is unsuitable for initialization.
I20260910 06:19:32.880695 0x1fa65e140 incremental_pipeline.cc:791] Discarding reconstruction due to bad initial pair
I20260910 06:19:32.881565 0x1fa65e140 incremental_pipeline.cc:487] => Provided pair is unsuitable for initialization.
I20260910 06:19:32.881568 0x1fa65e140 incremental_pipeline.cc:791] Discarding reconstruction due to bad initial pair
I20260910 06:19:32.882467 0x1fa65e140 incremental_pipeline.cc:487] => Provided pair is unsuitable for initialization.
I20260910 06:19:32.882469 0x1fa65e140 incremental_pipeline.cc:791] Discarding reconstruction due to bad initial pair
I20260910 06:19:32.883269 0x1fa65e140 incremental_pipeline.cc:487] => Provided pair is unsuitable for initialization.
I20260910 06:19:32.883271 0x1fa65e140 incremental_pipeline.cc:791] Discarding reconstruction due to bad initial pair
I20260910 06:19:32.884052 0x1fa65e140 incremental_pipeline.cc:487] => Provided pair is unsuitable for initialization.
I20260910 06:19:32.884054 0x1fa65e140 incremental_pipeline.cc:791] Discarding reconstruction due to bad initial pair
I20260910 06:19:32.885160 0x1fa65e140 incremental_pipeline.cc:487] => Provided pair is unsuitable for initialization.
I20260910 06:19:32.885165 0x1fa65e140 incremental_pipeline.cc:791] Discarding reconstruction due to bad initial pair
I20260910 06:19:32.886029 0x1fa65e140 incremental_pipeline.cc:487] => Provided pair is unsuitable for initialization.
I20260910 06:19:32.886031 0x1fa65e140 incremental_pipeline.cc:791] Discarding reconstruction due to bad initial pair
I20260910 06:19:32.886771 0x1fa65e140 incremental_pipeline.cc:487] => Provided pair is unsuitable for initialization.
I20260910 06:19:32.886774 0x1fa65e140 incremental_pipeline.cc:791] Discarding reconstruction due to bad initial pair
I20260910 06:19:32.887518 0x1fa65e140 incremental_pipeline.cc:487] => Provided pair is unsuitable for initialization.
I20260910 06:19:32.887520 0x1fa65e140 incremental_pipeline.cc:791] Discarding reconstruction due to bad initial pair
I20260910 06:19:32.888399 0x1fa65e140 incremental_pipeline.cc:487] => Provided pair is unsuitable for initialization.
I20260910 06:19:32.888401 0x1fa65e140 incremental_pipeline.cc:791] Discarding reconstruction due to bad initial pair
I20260910 06:19:32.889248 0x1fa65e140 incremental_pipeline.cc:487] => Provided pair is unsuitable for initialization.
I20260910 06:19:32.889251 0x1fa65e140 incremental_pipeline.cc:791] Discarding reconstruction due to bad initial pair
I20260910 06:19:32.890438 0x1fa65e140 incremental_pipeline.cc:487] => Provided pair is unsuitable for initialization.
I20260910 06:19:32.890441 0x1fa65e140 incremental_pipeline.cc:791] Discarding reconstruction due to bad initial pair
I20260910 06:19:32.891694 0x1fa65e140 incremental_pipeline.cc:487] => Provided pair is unsuitable for initialization.
I20260910 06:19:32.891696 0x1fa65e140 incremental_pipeline.cc:791] Discarding reconstruction due to bad initial pair
I20260910 06:19:32.892448 0x1fa65e140 incremental_pipeline.cc:487] => Provided pair is unsuitable for initialization.
I20260910 06:19:32.892451 0x1fa65e140 incremental_pipeline.cc:791] Discarding reconstruction due to bad initial pair
I20260910 06:19:32.893142 0x1fa65e140 incremental_pipeline.cc:487] => Provided pair is unsuitable for initialization.
I20260910 06:19:32.893145 0x1fa65e140 incremental_pipeline.cc:791] Discarding reconstruction due to bad initial pair
I20260910 06:19:32.893774 0x1fa65e140 incremental_pipeline.cc:487] => Provided pair is unsuitable for initialization.
I20260910 06:19:32.893777 0x1fa65e140 incremental_pipeline.cc:791] Discarding reconstruction due to bad initial pair
I20260910 06:19:32.894710 0x1fa65e140 incremental_pipeline.cc:487] => Provided pair is unsuitable for initialization.
I20260910 06:19:32.894712 0x1fa65e140 incremental_pipeline.cc:791] Discarding reconstruction due to bad initial pair
I20260910 06:19:32.895382 0x1fa65e140 incremental_pipeline.cc:487] => Provided pair is unsuitable for initialization.
I20260910 06:19:32.895385 0x1fa65e140 incremental_pipeline.cc:791] Discarding reconstruction due to bad initial pair
I20260910 06:19:32.896208 0x1fa65e140 incremental_pipeline.cc:487] => Provided pair is unsuitable for initialization.
I20260910 06:19:32.896210 0x1fa65e140 incremental_pipeline.cc:791] Discarding reconstruction due to bad initial pair
I20260910 06:19:32.896927 0x1fa65e140 incremental_pipeline.cc:487] => Provided pair is unsuitable for initialization.
I20260910 06:19:32.896930 0x1fa65e140 incremental_pipeline.cc:791] Discarding reconstruction due to bad initial pair
I20260910 06:19:32.898015 0x1fa65e140 incremental_pipeline.cc:487] => Provided pair is unsuitable for initialization.
I20260910 06:19:32.898018 0x1fa65e140 incremental_pipeline.cc:791] Discarding reconstruction due to bad initial pair
I20260910 06:19:32.898838 0x1fa65e140 incremental_pipeline.cc:487] => Provided pair is unsuitable for initialization.
I20260910 06:19:32.898846 0x1fa65e140 incremental_pipeline.cc:791] Discarding reconstruction due to bad initial pair
I20260910 06:19:32.899590 0x1fa65e140 incremental_pipeline.cc:487] => Provided pair is unsuitable for initialization.
I20260910 06:19:32.899592 0x1fa65e140 incremental_pipeline.cc:791] Discarding reconstruction due to bad initial pair
I20260910 06:19:32.900262 0x1fa65e140 incremental_pipeline.cc:487] => Provided pair is unsuitable for initialization.
I20260910 06:19:32.900265 0x1fa65e140 incremental_pipeline.cc:791] Discarding reconstruction due to bad initial pair
I20260910 06:19:32.901066 0x1fa65e140 incremental_pipeline.cc:487] => Provided pair is unsuitable for initialization.
I20260910 06:19:32.901069 0x1fa65e140 incremental_pipeline.cc:791] Discarding reconstruction due to bad initial pair
I20260910 06:19:32.901796 0x1fa65e140 incremental_pipeline.cc:487] => Provided pair is unsuitable for initialization.
I20260910 06:19:32.901798 0x1fa65e140 incremental_pipeline.cc:791] Discarding reconstruction due to bad initial pair
I20260910 06:19:32.902549 0x1fa65e140 incremental_pipeline.cc:487] => Provided pair is unsuitable for initialization.
I20260910 06:19:32.902552 0x1fa65e140 incremental_pipeline.cc:791] Discarding reconstruction due to bad initial pair
I20260910 06:19:32.903495 0x1fa65e140 incremental_pipeline.cc:487] => Provided pair is unsuitable for initialization.
I20260910 06:19:32.903498 0x1fa65e140 incremental_pipeline.cc:791] Discarding reconstruction due to bad initial pair
I20260910 06:19:32.904288 0x1fa65e140 incremental_pipeline.cc:487] => Provided pair is unsuitable for initialization.
I20260910 06:19:32.904291 0x1fa65e140 incremental_pipeline.cc:791] Discarding reconstruction due to bad initial pair
I20260910 06:19:32.905021 0x1fa65e140 incremental_pipeline.cc:487] => Provided pair is unsuitable for initialization.
I20260910 06:19:32.905023 0x1fa65e140 incremental_pipeline.cc:791] Discarding reconstruction due to bad initial pair
I20260910 06:19:32.905809 0x1fa65e140 incremental_pipeline.cc:487] => Provided pair is unsuitable for initialization.
I20260910 06:19:32.905812 0x1fa65e140 incremental_pipeline.cc:791] Discarding reconstruction due to bad initial pair
I20260910 06:19:32.906572 0x1fa65e140 incremental_pipeline.cc:487] => Provided pair is unsuitable for initialization.
I20260910 06:19:32.906574 0x1fa65e140 incremental_pipeline.cc:791] Discarding reconstruction due to bad initial pair
I20260910 06:19:32.907322 0x1fa65e140 incremental_pipeline.cc:487] => Provided pair is unsuitable for initialization.
I20260910 06:19:32.907324 0x1fa65e140 incremental_pipeline.cc:791] Discarding reconstruction due to bad initial pair
I20260910 06:19:32.908049 0x1fa65e140 incremental_pipeline.cc:487] => Provided pair is unsuitable for initialization.
I20260910 06:19:32.908051 0x1fa65e140 incremental_pipeline.cc:791] Discarding reconstruction due to bad initial pair
I20260910 06:19:32.908768 0x1fa65e140 incremental_pipeline.cc:487] => Provided pair is unsuitable for initialization.
I20260910 06:19:32.908771 0x1fa65e140 incremental_pipeline.cc:791] Discarding reconstruction due to bad initial pair
I20260910 06:19:32.909533 0x1fa65e140 incremental_pipeline.cc:487] => Provided pair is unsuitable for initialization.
I20260910 06:19:32.909535 0x1fa65e140 incremental_pipeline.cc:791] Discarding reconstruction due to bad initial pair
I20260910 06:19:32.910350 0x1fa65e140 incremental_pipeline.cc:487] => Provided pair is unsuitable for initialization.
I20260910 06:19:32.910352 0x1fa65e140 incremental_pipeline.cc:791] Discarding reconstruction due to bad initial pair
I20260910 06:19:32.911338 0x1fa65e140 incremental_pipeline.cc:487] => Provided pair is unsuitable for initialization.
I20260910 06:19:32.911341 0x1fa65e140 incremental_pipeline.cc:791] Discarding reconstruction due to bad initial pair
I20260910 06:19:32.912516 0x1fa65e140 incremental_pipeline.cc:487] => Provided pair is unsuitable for initialization.
I20260910 06:19:32.912518 0x1fa65e140 incremental_pipeline.cc:791] Discarding reconstruction due to bad initial pair
I20260910 06:19:32.913381 0x1fa65e140 incremental_pipeline.cc:487] => Provided pair is unsuitable for initialization.
I20260910 06:19:32.913384 0x1fa65e140 incremental_pipeline.cc:791] Discarding reconstruction due to bad initial pair
I20260910 06:19:32.914113 0x1fa65e140 incremental_pipeline.cc:487] => Provided pair is unsuitable for initialization.
I20260910 06:19:32.914115 0x1fa65e140 incremental_pipeline.cc:791] Discarding reconstruction due to bad initial pair
I20260910 06:19:32.914909 0x1fa65e140 incremental_pipeline.cc:487] => Provided pair is unsuitable for initialization.
I20260910 06:19:32.914911 0x1fa65e140 incremental_pipeline.cc:791] Discarding reconstruction due to bad initial pair
I20260910 06:19:32.915778 0x1fa65e140 incremental_pipeline.cc:487] => Provided pair is unsuitable for initialization.
I20260910 06:19:32.915780 0x1fa65e140 incremental_pipeline.cc:791] Discarding reconstruction due to bad initial pair
I20260910 06:19:32.916687 0x1fa65e140 incremental_pipeline.cc:487] => Provided pair is unsuitable for initialization.
I20260910 06:19:32.916690 0x1fa65e140 incremental_pipeline.cc:791] Discarding reconstruction due to bad initial pair
I20260910 06:19:32.917510 0x1fa65e140 incremental_pipeline.cc:487] => Provided pair is unsuitable for initialization.
I20260910 06:19:32.917512 0x1fa65e140 incremental_pipeline.cc:791] Discarding reconstruction due to bad initial pair
I20260910 06:19:32.918348 0x1fa65e140 incremental_pipeline.cc:487] => Provided pair is unsuitable for initialization.
I20260910 06:19:32.918350 0x1fa65e140 incremental_pipeline.cc:791] Discarding reconstruction due to bad initial pair
I20260910 06:19:32.919551 0x1fa65e140 incremental_pipeline.cc:487] => Provided pair is unsuitable for initialization.
I20260910 06:19:32.919553 0x1fa65e140 incremental_pipeline.cc:791] Discarding reconstruction due to bad initial pair
I20260910 06:19:32.920578 0x1fa65e140 incremental_pipeline.cc:487] => Provided pair is unsuitable for initialization.
I20260910 06:19:32.920581 0x1fa65e140 incremental_pipeline.cc:791] Discarding reconstruction due to bad initial pair
I20260910 06:19:32.921302 0x1fa65e140 incremental_pipeline.cc:487] => Provided pair is unsuitable for initialization.
I20260910 06:19:32.921305 0x1fa65e140 incremental_pipeline.cc:791] Discarding reconstruction due to bad initial pair
I20260910 06:19:32.922129 0x1fa65e140 incremental_pipeline.cc:487] => Provided pair is unsuitable for initialization.
I20260910 06:19:32.922132 0x1fa65e140 incremental_pipeline.cc:791] Discarding reconstruction due to bad initial pair
I20260910 06:19:32.922928 0x1fa65e140 incremental_pipeline.cc:487] => Provided pair is unsuitable for initialization.
I20260910 06:19:32.922930 0x1fa65e140 incremental_pipeline.cc:791] Discarding reconstruction due to bad initial pair
I20260910 06:19:32.924026 0x1fa65e140 incremental_pipeline.cc:487] => Provided pair is unsuitable for initialization.
I20260910 06:19:32.924029 0x1fa65e140 incremental_pipeline.cc:791] Discarding reconstruction due to bad initial pair
I20260910 06:19:32.924972 0x1fa65e140 incremental_pipeline.cc:487] => Provided pair is unsuitable for initialization.
I20260910 06:19:32.924975 0x1fa65e140 incremental_pipeline.cc:791] Discarding reconstruction due to bad initial pair
I20260910 06:19:32.925736 0x1fa65e140 incremental_pipeline.cc:487] => Provided pair is unsuitable for initialization.
I20260910 06:19:32.925739 0x1fa65e140 incremental_pipeline.cc:791] Discarding reconstruction due to bad initial pair
I20260910 06:19:32.926595 0x1fa65e140 incremental_pipeline.cc:487] => Provided pair is unsuitable for initialization.
I20260910 06:19:32.926598 0x1fa65e140 incremental_pipeline.cc:791] Discarding reconstruction due to bad initial pair
I20260910 06:19:32.927391 0x1fa65e140 incremental_pipeline.cc:487] => Provided pair is unsuitable for initialization.
I20260910 06:19:32.927394 0x1fa65e140 incremental_pipeline.cc:791] Discarding reconstruction due to bad initial pair
I20260910 06:19:32.928319 0x1fa65e140 incremental_pipeline.cc:487] => Provided pair is unsuitable for initialization.
I20260910 06:19:32.928328 0x1fa65e140 incremental_pipeline.cc:791] Discarding reconstruction due to bad initial pair
I20260910 06:19:32.929086 0x1fa65e140 incremental_pipeline.cc:487] => Provided pair is unsuitable for initialization.
I20260910 06:19:32.929089 0x1fa65e140 incremental_pipeline.cc:791] Discarding reconstruction due to bad initial pair
I20260910 06:19:32.930235 0x1fa65e140 incremental_pipeline.cc:487] => Provided pair is unsuitable for initialization.
I20260910 06:19:32.930237 0x1fa65e140 incremental_pipeline.cc:791] Discarding reconstruction due to bad initial pair
I20260910 06:19:32.930893 0x1fa65e140 incremental_pipeline.cc:487] => Provided pair is unsuitable for initialization.
I20260910 06:19:32.930895 0x1fa65e140 incremental_pipeline.cc:791] Discarding reconstruction due to bad initial pair
I20260910 06:19:32.931678 0x1fa65e140 incremental_pipeline.cc:487] => Provided pair is unsuitable for initialization.
I20260910 06:19:32.931680 0x1fa65e140 incremental_pipeline.cc:791] Discarding reconstruction due to bad initial pair
I20260910 06:19:32.932354 0x1fa65e140 incremental_pipeline.cc:487] => Provided pair is unsuitable for initialization.
I20260910 06:19:32.932356 0x1fa65e140 incremental_pipeline.cc:791] Discarding reconstruction due to bad initial pair
I20260910 06:19:32.933033 0x1fa65e140 incremental_pipeline.cc:487] => Provided pair is unsuitable for initialization.
I20260910 06:19:32.933036 0x1fa65e140 incremental_pipeline.cc:791] Discarding reconstruction due to bad initial pair
I20260910 06:19:32.933922 0x1fa65e140 incremental_pipeline.cc:487] => Provided pair is unsuitable for initialization.
I20260910 06:19:32.933925 0x1fa65e140 incremental_pipeline.cc:791] Discarding reconstruction due to bad initial pair
I20260910 06:19:32.934838 0x1fa65e140 incremental_pipeline.cc:487] => Provided pair is unsuitable for initialization.
I20260910 06:19:32.934840 0x1fa65e140 incremental_pipeline.cc:791] Discarding reconstruction due to bad initial pair
I20260910 06:19:32.936258 0x1fa65e140 incremental_pipeline.cc:487] => Provided pair is unsuitable for initialization.
I20260910 06:19:32.936261 0x1fa65e140 incremental_pipeline.cc:791] Discarding reconstruction due to bad initial pair
I20260910 06:19:32.937021 0x1fa65e140 incremental_pipeline.cc:487] => Provided pair is unsuitable for initialization.
I20260910 06:19:32.937024 0x1fa65e140 incremental_pipeline.cc:791] Discarding reconstruction due to bad initial pair
I20260910 06:19:32.937998 0x1fa65e140 incremental_pipeline.cc:487] => Provided pair is unsuitable for initialization.
I20260910 06:19:32.938001 0x1fa65e140 incremental_pipeline.cc:791] Discarding reconstruction due to bad initial pair
I20260910 06:19:32.939327 0x1fa65e140 incremental_pipeline.cc:487] => Provided pair is unsuitable for initialization.
I20260910 06:19:32.939329 0x1fa65e140 incremental_pipeline.cc:791] Discarding reconstruction due to bad initial pair
I20260910 06:19:32.939988 0x1fa65e140 incremental_pipeline.cc:487] => Provided pair is unsuitable for initialization.
I20260910 06:19:32.939990 0x1fa65e140 incremental_pipeline.cc:791] Discarding reconstruction due to bad initial pair
I20260910 06:19:32.940853 0x1fa65e140 incremental_pipeline.cc:487] => Provided pair is unsuitable for initialization.
I20260910 06:19:32.940855 0x1fa65e140 incremental_pipeline.cc:791] Discarding reconstruction due to bad initial pair
I20260910 06:19:32.941636 0x1fa65e140 incremental_pipeline.cc:487] => Provided pair is unsuitable for initialization.
I20260910 06:19:32.941638 0x1fa65e140 incremental_pipeline.cc:791] Discarding reconstruction due to bad initial pair
I20260910 06:19:32.942466 0x1fa65e140 incremental_pipeline.cc:487] => Provided pair is unsuitable for initialization.
I20260910 06:19:32.942468 0x1fa65e140 incremental_pipeline.cc:791] Discarding reconstruction due to bad initial pair
I20260910 06:19:32.943098 0x1fa65e140 incremental_pipeline.cc:487] => Provided pair is unsuitable for initialization.
I20260910 06:19:32.943108 0x1fa65e140 incremental_pipeline.cc:791] Discarding reconstruction due to bad initial pair
I20260910 06:19:32.943834 0x1fa65e140 incremental_pipeline.cc:487] => Provided pair is unsuitable for initialization.
I20260910 06:19:32.943836 0x1fa65e140 incremental_pipeline.cc:791] Discarding reconstruction due to bad initial pair
I20260910 06:19:32.944642 0x1fa65e140 incremental_pipeline.cc:487] => Provided pair is unsuitable for initialization.
I20260910 06:19:32.944645 0x1fa65e140 incremental_pipeline.cc:791] Discarding reconstruction due to bad initial pair
I20260910 06:19:32.945452 0x1fa65e140 incremental_pipeline.cc:487] => Provided pair is unsuitable for initialization.
I20260910 06:19:32.945457 0x1fa65e140 incremental_pipeline.cc:791] Discarding reconstruction due to bad initial pair
I20260910 06:19:32.946270 0x1fa65e140 incremental_pipeline.cc:487] => Provided pair is unsuitable for initialization.
I20260910 06:19:32.946271 0x1fa65e140 incremental_pipeline.cc:791] Discarding reconstruction due to bad initial pair
I20260910 06:19:32.947066 0x1fa65e140 incremental_pipeline.cc:487] => Provided pair is unsuitable for initialization.
I20260910 06:19:32.947069 0x1fa65e140 incremental_pipeline.cc:791] Discarding reconstruction due to bad initial pair
I20260910 06:19:32.947855 0x1fa65e140 incremental_pipeline.cc:487] => Provided pair is unsuitable for initialization.
I20260910 06:19:32.947857 0x1fa65e140 incremental_pipeline.cc:791] Discarding reconstruction due to bad initial pair
I20260910 06:19:32.948706 0x1fa65e140 incremental_pipeline.cc:487] => Provided pair is unsuitable for initialization.
I20260910 06:19:32.948708 0x1fa65e140 incremental_pipeline.cc:791] Discarding reconstruction due to bad initial pair
I20260910 06:19:32.949427 0x1fa65e140 incremental_pipeline.cc:487] => Provided pair is unsuitable for initialization.
I20260910 06:19:32.949429 0x1fa65e140 incremental_pipeline.cc:791] Discarding reconstruction due to bad initial pair
I20260910 06:19:32.950277 0x1fa65e140 incremental_pipeline.cc:487] => Provided pair is unsuitable for initialization.
I20260910 06:19:32.950279 0x1fa65e140 incremental_pipeline.cc:791] Discarding reconstruction due to bad initial pair
I20260910 06:19:32.951212 0x1fa65e140 incremental_pipeline.cc:487] => Provided pair is unsuitable for initialization.
I20260910 06:19:32.951214 0x1fa65e140 incremental_pipeline.cc:791] Discarding reconstruction due to bad initial pair
I20260910 06:19:32.952352 0x1fa65e140 incremental_pipeline.cc:487] => Provided pair is unsuitable for initialization.
I20260910 06:19:32.952354 0x1fa65e140 incremental_pipeline.cc:791] Discarding reconstruction due to bad initial pair
I20260910 06:19:32.953101 0x1fa65e140 incremental_pipeline.cc:487] => Provided pair is unsuitable for initialization.
I20260910 06:19:32.953103 0x1fa65e140 incremental_pipeline.cc:791] Discarding reconstruction due to bad initial pair
I20260910 06:19:32.953959 0x1fa65e140 incremental_pipeline.cc:487] => Provided pair is unsuitable for initialization.
I20260910 06:19:32.953961 0x1fa65e140 incremental_pipeline.cc:791] Discarding reconstruction due to bad initial pair
I20260910 06:19:32.954682 0x1fa65e140 incremental_pipeline.cc:487] => Provided pair is unsuitable for initialization.
I20260910 06:19:32.954685 0x1fa65e140 incremental_pipeline.cc:791] Discarding reconstruction due to bad initial pair
I20260910 06:19:32.955609 0x1fa65e140 incremental_pipeline.cc:487] => Provided pair is unsuitable for initialization.
I20260910 06:19:32.955612 0x1fa65e140 incremental_pipeline.cc:791] Discarding reconstruction due to bad initial pair
I20260910 06:19:32.956423 0x1fa65e140 incremental_pipeline.cc:487] => Provided pair is unsuitable for initialization.
I20260910 06:19:32.956426 0x1fa65e140 incremental_pipeline.cc:791] Discarding reconstruction due to bad initial pair
I20260910 06:19:32.957225 0x1fa65e140 incremental_pipeline.cc:487] => Provided pair is unsuitable for initialization.
I20260910 06:19:32.957227 0x1fa65e140 incremental_pipeline.cc:791] Discarding reconstruction due to bad initial pair
I20260910 06:19:32.957959 0x1fa65e140 incremental_pipeline.cc:487] => Provided pair is unsuitable for initialization.
I20260910 06:19:32.957962 0x1fa65e140 incremental_pipeline.cc:791] Discarding reconstruction due to bad initial pair
I20260910 06:19:32.958781 0x1fa65e140 incremental_pipeline.cc:487] => Provided pair is unsuitable for initialization.
I20260910 06:19:32.958783 0x1fa65e140 incremental_pipeline.cc:791] Discarding reconstruction due to bad initial pair
I20260910 06:19:32.959429 0x1fa65e140 incremental_pipeline.cc:487] => Provided pair is unsuitable for initialization.
I20260910 06:19:32.959431 0x1fa65e140 incremental_pipeline.cc:791] Discarding reconstruction due to bad initial pair
I20260910 06:19:32.960257 0x1fa65e140 incremental_pipeline.cc:487] => Provided pair is unsuitable for initialization.
I20260910 06:19:32.960259 0x1fa65e140 incremental_pipeline.cc:791] Discarding reconstruction due to bad initial pair
I20260910 06:19:32.961130 0x1fa65e140 incremental_pipeline.cc:487] => Provided pair is unsuitable for initialization.
I20260910 06:19:32.961133 0x1fa65e140 incremental_pipeline.cc:791] Discarding reconstruction due to bad initial pair
I20260910 06:19:32.962645 0x1fa65e140 incremental_pipeline.cc:487] => Provided pair is unsuitable for initialization.
I20260910 06:19:32.962648 0x1fa65e140 incremental_pipeline.cc:791] Discarding reconstruction due to bad initial pair
I20260910 06:19:32.963320 0x1fa65e140 incremental_pipeline.cc:487] => Provided pair is unsuitable for initialization.
I20260910 06:19:32.963322 0x1fa65e140 incremental_pipeline.cc:791] Discarding reconstruction due to bad initial pair
I20260910 06:19:32.964102 0x1fa65e140 incremental_pipeline.cc:487] => Provided pair is unsuitable for initialization.
I20260910 06:19:32.964105 0x1fa65e140 incremental_pipeline.cc:791] Discarding reconstruction due to bad initial pair
I20260910 06:19:32.964893 0x1fa65e140 incremental_pipeline.cc:487] => Provided pair is unsuitable for initialization.
I20260910 06:19:32.964895 0x1fa65e140 incremental_pipeline.cc:791] Discarding reconstruction due to bad initial pair
I20260910 06:19:32.965686 0x1fa65e140 incremental_pipeline.cc:487] => Provided pair is unsuitable for initialization.
I20260910 06:19:32.965688 0x1fa65e140 incremental_pipeline.cc:791] Discarding reconstruction due to bad initial pair
I20260910 06:19:32.966465 0x1fa65e140 incremental_pipeline.cc:487] => Provided pair is unsuitable for initialization.
I20260910 06:19:32.966468 0x1fa65e140 incremental_pipeline.cc:791] Discarding reconstruction due to bad initial pair
I20260910 06:19:32.967214 0x1fa65e140 incremental_pipeline.cc:487] => Provided pair is unsuitable for initialization.
I20260910 06:19:32.967216 0x1fa65e140 incremental_pipeline.cc:791] Discarding reconstruction due to bad initial pair
I20260910 06:19:32.968209 0x1fa65e140 incremental_pipeline.cc:487] => Provided pair is unsuitable for initialization.
I20260910 06:19:32.968211 0x1fa65e140 incremental_pipeline.cc:791] Discarding reconstruction due to bad initial pair
I20260910 06:19:32.969077 0x1fa65e140 incremental_pipeline.cc:487] => Provided pair is unsuitable for initialization.
I20260910 06:19:32.969079 0x1fa65e140 incremental_pipeline.cc:791] Discarding reconstruction due to bad initial pair
I20260910 06:19:32.969974 0x1fa65e140 incremental_pipeline.cc:487] => Provided pair is unsuitable for initialization.
I20260910 06:19:32.969976 0x1fa65e140 incremental_pipeline.cc:791] Discarding reconstruction due to bad initial pair
I20260910 06:19:32.971133 0x1fa65e140 incremental_pipeline.cc:487] => Provided pair is unsuitable for initialization.
I20260910 06:19:32.971136 0x1fa65e140 incremental_pipeline.cc:791] Discarding reconstruction due to bad initial pair
I20260910 06:19:32.971923 0x1fa65e140 incremental_pipeline.cc:487] => Provided pair is unsuitable for initialization.
I20260910 06:19:32.971926 0x1fa65e140 incremental_pipeline.cc:791] Discarding reconstruction due to bad initial pair
I20260910 06:19:32.972825 0x1fa65e140 incremental_pipeline.cc:487] => Provided pair is unsuitable for initialization.
I20260910 06:19:32.972832 0x1fa65e140 incremental_pipeline.cc:791] Discarding reconstruction due to bad initial pair
I20260910 06:19:32.973703 0x1fa65e140 incremental_pipeline.cc:487] => Provided pair is unsuitable for initialization.
I20260910 06:19:32.973705 0x1fa65e140 incremental_pipeline.cc:791] Discarding reconstruction due to bad initial pair
I20260910 06:19:32.974429 0x1fa65e140 incremental_pipeline.cc:487] => Provided pair is unsuitable for initialization.
I20260910 06:19:32.974431 0x1fa65e140 incremental_pipeline.cc:791] Discarding reconstruction due to bad initial pair
I20260910 06:19:32.975410 0x1fa65e140 incremental_pipeline.cc:487] => Provided pair is unsuitable for initialization.
I20260910 06:19:32.975412 0x1fa65e140 incremental_pipeline.cc:791] Discarding reconstruction due to bad initial pair
I20260910 06:19:32.976326 0x1fa65e140 incremental_pipeline.cc:487] => Provided pair is unsuitable for initialization.
I20260910 06:19:32.976329 0x1fa65e140 incremental_pipeline.cc:791] Discarding reconstruction due to bad initial pair
I20260910 06:19:32.977278 0x1fa65e140 incremental_pipeline.cc:487] => Provided pair is unsuitable for initialization.
I20260910 06:19:32.977281 0x1fa65e140 incremental_pipeline.cc:791] Discarding reconstruction due to bad initial pair
I20260910 06:19:32.978007 0x1fa65e140 incremental_pipeline.cc:487] => Provided pair is unsuitable for initialization.
I20260910 06:19:32.978009 0x1fa65e140 incremental_pipeline.cc:791] Discarding reconstruction due to bad initial pair
I20260910 06:19:32.978841 0x1fa65e140 incremental_pipeline.cc:487] => Provided pair is unsuitable for initialization.
I20260910 06:19:32.978844 0x1fa65e140 incremental_pipeline.cc:791] Discarding reconstruction due to bad initial pair
I20260910 06:19:32.979571 0x1fa65e140 incremental_pipeline.cc:487] => Provided pair is unsuitable for initialization.
I20260910 06:19:32.979573 0x1fa65e140 incremental_pipeline.cc:791] Discarding reconstruction due to bad initial pair
I20260910 06:19:32.980457 0x1fa65e140 incremental_pipeline.cc:487] => Provided pair is unsuitable for initialization.
I20260910 06:19:32.980459 0x1fa65e140 incremental_pipeline.cc:791] Discarding reconstruction due to bad initial pair
I20260910 06:19:32.981763 0x1fa65e140 incremental_pipeline.cc:487] => Provided pair is unsuitable for initialization.
I20260910 06:19:32.981766 0x1fa65e140 incremental_pipeline.cc:791] Discarding reconstruction due to bad initial pair
I20260910 06:19:32.982469 0x1fa65e140 incremental_pipeline.cc:487] => Provided pair is unsuitable for initialization.
I20260910 06:19:32.982471 0x1fa65e140 incremental_pipeline.cc:791] Discarding reconstruction due to bad initial pair
I20260910 06:19:32.983621 0x1fa65e140 incremental_pipeline.cc:487] => Provided pair is unsuitable for initialization.
I20260910 06:19:32.983624 0x1fa65e140 incremental_pipeline.cc:791] Discarding reconstruction due to bad initial pair
I20260910 06:19:32.984413 0x1fa65e140 incremental_pipeline.cc:487] => Provided pair is unsuitable for initialization.
I20260910 06:19:32.984415 0x1fa65e140 incremental_pipeline.cc:791] Discarding reconstruction due to bad initial pair
I20260910 06:19:32.985210 0x1fa65e140 incremental_pipeline.cc:487] => Provided pair is unsuitable for initialization.
I20260910 06:19:32.985212 0x1fa65e140 incremental_pipeline.cc:791] Discarding reconstruction due to bad initial pair
I20260910 06:19:32.986037 0x1fa65e140 incremental_pipeline.cc:487] => Provided pair is unsuitable for initialization.
I20260910 06:19:32.986039 0x1fa65e140 incremental_pipeline.cc:791] Discarding reconstruction due to bad initial pair
I20260910 06:19:32.986747 0x1fa65e140 incremental_pipeline.cc:487] => Provided pair is unsuitable for initialization.
I20260910 06:19:32.986749 0x1fa65e140 incremental_pipeline.cc:791] Discarding reconstruction due to bad initial pair
I20260910 06:19:32.987524 0x1fa65e140 incremental_pipeline.cc:487] => Provided pair is unsuitable for initialization.
I20260910 06:19:32.987527 0x1fa65e140 incremental_pipeline.cc:791] Discarding reconstruction due to bad initial pair
I20260910 06:19:32.988295 0x1fa65e140 incremental_pipeline.cc:487] => Provided pair is unsuitable for initialization.
I20260910 06:19:32.988297 0x1fa65e140 incremental_pipeline.cc:791] Discarding reconstruction due to bad initial pair
I20260910 06:19:32.989055 0x1fa65e140 incremental_pipeline.cc:487] => Provided pair is unsuitable for initialization.
I20260910 06:19:32.989057 0x1fa65e140 incremental_pipeline.cc:791] Discarding reconstruction due to bad initial pair
I20260910 06:19:32.989792 0x1fa65e140 incremental_pipeline.cc:487] => Provided pair is unsuitable for initialization.
I20260910 06:19:32.989794 0x1fa65e140 incremental_pipeline.cc:791] Discarding reconstruction due to bad initial pair
I20260910 06:19:32.990538 0x1fa65e140 incremental_pipeline.cc:487] => Provided pair is unsuitable for initialization.
I20260910 06:19:32.990541 0x1fa65e140 incremental_pipeline.cc:791] Discarding reconstruction due to bad initial pair
I20260910 06:19:32.991372 0x1fa65e140 incremental_pipeline.cc:487] => Provided pair is unsuitable for initialization.
I20260910 06:19:32.991374 0x1fa65e140 incremental_pipeline.cc:791] Discarding reconstruction due to bad initial pair
I20260910 06:19:32.992442 0x1fa65e140 incremental_pipeline.cc:487] => Provided pair is unsuitable for initialization.
I20260910 06:19:32.992444 0x1fa65e140 incremental_pipeline.cc:791] Discarding reconstruction due to bad initial pair
I20260910 06:19:32.993599 0x1fa65e140 incremental_pipeline.cc:487] => Provided pair is unsuitable for initialization.
I20260910 06:19:32.993602 0x1fa65e140 incremental_pipeline.cc:791] Discarding reconstruction due to bad initial pair
I20260910 06:19:32.994859 0x1fa65e140 incremental_pipeline.cc:487] => Provided pair is unsuitable for initialization.
I20260910 06:19:32.994862 0x1fa65e140 incremental_pipeline.cc:791] Discarding reconstruction due to bad initial pair
I20260910 06:19:32.995896 0x1fa65e140 incremental_pipeline.cc:487] => Provided pair is unsuitable for initialization.
I20260910 06:19:32.995898 0x1fa65e140 incremental_pipeline.cc:791] Discarding reconstruction due to bad initial pair
I20260910 06:19:32.996607 0x1fa65e140 incremental_pipeline.cc:487] => Provided pair is unsuitable for initialization.
I20260910 06:19:32.996609 0x1fa65e140 incremental_pipeline.cc:791] Discarding reconstruction due to bad initial pair
I20260910 06:19:32.997497 0x1fa65e140 incremental_pipeline.cc:487] => Provided pair is unsuitable for initialization.
I20260910 06:19:32.997499 0x1fa65e140 incremental_pipeline.cc:791] Discarding reconstruction due to bad initial pair
I20260910 06:19:32.998300 0x1fa65e140 incremental_pipeline.cc:487] => Provided pair is unsuitable for initialization.
I20260910 06:19:32.998303 0x1fa65e140 incremental_pipeline.cc:791] Discarding reconstruction due to bad initial pair
I20260910 06:19:32.999304 0x1fa65e140 incremental_pipeline.cc:487] => Provided pair is unsuitable for initialization.
I20260910 06:19:32.999306 0x1fa65e140 incremental_pipeline.cc:791] Discarding reconstruction due to bad initial pair
I20260910 06:19:33.000213 0x1fa65e140 incremental_pipeline.cc:487] => Provided pair is unsuitable for initialization.
I20260910 06:19:33.000216 0x1fa65e140 incremental_pipeline.cc:791] Discarding reconstruction due to bad initial pair
I20260910 06:19:33.000967 0x1fa65e140 incremental_pipeline.cc:487] => Provided pair is unsuitable for initialization.
I20260910 06:19:33.000970 0x1fa65e140 incremental_pipeline.cc:791] Discarding reconstruction due to bad initial pair
I20260910 06:19:33.001619 0x1fa65e140 incremental_pipeline.cc:487] => Provided pair is unsuitable for initialization.
I20260910 06:19:33.001622 0x1fa65e140 incremental_pipeline.cc:791] Discarding reconstruction due to bad initial pair
I20260910 06:19:33.002317 0x1fa65e140 incremental_pipeline.cc:487] => Provided pair is unsuitable for initialization.
I20260910 06:19:33.002319 0x1fa65e140 incremental_pipeline.cc:791] Discarding reconstruction due to bad initial pair
I20260910 06:19:33.002975 0x1fa65e140 incremental_pipeline.cc:487] => Provided pair is unsuitable for initialization.
I20260910 06:19:33.002983 0x1fa65e140 incremental_pipeline.cc:791] Discarding reconstruction due to bad initial pair
I20260910 06:19:33.003723 0x1fa65e140 incremental_pipeline.cc:487] => Provided pair is unsuitable for initialization.
I20260910 06:19:33.003725 0x1fa65e140 incremental_pipeline.cc:791] Discarding reconstruction due to bad initial pair
I20260910 06:19:33.004649 0x1fa65e140 incremental_pipeline.cc:487] => Provided pair is unsuitable for initialization.
I20260910 06:19:33.004652 0x1fa65e140 incremental_pipeline.cc:791] Discarding reconstruction due to bad initial pair
I20260910 06:19:33.005557 0x1fa65e140 incremental_pipeline.cc:487] => Provided pair is unsuitable for initialization.
I20260910 06:19:33.005559 0x1fa65e140 incremental_pipeline.cc:791] Discarding reconstruction due to bad initial pair
I20260910 06:19:33.006402 0x1fa65e140 incremental_pipeline.cc:487] => Provided pair is unsuitable for initialization.
I20260910 06:19:33.006404 0x1fa65e140 incremental_pipeline.cc:791] Discarding reconstruction due to bad initial pair
I20260910 06:19:33.007262 0x1fa65e140 incremental_pipeline.cc:487] => Provided pair is unsuitable for initialization.
I20260910 06:19:33.007265 0x1fa65e140 incremental_pipeline.cc:791] Discarding reconstruction due to bad initial pair
I20260910 06:19:33.008055 0x1fa65e140 incremental_pipeline.cc:487] => Provided pair is unsuitable for initialization.
I20260910 06:19:33.008057 0x1fa65e140 incremental_pipeline.cc:791] Discarding reconstruction due to bad initial pair
I20260910 06:19:33.008746 0x1fa65e140 incremental_pipeline.cc:487] => Provided pair is unsuitable for initialization.
I20260910 06:19:33.008748 0x1fa65e140 incremental_pipeline.cc:791] Discarding reconstruction due to bad initial pair
I20260910 06:19:33.009871 0x1fa65e140 incremental_pipeline.cc:487] => Provided pair is unsuitable for initialization.
I20260910 06:19:33.009873 0x1fa65e140 incremental_pipeline.cc:791] Discarding reconstruction due to bad initial pair
I20260910 06:19:33.011131 0x1fa65e140 incremental_pipeline.cc:487] => Provided pair is unsuitable for initialization.
I20260910 06:19:33.011133 0x1fa65e140 incremental_pipeline.cc:791] Discarding reconstruction due to bad initial pair
I20260910 06:19:33.012050 0x1fa65e140 incremental_pipeline.cc:487] => Provided pair is unsuitable for initialization.
I20260910 06:19:33.012052 0x1fa65e140 incremental_pipeline.cc:791] Discarding reconstruction due to bad initial pair
I20260910 06:19:33.012859 0x1fa65e140 incremental_pipeline.cc:487] => Provided pair is unsuitable for initialization.
I20260910 06:19:33.012862 0x1fa65e140 incremental_pipeline.cc:791] Discarding reconstruction due to bad initial pair
I20260910 06:19:33.013653 0x1fa65e140 incremental_pipeline.cc:487] => Provided pair is unsuitable for initialization.
I20260910 06:19:33.013655 0x1fa65e140 incremental_pipeline.cc:791] Discarding reconstruction due to bad initial pair
I20260910 06:19:33.014329 0x1fa65e140 incremental_pipeline.cc:487] => Provided pair is unsuitable for initialization.
I20260910 06:19:33.014331 0x1fa65e140 incremental_pipeline.cc:791] Discarding reconstruction due to bad initial pair
I20260910 06:19:33.015074 0x1fa65e140 incremental_pipeline.cc:487] => Provided pair is unsuitable for initialization.
I20260910 06:19:33.015076 0x1fa65e140 incremental_pipeline.cc:791] Discarding reconstruction due to bad initial pair
I20260910 06:19:33.016465 0x1fa65e140 incremental_pipeline.cc:487] => Provided pair is unsuitable for initialization.
I20260910 06:19:33.016468 0x1fa65e140 incremental_pipeline.cc:791] Discarding reconstruction due to bad initial pair
I20260910 06:19:33.017154 0x1fa65e140 incremental_pipeline.cc:487] => Provided pair is unsuitable for initialization.
I20260910 06:19:33.017156 0x1fa65e140 incremental_pipeline.cc:791] Discarding reconstruction due to bad initial pair
I20260910 06:19:33.017912 0x1fa65e140 incremental_pipeline.cc:487] => Provided pair is unsuitable for initialization.
I20260910 06:19:33.017914 0x1fa65e140 incremental_pipeline.cc:791] Discarding reconstruction due to bad initial pair
I20260910 06:19:33.018798 0x1fa65e140 incremental_pipeline.cc:487] => Provided pair is unsuitable for initialization.
I20260910 06:19:33.018801 0x1fa65e140 incremental_pipeline.cc:791] Discarding reconstruction due to bad initial pair
I20260910 06:19:33.019661 0x1fa65e140 incremental_pipeline.cc:487] => Provided pair is unsuitable for initialization.
I20260910 06:19:33.019663 0x1fa65e140 incremental_pipeline.cc:791] Discarding reconstruction due to bad initial pair
I20260910 06:19:33.020447 0x1fa65e140 incremental_pipeline.cc:487] => Provided pair is unsuitable for initialization.
I20260910 06:19:33.020449 0x1fa65e140 incremental_pipeline.cc:791] Discarding reconstruction due to bad initial pair
I20260910 06:19:33.021135 0x1fa65e140 incremental_pipeline.cc:487] => Provided pair is unsuitable for initialization.
I20260910 06:19:33.021138 0x1fa65e140 incremental_pipeline.cc:791] Discarding reconstruction due to bad initial pair
I20260910 06:19:33.021945 0x1fa65e140 incremental_pipeline.cc:487] => Provided pair is unsuitable for initialization.
I20260910 06:19:33.021948 0x1fa65e140 incremental_pipeline.cc:791] Discarding reconstruction due to bad initial pair
I20260910 06:19:33.022732 0x1fa65e140 incremental_pipeline.cc:487] => Provided pair is unsuitable for initialization.
I20260910 06:19:33.022735 0x1fa65e140 incremental_pipeline.cc:791] Discarding reconstruction due to bad initial pair
I20260910 06:19:33.023451 0x1fa65e140 incremental_pipeline.cc:487] => Provided pair is unsuitable for initialization.
I20260910 06:19:33.023453 0x1fa65e140 incremental_pipeline.cc:791] Discarding reconstruction due to bad initial pair
I20260910 06:19:33.024174 0x1fa65e140 incremental_pipeline.cc:487] => Provided pair is unsuitable for initialization.
I20260910 06:19:33.024176 0x1fa65e140 incremental_pipeline.cc:791] Discarding reconstruction due to bad initial pair
I20260910 06:19:33.025012 0x1fa65e140 incremental_pipeline.cc:487] => Provided pair is unsuitable for initialization.
I20260910 06:19:33.025015 0x1fa65e140 incremental_pipeline.cc:791] Discarding reconstruction due to bad initial pair
I20260910 06:19:33.025779 0x1fa65e140 incremental_pipeline.cc:487] => Provided pair is unsuitable for initialization.
I20260910 06:19:33.025781 0x1fa65e140 incremental_pipeline.cc:791] Discarding reconstruction due to bad initial pair
I20260910 06:19:33.026647 0x1fa65e140 incremental_pipeline.cc:487] => Provided pair is unsuitable for initialization.
I20260910 06:19:33.026649 0x1fa65e140 incremental_pipeline.cc:791] Discarding reconstruction due to bad initial pair
I20260910 06:19:33.027706 0x1fa65e140 incremental_pipeline.cc:487] => Provided pair is unsuitable for initialization.
I20260910 06:19:33.027709 0x1fa65e140 incremental_pipeline.cc:791] Discarding reconstruction due to bad initial pair
I20260910 06:19:33.028889 0x1fa65e140 incremental_pipeline.cc:487] => Provided pair is unsuitable for initialization.
I20260910 06:19:33.028891 0x1fa65e140 incremental_pipeline.cc:791] Discarding reconstruction due to bad initial pair
I20260910 06:19:33.028894 0x1fa65e140 incremental_pipeline.cc:429] => Relaxing the initialization constraints.
I20260910 06:19:33.029635 0x1fa65e140 incremental_pipeline.cc:487] => Provided pair is unsuitable for initialization.
I20260910 06:19:33.029638 0x1fa65e140 incremental_pipeline.cc:791] Discarding reconstruction due to bad initial pair
I20260910 06:19:33.030563 0x1fa65e140 incremental_pipeline.cc:487] => Provided pair is unsuitable for initialization.
I20260910 06:19:33.030566 0x1fa65e140 incremental_pipeline.cc:791] Discarding reconstruction due to bad initial pair
I20260910 06:19:33.031527 0x1fa65e140 incremental_pipeline.cc:487] => Provided pair is unsuitable for initialization.
I20260910 06:19:33.031530 0x1fa65e140 incremental_pipeline.cc:791] Discarding reconstruction due to bad initial pair
I20260910 06:19:33.032267 0x1fa65e140 incremental_pipeline.cc:487] => Provided pair is unsuitable for initialization.
I20260910 06:19:33.032269 0x1fa65e140 incremental_pipeline.cc:791] Discarding reconstruction due to bad initial pair
I20260910 06:19:33.033136 0x1fa65e140 incremental_pipeline.cc:487] => Provided pair is unsuitable for initialization.
I20260910 06:19:33.033138 0x1fa65e140 incremental_pipeline.cc:791] Discarding reconstruction due to bad initial pair
I20260910 06:19:33.034352 0x1fa65e140 incremental_pipeline.cc:487] => Provided pair is unsuitable for initialization.
I20260910 06:19:33.034355 0x1fa65e140 incremental_pipeline.cc:791] Discarding reconstruction due to bad initial pair
I20260910 06:19:33.035067 0x1fa65e140 incremental_pipeline.cc:487] => Provided pair is unsuitable for initialization.
I20260910 06:19:33.035072 0x1fa65e140 incremental_pipeline.cc:791] Discarding reconstruction due to bad initial pair
I20260910 06:19:33.035807 0x1fa65e140 incremental_pipeline.cc:487] => Provided pair is unsuitable for initialization.
I20260910 06:19:33.035810 0x1fa65e140 incremental_pipeline.cc:791] Discarding reconstruction due to bad initial pair
I20260910 06:19:33.036528 0x1fa65e140 incremental_pipeline.cc:487] => Provided pair is unsuitable for initialization.
I20260910 06:19:33.036530 0x1fa65e140 incremental_pipeline.cc:791] Discarding reconstruction due to bad initial pair
I20260910 06:19:33.037325 0x1fa65e140 incremental_pipeline.cc:487] => Provided pair is unsuitable for initialization.
I20260910 06:19:33.037327 0x1fa65e140 incremental_pipeline.cc:791] Discarding reconstruction due to bad initial pair
I20260910 06:19:33.038151 0x1fa65e140 incremental_pipeline.cc:487] => Provided pair is unsuitable for initialization.
I20260910 06:19:33.038153 0x1fa65e140 incremental_pipeline.cc:791] Discarding reconstruction due to bad initial pair
I20260910 06:19:33.038791 0x1fa65e140 incremental_pipeline.cc:487] => Provided pair is unsuitable for initialization.
I20260910 06:19:33.038793 0x1fa65e140 incremental_pipeline.cc:791] Discarding reconstruction due to bad initial pair
I20260910 06:19:33.039578 0x1fa65e140 incremental_pipeline.cc:487] => Provided pair is unsuitable for initialization.
I20260910 06:19:33.039580 0x1fa65e140 incremental_pipeline.cc:791] Discarding reconstruction due to bad initial pair
I20260910 06:19:33.040487 0x1fa65e140 incremental_pipeline.cc:487] => Provided pair is unsuitable for initialization.
I20260910 06:19:33.040490 0x1fa65e140 incremental_pipeline.cc:791] Discarding reconstruction due to bad initial pair
I20260910 06:19:33.041629 0x1fa65e140 incremental_pipeline.cc:487] => Provided pair is unsuitable for initialization.
I20260910 06:19:33.041632 0x1fa65e140 incremental_pipeline.cc:791] Discarding reconstruction due to bad initial pair
I20260910 06:19:33.042524 0x1fa65e140 incremental_pipeline.cc:487] => Provided pair is unsuitable for initialization.
I20260910 06:19:33.042527 0x1fa65e140 incremental_pipeline.cc:791] Discarding reconstruction due to bad initial pair
I20260910 06:19:33.043601 0x1fa65e140 incremental_pipeline.cc:487] => Provided pair is unsuitable for initialization.
I20260910 06:19:33.043604 0x1fa65e140 incremental_pipeline.cc:791] Discarding reconstruction due to bad initial pair
I20260910 06:19:33.044501 0x1fa65e140 incremental_pipeline.cc:487] => Provided pair is unsuitable for initialization.
I20260910 06:19:33.044503 0x1fa65e140 incremental_pipeline.cc:791] Discarding reconstruction due to bad initial pair
I20260910 06:19:33.045281 0x1fa65e140 incremental_pipeline.cc:487] => Provided pair is unsuitable for initialization.
I20260910 06:19:33.045283 0x1fa65e140 incremental_pipeline.cc:791] Discarding reconstruction due to bad initial pair
I20260910 06:19:33.046163 0x1fa65e140 incremental_pipeline.cc:487] => Provided pair is unsuitable for initialization.
I20260910 06:19:33.046166 0x1fa65e140 incremental_pipeline.cc:791] Discarding reconstruction due to bad initial pair
I20260910 06:19:33.047008 0x1fa65e140 incremental_pipeline.cc:487] => Provided pair is unsuitable for initialization.
I20260910 06:19:33.047011 0x1fa65e140 incremental_pipeline.cc:791] Discarding reconstruction due to bad initial pair
I20260910 06:19:33.047761 0x1fa65e140 incremental_pipeline.cc:487] => Provided pair is unsuitable for initialization.
I20260910 06:19:33.047763 0x1fa65e140 incremental_pipeline.cc:791] Discarding reconstruction due to bad initial pair
I20260910 06:19:33.048783 0x1fa65e140 incremental_pipeline.cc:487] => Provided pair is unsuitable for initialization.
I20260910 06:19:33.048786 0x1fa65e140 incremental_pipeline.cc:791] Discarding reconstruction due to bad initial pair
I20260910 06:19:33.049827 0x1fa65e140 incremental_pipeline.cc:487] => Provided pair is unsuitable for initialization.
I20260910 06:19:33.049830 0x1fa65e140 incremental_pipeline.cc:791] Discarding reconstruction due to bad initial pair
I20260910 06:19:33.050580 0x1fa65e140 incremental_pipeline.cc:487] => Provided pair is unsuitable for initialization.
I20260910 06:19:33.050581 0x1fa65e140 incremental_pipeline.cc:791] Discarding reconstruction due to bad initial pair
I20260910 06:19:33.051654 0x1fa65e140 incremental_pipeline.cc:487] => Provided pair is unsuitable for initialization.
I20260910 06:19:33.051656 0x1fa65e140 incremental_pipeline.cc:791] Discarding reconstruction due to bad initial pair
I20260910 06:19:33.052355 0x1fa65e140 incremental_pipeline.cc:487] => Provided pair is unsuitable for initialization.
I20260910 06:19:33.052357 0x1fa65e140 incremental_pipeline.cc:791] Discarding reconstruction due to bad initial pair
I20260910 06:19:33.053515 0x1fa65e140 incremental_pipeline.cc:487] => Provided pair is unsuitable for initialization.
I20260910 06:19:33.053518 0x1fa65e140 incremental_pipeline.cc:791] Discarding reconstruction due to bad initial pair
I20260910 06:19:33.054278 0x1fa65e140 incremental_pipeline.cc:487] => Provided pair is unsuitable for initialization.
I20260910 06:19:33.054280 0x1fa65e140 incremental_pipeline.cc:791] Discarding reconstruction due to bad initial pair
I20260910 06:19:33.055099 0x1fa65e140 incremental_pipeline.cc:487] => Provided pair is unsuitable for initialization.
I20260910 06:19:33.055102 0x1fa65e140 incremental_pipeline.cc:791] Discarding reconstruction due to bad initial pair
I20260910 06:19:33.055877 0x1fa65e140 incremental_pipeline.cc:487] => Provided pair is unsuitable for initialization.
I20260910 06:19:33.055879 0x1fa65e140 incremental_pipeline.cc:791] Discarding reconstruction due to bad initial pair
I20260910 06:19:33.056806 0x1fa65e140 incremental_pipeline.cc:487] => Provided pair is unsuitable for initialization.
I20260910 06:19:33.056808 0x1fa65e140 incremental_pipeline.cc:791] Discarding reconstruction due to bad initial pair
I20260910 06:19:33.057513 0x1fa65e140 incremental_pipeline.cc:487] => Provided pair is unsuitable for initialization.
I20260910 06:19:33.057516 0x1fa65e140 incremental_pipeline.cc:791] Discarding reconstruction due to bad initial pair
I20260910 06:19:33.058433 0x1fa65e140 incremental_pipeline.cc:487] => Provided pair is unsuitable for initialization.
I20260910 06:19:33.058436 0x1fa65e140 incremental_pipeline.cc:791] Discarding reconstruction due to bad initial pair
I20260910 06:19:33.059253 0x1fa65e140 incremental_pipeline.cc:487] => Provided pair is unsuitable for initialization.
I20260910 06:19:33.059256 0x1fa65e140 incremental_pipeline.cc:791] Discarding reconstruction due to bad initial pair
I20260910 06:19:33.059989 0x1fa65e140 incremental_pipeline.cc:487] => Provided pair is unsuitable for initialization.
I20260910 06:19:33.059991 0x1fa65e140 incremental_pipeline.cc:791] Discarding reconstruction due to bad initial pair
I20260910 06:19:33.060833 0x1fa65e140 incremental_pipeline.cc:487] => Provided pair is unsuitable for initialization.
I20260910 06:19:33.060836 0x1fa65e140 incremental_pipeline.cc:791] Discarding reconstruction due to bad initial pair
I20260910 06:19:33.061853 0x1fa65e140 incremental_pipeline.cc:487] => Provided pair is unsuitable for initialization.
I20260910 06:19:33.061855 0x1fa65e140 incremental_pipeline.cc:791] Discarding reconstruction due to bad initial pair
I20260910 06:19:33.062605 0x1fa65e140 incremental_pipeline.cc:487] => Provided pair is unsuitable for initialization.
I20260910 06:19:33.062612 0x1fa65e140 incremental_pipeline.cc:791] Discarding reconstruction due to bad initial pair
I20260910 06:19:33.063333 0x1fa65e140 incremental_pipeline.cc:487] => Provided pair is unsuitable for initialization.
I20260910 06:19:33.063336 0x1fa65e140 incremental_pipeline.cc:791] Discarding reconstruction due to bad initial pair
I20260910 06:19:33.064057 0x1fa65e140 incremental_pipeline.cc:487] => Provided pair is unsuitable for initialization.
I20260910 06:19:33.064059 0x1fa65e140 incremental_pipeline.cc:791] Discarding reconstruction due to bad initial pair
I20260910 06:19:33.064770 0x1fa65e140 incremental_pipeline.cc:487] => Provided pair is unsuitable for initialization.
I20260910 06:19:33.064772 0x1fa65e140 incremental_pipeline.cc:791] Discarding reconstruction due to bad initial pair
I20260910 06:19:33.065750 0x1fa65e140 incremental_pipeline.cc:487] => Provided pair is unsuitable for initialization.
I20260910 06:19:33.065752 0x1fa65e140 incremental_pipeline.cc:791] Discarding reconstruction due to bad initial pair
I20260910 06:19:33.066570 0x1fa65e140 incremental_pipeline.cc:487] => Provided pair is unsuitable for initialization.
I20260910 06:19:33.066572 0x1fa65e140 incremental_pipeline.cc:791] Discarding reconstruction due to bad initial pair
I20260910 06:19:33.067640 0x1fa65e140 incremental_pipeline.cc:487] => Provided pair is unsuitable for initialization.
I20260910 06:19:33.067642 0x1fa65e140 incremental_pipeline.cc:791] Discarding reconstruction due to bad initial pair
I20260910 06:19:33.068318 0x1fa65e140 incremental_pipeline.cc:487] => Provided pair is unsuitable for initialization.
I20260910 06:19:33.068321 0x1fa65e140 incremental_pipeline.cc:791] Discarding reconstruction due to bad initial pair
I20260910 06:19:33.069056 0x1fa65e140 incremental_pipeline.cc:487] => Provided pair is unsuitable for initialization.
I20260910 06:19:33.069058 0x1fa65e140 incremental_pipeline.cc:791] Discarding reconstruction due to bad initial pair
I20260910 06:19:33.069767 0x1fa65e140 incremental_pipeline.cc:487] => Provided pair is unsuitable for initialization.
I20260910 06:19:33.069770 0x1fa65e140 incremental_pipeline.cc:791] Discarding reconstruction due to bad initial pair
I20260910 06:19:33.070452 0x1fa65e140 incremental_pipeline.cc:487] => Provided pair is unsuitable for initialization.
I20260910 06:19:33.070454 0x1fa65e140 incremental_pipeline.cc:791] Discarding reconstruction due to bad initial pair
I20260910 06:19:33.071292 0x1fa65e140 incremental_pipeline.cc:487] => Provided pair is unsuitable for initialization.
I20260910 06:19:33.071294 0x1fa65e140 incremental_pipeline.cc:791] Discarding reconstruction due to bad initial pair
I20260910 06:19:33.072131 0x1fa65e140 incremental_pipeline.cc:487] => Provided pair is unsuitable for initialization.
I20260910 06:19:33.072133 0x1fa65e140 incremental_pipeline.cc:791] Discarding reconstruction due to bad initial pair
I20260910 06:19:33.072949 0x1fa65e140 incremental_pipeline.cc:487] => Provided pair is unsuitable for initialization.
I20260910 06:19:33.072952 0x1fa65e140 incremental_pipeline.cc:791] Discarding reconstruction due to bad initial pair
I20260910 06:19:33.073651 0x1fa65e140 incremental_pipeline.cc:487] => Provided pair is unsuitable for initialization.
I20260910 06:19:33.073652 0x1fa65e140 incremental_pipeline.cc:791] Discarding reconstruction due to bad initial pair
I20260910 06:19:33.074388 0x1fa65e140 incremental_pipeline.cc:487] => Provided pair is unsuitable for initialization.
I20260910 06:19:33.074390 0x1fa65e140 incremental_pipeline.cc:791] Discarding reconstruction due to bad initial pair
I20260910 06:19:33.075174 0x1fa65e140 incremental_pipeline.cc:487] => Provided pair is unsuitable for initialization.
I20260910 06:19:33.075176 0x1fa65e140 incremental_pipeline.cc:791] Discarding reconstruction due to bad initial pair
I20260910 06:19:33.076046 0x1fa65e140 incremental_pipeline.cc:487] => Provided pair is unsuitable for initialization.
I20260910 06:19:33.076048 0x1fa65e140 incremental_pipeline.cc:791] Discarding reconstruction due to bad initial pair
I20260910 06:19:33.076822 0x1fa65e140 incremental_pipeline.cc:487] => Provided pair is unsuitable for initialization.
I20260910 06:19:33.076824 0x1fa65e140 incremental_pipeline.cc:791] Discarding reconstruction due to bad initial pair
I20260910 06:19:33.077524 0x1fa65e140 incremental_pipeline.cc:487] => Provided pair is unsuitable for initialization.
I20260910 06:19:33.077526 0x1fa65e140 incremental_pipeline.cc:791] Discarding reconstruction due to bad initial pair
I20260910 06:19:33.078257 0x1fa65e140 incremental_pipeline.cc:487] => Provided pair is unsuitable for initialization.
I20260910 06:19:33.078259 0x1fa65e140 incremental_pipeline.cc:791] Discarding reconstruction due to bad initial pair
I20260910 06:19:33.079011 0x1fa65e140 incremental_pipeline.cc:487] => Provided pair is unsuitable for initialization.
I20260910 06:19:33.079013 0x1fa65e140 incremental_pipeline.cc:791] Discarding reconstruction due to bad initial pair
I20260910 06:19:33.079764 0x1fa65e140 incremental_pipeline.cc:487] => Provided pair is unsuitable for initialization.
I20260910 06:19:33.079767 0x1fa65e140 incremental_pipeline.cc:791] Discarding reconstruction due to bad initial pair
I20260910 06:19:33.080666 0x1fa65e140 incremental_pipeline.cc:487] => Provided pair is unsuitable for initialization.
I20260910 06:19:33.080668 0x1fa65e140 incremental_pipeline.cc:791] Discarding reconstruction due to bad initial pair
I20260910 06:19:33.081547 0x1fa65e140 incremental_pipeline.cc:487] => Provided pair is unsuitable for initialization.
I20260910 06:19:33.081550 0x1fa65e140 incremental_pipeline.cc:791] Discarding reconstruction due to bad initial pair
I20260910 06:19:33.082268 0x1fa65e140 incremental_pipeline.cc:487] => Provided pair is unsuitable for initialization.
I20260910 06:19:33.082270 0x1fa65e140 incremental_pipeline.cc:791] Discarding reconstruction due to bad initial pair
I20260910 06:19:33.083606 0x1fa65e140 incremental_pipeline.cc:487] => Provided pair is unsuitable for initialization.
I20260910 06:19:33.083608 0x1fa65e140 incremental_pipeline.cc:791] Discarding reconstruction due to bad initial pair
I20260910 06:19:33.084545 0x1fa65e140 incremental_pipeline.cc:487] => Provided pair is unsuitable for initialization.
I20260910 06:19:33.084548 0x1fa65e140 incremental_pipeline.cc:791] Discarding reconstruction due to bad initial pair
I20260910 06:19:33.085294 0x1fa65e140 incremental_pipeline.cc:487] => Provided pair is unsuitable for initialization.
I20260910 06:19:33.085297 0x1fa65e140 incremental_pipeline.cc:791] Discarding reconstruction due to bad initial pair
I20260910 06:19:33.085940 0x1fa65e140 incremental_pipeline.cc:487] => Provided pair is unsuitable for initialization.
I20260910 06:19:33.085942 0x1fa65e140 incremental_pipeline.cc:791] Discarding reconstruction due to bad initial pair
I20260910 06:19:33.086731 0x1fa65e140 incremental_pipeline.cc:487] => Provided pair is unsuitable for initialization.
I20260910 06:19:33.086733 0x1fa65e140 incremental_pipeline.cc:791] Discarding reconstruction due to bad initial pair
I20260910 06:19:33.087490 0x1fa65e140 incremental_pipeline.cc:487] => Provided pair is unsuitable for initialization.
I20260910 06:19:33.087493 0x1fa65e140 incremental_pipeline.cc:791] Discarding reconstruction due to bad initial pair
I20260910 06:19:33.088266 0x1fa65e140 incremental_pipeline.cc:487] => Provided pair is unsuitable for initialization.
I20260910 06:19:33.088269 0x1fa65e140 incremental_pipeline.cc:791] Discarding reconstruction due to bad initial pair
I20260910 06:19:33.089028 0x1fa65e140 incremental_pipeline.cc:487] => Provided pair is unsuitable for initialization.
I20260910 06:19:33.089030 0x1fa65e140 incremental_pipeline.cc:791] Discarding reconstruction due to bad initial pair
I20260910 06:19:33.089812 0x1fa65e140 incremental_pipeline.cc:487] => Provided pair is unsuitable for initialization.
I20260910 06:19:33.089815 0x1fa65e140 incremental_pipeline.cc:791] Discarding reconstruction due to bad initial pair
I20260910 06:19:33.090625 0x1fa65e140 incremental_pipeline.cc:487] => Provided pair is unsuitable for initialization.
I20260910 06:19:33.090633 0x1fa65e140 incremental_pipeline.cc:791] Discarding reconstruction due to bad initial pair
I20260910 06:19:33.091543 0x1fa65e140 incremental_pipeline.cc:487] => Provided pair is unsuitable for initialization.
I20260910 06:19:33.091545 0x1fa65e140 incremental_pipeline.cc:791] Discarding reconstruction due to bad initial pair
I20260910 06:19:33.092319 0x1fa65e140 incremental_pipeline.cc:487] => Provided pair is unsuitable for initialization.
I20260910 06:19:33.092322 0x1fa65e140 incremental_pipeline.cc:791] Discarding reconstruction due to bad initial pair
I20260910 06:19:33.093104 0x1fa65e140 incremental_pipeline.cc:487] => Provided pair is unsuitable for initialization.
I20260910 06:19:33.093106 0x1fa65e140 incremental_pipeline.cc:791] Discarding reconstruction due to bad initial pair
I20260910 06:19:33.093860 0x1fa65e140 incremental_pipeline.cc:487] => Provided pair is unsuitable for initialization.
I20260910 06:19:33.093862 0x1fa65e140 incremental_pipeline.cc:791] Discarding reconstruction due to bad initial pair
I20260910 06:19:33.094601 0x1fa65e140 incremental_pipeline.cc:487] => Provided pair is unsuitable for initialization.
I20260910 06:19:33.094603 0x1fa65e140 incremental_pipeline.cc:791] Discarding reconstruction due to bad initial pair
I20260910 06:19:33.095341 0x1fa65e140 incremental_pipeline.cc:487] => Provided pair is unsuitable for initialization.
I20260910 06:19:33.095343 0x1fa65e140 incremental_pipeline.cc:791] Discarding reconstruction due to bad initial pair
I20260910 06:19:33.096178 0x1fa65e140 incremental_pipeline.cc:487] => Provided pair is unsuitable for initialization.
I20260910 06:19:33.096180 0x1fa65e140 incremental_pipeline.cc:791] Discarding reconstruction due to bad initial pair
I20260910 06:19:33.097646 0x1fa65e140 incremental_pipeline.cc:487] => Provided pair is unsuitable for initialization.
I20260910 06:19:33.097649 0x1fa65e140 incremental_pipeline.cc:791] Discarding reconstruction due to bad initial pair
I20260910 06:19:33.098650 0x1fa65e140 incremental_pipeline.cc:487] => Provided pair is unsuitable for initialization.
I20260910 06:19:33.098652 0x1fa65e140 incremental_pipeline.cc:791] Discarding reconstruction due to bad initial pair
I20260910 06:19:33.099518 0x1fa65e140 incremental_pipeline.cc:487] => Provided pair is unsuitable for initialization.
I20260910 06:19:33.099521 0x1fa65e140 incremental_pipeline.cc:791] Discarding reconstruction due to bad initial pair
I20260910 06:19:33.100302 0x1fa65e140 incremental_pipeline.cc:487] => Provided pair is unsuitable for initialization.
I20260910 06:19:33.100304 0x1fa65e140 incremental_pipeline.cc:791] Discarding reconstruction due to bad initial pair
I20260910 06:19:33.101129 0x1fa65e140 incremental_pipeline.cc:487] => Provided pair is unsuitable for initialization.
I20260910 06:19:33.101131 0x1fa65e140 incremental_pipeline.cc:791] Discarding reconstruction due to bad initial pair
I20260910 06:19:33.101967 0x1fa65e140 incremental_pipeline.cc:487] => Provided pair is unsuitable for initialization.
I20260910 06:19:33.101969 0x1fa65e140 incremental_pipeline.cc:791] Discarding reconstruction due to bad initial pair
I20260910 06:19:33.102843 0x1fa65e140 incremental_pipeline.cc:487] => Provided pair is unsuitable for initialization.
I20260910 06:19:33.102845 0x1fa65e140 incremental_pipeline.cc:791] Discarding reconstruction due to bad initial pair
I20260910 06:19:33.104318 0x1fa65e140 incremental_pipeline.cc:487] => Provided pair is unsuitable for initialization.
I20260910 06:19:33.104321 0x1fa65e140 incremental_pipeline.cc:791] Discarding reconstruction due to bad initial pair
I20260910 06:19:33.105199 0x1fa65e140 incremental_pipeline.cc:487] => Provided pair is unsuitable for initialization.
I20260910 06:19:33.105202 0x1fa65e140 incremental_pipeline.cc:791] Discarding reconstruction due to bad initial pair
I20260910 06:19:33.106154 0x1fa65e140 incremental_pipeline.cc:487] => Provided pair is unsuitable for initialization.
I20260910 06:19:33.106156 0x1fa65e140 incremental_pipeline.cc:791] Discarding reconstruction due to bad initial pair
I20260910 06:19:33.107088 0x1fa65e140 incremental_pipeline.cc:487] => Provided pair is unsuitable for initialization.
I20260910 06:19:33.107091 0x1fa65e140 incremental_pipeline.cc:791] Discarding reconstruction due to bad initial pair
I20260910 06:19:33.108171 0x1fa65e140 incremental_pipeline.cc:487] => Provided pair is unsuitable for initialization.
I20260910 06:19:33.108173 0x1fa65e140 incremental_pipeline.cc:791] Discarding reconstruction due to bad initial pair
I20260910 06:19:33.108987 0x1fa65e140 incremental_pipeline.cc:487] => Provided pair is unsuitable for initialization.
I20260910 06:19:33.108990 0x1fa65e140 incremental_pipeline.cc:791] Discarding reconstruction due to bad initial pair
I20260910 06:19:33.109793 0x1fa65e140 incremental_pipeline.cc:487] => Provided pair is unsuitable for initialization.
I20260910 06:19:33.109796 0x1fa65e140 incremental_pipeline.cc:791] Discarding reconstruction due to bad initial pair
I20260910 06:19:33.110539 0x1fa65e140 incremental_pipeline.cc:487] => Provided pair is unsuitable for initialization.
I20260910 06:19:33.110541 0x1fa65e140 incremental_pipeline.cc:791] Discarding reconstruction due to bad initial pair
I20260910 06:19:33.111244 0x1fa65e140 incremental_pipeline.cc:487] => Provided pair is unsuitable for initialization.
I20260910 06:19:33.111246 0x1fa65e140 incremental_pipeline.cc:791] Discarding reconstruction due to bad initial pair
I20260910 06:19:33.111970 0x1fa65e140 incremental_pipeline.cc:487] => Provided pair is unsuitable for initialization.
I20260910 06:19:33.111972 0x1fa65e140 incremental_pipeline.cc:791] Discarding reconstruction due to bad initial pair
I20260910 06:19:33.112746 0x1fa65e140 incremental_pipeline.cc:487] => Provided pair is unsuitable for initialization.
I20260910 06:19:33.112749 0x1fa65e140 incremental_pipeline.cc:791] Discarding reconstruction due to bad initial pair
I20260910 06:19:33.113410 0x1fa65e140 incremental_pipeline.cc:487] => Provided pair is unsuitable for initialization.
I20260910 06:19:33.113412 0x1fa65e140 incremental_pipeline.cc:791] Discarding reconstruction due to bad initial pair
I20260910 06:19:33.114418 0x1fa65e140 incremental_pipeline.cc:487] => Provided pair is unsuitable for initialization.
I20260910 06:19:33.114420 0x1fa65e140 incremental_pipeline.cc:791] Discarding reconstruction due to bad initial pair
I20260910 06:19:33.115328 0x1fa65e140 incremental_pipeline.cc:487] => Provided pair is unsuitable for initialization.
I20260910 06:19:33.115330 0x1fa65e140 incremental_pipeline.cc:791] Discarding reconstruction due to bad initial pair
I20260910 06:19:33.116388 0x1fa65e140 incremental_pipeline.cc:487] => Provided pair is unsuitable for initialization.
I20260910 06:19:33.116391 0x1fa65e140 incremental_pipeline.cc:791] Discarding reconstruction due to bad initial pair
I20260910 06:19:33.117032 0x1fa65e140 incremental_pipeline.cc:487] => Provided pair is unsuitable for initialization.
I20260910 06:19:33.117034 0x1fa65e140 incremental_pipeline.cc:791] Discarding reconstruction due to bad initial pair
I20260910 06:19:33.118055 0x1fa65e140 incremental_pipeline.cc:487] => Provided pair is unsuitable for initialization.
I20260910 06:19:33.118058 0x1fa65e140 incremental_pipeline.cc:791] Discarding reconstruction due to bad initial pair
I20260910 06:19:33.118803 0x1fa65e140 incremental_pipeline.cc:487] => Provided pair is unsuitable for initialization.
I20260910 06:19:33.118806 0x1fa65e140 incremental_pipeline.cc:791] Discarding reconstruction due to bad initial pair
I20260910 06:19:33.119528 0x1fa65e140 incremental_pipeline.cc:487] => Provided pair is unsuitable for initialization.
I20260910 06:19:33.119531 0x1fa65e140 incremental_pipeline.cc:791] Discarding reconstruction due to bad initial pair
I20260910 06:19:33.120210 0x1fa65e140 incremental_pipeline.cc:487] => Provided pair is unsuitable for initialization.
I20260910 06:19:33.120212 0x1fa65e140 incremental_pipeline.cc:791] Discarding reconstruction due to bad initial pair
I20260910 06:19:33.121017 0x1fa65e140 incremental_pipeline.cc:487] => Provided pair is unsuitable for initialization.
I20260910 06:19:33.121024 0x1fa65e140 incremental_pipeline.cc:791] Discarding reconstruction due to bad initial pair
I20260910 06:19:33.121984 0x1fa65e140 incremental_pipeline.cc:487] => Provided pair is unsuitable for initialization.
I20260910 06:19:33.121986 0x1fa65e140 incremental_pipeline.cc:791] Discarding reconstruction due to bad initial pair
I20260910 06:19:33.122668 0x1fa65e140 incremental_pipeline.cc:487] => Provided pair is unsuitable for initialization.
I20260910 06:19:33.122670 0x1fa65e140 incremental_pipeline.cc:791] Discarding reconstruction due to bad initial pair
I20260910 06:19:33.123308 0x1fa65e140 incremental_pipeline.cc:487] => Provided pair is unsuitable for initialization.
I20260910 06:19:33.123311 0x1fa65e140 incremental_pipeline.cc:791] Discarding reconstruction due to bad initial pair
I20260910 06:19:33.124011 0x1fa65e140 incremental_pipeline.cc:487] => Provided pair is unsuitable for initialization.
I20260910 06:19:33.124013 0x1fa65e140 incremental_pipeline.cc:791] Discarding reconstruction due to bad initial pair
I20260910 06:19:33.125056 0x1fa65e140 incremental_pipeline.cc:487] => Provided pair is unsuitable for initialization.
I20260910 06:19:33.125061 0x1fa65e140 incremental_pipeline.cc:791] Discarding reconstruction due to bad initial pair
I20260910 06:19:33.125944 0x1fa65e140 incremental_pipeline.cc:487] => Provided pair is unsuitable for initialization.
I20260910 06:19:33.125945 0x1fa65e140 incremental_pipeline.cc:791] Discarding reconstruction due to bad initial pair
I20260910 06:19:33.126657 0x1fa65e140 incremental_pipeline.cc:487] => Provided pair is unsuitable for initialization.
I20260910 06:19:33.126660 0x1fa65e140 incremental_pipeline.cc:791] Discarding reconstruction due to bad initial pair
I20260910 06:19:33.127387 0x1fa65e140 incremental_pipeline.cc:487] => Provided pair is unsuitable for initialization.
I20260910 06:19:33.127390 0x1fa65e140 incremental_pipeline.cc:791] Discarding reconstruction due to bad initial pair
I20260910 06:19:33.128177 0x1fa65e140 incremental_pipeline.cc:487] => Provided pair is unsuitable for initialization.
I20260910 06:19:33.128179 0x1fa65e140 incremental_pipeline.cc:791] Discarding reconstruction due to bad initial pair
I20260910 06:19:33.129067 0x1fa65e140 incremental_pipeline.cc:487] => Provided pair is unsuitable for initialization.
I20260910 06:19:33.129070 0x1fa65e140 incremental_pipeline.cc:791] Discarding reconstruction due to bad initial pair
I20260910 06:19:33.130000 0x1fa65e140 incremental_pipeline.cc:487] => Provided pair is unsuitable for initialization.
I20260910 06:19:33.130003 0x1fa65e140 incremental_pipeline.cc:791] Discarding reconstruction due to bad initial pair
I20260910 06:19:33.130913 0x1fa65e140 incremental_pipeline.cc:487] => Provided pair is unsuitable for initialization.
I20260910 06:19:33.130915 0x1fa65e140 incremental_pipeline.cc:791] Discarding reconstruction due to bad initial pair
I20260910 06:19:33.131573 0x1fa65e140 incremental_pipeline.cc:487] => Provided pair is unsuitable for initialization.
I20260910 06:19:33.131574 0x1fa65e140 incremental_pipeline.cc:791] Discarding reconstruction due to bad initial pair
I20260910 06:19:33.132312 0x1fa65e140 incremental_pipeline.cc:487] => Provided pair is unsuitable for initialization.
I20260910 06:19:33.132315 0x1fa65e140 incremental_pipeline.cc:791] Discarding reconstruction due to bad initial pair
I20260910 06:19:33.133173 0x1fa65e140 incremental_pipeline.cc:487] => Provided pair is unsuitable for initialization.
I20260910 06:19:33.133175 0x1fa65e140 incremental_pipeline.cc:791] Discarding reconstruction due to bad initial pair
I20260910 06:19:33.133846 0x1fa65e140 incremental_pipeline.cc:487] => Provided pair is unsuitable for initialization.
I20260910 06:19:33.133849 0x1fa65e140 incremental_pipeline.cc:791] Discarding reconstruction due to bad initial pair
I20260910 06:19:33.134589 0x1fa65e140 incremental_pipeline.cc:487] => Provided pair is unsuitable for initialization.
I20260910 06:19:33.134591 0x1fa65e140 incremental_pipeline.cc:791] Discarding reconstruction due to bad initial pair
I20260910 06:19:33.135453 0x1fa65e140 incremental_pipeline.cc:487] => Provided pair is unsuitable for initialization.
I20260910 06:19:33.135455 0x1fa65e140 incremental_pipeline.cc:791] Discarding reconstruction due to bad initial pair
I20260910 06:19:33.136286 0x1fa65e140 incremental_pipeline.cc:487] => Provided pair is unsuitable for initialization.
I20260910 06:19:33.136288 0x1fa65e140 incremental_pipeline.cc:791] Discarding reconstruction due to bad initial pair
I20260910 06:19:33.137293 0x1fa65e140 incremental_pipeline.cc:487] => Provided pair is unsuitable for initialization.
I20260910 06:19:33.137295 0x1fa65e140 incremental_pipeline.cc:791] Discarding reconstruction due to bad initial pair
I20260910 06:19:33.138075 0x1fa65e140 incremental_pipeline.cc:487] => Provided pair is unsuitable for initialization.
I20260910 06:19:33.138077 0x1fa65e140 incremental_pipeline.cc:791] Discarding reconstruction due to bad initial pair
I20260910 06:19:33.138818 0x1fa65e140 incremental_pipeline.cc:487] => Provided pair is unsuitable for initialization.
I20260910 06:19:33.138820 0x1fa65e140 incremental_pipeline.cc:791] Discarding reconstruction due to bad initial pair
I20260910 06:19:33.139575 0x1fa65e140 incremental_pipeline.cc:487] => Provided pair is unsuitable for initialization.
I20260910 06:19:33.139577 0x1fa65e140 incremental_pipeline.cc:791] Discarding reconstruction due to bad initial pair
I20260910 06:19:33.140406 0x1fa65e140 incremental_pipeline.cc:487] => Provided pair is unsuitable for initialization.
I20260910 06:19:33.140409 0x1fa65e140 incremental_pipeline.cc:791] Discarding reconstruction due to bad initial pair
I20260910 06:19:33.141252 0x1fa65e140 incremental_pipeline.cc:487] => Provided pair is unsuitable for initialization.
I20260910 06:19:33.141255 0x1fa65e140 incremental_pipeline.cc:791] Discarding reconstruction due to bad initial pair
I20260910 06:19:33.142066 0x1fa65e140 incremental_pipeline.cc:487] => Provided pair is unsuitable for initialization.
I20260910 06:19:33.142068 0x1fa65e140 incremental_pipeline.cc:791] Discarding reconstruction due to bad initial pair
I20260910 06:19:33.142727 0x1fa65e140 incremental_pipeline.cc:487] => Provided pair is unsuitable for initialization.
I20260910 06:19:33.142729 0x1fa65e140 incremental_pipeline.cc:791] Discarding reconstruction due to bad initial pair
I20260910 06:19:33.143435 0x1fa65e140 incremental_pipeline.cc:487] => Provided pair is unsuitable for initialization.
I20260910 06:19:33.143436 0x1fa65e140 incremental_pipeline.cc:791] Discarding reconstruction due to bad initial pair
I20260910 06:19:33.144817 0x1fa65e140 incremental_pipeline.cc:487] => Provided pair is unsuitable for initialization.
I20260910 06:19:33.144820 0x1fa65e140 incremental_pipeline.cc:791] Discarding reconstruction due to bad initial pair
I20260910 06:19:33.146097 0x1fa65e140 incremental_pipeline.cc:487] => Provided pair is unsuitable for initialization.
I20260910 06:19:33.146099 0x1fa65e140 incremental_pipeline.cc:791] Discarding reconstruction due to bad initial pair
I20260910 06:19:33.147128 0x1fa65e140 incremental_pipeline.cc:487] => Provided pair is unsuitable for initialization.
I20260910 06:19:33.147131 0x1fa65e140 incremental_pipeline.cc:791] Discarding reconstruction due to bad initial pair
I20260910 06:19:33.147879 0x1fa65e140 incremental_pipeline.cc:487] => Provided pair is unsuitable for initialization.
I20260910 06:19:33.147881 0x1fa65e140 incremental_pipeline.cc:791] Discarding reconstruction due to bad initial pair
I20260910 06:19:33.148698 0x1fa65e140 incremental_pipeline.cc:487] => Provided pair is unsuitable for initialization.
I20260910 06:19:33.148700 0x1fa65e140 incremental_pipeline.cc:791] Discarding reconstruction due to bad initial pair
I20260910 06:19:33.149368 0x1fa65e140 incremental_pipeline.cc:487] => Provided pair is unsuitable for initialization.
I20260910 06:19:33.149371 0x1fa65e140 incremental_pipeline.cc:791] Discarding reconstruction due to bad initial pair
I20260910 06:19:33.150052 0x1fa65e140 incremental_pipeline.cc:487] => Provided pair is unsuitable for initialization.
I20260910 06:19:33.150060 0x1fa65e140 incremental_pipeline.cc:791] Discarding reconstruction due to bad initial pair
I20260910 06:19:33.151138 0x1fa65e140 incremental_pipeline.cc:487] => Provided pair is unsuitable for initialization.
I20260910 06:19:33.151140 0x1fa65e140 incremental_pipeline.cc:791] Discarding reconstruction due to bad initial pair
I20260910 06:19:33.151924 0x1fa65e140 incremental_pipeline.cc:487] => Provided pair is unsuitable for initialization.
I20260910 06:19:33.151927 0x1fa65e140 incremental_pipeline.cc:791] Discarding reconstruction due to bad initial pair
I20260910 06:19:33.153061 0x1fa65e140 incremental_pipeline.cc:487] => Provided pair is unsuitable for initialization.
I20260910 06:19:33.153064 0x1fa65e140 incremental_pipeline.cc:791] Discarding reconstruction due to bad initial pair
I20260910 06:19:33.154247 0x1fa65e140 incremental_pipeline.cc:487] => Provided pair is unsuitable for initialization.
I20260910 06:19:33.154249 0x1fa65e140 incremental_pipeline.cc:791] Discarding reconstruction due to bad initial pair
I20260910 06:19:33.155155 0x1fa65e140 incremental_pipeline.cc:487] => Provided pair is unsuitable for initialization.
I20260910 06:19:33.155157 0x1fa65e140 incremental_pipeline.cc:791] Discarding reconstruction due to bad initial pair
I20260910 06:19:33.155847 0x1fa65e140 incremental_pipeline.cc:487] => Provided pair is unsuitable for initialization.
I20260910 06:19:33.155850 0x1fa65e140 incremental_pipeline.cc:791] Discarding reconstruction due to bad initial pair
I20260910 06:19:33.156669 0x1fa65e140 incremental_pipeline.cc:487] => Provided pair is unsuitable for initialization.
I20260910 06:19:33.156671 0x1fa65e140 incremental_pipeline.cc:791] Discarding reconstruction due to bad initial pair
I20260910 06:19:33.157626 0x1fa65e140 incremental_pipeline.cc:487] => Provided pair is unsuitable for initialization.
I20260910 06:19:33.157628 0x1fa65e140 incremental_pipeline.cc:791] Discarding reconstruction due to bad initial pair
I20260910 06:19:33.158579 0x1fa65e140 incremental_pipeline.cc:487] => Provided pair is unsuitable for initialization.
I20260910 06:19:33.158581 0x1fa65e140 incremental_pipeline.cc:791] Discarding reconstruction due to bad initial pair
I20260910 06:19:33.159403 0x1fa65e140 incremental_pipeline.cc:487] => Provided pair is unsuitable for initialization.
I20260910 06:19:33.159406 0x1fa65e140 incremental_pipeline.cc:791] Discarding reconstruction due to bad initial pair
I20260910 06:19:33.160433 0x1fa65e140 incremental_pipeline.cc:487] => Provided pair is unsuitable for initialization.
I20260910 06:19:33.160435 0x1fa65e140 incremental_pipeline.cc:791] Discarding reconstruction due to bad initial pair
I20260910 06:19:33.161103 0x1fa65e140 incremental_pipeline.cc:487] => Provided pair is unsuitable for initialization.
I20260910 06:19:33.161105 0x1fa65e140 incremental_pipeline.cc:791] Discarding reconstruction due to bad initial pair
I20260910 06:19:33.161864 0x1fa65e140 incremental_pipeline.cc:487] => Provided pair is unsuitable for initialization.
I20260910 06:19:33.161867 0x1fa65e140 incremental_pipeline.cc:791] Discarding reconstruction due to bad initial pair
I20260910 06:19:33.162592 0x1fa65e140 incremental_pipeline.cc:487] => Provided pair is unsuitable for initialization.
I20260910 06:19:33.162595 0x1fa65e140 incremental_pipeline.cc:791] Discarding reconstruction due to bad initial pair
I20260910 06:19:33.163574 0x1fa65e140 incremental_pipeline.cc:487] => Provided pair is unsuitable for initialization.
I20260910 06:19:33.163577 0x1fa65e140 incremental_pipeline.cc:791] Discarding reconstruction due to bad initial pair
I20260910 06:19:33.164747 0x1fa65e140 incremental_pipeline.cc:487] => Provided pair is unsuitable for initialization.
I20260910 06:19:33.164750 0x1fa65e140 incremental_pipeline.cc:791] Discarding reconstruction due to bad initial pair
I20260910 06:19:33.165541 0x1fa65e140 incremental_pipeline.cc:487] => Provided pair is unsuitable for initialization.
I20260910 06:19:33.165548 0x1fa65e140 incremental_pipeline.cc:791] Discarding reconstruction due to bad initial pair
I20260910 06:19:33.166250 0x1fa65e140 incremental_pipeline.cc:487] => Provided pair is unsuitable for initialization.
I20260910 06:19:33.166252 0x1fa65e140 incremental_pipeline.cc:791] Discarding reconstruction due to bad initial pair
I20260910 06:19:33.167105 0x1fa65e140 incremental_pipeline.cc:487] => Provided pair is unsuitable for initialization.
I20260910 06:19:33.167107 0x1fa65e140 incremental_pipeline.cc:791] Discarding reconstruction due to bad initial pair
I20260910 06:19:33.168131 0x1fa65e140 incremental_pipeline.cc:487] => Provided pair is unsuitable for initialization.
I20260910 06:19:33.168133 0x1fa65e140 incremental_pipeline.cc:791] Discarding reconstruction due to bad initial pair
I20260910 06:19:33.168939 0x1fa65e140 incremental_pipeline.cc:487] => Provided pair is unsuitable for initialization.
I20260910 06:19:33.168942 0x1fa65e140 incremental_pipeline.cc:791] Discarding reconstruction due to bad initial pair
I20260910 06:19:33.169892 0x1fa65e140 incremental_pipeline.cc:487] => Provided pair is unsuitable for initialization.
I20260910 06:19:33.169894 0x1fa65e140 incremental_pipeline.cc:791] Discarding reconstruction due to bad initial pair
I20260910 06:19:33.170703 0x1fa65e140 incremental_pipeline.cc:487] => Provided pair is unsuitable for initialization.
I20260910 06:19:33.170706 0x1fa65e140 incremental_pipeline.cc:791] Discarding reconstruction due to bad initial pair
I20260910 06:19:33.171400 0x1fa65e140 incremental_pipeline.cc:487] => Provided pair is unsuitable for initialization.
I20260910 06:19:33.171402 0x1fa65e140 incremental_pipeline.cc:791] Discarding reconstruction due to bad initial pair
I20260910 06:19:33.172375 0x1fa65e140 incremental_pipeline.cc:487] => Provided pair is unsuitable for initialization.
I20260910 06:19:33.172377 0x1fa65e140 incremental_pipeline.cc:791] Discarding reconstruction due to bad initial pair
I20260910 06:19:33.173195 0x1fa65e140 incremental_pipeline.cc:487] => Provided pair is unsuitable for initialization.
I20260910 06:19:33.173197 0x1fa65e140 incremental_pipeline.cc:791] Discarding reconstruction due to bad initial pair
I20260910 06:19:33.173948 0x1fa65e140 incremental_pipeline.cc:487] => Provided pair is unsuitable for initialization.
I20260910 06:19:33.173951 0x1fa65e140 incremental_pipeline.cc:791] Discarding reconstruction due to bad initial pair
I20260910 06:19:33.174740 0x1fa65e140 incremental_pipeline.cc:487] => Provided pair is unsuitable for initialization.
I20260910 06:19:33.174742 0x1fa65e140 incremental_pipeline.cc:791] Discarding reconstruction due to bad initial pair
I20260910 06:19:33.175521 0x1fa65e140 incremental_pipeline.cc:487] => Provided pair is unsuitable for initialization.
I20260910 06:19:33.175523 0x1fa65e140 incremental_pipeline.cc:791] Discarding reconstruction due to bad initial pair
I20260910 06:19:33.176356 0x1fa65e140 incremental_pipeline.cc:487] => Provided pair is unsuitable for initialization.
I20260910 06:19:33.176359 0x1fa65e140 incremental_pipeline.cc:791] Discarding reconstruction due to bad initial pair
I20260910 06:19:33.177142 0x1fa65e140 incremental_pipeline.cc:487] => Provided pair is unsuitable for initialization.
I20260910 06:19:33.177145 0x1fa65e140 incremental_pipeline.cc:791] Discarding reconstruction due to bad initial pair
I20260910 06:19:33.177964 0x1fa65e140 incremental_pipeline.cc:487] => Provided pair is unsuitable for initialization.
I20260910 06:19:33.177966 0x1fa65e140 incremental_pipeline.cc:791] Discarding reconstruction due to bad initial pair
I20260910 06:19:33.178803 0x1fa65e140 incremental_pipeline.cc:487] => Provided pair is unsuitable for initialization.
I20260910 06:19:33.178805 0x1fa65e140 incremental_pipeline.cc:791] Discarding reconstruction due to bad initial pair
I20260910 06:19:33.179468 0x1fa65e140 incremental_pipeline.cc:487] => Provided pair is unsuitable for initialization.
I20260910 06:19:33.179470 0x1fa65e140 incremental_pipeline.cc:791] Discarding reconstruction due to bad initial pair
I20260910 06:19:33.180445 0x1fa65e140 incremental_pipeline.cc:487] => Provided pair is unsuitable for initialization.
I20260910 06:19:33.180448 0x1fa65e140 incremental_pipeline.cc:791] Discarding reconstruction due to bad initial pair
I20260910 06:19:33.181908 0x1fa65e140 incremental_pipeline.cc:487] => Provided pair is unsuitable for initialization.
I20260910 06:19:33.181910 0x1fa65e140 incremental_pipeline.cc:791] Discarding reconstruction due to bad initial pair
I20260910 06:19:33.182759 0x1fa65e140 incremental_pipeline.cc:487] => Provided pair is unsuitable for initialization.
I20260910 06:19:33.182761 0x1fa65e140 incremental_pipeline.cc:791] Discarding reconstruction due to bad initial pair
I20260910 06:19:33.183508 0x1fa65e140 incremental_pipeline.cc:487] => Provided pair is unsuitable for initialization.
I20260910 06:19:33.183510 0x1fa65e140 incremental_pipeline.cc:791] Discarding reconstruction due to bad initial pair
I20260910 06:19:33.184450 0x1fa65e140 incremental_pipeline.cc:487] => Provided pair is unsuitable for initialization.
I20260910 06:19:33.184452 0x1fa65e140 incremental_pipeline.cc:791] Discarding reconstruction due to bad initial pair
I20260910 06:19:33.185274 0x1fa65e140 incremental_pipeline.cc:487] => Provided pair is unsuitable for initialization.
I20260910 06:19:33.185276 0x1fa65e140 incremental_pipeline.cc:791] Discarding reconstruction due to bad initial pair
I20260910 06:19:33.186119 0x1fa65e140 incremental_pipeline.cc:487] => Provided pair is unsuitable for initialization.
I20260910 06:19:33.186121 0x1fa65e140 incremental_pipeline.cc:791] Discarding reconstruction due to bad initial pair
I20260910 06:19:33.186821 0x1fa65e140 incremental_pipeline.cc:487] => Provided pair is unsuitable for initialization.
I20260910 06:19:33.186824 0x1fa65e140 incremental_pipeline.cc:791] Discarding reconstruction due to bad initial pair
I20260910 06:19:33.187715 0x1fa65e140 incremental_pipeline.cc:487] => Provided pair is unsuitable for initialization.
I20260910 06:19:33.187718 0x1fa65e140 incremental_pipeline.cc:791] Discarding reconstruction due to bad initial pair
I20260910 06:19:33.188406 0x1fa65e140 incremental_pipeline.cc:487] => Provided pair is unsuitable for initialization.
I20260910 06:19:33.188408 0x1fa65e140 incremental_pipeline.cc:791] Discarding reconstruction due to bad initial pair
I20260910 06:19:33.189257 0x1fa65e140 incremental_pipeline.cc:487] => Provided pair is unsuitable for initialization.
I20260910 06:19:33.189260 0x1fa65e140 incremental_pipeline.cc:791] Discarding reconstruction due to bad initial pair
I20260910 06:19:33.190460 0x1fa65e140 incremental_pipeline.cc:487] => Provided pair is unsuitable for initialization.
I20260910 06:19:33.190462 0x1fa65e140 incremental_pipeline.cc:791] Discarding reconstruction due to bad initial pair
I20260910 06:19:33.191242 0x1fa65e140 incremental_pipeline.cc:487] => Provided pair is unsuitable for initialization.
I20260910 06:19:33.191244 0x1fa65e140 incremental_pipeline.cc:791] Discarding reconstruction due to bad initial pair
I20260910 06:19:33.191997 0x1fa65e140 incremental_pipeline.cc:487] => Provided pair is unsuitable for initialization.
I20260910 06:19:33.191999 0x1fa65e140 incremental_pipeline.cc:791] Discarding reconstruction due to bad initial pair
I20260910 06:19:33.192721 0x1fa65e140 incremental_pipeline.cc:487] => Provided pair is unsuitable for initialization.
I20260910 06:19:33.192724 0x1fa65e140 incremental_pipeline.cc:791] Discarding reconstruction due to bad initial pair
I20260910 06:19:33.193505 0x1fa65e140 incremental_pipeline.cc:487] => Provided pair is unsuitable for initialization.
I20260910 06:19:33.193507 0x1fa65e140 incremental_pipeline.cc:791] Discarding reconstruction due to bad initial pair
I20260910 06:19:33.194197 0x1fa65e140 incremental_pipeline.cc:487] => Provided pair is unsuitable for initialization.
I20260910 06:19:33.194199 0x1fa65e140 incremental_pipeline.cc:791] Discarding reconstruction due to bad initial pair
I20260910 06:19:33.195350 0x1fa65e140 incremental_pipeline.cc:487] => Provided pair is unsuitable for initialization.
I20260910 06:19:33.195359 0x1fa65e140 incremental_pipeline.cc:791] Discarding reconstruction due to bad initial pair
I20260910 06:19:33.196065 0x1fa65e140 incremental_pipeline.cc:487] => Provided pair is unsuitable for initialization.
I20260910 06:19:33.196067 0x1fa65e140 incremental_pipeline.cc:791] Discarding reconstruction due to bad initial pair
I20260910 06:19:33.197615 0x1fa65e140 incremental_pipeline.cc:487] => Provided pair is unsuitable for initialization.
I20260910 06:19:33.197617 0x1fa65e140 incremental_pipeline.cc:791] Discarding reconstruction due to bad initial pair
I20260910 06:19:33.199021 0x1fa65e140 incremental_pipeline.cc:487] => Provided pair is unsuitable for initialization.
I20260910 06:19:33.199023 0x1fa65e140 incremental_pipeline.cc:791] Discarding reconstruction due to bad initial pair
I20260910 06:19:33.199853 0x1fa65e140 incremental_pipeline.cc:487] => Provided pair is unsuitable for initialization.
I20260910 06:19:33.199855 0x1fa65e140 incremental_pipeline.cc:791] Discarding reconstruction due to bad initial pair
I20260910 06:19:33.199858 0x1fa65e140 incremental_pipeline.cc:442] => Relaxing the initialization constraints.
I20260910 06:19:33.200660 0x1fa65e140 incremental_pipeline.cc:487] => Provided pair is unsuitable for initialization.
I20260910 06:19:33.200662 0x1fa65e140 incremental_pipeline.cc:791] Discarding reconstruction due to bad initial pair
I20260910 06:19:33.201336 0x1fa65e140 incremental_pipeline.cc:487] => Provided pair is unsuitable for initialization.
I20260910 06:19:33.201338 0x1fa65e140 incremental_pipeline.cc:791] Discarding reconstruction due to bad initial pair
I20260910 06:19:33.202180 0x1fa65e140 incremental_pipeline.cc:487] => Provided pair is unsuitable for initialization.
I20260910 06:19:33.202183 0x1fa65e140 incremental_pipeline.cc:791] Discarding reconstruction due to bad initial pair
I20260910 06:19:33.203002 0x1fa65e140 incremental_pipeline.cc:487] => Provided pair is unsuitable for initialization.
I20260910 06:19:33.203005 0x1fa65e140 incremental_pipeline.cc:791] Discarding reconstruction due to bad initial pair
I20260910 06:19:33.203763 0x1fa65e140 incremental_pipeline.cc:487] => Provided pair is unsuitable for initialization.
I20260910 06:19:33.203766 0x1fa65e140 incremental_pipeline.cc:791] Discarding reconstruction due to bad initial pair
I20260910 06:19:33.204466 0x1fa65e140 incremental_pipeline.cc:487] => Provided pair is unsuitable for initialization.
I20260910 06:19:33.204468 0x1fa65e140 incremental_pipeline.cc:791] Discarding reconstruction due to bad initial pair
I20260910 06:19:33.205304 0x1fa65e140 incremental_pipeline.cc:487] => Provided pair is unsuitable for initialization.
I20260910 06:19:33.205306 0x1fa65e140 incremental_pipeline.cc:791] Discarding reconstruction due to bad initial pair
I20260910 06:19:33.206154 0x1fa65e140 incremental_pipeline.cc:487] => Provided pair is unsuitable for initialization.
I20260910 06:19:33.206156 0x1fa65e140 incremental_pipeline.cc:791] Discarding reconstruction due to bad initial pair
I20260910 06:19:33.206970 0x1fa65e140 incremental_pipeline.cc:487] => Provided pair is unsuitable for initialization.
I20260910 06:19:33.206972 0x1fa65e140 incremental_pipeline.cc:791] Discarding reconstruction due to bad initial pair
I20260910 06:19:33.207767 0x1fa65e140 incremental_pipeline.cc:487] => Provided pair is unsuitable for initialization.
I20260910 06:19:33.207770 0x1fa65e140 incremental_pipeline.cc:791] Discarding reconstruction due to bad initial pair
I20260910 06:19:33.208476 0x1fa65e140 incremental_pipeline.cc:487] => Provided pair is unsuitable for initialization.
I20260910 06:19:33.208478 0x1fa65e140 incremental_pipeline.cc:791] Discarding reconstruction due to bad initial pair
I20260910 06:19:33.209609 0x1fa65e140 incremental_pipeline.cc:487] => Provided pair is unsuitable for initialization.
I20260910 06:19:33.209612 0x1fa65e140 incremental_pipeline.cc:791] Discarding reconstruction due to bad initial pair
I20260910 06:19:33.210719 0x1fa65e140 incremental_pipeline.cc:487] => Provided pair is unsuitable for initialization.
I20260910 06:19:33.210727 0x1fa65e140 incremental_pipeline.cc:791] Discarding reconstruction due to bad initial pair
I20260910 06:19:33.211492 0x1fa65e140 incremental_pipeline.cc:487] => Provided pair is unsuitable for initialization.
I20260910 06:19:33.211495 0x1fa65e140 incremental_pipeline.cc:791] Discarding reconstruction due to bad initial pair
I20260910 06:19:33.212418 0x1fa65e140 incremental_pipeline.cc:487] => Provided pair is unsuitable for initialization.
I20260910 06:19:33.212420 0x1fa65e140 incremental_pipeline.cc:791] Discarding reconstruction due to bad initial pair
I20260910 06:19:33.213316 0x1fa65e140 incremental_pipeline.cc:487] => Provided pair is unsuitable for initialization.
I20260910 06:19:33.213318 0x1fa65e140 incremental_pipeline.cc:791] Discarding reconstruction due to bad initial pair
I20260910 06:19:33.214077 0x1fa65e140 incremental_pipeline.cc:487] => Provided pair is unsuitable for initialization.
I20260910 06:19:33.214079 0x1fa65e140 incremental_pipeline.cc:791] Discarding reconstruction due to bad initial pair
I20260910 06:19:33.214913 0x1fa65e140 incremental_pipeline.cc:487] => Provided pair is unsuitable for initialization.
I20260910 06:19:33.214915 0x1fa65e140 incremental_pipeline.cc:791] Discarding reconstruction due to bad initial pair
I20260910 06:19:33.215761 0x1fa65e140 incremental_pipeline.cc:487] => Provided pair is unsuitable for initialization.
I20260910 06:19:33.215764 0x1fa65e140 incremental_pipeline.cc:791] Discarding reconstruction due to bad initial pair
I20260910 06:19:33.216541 0x1fa65e140 incremental_pipeline.cc:487] => Provided pair is unsuitable for initialization.
I20260910 06:19:33.216543 0x1fa65e140 incremental_pipeline.cc:791] Discarding reconstruction due to bad initial pair
I20260910 06:19:33.217440 0x1fa65e140 incremental_pipeline.cc:487] => Provided pair is unsuitable for initialization.
I20260910 06:19:33.217443 0x1fa65e140 incremental_pipeline.cc:791] Discarding reconstruction due to bad initial pair
I20260910 06:19:33.218356 0x1fa65e140 incremental_pipeline.cc:487] => Provided pair is unsuitable for initialization.
I20260910 06:19:33.218358 0x1fa65e140 incremental_pipeline.cc:791] Discarding reconstruction due to bad initial pair
I20260910 06:19:33.219235 0x1fa65e140 incremental_pipeline.cc:487] => Provided pair is unsuitable for initialization.
I20260910 06:19:33.219237 0x1fa65e140 incremental_pipeline.cc:791] Discarding reconstruction due to bad initial pair
I20260910 06:19:33.219931 0x1fa65e140 incremental_pipeline.cc:487] => Provided pair is unsuitable for initialization.
I20260910 06:19:33.219933 0x1fa65e140 incremental_pipeline.cc:791] Discarding reconstruction due to bad initial pair
I20260910 06:19:33.220715 0x1fa65e140 incremental_pipeline.cc:487] => Provided pair is unsuitable for initialization.
I20260910 06:19:33.220717 0x1fa65e140 incremental_pipeline.cc:791] Discarding reconstruction due to bad initial pair
I20260910 06:19:33.221565 0x1fa65e140 incremental_pipeline.cc:487] => Provided pair is unsuitable for initialization.
I20260910 06:19:33.221568 0x1fa65e140 incremental_pipeline.cc:791] Discarding reconstruction due to bad initial pair
I20260910 06:19:33.222361 0x1fa65e140 incremental_pipeline.cc:487] => Provided pair is unsuitable for initialization.
I20260910 06:19:33.222365 0x1fa65e140 incremental_pipeline.cc:791] Discarding reconstruction due to bad initial pair
I20260910 06:19:33.223184 0x1fa65e140 incremental_pipeline.cc:487] => Provided pair is unsuitable for initialization.
I20260910 06:19:33.223187 0x1fa65e140 incremental_pipeline.cc:791] Discarding reconstruction due to bad initial pair
I20260910 06:19:33.224421 0x1fa65e140 incremental_pipeline.cc:487] => Provided pair is unsuitable for initialization.
I20260910 06:19:33.224423 0x1fa65e140 incremental_pipeline.cc:791] Discarding reconstruction due to bad initial pair
I20260910 06:19:33.225589 0x1fa65e140 incremental_pipeline.cc:487] => Provided pair is unsuitable for initialization.
I20260910 06:19:33.225592 0x1fa65e140 incremental_pipeline.cc:791] Discarding reconstruction due to bad initial pair
I20260910 06:19:33.226320 0x1fa65e140 incremental_pipeline.cc:487] => Provided pair is unsuitable for initialization.
I20260910 06:19:33.226323 0x1fa65e140 incremental_pipeline.cc:791] Discarding reconstruction due to bad initial pair
I20260910 06:19:33.227135 0x1fa65e140 incremental_pipeline.cc:487] => Provided pair is unsuitable for initialization.
I20260910 06:19:33.227137 0x1fa65e140 incremental_pipeline.cc:791] Discarding reconstruction due to bad initial pair
I20260910 06:19:33.227997 0x1fa65e140 incremental_pipeline.cc:487] => Provided pair is unsuitable for initialization.
I20260910 06:19:33.228000 0x1fa65e140 incremental_pipeline.cc:791] Discarding reconstruction due to bad initial pair
I20260910 06:19:33.228884 0x1fa65e140 incremental_pipeline.cc:487] => Provided pair is unsuitable for initialization.
I20260910 06:19:33.228886 0x1fa65e140 incremental_pipeline.cc:791] Discarding reconstruction due to bad initial pair
I20260910 06:19:33.229815 0x1fa65e140 incremental_pipeline.cc:487] => Provided pair is unsuitable for initialization.
I20260910 06:19:33.229818 0x1fa65e140 incremental_pipeline.cc:791] Discarding reconstruction due to bad initial pair
I20260910 06:19:33.230471 0x1fa65e140 incremental_pipeline.cc:487] => Provided pair is unsuitable for initialization.
I20260910 06:19:33.230473 0x1fa65e140 incremental_pipeline.cc:791] Discarding reconstruction due to bad initial pair
I20260910 06:19:33.231263 0x1fa65e140 incremental_pipeline.cc:487] => Provided pair is unsuitable for initialization.
I20260910 06:19:33.231266 0x1fa65e140 incremental_pipeline.cc:791] Discarding reconstruction due to bad initial pair
I20260910 06:19:33.232334 0x1fa65e140 incremental_pipeline.cc:487] => Provided pair is unsuitable for initialization.
I20260910 06:19:33.232336 0x1fa65e140 incremental_pipeline.cc:791] Discarding reconstruction due to bad initial pair
I20260910 06:19:33.233225 0x1fa65e140 incremental_pipeline.cc:487] => Provided pair is unsuitable for initialization.
I20260910 06:19:33.233228 0x1fa65e140 incremental_pipeline.cc:791] Discarding reconstruction due to bad initial pair
I20260910 06:19:33.234063 0x1fa65e140 incremental_pipeline.cc:487] => Provided pair is unsuitable for initialization.
I20260910 06:19:33.234065 0x1fa65e140 incremental_pipeline.cc:791] Discarding reconstruction due to bad initial pair
I20260910 06:19:33.235369 0x1fa65e140 incremental_pipeline.cc:487] => Provided pair is unsuitable for initialization.
I20260910 06:19:33.235371 0x1fa65e140 incremental_pipeline.cc:791] Discarding reconstruction due to bad initial pair
I20260910 06:19:33.236711 0x1fa65e140 incremental_pipeline.cc:487] => Provided pair is unsuitable for initialization.
I20260910 06:19:33.236714 0x1fa65e140 incremental_pipeline.cc:791] Discarding reconstruction due to bad initial pair
I20260910 06:19:33.237642 0x1fa65e140 incremental_pipeline.cc:487] => Provided pair is unsuitable for initialization.
I20260910 06:19:33.237645 0x1fa65e140 incremental_pipeline.cc:791] Discarding reconstruction due to bad initial pair
I20260910 06:19:33.238464 0x1fa65e140 incremental_pipeline.cc:487] => Provided pair is unsuitable for initialization.
I20260910 06:19:33.238466 0x1fa65e140 incremental_pipeline.cc:791] Discarding reconstruction due to bad initial pair
I20260910 06:19:33.239292 0x1fa65e140 incremental_pipeline.cc:487] => Provided pair is unsuitable for initialization.
I20260910 06:19:33.239294 0x1fa65e140 incremental_pipeline.cc:791] Discarding reconstruction due to bad initial pair
I20260910 06:19:33.240137 0x1fa65e140 incremental_pipeline.cc:487] => Provided pair is unsuitable for initialization.
I20260910 06:19:33.240139 0x1fa65e140 incremental_pipeline.cc:791] Discarding reconstruction due to bad initial pair
I20260910 06:19:33.241061 0x1fa65e140 incremental_pipeline.cc:487] => Provided pair is unsuitable for initialization.
I20260910 06:19:33.241064 0x1fa65e140 incremental_pipeline.cc:791] Discarding reconstruction due to bad initial pair
I20260910 06:19:33.241801 0x1fa65e140 incremental_pipeline.cc:487] => Provided pair is unsuitable for initialization.
I20260910 06:19:33.241811 0x1fa65e140 incremental_pipeline.cc:791] Discarding reconstruction due to bad initial pair
I20260910 06:19:33.242519 0x1fa65e140 incremental_pipeline.cc:487] => Provided pair is unsuitable for initialization.
I20260910 06:19:33.242521 0x1fa65e140 incremental_pipeline.cc:791] Discarding reconstruction due to bad initial pair
I20260910 06:19:33.243337 0x1fa65e140 incremental_pipeline.cc:487] => Provided pair is unsuitable for initialization.
I20260910 06:19:33.243339 0x1fa65e140 incremental_pipeline.cc:791] Discarding reconstruction due to bad initial pair
I20260910 06:19:33.244298 0x1fa65e140 incremental_pipeline.cc:487] => Provided pair is unsuitable for initialization.
I20260910 06:19:33.244301 0x1fa65e140 incremental_pipeline.cc:791] Discarding reconstruction due to bad initial pair
I20260910 06:19:33.245052 0x1fa65e140 incremental_pipeline.cc:487] => Provided pair is unsuitable for initialization.
I20260910 06:19:33.245057 0x1fa65e140 incremental_pipeline.cc:791] Discarding reconstruction due to bad initial pair
I20260910 06:19:33.245811 0x1fa65e140 incremental_pipeline.cc:487] => Provided pair is unsuitable for initialization.
I20260910 06:19:33.245813 0x1fa65e140 incremental_pipeline.cc:791] Discarding reconstruction due to bad initial pair
I20260910 06:19:33.246651 0x1fa65e140 incremental_pipeline.cc:487] => Provided pair is unsuitable for initialization.
I20260910 06:19:33.246653 0x1fa65e140 incremental_pipeline.cc:791] Discarding reconstruction due to bad initial pair
I20260910 06:19:33.247489 0x1fa65e140 incremental_pipeline.cc:487] => Provided pair is unsuitable for initialization.
I20260910 06:19:33.247491 0x1fa65e140 incremental_pipeline.cc:791] Discarding reconstruction due to bad initial pair
I20260910 06:19:33.248259 0x1fa65e140 incremental_pipeline.cc:487] => Provided pair is unsuitable for initialization.
I20260910 06:19:33.248262 0x1fa65e140 incremental_pipeline.cc:791] Discarding reconstruction due to bad initial pair
I20260910 06:19:33.248992 0x1fa65e140 incremental_pipeline.cc:487] => Provided pair is unsuitable for initialization.
I20260910 06:19:33.248995 0x1fa65e140 incremental_pipeline.cc:791] Discarding reconstruction due to bad initial pair
I20260910 06:19:33.249819 0x1fa65e140 incremental_pipeline.cc:487] => Provided pair is unsuitable for initialization.
I20260910 06:19:33.249821 0x1fa65e140 incremental_pipeline.cc:791] Discarding reconstruction due to bad initial pair
I20260910 06:19:33.250592 0x1fa65e140 incremental_pipeline.cc:487] => Provided pair is unsuitable for initialization.
I20260910 06:19:33.250594 0x1fa65e140 incremental_pipeline.cc:791] Discarding reconstruction due to bad initial pair
I20260910 06:19:33.251354 0x1fa65e140 incremental_pipeline.cc:487] => Provided pair is unsuitable for initialization.
I20260910 06:19:33.251356 0x1fa65e140 incremental_pipeline.cc:791] Discarding reconstruction due to bad initial pair
I20260910 06:19:33.252030 0x1fa65e140 incremental_pipeline.cc:487] => Provided pair is unsuitable for initialization.
I20260910 06:19:33.252032 0x1fa65e140 incremental_pipeline.cc:791] Discarding reconstruction due to bad initial pair
I20260910 06:19:33.252744 0x1fa65e140 incremental_pipeline.cc:487] => Provided pair is unsuitable for initialization.
I20260910 06:19:33.252746 0x1fa65e140 incremental_pipeline.cc:791] Discarding reconstruction due to bad initial pair
I20260910 06:19:33.253612 0x1fa65e140 incremental_pipeline.cc:487] => Provided pair is unsuitable for initialization.
I20260910 06:19:33.253615 0x1fa65e140 incremental_pipeline.cc:791] Discarding reconstruction due to bad initial pair
I20260910 06:19:33.254276 0x1fa65e140 incremental_pipeline.cc:487] => Provided pair is unsuitable for initialization.
I20260910 06:19:33.254278 0x1fa65e140 incremental_pipeline.cc:791] Discarding reconstruction due to bad initial pair
I20260910 06:19:33.254948 0x1fa65e140 incremental_pipeline.cc:487] => Provided pair is unsuitable for initialization.
I20260910 06:19:33.254950 0x1fa65e140 incremental_pipeline.cc:791] Discarding reconstruction due to bad initial pair
I20260910 06:19:33.255810 0x1fa65e140 incremental_pipeline.cc:487] => Provided pair is unsuitable for initialization.
I20260910 06:19:33.255812 0x1fa65e140 incremental_pipeline.cc:791] Discarding reconstruction due to bad initial pair
I20260910 06:19:33.256523 0x1fa65e140 incremental_pipeline.cc:487] => Provided pair is unsuitable for initialization.
I20260910 06:19:33.256526 0x1fa65e140 incremental_pipeline.cc:791] Discarding reconstruction due to bad initial pair
I20260910 06:19:33.257179 0x1fa65e140 incremental_pipeline.cc:487] => Provided pair is unsuitable for initialization.
I20260910 06:19:33.257181 0x1fa65e140 incremental_pipeline.cc:791] Discarding reconstruction due to bad initial pair
I20260910 06:19:33.258424 0x1fa65e140 incremental_pipeline.cc:487] => Provided pair is unsuitable for initialization.
I20260910 06:19:33.258426 0x1fa65e140 incremental_pipeline.cc:791] Discarding reconstruction due to bad initial pair
I20260910 06:19:33.259254 0x1fa65e140 incremental_pipeline.cc:487] => Provided pair is unsuitable for initialization.
I20260910 06:19:33.259256 0x1fa65e140 incremental_pipeline.cc:791] Discarding reconstruction due to bad initial pair
I20260910 06:19:33.260106 0x1fa65e140 incremental_pipeline.cc:487] => Provided pair is unsuitable for initialization.
I20260910 06:19:33.260108 0x1fa65e140 incremental_pipeline.cc:791] Discarding reconstruction due to bad initial pair
I20260910 06:19:33.260996 0x1fa65e140 incremental_pipeline.cc:487] => Provided pair is unsuitable for initialization.
I20260910 06:19:33.260999 0x1fa65e140 incremental_pipeline.cc:791] Discarding reconstruction due to bad initial pair
I20260910 06:19:33.261656 0x1fa65e140 incremental_pipeline.cc:487] => Provided pair is unsuitable for initialization.
I20260910 06:19:33.261658 0x1fa65e140 incremental_pipeline.cc:791] Discarding reconstruction due to bad initial pair
I20260910 06:19:33.262321 0x1fa65e140 incremental_pipeline.cc:487] => Provided pair is unsuitable for initialization.
I20260910 06:19:33.262323 0x1fa65e140 incremental_pipeline.cc:791] Discarding reconstruction due to bad initial pair
I20260910 06:19:33.263406 0x1fa65e140 incremental_pipeline.cc:487] => Provided pair is unsuitable for initialization.
I20260910 06:19:33.263408 0x1fa65e140 incremental_pipeline.cc:791] Discarding reconstruction due to bad initial pair
I20260910 06:19:33.264391 0x1fa65e140 incremental_pipeline.cc:487] => Provided pair is unsuitable for initialization.
I20260910 06:19:33.264393 0x1fa65e140 incremental_pipeline.cc:791] Discarding reconstruction due to bad initial pair
I20260910 06:19:33.265082 0x1fa65e140 incremental_pipeline.cc:487] => Provided pair is unsuitable for initialization.
I20260910 06:19:33.265087 0x1fa65e140 incremental_pipeline.cc:791] Discarding reconstruction due to bad initial pair
I20260910 06:19:33.266323 0x1fa65e140 incremental_pipeline.cc:487] => Provided pair is unsuitable for initialization.
I20260910 06:19:33.266325 0x1fa65e140 incremental_pipeline.cc:791] Discarding reconstruction due to bad initial pair
I20260910 06:19:33.267038 0x1fa65e140 incremental_pipeline.cc:487] => Provided pair is unsuitable for initialization.
I20260910 06:19:33.267041 0x1fa65e140 incremental_pipeline.cc:791] Discarding reconstruction due to bad initial pair
I20260910 06:19:33.267950 0x1fa65e140 incremental_pipeline.cc:487] => Provided pair is unsuitable for initialization.
I20260910 06:19:33.267952 0x1fa65e140 incremental_pipeline.cc:791] Discarding reconstruction due to bad initial pair
I20260910 06:19:33.268627 0x1fa65e140 incremental_pipeline.cc:487] => Provided pair is unsuitable for initialization.
I20260910 06:19:33.268630 0x1fa65e140 incremental_pipeline.cc:791] Discarding reconstruction due to bad initial pair
I20260910 06:19:33.269481 0x1fa65e140 incremental_pipeline.cc:487] => Provided pair is unsuitable for initialization.
I20260910 06:19:33.269483 0x1fa65e140 incremental_pipeline.cc:791] Discarding reconstruction due to bad initial pair
I20260910 06:19:33.270319 0x1fa65e140 incremental_pipeline.cc:487] => Provided pair is unsuitable for initialization.
I20260910 06:19:33.270321 0x1fa65e140 incremental_pipeline.cc:791] Discarding reconstruction due to bad initial pair
I20260910 06:19:33.271020 0x1fa65e140 incremental_pipeline.cc:487] => Provided pair is unsuitable for initialization.
I20260910 06:19:33.271022 0x1fa65e140 incremental_pipeline.cc:791] Discarding reconstruction due to bad initial pair
I20260910 06:19:33.272414 0x1fa65e140 incremental_pipeline.cc:487] => Provided pair is unsuitable for initialization.
I20260910 06:19:33.272416 0x1fa65e140 incremental_pipeline.cc:791] Discarding reconstruction due to bad initial pair
I20260910 06:19:33.273137 0x1fa65e140 incremental_pipeline.cc:487] => Provided pair is unsuitable for initialization.
I20260910 06:19:33.273140 0x1fa65e140 incremental_pipeline.cc:791] Discarding reconstruction due to bad initial pair
I20260910 06:19:33.273928 0x1fa65e140 incremental_pipeline.cc:487] => Provided pair is unsuitable for initialization.
I20260910 06:19:33.273931 0x1fa65e140 incremental_pipeline.cc:791] Discarding reconstruction due to bad initial pair
I20260910 06:19:33.274640 0x1fa65e140 incremental_pipeline.cc:487] => Provided pair is unsuitable for initialization.
I20260910 06:19:33.274642 0x1fa65e140 incremental_pipeline.cc:791] Discarding reconstruction due to bad initial pair
I20260910 06:19:33.276439 0x1fa65e140 incremental_pipeline.cc:487] => Provided pair is unsuitable for initialization.
I20260910 06:19:33.276441 0x1fa65e140 incremental_pipeline.cc:791] Discarding reconstruction due to bad initial pair
I20260910 06:19:33.277646 0x1fa65e140 incremental_pipeline.cc:487] => Provided pair is unsuitable for initialization.
I20260910 06:19:33.277649 0x1fa65e140 incremental_pipeline.cc:791] Discarding reconstruction due to bad initial pair
I20260910 06:19:33.278600 0x1fa65e140 incremental_pipeline.cc:487] => Provided pair is unsuitable for initialization.
I20260910 06:19:33.278602 0x1fa65e140 incremental_pipeline.cc:791] Discarding reconstruction due to bad initial pair
I20260910 06:19:33.280020 0x1fa65e140 incremental_pipeline.cc:487] => Provided pair is unsuitable for initialization.
I20260910 06:19:33.280022 0x1fa65e140 incremental_pipeline.cc:791] Discarding reconstruction due to bad initial pair
I20260910 06:19:33.280849 0x1fa65e140 incremental_pipeline.cc:487] => Provided pair is unsuitable for initialization.
I20260910 06:19:33.280851 0x1fa65e140 incremental_pipeline.cc:791] Discarding reconstruction due to bad initial pair
I20260910 06:19:33.281807 0x1fa65e140 incremental_pipeline.cc:487] => Provided pair is unsuitable for initialization.
I20260910 06:19:33.281809 0x1fa65e140 incremental_pipeline.cc:791] Discarding reconstruction due to bad initial pair
I20260910 06:19:33.282642 0x1fa65e140 incremental_pipeline.cc:487] => Provided pair is unsuitable for initialization.
I20260910 06:19:33.282644 0x1fa65e140 incremental_pipeline.cc:791] Discarding reconstruction due to bad initial pair
I20260910 06:19:33.283749 0x1fa65e140 incremental_pipeline.cc:487] => Provided pair is unsuitable for initialization.
I20260910 06:19:33.283752 0x1fa65e140 incremental_pipeline.cc:791] Discarding reconstruction due to bad initial pair
I20260910 06:19:33.284742 0x1fa65e140 incremental_pipeline.cc:487] => Provided pair is unsuitable for initialization.
I20260910 06:19:33.284744 0x1fa65e140 incremental_pipeline.cc:791] Discarding reconstruction due to bad initial pair
I20260910 06:19:33.285629 0x1fa65e140 incremental_pipeline.cc:487] => Provided pair is unsuitable for initialization.
I20260910 06:19:33.285632 0x1fa65e140 incremental_pipeline.cc:791] Discarding reconstruction due to bad initial pair
I20260910 06:19:33.286506 0x1fa65e140 incremental_pipeline.cc:487] => Provided pair is unsuitable for initialization.
I20260910 06:19:33.286508 0x1fa65e140 incremental_pipeline.cc:791] Discarding reconstruction due to bad initial pair
I20260910 06:19:33.287713 0x1fa65e140 incremental_pipeline.cc:487] => Provided pair is unsuitable for initialization.
I20260910 06:19:33.287720 0x1fa65e140 incremental_pipeline.cc:791] Discarding reconstruction due to bad initial pair
I20260910 06:19:33.288440 0x1fa65e140 incremental_pipeline.cc:487] => Provided pair is unsuitable for initialization.
I20260910 06:19:33.288442 0x1fa65e140 incremental_pipeline.cc:791] Discarding reconstruction due to bad initial pair
I20260910 06:19:33.289360 0x1fa65e140 incremental_pipeline.cc:487] => Provided pair is unsuitable for initialization.
I20260910 06:19:33.289363 0x1fa65e140 incremental_pipeline.cc:791] Discarding reconstruction due to bad initial pair
I20260910 06:19:33.290196 0x1fa65e140 incremental_pipeline.cc:487] => Provided pair is unsuitable for initialization.
I20260910 06:19:33.290198 0x1fa65e140 incremental_pipeline.cc:791] Discarding reconstruction due to bad initial pair
I20260910 06:19:33.290944 0x1fa65e140 incremental_pipeline.cc:487] => Provided pair is unsuitable for initialization.
I20260910 06:19:33.290946 0x1fa65e140 incremental_pipeline.cc:791] Discarding reconstruction due to bad initial pair
I20260910 06:19:33.291867 0x1fa65e140 incremental_pipeline.cc:487] => Provided pair is unsuitable for initialization.
I20260910 06:19:33.291870 0x1fa65e140 incremental_pipeline.cc:791] Discarding reconstruction due to bad initial pair
I20260910 06:19:33.292744 0x1fa65e140 incremental_pipeline.cc:487] => Provided pair is unsuitable for initialization.
I20260910 06:19:33.292747 0x1fa65e140 incremental_pipeline.cc:791] Discarding reconstruction due to bad initial pair
I20260910 06:19:33.293684 0x1fa65e140 incremental_pipeline.cc:487] => Provided pair is unsuitable for initialization.
I20260910 06:19:33.293686 0x1fa65e140 incremental_pipeline.cc:791] Discarding reconstruction due to bad initial pair
I20260910 06:19:33.294438 0x1fa65e140 incremental_pipeline.cc:487] => Provided pair is unsuitable for initialization.
I20260910 06:19:33.294439 0x1fa65e140 incremental_pipeline.cc:791] Discarding reconstruction due to bad initial pair
I20260910 06:19:33.295184 0x1fa65e140 incremental_pipeline.cc:487] => Provided pair is unsuitable for initialization.
I20260910 06:19:33.295187 0x1fa65e140 incremental_pipeline.cc:791] Discarding reconstruction due to bad initial pair
I20260910 06:19:33.295964 0x1fa65e140 incremental_pipeline.cc:487] => Provided pair is unsuitable for initialization.
I20260910 06:19:33.295967 0x1fa65e140 incremental_pipeline.cc:791] Discarding reconstruction due to bad initial pair
I20260910 06:19:33.296712 0x1fa65e140 incremental_pipeline.cc:487] => Provided pair is unsuitable for initialization.
I20260910 06:19:33.296714 0x1fa65e140 incremental_pipeline.cc:791] Discarding reconstruction due to bad initial pair
I20260910 06:19:33.297347 0x1fa65e140 incremental_pipeline.cc:487] => Provided pair is unsuitable for initialization.
I20260910 06:19:33.297350 0x1fa65e140 incremental_pipeline.cc:791] Discarding reconstruction due to bad initial pair
I20260910 06:19:33.298088 0x1fa65e140 incremental_pipeline.cc:487] => Provided pair is unsuitable for initialization.
I20260910 06:19:33.298090 0x1fa65e140 incremental_pipeline.cc:791] Discarding reconstruction due to bad initial pair
I20260910 06:19:33.299046 0x1fa65e140 incremental_pipeline.cc:487] => Provided pair is unsuitable for initialization.
I20260910 06:19:33.299048 0x1fa65e140 incremental_pipeline.cc:791] Discarding reconstruction due to bad initial pair
I20260910 06:19:33.299810 0x1fa65e140 incremental_pipeline.cc:487] => Provided pair is unsuitable for initialization.
I20260910 06:19:33.299812 0x1fa65e140 incremental_pipeline.cc:791] Discarding reconstruction due to bad initial pair
I20260910 06:19:33.300790 0x1fa65e140 incremental_pipeline.cc:487] => Provided pair is unsuitable for initialization.
I20260910 06:19:33.300792 0x1fa65e140 incremental_pipeline.cc:791] Discarding reconstruction due to bad initial pair
I20260910 06:19:33.302048 0x1fa65e140 incremental_pipeline.cc:487] => Provided pair is unsuitable for initialization.
I20260910 06:19:33.302050 0x1fa65e140 incremental_pipeline.cc:791] Discarding reconstruction due to bad initial pair
I20260910 06:19:33.302944 0x1fa65e140 incremental_pipeline.cc:487] => Provided pair is unsuitable for initialization.
I20260910 06:19:33.302947 0x1fa65e140 incremental_pipeline.cc:791] Discarding reconstruction due to bad initial pair
I20260910 06:19:33.303807 0x1fa65e140 incremental_pipeline.cc:487] => Provided pair is unsuitable for initialization.
I20260910 06:19:33.303809 0x1fa65e140 incremental_pipeline.cc:791] Discarding reconstruction due to bad initial pair
I20260910 06:19:33.304689 0x1fa65e140 incremental_pipeline.cc:487] => Provided pair is unsuitable for initialization.
I20260910 06:19:33.304692 0x1fa65e140 incremental_pipeline.cc:791] Discarding reconstruction due to bad initial pair
I20260910 06:19:33.305471 0x1fa65e140 incremental_pipeline.cc:487] => Provided pair is unsuitable for initialization.
I20260910 06:19:33.305473 0x1fa65e140 incremental_pipeline.cc:791] Discarding reconstruction due to bad initial pair
I20260910 06:19:33.306251 0x1fa65e140 incremental_pipeline.cc:487] => Provided pair is unsuitable for initialization.
I20260910 06:19:33.306253 0x1fa65e140 incremental_pipeline.cc:791] Discarding reconstruction due to bad initial pair
I20260910 06:19:33.307137 0x1fa65e140 incremental_pipeline.cc:487] => Provided pair is unsuitable for initialization.
I20260910 06:19:33.307139 0x1fa65e140 incremental_pipeline.cc:791] Discarding reconstruction due to bad initial pair
I20260910 06:19:33.307782 0x1fa65e140 incremental_pipeline.cc:487] => Provided pair is unsuitable for initialization.
I20260910 06:19:33.307784 0x1fa65e140 incremental_pipeline.cc:791] Discarding reconstruction due to bad initial pair
I20260910 06:19:33.308752 0x1fa65e140 incremental_pipeline.cc:487] => Provided pair is unsuitable for initialization.
I20260910 06:19:33.308755 0x1fa65e140 incremental_pipeline.cc:791] Discarding reconstruction due to bad initial pair
I20260910 06:19:33.309481 0x1fa65e140 incremental_pipeline.cc:487] => Provided pair is unsuitable for initialization.
I20260910 06:19:33.309483 0x1fa65e140 incremental_pipeline.cc:791] Discarding reconstruction due to bad initial pair
I20260910 06:19:33.310165 0x1fa65e140 incremental_pipeline.cc:487] => Provided pair is unsuitable for initialization.
I20260910 06:19:33.310167 0x1fa65e140 incremental_pipeline.cc:791] Discarding reconstruction due to bad initial pair
I20260910 06:19:33.310897 0x1fa65e140 incremental_pipeline.cc:487] => Provided pair is unsuitable for initialization.
I20260910 06:19:33.310900 0x1fa65e140 incremental_pipeline.cc:791] Discarding reconstruction due to bad initial pair
I20260910 06:19:33.311650 0x1fa65e140 incremental_pipeline.cc:487] => Provided pair is unsuitable for initialization.
I20260910 06:19:33.311653 0x1fa65e140 incremental_pipeline.cc:791] Discarding reconstruction due to bad initial pair
I20260910 06:19:33.312583 0x1fa65e140 incremental_pipeline.cc:487] => Provided pair is unsuitable for initialization.
I20260910 06:19:33.312586 0x1fa65e140 incremental_pipeline.cc:791] Discarding reconstruction due to bad initial pair
I20260910 06:19:33.313505 0x1fa65e140 incremental_pipeline.cc:487] => Provided pair is unsuitable for initialization.
I20260910 06:19:33.313507 0x1fa65e140 incremental_pipeline.cc:791] Discarding reconstruction due to bad initial pair
I20260910 06:19:33.314568 0x1fa65e140 incremental_pipeline.cc:487] => Provided pair is unsuitable for initialization.
I20260910 06:19:33.314571 0x1fa65e140 incremental_pipeline.cc:791] Discarding reconstruction due to bad initial pair
I20260910 06:19:33.315234 0x1fa65e140 incremental_pipeline.cc:487] => Provided pair is unsuitable for initialization.
I20260910 06:19:33.315238 0x1fa65e140 incremental_pipeline.cc:791] Discarding reconstruction due to bad initial pair
I20260910 06:19:33.316033 0x1fa65e140 incremental_pipeline.cc:487] => Provided pair is unsuitable for initialization.
I20260910 06:19:33.316036 0x1fa65e140 incremental_pipeline.cc:791] Discarding reconstruction due to bad initial pair
I20260910 06:19:33.317306 0x1fa65e140 incremental_pipeline.cc:487] => Provided pair is unsuitable for initialization.
I20260910 06:19:33.317313 0x1fa65e140 incremental_pipeline.cc:791] Discarding reconstruction due to bad initial pair
I20260910 06:19:33.318352 0x1fa65e140 incremental_pipeline.cc:487] => Provided pair is unsuitable for initialization.
I20260910 06:19:33.318354 0x1fa65e140 incremental_pipeline.cc:791] Discarding reconstruction due to bad initial pair
I20260910 06:19:33.319078 0x1fa65e140 incremental_pipeline.cc:487] => Provided pair is unsuitable for initialization.
I20260910 06:19:33.319081 0x1fa65e140 incremental_pipeline.cc:791] Discarding reconstruction due to bad initial pair
I20260910 06:19:33.320326 0x1fa65e140 incremental_pipeline.cc:487] => Provided pair is unsuitable for initialization.
I20260910 06:19:33.320329 0x1fa65e140 incremental_pipeline.cc:791] Discarding reconstruction due to bad initial pair
I20260910 06:19:33.321361 0x1fa65e140 incremental_pipeline.cc:487] => Provided pair is unsuitable for initialization.
I20260910 06:19:33.321363 0x1fa65e140 incremental_pipeline.cc:791] Discarding reconstruction due to bad initial pair
I20260910 06:19:33.322218 0x1fa65e140 incremental_pipeline.cc:487] => Provided pair is unsuitable for initialization.
I20260910 06:19:33.322220 0x1fa65e140 incremental_pipeline.cc:791] Discarding reconstruction due to bad initial pair
I20260910 06:19:33.323724 0x1fa65e140 incremental_pipeline.cc:487] => Provided pair is unsuitable for initialization.
I20260910 06:19:33.323726 0x1fa65e140 incremental_pipeline.cc:791] Discarding reconstruction due to bad initial pair
I20260910 06:19:33.324472 0x1fa65e140 incremental_pipeline.cc:487] => Provided pair is unsuitable for initialization.
I20260910 06:19:33.324475 0x1fa65e140 incremental_pipeline.cc:791] Discarding reconstruction due to bad initial pair
I20260910 06:19:33.325356 0x1fa65e140 incremental_pipeline.cc:487] => Provided pair is unsuitable for initialization.
I20260910 06:19:33.325361 0x1fa65e140 incremental_pipeline.cc:791] Discarding reconstruction due to bad initial pair
I20260910 06:19:33.326267 0x1fa65e140 incremental_pipeline.cc:487] => Provided pair is unsuitable for initialization.
I20260910 06:19:33.326270 0x1fa65e140 incremental_pipeline.cc:791] Discarding reconstruction due to bad initial pair
I20260910 06:19:33.327029 0x1fa65e140 incremental_pipeline.cc:487] => Provided pair is unsuitable for initialization.
I20260910 06:19:33.327031 0x1fa65e140 incremental_pipeline.cc:791] Discarding reconstruction due to bad initial pair
I20260910 06:19:33.328361 0x1fa65e140 incremental_pipeline.cc:487] => Provided pair is unsuitable for initialization.
I20260910 06:19:33.328364 0x1fa65e140 incremental_pipeline.cc:791] Discarding reconstruction due to bad initial pair
I20260910 06:19:33.329099 0x1fa65e140 incremental_pipeline.cc:487] => Provided pair is unsuitable for initialization.
I20260910 06:19:33.329102 0x1fa65e140 incremental_pipeline.cc:791] Discarding reconstruction due to bad initial pair
I20260910 06:19:33.329867 0x1fa65e140 incremental_pipeline.cc:487] => Provided pair is unsuitable for initialization.
I20260910 06:19:33.329870 0x1fa65e140 incremental_pipeline.cc:791] Discarding reconstruction due to bad initial pair
I20260910 06:19:33.330598 0x1fa65e140 incremental_pipeline.cc:487] => Provided pair is unsuitable for initialization.
I20260910 06:19:33.330601 0x1fa65e140 incremental_pipeline.cc:791] Discarding reconstruction due to bad initial pair
I20260910 06:19:33.331356 0x1fa65e140 incremental_pipeline.cc:487] => Provided pair is unsuitable for initialization.
I20260910 06:19:33.331358 0x1fa65e140 incremental_pipeline.cc:791] Discarding reconstruction due to bad initial pair
I20260910 06:19:33.332253 0x1fa65e140 incremental_pipeline.cc:487] => Provided pair is unsuitable for initialization.
I20260910 06:19:33.332255 0x1fa65e140 incremental_pipeline.cc:791] Discarding reconstruction due to bad initial pair
I20260910 06:19:33.332996 0x1fa65e140 incremental_pipeline.cc:487] => Provided pair is unsuitable for initialization.
I20260910 06:19:33.332999 0x1fa65e140 incremental_pipeline.cc:791] Discarding reconstruction due to bad initial pair
I20260910 06:19:33.334021 0x1fa65e140 incremental_pipeline.cc:487] => Provided pair is unsuitable for initialization.
I20260910 06:19:33.334024 0x1fa65e140 incremental_pipeline.cc:791] Discarding reconstruction due to bad initial pair
I20260910 06:19:33.334898 0x1fa65e140 incremental_pipeline.cc:487] => Provided pair is unsuitable for initialization.
I20260910 06:19:33.334900 0x1fa65e140 incremental_pipeline.cc:791] Discarding reconstruction due to bad initial pair
I20260910 06:19:33.336018 0x1fa65e140 incremental_pipeline.cc:487] => Provided pair is unsuitable for initialization.
I20260910 06:19:33.336020 0x1fa65e140 incremental_pipeline.cc:791] Discarding reconstruction due to bad initial pair
I20260910 06:19:33.336905 0x1fa65e140 incremental_pipeline.cc:487] => Provided pair is unsuitable for initialization.
I20260910 06:19:33.336908 0x1fa65e140 incremental_pipeline.cc:791] Discarding reconstruction due to bad initial pair
I20260910 06:19:33.338193 0x1fa65e140 incremental_pipeline.cc:487] => Provided pair is unsuitable for initialization.
I20260910 06:19:33.338196 0x1fa65e140 incremental_pipeline.cc:791] Discarding reconstruction due to bad initial pair
I20260910 06:19:33.339074 0x1fa65e140 incremental_pipeline.cc:487] => Provided pair is unsuitable for initialization.
I20260910 06:19:33.339077 0x1fa65e140 incremental_pipeline.cc:791] Discarding reconstruction due to bad initial pair
I20260910 06:19:33.340145 0x1fa65e140 incremental_pipeline.cc:487] => Provided pair is unsuitable for initialization.
I20260910 06:19:33.340148 0x1fa65e140 incremental_pipeline.cc:791] Discarding reconstruction due to bad initial pair
I20260910 06:19:33.340999 0x1fa65e140 incremental_pipeline.cc:487] => Provided pair is unsuitable for initialization.
I20260910 06:19:33.341002 0x1fa65e140 incremental_pipeline.cc:791] Discarding reconstruction due to bad initial pair
I20260910 06:19:33.341754 0x1fa65e140 incremental_pipeline.cc:487] => Provided pair is unsuitable for initialization.
I20260910 06:19:33.341757 0x1fa65e140 incremental_pipeline.cc:791] Discarding reconstruction due to bad initial pair
I20260910 06:19:33.342505 0x1fa65e140 incremental_pipeline.cc:487] => Provided pair is unsuitable for initialization.
I20260910 06:19:33.342507 0x1fa65e140 incremental_pipeline.cc:791] Discarding reconstruction due to bad initial pair
I20260910 06:19:33.343315 0x1fa65e140 incremental_pipeline.cc:487] => Provided pair is unsuitable for initialization.
I20260910 06:19:33.343317 0x1fa65e140 incremental_pipeline.cc:791] Discarding reconstruction due to bad initial pair
I20260910 06:19:33.344145 0x1fa65e140 incremental_pipeline.cc:487] => Provided pair is unsuitable for initialization.
I20260910 06:19:33.344147 0x1fa65e140 incremental_pipeline.cc:791] Discarding reconstruction due to bad initial pair
I20260910 06:19:33.344964 0x1fa65e140 incremental_pipeline.cc:487] => Provided pair is unsuitable for initialization.
I20260910 06:19:33.344966 0x1fa65e140 incremental_pipeline.cc:791] Discarding reconstruction due to bad initial pair
I20260910 06:19:33.345969 0x1fa65e140 incremental_pipeline.cc:487] => Provided pair is unsuitable for initialization.
I20260910 06:19:33.345972 0x1fa65e140 incremental_pipeline.cc:791] Discarding reconstruction due to bad initial pair
I20260910 06:19:33.346851 0x1fa65e140 incremental_pipeline.cc:487] => Provided pair is unsuitable for initialization.
I20260910 06:19:33.346854 0x1fa65e140 incremental_pipeline.cc:791] Discarding reconstruction due to bad initial pair
I20260910 06:19:33.347687 0x1fa65e140 incremental_pipeline.cc:487] => Provided pair is unsuitable for initialization.
I20260910 06:19:33.347690 0x1fa65e140 incremental_pipeline.cc:791] Discarding reconstruction due to bad initial pair
I20260910 06:19:33.348382 0x1fa65e140 incremental_pipeline.cc:487] => Provided pair is unsuitable for initialization.
I20260910 06:19:33.348384 0x1fa65e140 incremental_pipeline.cc:791] Discarding reconstruction due to bad initial pair
I20260910 06:19:33.349104 0x1fa65e140 incremental_pipeline.cc:487] => Provided pair is unsuitable for initialization.
I20260910 06:19:33.349112 0x1fa65e140 incremental_pipeline.cc:791] Discarding reconstruction due to bad initial pair
I20260910 06:19:33.349805 0x1fa65e140 incremental_pipeline.cc:487] => Provided pair is unsuitable for initialization.
I20260910 06:19:33.349808 0x1fa65e140 incremental_pipeline.cc:791] Discarding reconstruction due to bad initial pair
I20260910 06:19:33.350552 0x1fa65e140 incremental_pipeline.cc:487] => Provided pair is unsuitable for initialization.
I20260910 06:19:33.350555 0x1fa65e140 incremental_pipeline.cc:791] Discarding reconstruction due to bad initial pair
I20260910 06:19:33.351345 0x1fa65e140 incremental_pipeline.cc:487] => Provided pair is unsuitable for initialization.
I20260910 06:19:33.351348 0x1fa65e140 incremental_pipeline.cc:791] Discarding reconstruction due to bad initial pair
I20260910 06:19:33.352214 0x1fa65e140 incremental_pipeline.cc:487] => Provided pair is unsuitable for initialization.
I20260910 06:19:33.352216 0x1fa65e140 incremental_pipeline.cc:791] Discarding reconstruction due to bad initial pair
I20260910 06:19:33.352948 0x1fa65e140 incremental_pipeline.cc:487] => Provided pair is unsuitable for initialization.
I20260910 06:19:33.352950 0x1fa65e140 incremental_pipeline.cc:791] Discarding reconstruction due to bad initial pair
I20260910 06:19:33.353752 0x1fa65e140 incremental_pipeline.cc:487] => Provided pair is unsuitable for initialization.
I20260910 06:19:33.353755 0x1fa65e140 incremental_pipeline.cc:791] Discarding reconstruction due to bad initial pair
I20260910 06:19:33.354785 0x1fa65e140 incremental_pipeline.cc:487] => Provided pair is unsuitable for initialization.
I20260910 06:19:33.354788 0x1fa65e140 incremental_pipeline.cc:791] Discarding reconstruction due to bad initial pair
I20260910 06:19:33.355470 0x1fa65e140 incremental_pipeline.cc:487] => Provided pair is unsuitable for initialization.
I20260910 06:19:33.355473 0x1fa65e140 incremental_pipeline.cc:791] Discarding reconstruction due to bad initial pair
I20260910 06:19:33.356312 0x1fa65e140 incremental_pipeline.cc:487] => Provided pair is unsuitable for initialization.
I20260910 06:19:33.356314 0x1fa65e140 incremental_pipeline.cc:791] Discarding reconstruction due to bad initial pair
I20260910 06:19:33.357178 0x1fa65e140 incremental_pipeline.cc:487] => Provided pair is unsuitable for initialization.
I20260910 06:19:33.357181 0x1fa65e140 incremental_pipeline.cc:791] Discarding reconstruction due to bad initial pair
I20260910 06:19:33.357974 0x1fa65e140 incremental_pipeline.cc:487] => Provided pair is unsuitable for initialization.
I20260910 06:19:33.357976 0x1fa65e140 incremental_pipeline.cc:791] Discarding reconstruction due to bad initial pair
I20260910 06:19:33.358755 0x1fa65e140 incremental_pipeline.cc:487] => Provided pair is unsuitable for initialization.
I20260910 06:19:33.358758 0x1fa65e140 incremental_pipeline.cc:791] Discarding reconstruction due to bad initial pair
I20260910 06:19:33.359573 0x1fa65e140 incremental_pipeline.cc:487] => Provided pair is unsuitable for initialization.
I20260910 06:19:33.359576 0x1fa65e140 incremental_pipeline.cc:791] Discarding reconstruction due to bad initial pair
I20260910 06:19:33.360283 0x1fa65e140 incremental_pipeline.cc:487] => Provided pair is unsuitable for initialization.
I20260910 06:19:33.360286 0x1fa65e140 incremental_pipeline.cc:791] Discarding reconstruction due to bad initial pair
I20260910 06:19:33.361495 0x1fa65e140 incremental_pipeline.cc:487] => Provided pair is unsuitable for initialization.
I20260910 06:19:33.361498 0x1fa65e140 incremental_pipeline.cc:791] Discarding reconstruction due to bad initial pair
I20260910 06:19:33.362253 0x1fa65e140 incremental_pipeline.cc:487] => Provided pair is unsuitable for initialization.
I20260910 06:19:33.362256 0x1fa65e140 incremental_pipeline.cc:791] Discarding reconstruction due to bad initial pair
I20260910 06:19:33.362979 0x1fa65e140 incremental_pipeline.cc:487] => Provided pair is unsuitable for initialization.
I20260910 06:19:33.362981 0x1fa65e140 incremental_pipeline.cc:791] Discarding reconstruction due to bad initial pair
I20260910 06:19:33.363701 0x1fa65e140 incremental_pipeline.cc:487] => Provided pair is unsuitable for initialization.
I20260910 06:19:33.363703 0x1fa65e140 incremental_pipeline.cc:791] Discarding reconstruction due to bad initial pair
I20260910 06:19:33.364998 0x1fa65e140 incremental_pipeline.cc:487] => Provided pair is unsuitable for initialization.
I20260910 06:19:33.365003 0x1fa65e140 incremental_pipeline.cc:791] Discarding reconstruction due to bad initial pair
I20260910 06:19:33.365741 0x1fa65e140 incremental_pipeline.cc:487] => Provided pair is unsuitable for initialization.
I20260910 06:19:33.365743 0x1fa65e140 incremental_pipeline.cc:791] Discarding reconstruction due to bad initial pair
I20260910 06:19:33.366548 0x1fa65e140 incremental_pipeline.cc:487] => Provided pair is unsuitable for initialization.
I20260910 06:19:33.366550 0x1fa65e140 incremental_pipeline.cc:791] Discarding reconstruction due to bad initial pair
I20260910 06:19:33.367401 0x1fa65e140 incremental_pipeline.cc:487] => Provided pair is unsuitable for initialization.
I20260910 06:19:33.367404 0x1fa65e140 incremental_pipeline.cc:791] Discarding reconstruction due to bad initial pair
I20260910 06:19:33.368161 0x1fa65e140 incremental_pipeline.cc:487] => Provided pair is unsuitable for initialization.
I20260910 06:19:33.368163 0x1fa65e140 incremental_pipeline.cc:791] Discarding reconstruction due to bad initial pair
I20260910 06:19:33.368840 0x1fa65e140 incremental_pipeline.cc:487] => Provided pair is unsuitable for initialization.
I20260910 06:19:33.368842 0x1fa65e140 incremental_pipeline.cc:791] Discarding reconstruction due to bad initial pair
I20260910 06:19:33.369640 0x1fa65e140 incremental_pipeline.cc:487] => Provided pair is unsuitable for initialization.
I20260910 06:19:33.369642 0x1fa65e140 incremental_pipeline.cc:791] Discarding reconstruction due to bad initial pair
I20260910 06:19:33.370405 0x1fa65e140 incremental_pipeline.cc:487] => Provided pair is unsuitable for initialization.
I20260910 06:19:33.370408 0x1fa65e140 incremental_pipeline.cc:791] Discarding reconstruction due to bad initial pair
I20260910 06:19:33.371247 0x1fa65e140 incremental_pipeline.cc:487] => Provided pair is unsuitable for initialization.
I20260910 06:19:33.371250 0x1fa65e140 incremental_pipeline.cc:791] Discarding reconstruction due to bad initial pair
I20260910 06:19:33.372070 0x1fa65e140 incremental_pipeline.cc:487] => Provided pair is unsuitable for initialization.
I20260910 06:19:33.372072 0x1fa65e140 incremental_pipeline.cc:791] Discarding reconstruction due to bad initial pair
I20260910 06:19:33.372802 0x1fa65e140 incremental_pipeline.cc:487] => Provided pair is unsuitable for initialization.
I20260910 06:19:33.372805 0x1fa65e140 incremental_pipeline.cc:791] Discarding reconstruction due to bad initial pair
I20260910 06:19:33.373682 0x1fa65e140 incremental_pipeline.cc:487] => Provided pair is unsuitable for initialization.
I20260910 06:19:33.373684 0x1fa65e140 incremental_pipeline.cc:791] Discarding reconstruction due to bad initial pair
I20260910 06:19:33.373687 0x1fa65e140 incremental_pipeline.cc:429] => Relaxing the initialization constraints.
I20260910 06:19:33.374389 0x1fa65e140 incremental_pipeline.cc:492] Registering initial image pair #1 and #4
I20260910 06:19:33.374526 0x1fa65e140 incremental_pipeline.cc:510] Global bundle adjustment
I20260910 06:19:33.374822 0x1fa65e140 incremental_pipeline.cc:791] Discarding reconstruction due to bad initial pair
I20260910 06:19:33.375838 0x1fa65e140 incremental_pipeline.cc:492] Registering initial image pair #1 and #4
I20260910 06:19:33.375949 0x1fa65e140 incremental_pipeline.cc:510] Global bundle adjustment
I20260910 06:19:33.375993 0x1fa65e140 incremental_pipeline.cc:791] Discarding reconstruction due to bad initial pair
I20260910 06:19:33.376919 0x1fa65e140 incremental_pipeline.cc:492] Registering initial image pair #1 and #4
I20260910 06:19:33.377026 0x1fa65e140 incremental_pipeline.cc:510] Global bundle adjustment
I20260910 06:19:33.377072 0x1fa65e140 incremental_pipeline.cc:791] Discarding reconstruction due to bad initial pair
I20260910 06:19:33.377897 0x1fa65e140 incremental_pipeline.cc:492] Registering initial image pair #1 and #4
I20260910 06:19:33.378017 0x1fa65e140 incremental_pipeline.cc:510] Global bundle adjustment
I20260910 06:19:33.378056 0x1fa65e140 incremental_pipeline.cc:791] Discarding reconstruction due to bad initial pair
I20260910 06:19:33.378795 0x1fa65e140 incremental_pipeline.cc:492] Registering initial image pair #1 and #4
I20260910 06:19:33.378904 0x1fa65e140 incremental_pipeline.cc:510] Global bundle adjustment
I20260910 06:19:33.378940 0x1fa65e140 incremental_pipeline.cc:791] Discarding reconstruction due to bad initial pair
I20260910 06:19:33.379716 0x1fa65e140 incremental_pipeline.cc:492] Registering initial image pair #1 and #4
I20260910 06:19:33.379825 0x1fa65e140 incremental_pipeline.cc:510] Global bundle adjustment
I20260910 06:19:33.379861 0x1fa65e140 incremental_pipeline.cc:791] Discarding reconstruction due to bad initial pair
I20260910 06:19:33.380581 0x1fa65e140 incremental_pipeline.cc:492] Registering initial image pair #1 and #4
I20260910 06:19:33.380687 0x1fa65e140 incremental_pipeline.cc:510] Global bundle adjustment
I20260910 06:19:33.380724 0x1fa65e140 incremental_pipeline.cc:791] Discarding reconstruction due to bad initial pair
I20260910 06:19:33.381827 0x1fa65e140 incremental_pipeline.cc:492] Registering initial image pair #1 and #4
I20260910 06:19:33.381936 0x1fa65e140 incremental_pipeline.cc:510] Global bundle adjustment
I20260910 06:19:33.381972 0x1fa65e140 incremental_pipeline.cc:791] Discarding reconstruction due to bad initial pair
I20260910 06:19:33.382911 0x1fa65e140 incremental_pipeline.cc:492] Registering initial image pair #1 and #4
I20260910 06:19:33.383020 0x1fa65e140 incremental_pipeline.cc:510] Global bundle adjustment
I20260910 06:19:33.383057 0x1fa65e140 incremental_pipeline.cc:791] Discarding reconstruction due to bad initial pair
I20260910 06:19:33.384344 0x1fa65e140 incremental_pipeline.cc:492] Registering initial image pair #1 and #4
I20260910 06:19:33.384452 0x1fa65e140 incremental_pipeline.cc:510] Global bundle adjustment
I20260910 06:19:33.384489 0x1fa65e140 incremental_pipeline.cc:791] Discarding reconstruction due to bad initial pair
I20260910 06:19:33.385313 0x1fa65e140 incremental_pipeline.cc:492] Registering initial image pair #1 and #4
I20260910 06:19:33.385419 0x1fa65e140 incremental_pipeline.cc:510] Global bundle adjustment
I20260910 06:19:33.385455 0x1fa65e140 incremental_pipeline.cc:791] Discarding reconstruction due to bad initial pair
I20260910 06:19:33.386343 0x1fa65e140 incremental_pipeline.cc:492] Registering initial image pair #1 and #4
I20260910 06:19:33.386449 0x1fa65e140 incremental_pipeline.cc:510] Global bundle adjustment
I20260910 06:19:33.386486 0x1fa65e140 incremental_pipeline.cc:791] Discarding reconstruction due to bad initial pair
I20260910 06:19:33.387333 0x1fa65e140 incremental_pipeline.cc:492] Registering initial image pair #1 and #4
I20260910 06:19:33.387443 0x1fa65e140 incremental_pipeline.cc:510] Global bundle adjustment
I20260910 06:19:33.387480 0x1fa65e140 incremental_pipeline.cc:791] Discarding reconstruction due to bad initial pair
I20260910 06:19:33.388543 0x1fa65e140 incremental_pipeline.cc:492] Registering initial image pair #1 and #4
I20260910 06:19:33.388651 0x1fa65e140 incremental_pipeline.cc:510] Global bundle adjustment
I20260910 06:19:33.388689 0x1fa65e140 incremental_pipeline.cc:791] Discarding reconstruction due to bad initial pair
I20260910 06:19:33.389541 0x1fa65e140 incremental_pipeline.cc:492] Registering initial image pair #1 and #4
I20260910 06:19:33.389647 0x1fa65e140 incremental_pipeline.cc:510] Global bundle adjustment
I20260910 06:19:33.389683 0x1fa65e140 incremental_pipeline.cc:791] Discarding reconstruction due to bad initial pair
I20260910 06:19:33.390566 0x1fa65e140 incremental_pipeline.cc:492] Registering initial image pair #1 and #4
I20260910 06:19:33.390674 0x1fa65e140 incremental_pipeline.cc:510] Global bundle adjustment
I20260910 06:19:33.390719 0x1fa65e140 incremental_pipeline.cc:791] Discarding reconstruction due to bad initial pair
I20260910 06:19:33.391539 0x1fa65e140 incremental_pipeline.cc:492] Registering initial image pair #1 and #4
I20260910 06:19:33.391645 0x1fa65e140 incremental_pipeline.cc:510] Global bundle adjustment
I20260910 06:19:33.391682 0x1fa65e140 incremental_pipeline.cc:791] Discarding reconstruction due to bad initial pair
I20260910 06:19:33.392506 0x1fa65e140 incremental_pipeline.cc:492] Registering initial image pair #1 and #4
I20260910 06:19:33.392615 0x1fa65e140 incremental_pipeline.cc:510] Global bundle adjustment
I20260910 06:19:33.392652 0x1fa65e140 incremental_pipeline.cc:791] Discarding reconstruction due to bad initial pair
I20260910 06:19:33.393383 0x1fa65e140 incremental_pipeline.cc:492] Registering initial image pair #1 and #4
I20260910 06:19:33.393491 0x1fa65e140 incremental_pipeline.cc:510] Global bundle adjustment
I20260910 06:19:33.393528 0x1fa65e140 incremental_pipeline.cc:791] Discarding reconstruction due to bad initial pair
I20260910 06:19:33.394474 0x1fa65e140 incremental_pipeline.cc:492] Registering initial image pair #1 and #4
I20260910 06:19:33.394582 0x1fa65e140 incremental_pipeline.cc:510] Global bundle adjustment
I20260910 06:19:33.394619 0x1fa65e140 incremental_pipeline.cc:791] Discarding reconstruction due to bad initial pair
I20260910 06:19:33.395740 0x1fa65e140 incremental_pipeline.cc:492] Registering initial image pair #1 and #4
I20260910 06:19:33.395847 0x1fa65e140 incremental_pipeline.cc:510] Global bundle adjustment
I20260910 06:19:33.395882 0x1fa65e140 incremental_pipeline.cc:791] Discarding reconstruction due to bad initial pair
I20260910 06:19:33.396616 0x1fa65e140 incremental_pipeline.cc:492] Registering initial image pair #1 and #4
I20260910 06:19:33.396724 0x1fa65e140 incremental_pipeline.cc:510] Global bundle adjustment
I20260910 06:19:33.396761 0x1fa65e140 incremental_pipeline.cc:791] Discarding reconstruction due to bad initial pair
I20260910 06:19:33.397752 0x1fa65e140 incremental_pipeline.cc:492] Registering initial image pair #1 and #4
I20260910 06:19:33.397859 0x1fa65e140 incremental_pipeline.cc:510] Global bundle adjustment
I20260910 06:19:33.397894 0x1fa65e140 incremental_pipeline.cc:791] Discarding reconstruction due to bad initial pair
I20260910 06:19:33.398992 0x1fa65e140 incremental_pipeline.cc:492] Registering initial image pair #1 and #4
I20260910 06:19:33.399100 0x1fa65e140 incremental_pipeline.cc:510] Global bundle adjustment
I20260910 06:19:33.399135 0x1fa65e140 incremental_pipeline.cc:791] Discarding reconstruction due to bad initial pair
I20260910 06:19:33.400224 0x1fa65e140 incremental_pipeline.cc:492] Registering initial image pair #1 and #4
I20260910 06:19:33.400330 0x1fa65e140 incremental_pipeline.cc:510] Global bundle adjustment
I20260910 06:19:33.400363 0x1fa65e140 incremental_pipeline.cc:791] Discarding reconstruction due to bad initial pair
I20260910 06:19:33.401401 0x1fa65e140 incremental_pipeline.cc:492] Registering initial image pair #1 and #4
I20260910 06:19:33.401509 0x1fa65e140 incremental_pipeline.cc:510] Global bundle adjustment
I20260910 06:19:33.401545 0x1fa65e140 incremental_pipeline.cc:791] Discarding reconstruction due to bad initial pair
I20260910 06:19:33.402351 0x1fa65e140 incremental_pipeline.cc:492] Registering initial image pair #1 and #4
I20260910 06:19:33.402457 0x1fa65e140 incremental_pipeline.cc:510] Global bundle adjustment
I20260910 06:19:33.402493 0x1fa65e140 incremental_pipeline.cc:791] Discarding reconstruction due to bad initial pair
I20260910 06:19:33.403275 0x1fa65e140 incremental_pipeline.cc:492] Registering initial image pair #1 and #4
I20260910 06:19:33.403383 0x1fa65e140 incremental_pipeline.cc:510] Global bundle adjustment
I20260910 06:19:33.403422 0x1fa65e140 incremental_pipeline.cc:791] Discarding reconstruction due to bad initial pair
I20260910 06:19:33.404105 0x1fa65e140 incremental_pipeline.cc:492] Registering initial image pair #1 and #4
I20260910 06:19:33.404214 0x1fa65e140 incremental_pipeline.cc:510] Global bundle adjustment
I20260910 06:19:33.404255 0x1fa65e140 incremental_pipeline.cc:791] Discarding reconstruction due to bad initial pair
I20260910 06:19:33.405192 0x1fa65e140 incremental_pipeline.cc:492] Registering initial image pair #1 and #4
I20260910 06:19:33.405303 0x1fa65e140 incremental_pipeline.cc:510] Global bundle adjustment
I20260910 06:19:33.405340 0x1fa65e140 incremental_pipeline.cc:791] Discarding reconstruction due to bad initial pair
I20260910 06:19:33.406091 0x1fa65e140 incremental_pipeline.cc:492] Registering initial image pair #1 and #4
I20260910 06:19:33.406200 0x1fa65e140 incremental_pipeline.cc:510] Global bundle adjustment
I20260910 06:19:33.406233 0x1fa65e140 incremental_pipeline.cc:791] Discarding reconstruction due to bad initial pair
I20260910 06:19:33.407525 0x1fa65e140 incremental_pipeline.cc:492] Registering initial image pair #1 and #4
I20260910 06:19:33.407633 0x1fa65e140 incremental_pipeline.cc:510] Global bundle adjustment
I20260910 06:19:33.407669 0x1fa65e140 incremental_pipeline.cc:791] Discarding reconstruction due to bad initial pair
I20260910 06:19:33.408396 0x1fa65e140 incremental_pipeline.cc:492] Registering initial image pair #1 and #4
I20260910 06:19:33.408503 0x1fa65e140 incremental_pipeline.cc:510] Global bundle adjustment
I20260910 06:19:33.408539 0x1fa65e140 incremental_pipeline.cc:791] Discarding reconstruction due to bad initial pair
I20260910 06:19:33.409467 0x1fa65e140 incremental_pipeline.cc:492] Registering initial image pair #1 and #4
I20260910 06:19:33.409576 0x1fa65e140 incremental_pipeline.cc:510] Global bundle adjustment
I20260910 06:19:33.409608 0x1fa65e140 incremental_pipeline.cc:791] Discarding reconstruction due to bad initial pair
I20260910 06:19:33.410551 0x1fa65e140 incremental_pipeline.cc:492] Registering initial image pair #1 and #4
I20260910 06:19:33.410660 0x1fa65e140 incremental_pipeline.cc:510] Global bundle adjustment
I20260910 06:19:33.410695 0x1fa65e140 incremental_pipeline.cc:791] Discarding reconstruction due to bad initial pair
I20260910 06:19:33.411757 0x1fa65e140 incremental_pipeline.cc:492] Registering initial image pair #1 and #4
I20260910 06:19:33.411867 0x1fa65e140 incremental_pipeline.cc:510] Global bundle adjustment
I20260910 06:19:33.411905 0x1fa65e140 incremental_pipeline.cc:791] Discarding reconstruction due to bad initial pair
I20260910 06:19:33.412635 0x1fa65e140 incremental_pipeline.cc:492] Registering initial image pair #1 and #4
I20260910 06:19:33.412743 0x1fa65e140 incremental_pipeline.cc:510] Global bundle adjustment
I20260910 06:19:33.412779 0x1fa65e140 incremental_pipeline.cc:791] Discarding reconstruction due to bad initial pair
I20260910 06:19:33.413528 0x1fa65e140 incremental_pipeline.cc:492] Registering initial image pair #1 and #4
I20260910 06:19:33.413636 0x1fa65e140 incremental_pipeline.cc:510] Global bundle adjustment
I20260910 06:19:33.413672 0x1fa65e140 incremental_pipeline.cc:791] Discarding reconstruction due to bad initial pair
I20260910 06:19:33.414538 0x1fa65e140 incremental_pipeline.cc:492] Registering initial image pair #1 and #4
I20260910 06:19:33.414647 0x1fa65e140 incremental_pipeline.cc:510] Global bundle adjustment
I20260910 06:19:33.414684 0x1fa65e140 incremental_pipeline.cc:791] Discarding reconstruction due to bad initial pair
I20260910 06:19:33.415539 0x1fa65e140 incremental_pipeline.cc:492] Registering initial image pair #1 and #4
I20260910 06:19:33.415647 0x1fa65e140 incremental_pipeline.cc:510] Global bundle adjustment
I20260910 06:19:33.415682 0x1fa65e140 incremental_pipeline.cc:791] Discarding reconstruction due to bad initial pair
I20260910 06:19:33.416835 0x1fa65e140 incremental_pipeline.cc:492] Registering initial image pair #1 and #4
I20260910 06:19:33.416943 0x1fa65e140 incremental_pipeline.cc:510] Global bundle adjustment
I20260910 06:19:33.416979 0x1fa65e140 incremental_pipeline.cc:791] Discarding reconstruction due to bad initial pair
I20260910 06:19:33.417717 0x1fa65e140 incremental_pipeline.cc:492] Registering initial image pair #1 and #4
I20260910 06:19:33.417823 0x1fa65e140 incremental_pipeline.cc:510] Global bundle adjustment
I20260910 06:19:33.417866 0x1fa65e140 incremental_pipeline.cc:791] Discarding reconstruction due to bad initial pair
I20260910 06:19:33.418631 0x1fa65e140 incremental_pipeline.cc:492] Registering initial image pair #1 and #4
I20260910 06:19:33.418740 0x1fa65e140 incremental_pipeline.cc:510] Global bundle adjustment
I20260910 06:19:33.418777 0x1fa65e140 incremental_pipeline.cc:791] Discarding reconstruction due to bad initial pair
I20260910 06:19:33.419458 0x1fa65e140 incremental_pipeline.cc:492] Registering initial image pair #1 and #4
I20260910 06:19:33.419567 0x1fa65e140 incremental_pipeline.cc:510] Global bundle adjustment
I20260910 06:19:33.419603 0x1fa65e140 incremental_pipeline.cc:791] Discarding reconstruction due to bad initial pair
I20260910 06:19:33.420386 0x1fa65e140 incremental_pipeline.cc:492] Registering initial image pair #1 and #4
I20260910 06:19:33.420494 0x1fa65e140 incremental_pipeline.cc:510] Global bundle adjustment
I20260910 06:19:33.420530 0x1fa65e140 incremental_pipeline.cc:791] Discarding reconstruction due to bad initial pair
I20260910 06:19:33.421273 0x1fa65e140 incremental_pipeline.cc:492] Registering initial image pair #1 and #4
I20260910 06:19:33.421381 0x1fa65e140 incremental_pipeline.cc:510] Global bundle adjustment
I20260910 06:19:33.421416 0x1fa65e140 incremental_pipeline.cc:791] Discarding reconstruction due to bad initial pair
I20260910 06:19:33.422217 0x1fa65e140 incremental_pipeline.cc:492] Registering initial image pair #1 and #4
I20260910 06:19:33.422323 0x1fa65e140 incremental_pipeline.cc:510] Global bundle adjustment
I20260910 06:19:33.422360 0x1fa65e140 incremental_pipeline.cc:791] Discarding reconstruction due to bad initial pair
I20260910 06:19:33.423698 0x1fa65e140 incremental_pipeline.cc:492] Registering initial image pair #1 and #4
I20260910 06:19:33.423804 0x1fa65e140 incremental_pipeline.cc:510] Global bundle adjustment
I20260910 06:19:33.423840 0x1fa65e140 incremental_pipeline.cc:791] Discarding reconstruction due to bad initial pair
I20260910 06:19:33.424898 0x1fa65e140 incremental_pipeline.cc:492] Registering initial image pair #1 and #4
I20260910 06:19:33.425008 0x1fa65e140 incremental_pipeline.cc:510] Global bundle adjustment
I20260910 06:19:33.425044 0x1fa65e140 incremental_pipeline.cc:791] Discarding reconstruction due to bad initial pair
I20260910 06:19:33.426003 0x1fa65e140 incremental_pipeline.cc:492] Registering initial image pair #1 and #4
I20260910 06:19:33.426111 0x1fa65e140 incremental_pipeline.cc:510] Global bundle adjustment
I20260910 06:19:33.426148 0x1fa65e140 incremental_pipeline.cc:791] Discarding reconstruction due to bad initial pair
I20260910 06:19:33.427066 0x1fa65e140 incremental_pipeline.cc:492] Registering initial image pair #1 and #4
I20260910 06:19:33.427172 0x1fa65e140 incremental_pipeline.cc:510] Global bundle adjustment
I20260910 06:19:33.427207 0x1fa65e140 incremental_pipeline.cc:791] Discarding reconstruction due to bad initial pair
I20260910 06:19:33.427999 0x1fa65e140 incremental_pipeline.cc:492] Registering initial image pair #1 and #4
I20260910 06:19:33.428109 0x1fa65e140 incremental_pipeline.cc:510] Global bundle adjustment
I20260910 06:19:33.428145 0x1fa65e140 incremental_pipeline.cc:791] Discarding reconstruction due to bad initial pair
I20260910 06:19:33.428974 0x1fa65e140 incremental_pipeline.cc:492] Registering initial image pair #1 and #4
I20260910 06:19:33.429082 0x1fa65e140 incremental_pipeline.cc:510] Global bundle adjustment
I20260910 06:19:33.429117 0x1fa65e140 incremental_pipeline.cc:791] Discarding reconstruction due to bad initial pair
I20260910 06:19:33.430053 0x1fa65e140 incremental_pipeline.cc:492] Registering initial image pair #1 and #4
I20260910 06:19:33.430162 0x1fa65e140 incremental_pipeline.cc:510] Global bundle adjustment
I20260910 06:19:33.430198 0x1fa65e140 incremental_pipeline.cc:791] Discarding reconstruction due to bad initial pair
I20260910 06:19:33.431040 0x1fa65e140 incremental_pipeline.cc:492] Registering initial image pair #1 and #4
I20260910 06:19:33.431154 0x1fa65e140 incremental_pipeline.cc:510] Global bundle adjustment
I20260910 06:19:33.431190 0x1fa65e140 incremental_pipeline.cc:791] Discarding reconstruction due to bad initial pair
I20260910 06:19:33.432081 0x1fa65e140 incremental_pipeline.cc:492] Registering initial image pair #1 and #4
I20260910 06:19:33.432190 0x1fa65e140 incremental_pipeline.cc:510] Global bundle adjustment
I20260910 06:19:33.432224 0x1fa65e140 incremental_pipeline.cc:791] Discarding reconstruction due to bad initial pair
I20260910 06:19:33.433032 0x1fa65e140 incremental_pipeline.cc:492] Registering initial image pair #1 and #4
I20260910 06:19:33.433138 0x1fa65e140 incremental_pipeline.cc:510] Global bundle adjustment
I20260910 06:19:33.433174 0x1fa65e140 incremental_pipeline.cc:791] Discarding reconstruction due to bad initial pair
I20260910 06:19:33.434225 0x1fa65e140 incremental_pipeline.cc:492] Registering initial image pair #1 and #4
I20260910 06:19:33.434335 0x1fa65e140 incremental_pipeline.cc:510] Global bundle adjustment
I20260910 06:19:33.434371 0x1fa65e140 incremental_pipeline.cc:791] Discarding reconstruction due to bad initial pair
I20260910 06:19:33.435090 0x1fa65e140 incremental_pipeline.cc:492] Registering initial image pair #1 and #4
I20260910 06:19:33.435198 0x1fa65e140 incremental_pipeline.cc:510] Global bundle adjustment
I20260910 06:19:33.435232 0x1fa65e140 incremental_pipeline.cc:791] Discarding reconstruction due to bad initial pair
I20260910 06:19:33.436031 0x1fa65e140 incremental_pipeline.cc:492] Registering initial image pair #1 and #4
I20260910 06:19:33.436142 0x1fa65e140 incremental_pipeline.cc:510] Global bundle adjustment
I20260910 06:19:33.436178 0x1fa65e140 incremental_pipeline.cc:791] Discarding reconstruction due to bad initial pair
I20260910 06:19:33.436879 0x1fa65e140 incremental_pipeline.cc:492] Registering initial image pair #1 and #4
I20260910 06:19:33.436987 0x1fa65e140 incremental_pipeline.cc:510] Global bundle adjustment
I20260910 06:19:33.437021 0x1fa65e140 incremental_pipeline.cc:791] Discarding reconstruction due to bad initial pair
I20260910 06:19:33.437940 0x1fa65e140 incremental_pipeline.cc:492] Registering initial image pair #1 and #4
I20260910 06:19:33.438048 0x1fa65e140 incremental_pipeline.cc:510] Global bundle adjustment
I20260910 06:19:33.438085 0x1fa65e140 incremental_pipeline.cc:791] Discarding reconstruction due to bad initial pair
I20260910 06:19:33.438895 0x1fa65e140 incremental_pipeline.cc:492] Registering initial image pair #1 and #4
I20260910 06:19:33.439004 0x1fa65e140 incremental_pipeline.cc:510] Global bundle adjustment
I20260910 06:19:33.439040 0x1fa65e140 incremental_pipeline.cc:791] Discarding reconstruction due to bad initial pair
I20260910 06:19:33.439861 0x1fa65e140 incremental_pipeline.cc:492] Registering initial image pair #1 and #4
I20260910 06:19:33.439969 0x1fa65e140 incremental_pipeline.cc:510] Global bundle adjustment
I20260910 06:19:33.440008 0x1fa65e140 incremental_pipeline.cc:791] Discarding reconstruction due to bad initial pair
I20260910 06:19:33.440979 0x1fa65e140 incremental_pipeline.cc:492] Registering initial image pair #1 and #4
I20260910 06:19:33.441089 0x1fa65e140 incremental_pipeline.cc:510] Global bundle adjustment
I20260910 06:19:33.441126 0x1fa65e140 incremental_pipeline.cc:791] Discarding reconstruction due to bad initial pair
I20260910 06:19:33.441870 0x1fa65e140 incremental_pipeline.cc:492] Registering initial image pair #1 and #4
I20260910 06:19:33.441980 0x1fa65e140 incremental_pipeline.cc:510] Global bundle adjustment
I20260910 06:19:33.442016 0x1fa65e140 incremental_pipeline.cc:791] Discarding reconstruction due to bad initial pair
I20260910 06:19:33.442883 0x1fa65e140 incremental_pipeline.cc:492] Registering initial image pair #1 and #4
I20260910 06:19:33.442992 0x1fa65e140 incremental_pipeline.cc:510] Global bundle adjustment
I20260910 06:19:33.443026 0x1fa65e140 incremental_pipeline.cc:791] Discarding reconstruction due to bad initial pair
I20260910 06:19:33.443825 0x1fa65e140 incremental_pipeline.cc:492] Registering initial image pair #1 and #4
I20260910 06:19:33.443936 0x1fa65e140 incremental_pipeline.cc:510] Global bundle adjustment
I20260910 06:19:33.443973 0x1fa65e140 incremental_pipeline.cc:791] Discarding reconstruction due to bad initial pair
I20260910 06:19:33.444819 0x1fa65e140 incremental_pipeline.cc:492] Registering initial image pair #1 and #4
I20260910 06:19:33.444931 0x1fa65e140 incremental_pipeline.cc:510] Global bundle adjustment
I20260910 06:19:33.444967 0x1fa65e140 incremental_pipeline.cc:791] Discarding reconstruction due to bad initial pair
I20260910 06:19:33.445763 0x1fa65e140 incremental_pipeline.cc:492] Registering initial image pair #1 and #4
I20260910 06:19:33.445874 0x1fa65e140 incremental_pipeline.cc:510] Global bundle adjustment
I20260910 06:19:33.445911 0x1fa65e140 incremental_pipeline.cc:791] Discarding reconstruction due to bad initial pair
I20260910 06:19:33.446766 0x1fa65e140 incremental_pipeline.cc:492] Registering initial image pair #1 and #4
I20260910 06:19:33.446873 0x1fa65e140 incremental_pipeline.cc:510] Global bundle adjustment
I20260910 06:19:33.446909 0x1fa65e140 incremental_pipeline.cc:791] Discarding reconstruction due to bad initial pair
I20260910 06:19:33.447802 0x1fa65e140 incremental_pipeline.cc:492] Registering initial image pair #1 and #4
I20260910 06:19:33.447908 0x1fa65e140 incremental_pipeline.cc:510] Global bundle adjustment
I20260910 06:19:33.447943 0x1fa65e140 incremental_pipeline.cc:791] Discarding reconstruction due to bad initial pair
I20260910 06:19:33.448763 0x1fa65e140 incremental_pipeline.cc:492] Registering initial image pair #1 and #4
I20260910 06:19:33.448871 0x1fa65e140 incremental_pipeline.cc:510] Global bundle adjustment
I20260910 06:19:33.448906 0x1fa65e140 incremental_pipeline.cc:791] Discarding reconstruction due to bad initial pair
I20260910 06:19:33.449807 0x1fa65e140 incremental_pipeline.cc:492] Registering initial image pair #1 and #4
I20260910 06:19:33.449916 0x1fa65e140 incremental_pipeline.cc:510] Global bundle adjustment
I20260910 06:19:33.449952 0x1fa65e140 incremental_pipeline.cc:791] Discarding reconstruction due to bad initial pair
I20260910 06:19:33.451230 0x1fa65e140 incremental_pipeline.cc:492] Registering initial image pair #1 and #4
I20260910 06:19:33.451336 0x1fa65e140 incremental_pipeline.cc:510] Global bundle adjustment
I20260910 06:19:33.451372 0x1fa65e140 incremental_pipeline.cc:791] Discarding reconstruction due to bad initial pair
I20260910 06:19:33.452294 0x1fa65e140 incremental_pipeline.cc:492] Registering initial image pair #1 and #4
I20260910 06:19:33.452403 0x1fa65e140 incremental_pipeline.cc:510] Global bundle adjustment
I20260910 06:19:33.452439 0x1fa65e140 incremental_pipeline.cc:791] Discarding reconstruction due to bad initial pair
I20260910 06:19:33.453264 0x1fa65e140 incremental_pipeline.cc:492] Registering initial image pair #1 and #4
I20260910 06:19:33.453373 0x1fa65e140 incremental_pipeline.cc:510] Global bundle adjustment
I20260910 06:19:33.453410 0x1fa65e140 incremental_pipeline.cc:791] Discarding reconstruction due to bad initial pair
I20260910 06:19:33.454255 0x1fa65e140 incremental_pipeline.cc:492] Registering initial image pair #1 and #4
I20260910 06:19:33.454366 0x1fa65e140 incremental_pipeline.cc:510] Global bundle adjustment
I20260910 06:19:33.454403 0x1fa65e140 incremental_pipeline.cc:791] Discarding reconstruction due to bad initial pair
I20260910 06:19:33.455189 0x1fa65e140 incremental_pipeline.cc:492] Registering initial image pair #1 and #4
I20260910 06:19:33.455297 0x1fa65e140 incremental_pipeline.cc:510] Global bundle adjustment
I20260910 06:19:33.455334 0x1fa65e140 incremental_pipeline.cc:791] Discarding reconstruction due to bad initial pair
I20260910 06:19:33.456160 0x1fa65e140 incremental_pipeline.cc:487] => Provided pair is unsuitable for initialization.
I20260910 06:19:33.456163 0x1fa65e140 incremental_pipeline.cc:791] Discarding reconstruction due to bad initial pair
I20260910 06:19:33.457350 0x1fa65e140 incremental_pipeline.cc:492] Registering initial image pair #1 and #4
I20260910 06:19:33.457456 0x1fa65e140 incremental_pipeline.cc:510] Global bundle adjustment
I20260910 06:19:33.457496 0x1fa65e140 incremental_pipeline.cc:791] Discarding reconstruction due to bad initial pair
I20260910 06:19:33.458370 0x1fa65e140 incremental_pipeline.cc:492] Registering initial image pair #1 and #4
I20260910 06:19:33.458478 0x1fa65e140 incremental_pipeline.cc:510] Global bundle adjustment
I20260910 06:19:33.458514 0x1fa65e140 incremental_pipeline.cc:791] Discarding reconstruction due to bad initial pair
I20260910 06:19:33.459787 0x1fa65e140 incremental_pipeline.cc:492] Registering initial image pair #1 and #4
I20260910 06:19:33.459896 0x1fa65e140 incremental_pipeline.cc:510] Global bundle adjustment
I20260910 06:19:33.459928 0x1fa65e140 incremental_pipeline.cc:791] Discarding reconstruction due to bad initial pair
I20260910 06:19:33.460796 0x1fa65e140 incremental_pipeline.cc:492] Registering initial image pair #1 and #4
I20260910 06:19:33.460902 0x1fa65e140 incremental_pipeline.cc:510] Global bundle adjustment
I20260910 06:19:33.460939 0x1fa65e140 incremental_pipeline.cc:791] Discarding reconstruction due to bad initial pair
I20260910 06:19:33.462103 0x1fa65e140 incremental_pipeline.cc:492] Registering initial image pair #1 and #4
I20260910 06:19:33.462212 0x1fa65e140 incremental_pipeline.cc:510] Global bundle adjustment
I20260910 06:19:33.462248 0x1fa65e140 incremental_pipeline.cc:791] Discarding reconstruction due to bad initial pair
I20260910 06:19:33.463231 0x1fa65e140 incremental_pipeline.cc:492] Registering initial image pair #1 and #4
I20260910 06:19:33.463342 0x1fa65e140 incremental_pipeline.cc:510] Global bundle adjustment
I20260910 06:19:33.463379 0x1fa65e140 incremental_pipeline.cc:791] Discarding reconstruction due to bad initial pair
I20260910 06:19:33.464149 0x1fa65e140 incremental_pipeline.cc:492] Registering initial image pair #1 and #4
I20260910 06:19:33.464260 0x1fa65e140 incremental_pipeline.cc:510] Global bundle adjustment
I20260910 06:19:33.464296 0x1fa65e140 incremental_pipeline.cc:791] Discarding reconstruction due to bad initial pair
I20260910 06:19:33.465018 0x1fa65e140 incremental_pipeline.cc:492] Registering initial image pair #1 and #4
I20260910 06:19:33.465126 0x1fa65e140 incremental_pipeline.cc:510] Global bundle adjustment
I20260910 06:19:33.465162 0x1fa65e140 incremental_pipeline.cc:791] Discarding reconstruction due to bad initial pair
I20260910 06:19:33.466067 0x1fa65e140 incremental_pipeline.cc:492] Registering initial image pair #1 and #4
I20260910 06:19:33.466175 0x1fa65e140 incremental_pipeline.cc:510] Global bundle adjustment
I20260910 06:19:33.466212 0x1fa65e140 incremental_pipeline.cc:791] Discarding reconstruction due to bad initial pair
I20260910 06:19:33.466945 0x1fa65e140 incremental_pipeline.cc:492] Registering initial image pair #1 and #4
I20260910 06:19:33.467054 0x1fa65e140 incremental_pipeline.cc:510] Global bundle adjustment
I20260910 06:19:33.467090 0x1fa65e140 incremental_pipeline.cc:791] Discarding reconstruction due to bad initial pair
I20260910 06:19:33.467934 0x1fa65e140 incremental_pipeline.cc:492] Registering initial image pair #1 and #4
I20260910 06:19:33.468043 0x1fa65e140 incremental_pipeline.cc:510] Global bundle adjustment
I20260910 06:19:33.468080 0x1fa65e140 incremental_pipeline.cc:791] Discarding reconstruction due to bad initial pair
I20260910 06:19:33.469010 0x1fa65e140 incremental_pipeline.cc:492] Registering initial image pair #1 and #4
I20260910 06:19:33.469120 0x1fa65e140 incremental_pipeline.cc:510] Global bundle adjustment
I20260910 06:19:33.469157 0x1fa65e140 incremental_pipeline.cc:791] Discarding reconstruction due to bad initial pair
I20260910 06:19:33.469861 0x1fa65e140 incremental_pipeline.cc:492] Registering initial image pair #1 and #4
I20260910 06:19:33.469972 0x1fa65e140 incremental_pipeline.cc:510] Global bundle adjustment
I20260910 06:19:33.470008 0x1fa65e140 incremental_pipeline.cc:791] Discarding reconstruction due to bad initial pair
I20260910 06:19:33.470756 0x1fa65e140 incremental_pipeline.cc:492] Registering initial image pair #1 and #4
I20260910 06:19:33.470870 0x1fa65e140 incremental_pipeline.cc:510] Global bundle adjustment
I20260910 06:19:33.470905 0x1fa65e140 incremental_pipeline.cc:791] Discarding reconstruction due to bad initial pair
I20260910 06:19:33.471999 0x1fa65e140 incremental_pipeline.cc:492] Registering initial image pair #1 and #4
I20260910 06:19:33.472107 0x1fa65e140 incremental_pipeline.cc:510] Global bundle adjustment
I20260910 06:19:33.472144 0x1fa65e140 incremental_pipeline.cc:791] Discarding reconstruction due to bad initial pair
I20260910 06:19:33.473122 0x1fa65e140 incremental_pipeline.cc:492] Registering initial image pair #1 and #4
I20260910 06:19:33.473230 0x1fa65e140 incremental_pipeline.cc:510] Global bundle adjustment
I20260910 06:19:33.473263 0x1fa65e140 incremental_pipeline.cc:791] Discarding reconstruction due to bad initial pair
I20260910 06:19:33.474035 0x1fa65e140 incremental_pipeline.cc:492] Registering initial image pair #1 and #4
I20260910 06:19:33.474145 0x1fa65e140 incremental_pipeline.cc:510] Global bundle adjustment
I20260910 06:19:33.474181 0x1fa65e140 incremental_pipeline.cc:791] Discarding reconstruction due to bad initial pair
I20260910 06:19:33.474918 0x1fa65e140 incremental_pipeline.cc:492] Registering initial image pair #1 and #4
I20260910 06:19:33.475027 0x1fa65e140 incremental_pipeline.cc:510] Global bundle adjustment
I20260910 06:19:33.475064 0x1fa65e140 incremental_pipeline.cc:791] Discarding reconstruction due to bad initial pair
I20260910 06:19:33.475882 0x1fa65e140 incremental_pipeline.cc:492] Registering initial image pair #1 and #4
I20260910 06:19:33.475994 0x1fa65e140 incremental_pipeline.cc:510] Global bundle adjustment
I20260910 06:19:33.476030 0x1fa65e140 incremental_pipeline.cc:791] Discarding reconstruction due to bad initial pair
I20260910 06:19:33.477321 0x1fa65e140 incremental_pipeline.cc:492] Registering initial image pair #1 and #4
I20260910 06:19:33.477429 0x1fa65e140 incremental_pipeline.cc:510] Global bundle adjustment
I20260910 06:19:33.477464 0x1fa65e140 incremental_pipeline.cc:791] Discarding reconstruction due to bad initial pair
I20260910 06:19:33.478350 0x1fa65e140 incremental_pipeline.cc:492] Registering initial image pair #1 and #4
I20260910 06:19:33.478459 0x1fa65e140 incremental_pipeline.cc:510] Global bundle adjustment
I20260910 06:19:33.478496 0x1fa65e140 incremental_pipeline.cc:791] Discarding reconstruction due to bad initial pair
I20260910 06:19:33.479189 0x1fa65e140 incremental_pipeline.cc:492] Registering initial image pair #1 and #4
I20260910 06:19:33.479297 0x1fa65e140 incremental_pipeline.cc:510] Global bundle adjustment
I20260910 06:19:33.479331 0x1fa65e140 incremental_pipeline.cc:791] Discarding reconstruction due to bad initial pair
I20260910 06:19:33.480175 0x1fa65e140 incremental_pipeline.cc:492] Registering initial image pair #1 and #4
I20260910 06:19:33.480283 0x1fa65e140 incremental_pipeline.cc:510] Global bundle adjustment
I20260910 06:19:33.480320 0x1fa65e140 incremental_pipeline.cc:791] Discarding reconstruction due to bad initial pair
I20260910 06:19:33.481083 0x1fa65e140 incremental_pipeline.cc:492] Registering initial image pair #1 and #4
I20260910 06:19:33.481191 0x1fa65e140 incremental_pipeline.cc:510] Global bundle adjustment
I20260910 06:19:33.481227 0x1fa65e140 incremental_pipeline.cc:791] Discarding reconstruction due to bad initial pair
I20260910 06:19:33.482079 0x1fa65e140 incremental_pipeline.cc:492] Registering initial image pair #1 and #4
I20260910 06:19:33.482187 0x1fa65e140 incremental_pipeline.cc:510] Global bundle adjustment
I20260910 06:19:33.482223 0x1fa65e140 incremental_pipeline.cc:791] Discarding reconstruction due to bad initial pair
I20260910 06:19:33.483155 0x1fa65e140 incremental_pipeline.cc:492] Registering initial image pair #1 and #4
I20260910 06:19:33.483263 0x1fa65e140 incremental_pipeline.cc:510] Global bundle adjustment
I20260910 06:19:33.483297 0x1fa65e140 incremental_pipeline.cc:791] Discarding reconstruction due to bad initial pair
I20260910 06:19:33.484127 0x1fa65e140 incremental_pipeline.cc:492] Registering initial image pair #1 and #4
I20260910 06:19:33.484240 0x1fa65e140 incremental_pipeline.cc:510] Global bundle adjustment
I20260910 06:19:33.484275 0x1fa65e140 incremental_pipeline.cc:791] Discarding reconstruction due to bad initial pair
I20260910 06:19:33.485125 0x1fa65e140 incremental_pipeline.cc:492] Registering initial image pair #1 and #4
I20260910 06:19:33.485236 0x1fa65e140 incremental_pipeline.cc:510] Global bundle adjustment
I20260910 06:19:33.485269 0x1fa65e140 incremental_pipeline.cc:791] Discarding reconstruction due to bad initial pair
I20260910 06:19:33.486100 0x1fa65e140 incremental_pipeline.cc:492] Registering initial image pair #1 and #4
I20260910 06:19:33.486208 0x1fa65e140 incremental_pipeline.cc:510] Global bundle adjustment
I20260910 06:19:33.486243 0x1fa65e140 incremental_pipeline.cc:791] Discarding reconstruction due to bad initial pair
I20260910 06:19:33.487051 0x1fa65e140 incremental_pipeline.cc:492] Registering initial image pair #1 and #4
I20260910 06:19:33.487159 0x1fa65e140 incremental_pipeline.cc:510] Global bundle adjustment
I20260910 06:19:33.487194 0x1fa65e140 incremental_pipeline.cc:791] Discarding reconstruction due to bad initial pair
I20260910 06:19:33.488014 0x1fa65e140 incremental_pipeline.cc:492] Registering initial image pair #1 and #4
I20260910 06:19:33.488120 0x1fa65e140 incremental_pipeline.cc:510] Global bundle adjustment
I20260910 06:19:33.488155 0x1fa65e140 incremental_pipeline.cc:791] Discarding reconstruction due to bad initial pair
I20260910 06:19:33.489462 0x1fa65e140 incremental_pipeline.cc:492] Registering initial image pair #1 and #4
I20260910 06:19:33.489570 0x1fa65e140 incremental_pipeline.cc:510] Global bundle adjustment
I20260910 06:19:33.489607 0x1fa65e140 incremental_pipeline.cc:791] Discarding reconstruction due to bad initial pair
I20260910 06:19:33.490550 0x1fa65e140 incremental_pipeline.cc:492] Registering initial image pair #1 and #4
I20260910 06:19:33.490656 0x1fa65e140 incremental_pipeline.cc:510] Global bundle adjustment
I20260910 06:19:33.490691 0x1fa65e140 incremental_pipeline.cc:791] Discarding reconstruction due to bad initial pair
I20260910 06:19:33.491486 0x1fa65e140 incremental_pipeline.cc:492] Registering initial image pair #1 and #4
I20260910 06:19:33.491594 0x1fa65e140 incremental_pipeline.cc:510] Global bundle adjustment
I20260910 06:19:33.491630 0x1fa65e140 incremental_pipeline.cc:791] Discarding reconstruction due to bad initial pair
I20260910 06:19:33.492495 0x1fa65e140 incremental_pipeline.cc:492] Registering initial image pair #1 and #4
I20260910 06:19:33.492601 0x1fa65e140 incremental_pipeline.cc:510] Global bundle adjustment
I20260910 06:19:33.492636 0x1fa65e140 incremental_pipeline.cc:791] Discarding reconstruction due to bad initial pair
I20260910 06:19:33.493784 0x1fa65e140 incremental_pipeline.cc:487] => Provided pair is unsuitable for initialization.
I20260910 06:19:33.493786 0x1fa65e140 incremental_pipeline.cc:791] Discarding reconstruction due to bad initial pair
I20260910 06:19:33.494504 0x1fa65e140 incremental_pipeline.cc:492] Registering initial image pair #1 and #4
I20260910 06:19:33.494613 0x1fa65e140 incremental_pipeline.cc:510] Global bundle adjustment
I20260910 06:19:33.494648 0x1fa65e140 incremental_pipeline.cc:791] Discarding reconstruction due to bad initial pair
I20260910 06:19:33.495421 0x1fa65e140 incremental_pipeline.cc:492] Registering initial image pair #1 and #4
I20260910 06:19:33.495529 0x1fa65e140 incremental_pipeline.cc:510] Global bundle adjustment
I20260910 06:19:33.495564 0x1fa65e140 incremental_pipeline.cc:791] Discarding reconstruction due to bad initial pair
I20260910 06:19:33.496363 0x1fa65e140 incremental_pipeline.cc:492] Registering initial image pair #1 and #4
I20260910 06:19:33.496474 0x1fa65e140 incremental_pipeline.cc:510] Global bundle adjustment
I20260910 06:19:33.496510 0x1fa65e140 incremental_pipeline.cc:791] Discarding reconstruction due to bad initial pair
I20260910 06:19:33.497336 0x1fa65e140 incremental_pipeline.cc:492] Registering initial image pair #1 and #4
I20260910 06:19:33.497447 0x1fa65e140 incremental_pipeline.cc:510] Global bundle adjustment
I20260910 06:19:33.497489 0x1fa65e140 incremental_pipeline.cc:791] Discarding reconstruction due to bad initial pair
I20260910 06:19:33.498311 0x1fa65e140 incremental_pipeline.cc:492] Registering initial image pair #1 and #4
I20260910 06:19:33.498417 0x1fa65e140 incremental_pipeline.cc:510] Global bundle adjustment
I20260910 06:19:33.498450 0x1fa65e140 incremental_pipeline.cc:791] Discarding reconstruction due to bad initial pair
I20260910 06:19:33.499894 0x1fa65e140 incremental_pipeline.cc:492] Registering initial image pair #1 and #4
I20260910 06:19:33.500000 0x1fa65e140 incremental_pipeline.cc:510] Global bundle adjustment
I20260910 06:19:33.500033 0x1fa65e140 incremental_pipeline.cc:791] Discarding reconstruction due to bad initial pair
I20260910 06:19:33.501139 0x1fa65e140 incremental_pipeline.cc:492] Registering initial image pair #1 and #4
I20260910 06:19:33.501249 0x1fa65e140 incremental_pipeline.cc:510] Global bundle adjustment
I20260910 06:19:33.501285 0x1fa65e140 incremental_pipeline.cc:791] Discarding reconstruction due to bad initial pair
I20260910 06:19:33.502098 0x1fa65e140 incremental_pipeline.cc:492] Registering initial image pair #1 and #4
I20260910 06:19:33.502204 0x1fa65e140 incremental_pipeline.cc:510] Global bundle adjustment
I20260910 06:19:33.502240 0x1fa65e140 incremental_pipeline.cc:791] Discarding reconstruction due to bad initial pair
I20260910 06:19:33.503044 0x1fa65e140 incremental_pipeline.cc:492] Registering initial image pair #1 and #4
I20260910 06:19:33.503153 0x1fa65e140 incremental_pipeline.cc:510] Global bundle adjustment
I20260910 06:19:33.503189 0x1fa65e140 incremental_pipeline.cc:791] Discarding reconstruction due to bad initial pair
I20260910 06:19:33.504029 0x1fa65e140 incremental_pipeline.cc:492] Registering initial image pair #1 and #4
I20260910 06:19:33.504137 0x1fa65e140 incremental_pipeline.cc:510] Global bundle adjustment
I20260910 06:19:33.504173 0x1fa65e140 incremental_pipeline.cc:791] Discarding reconstruction due to bad initial pair
I20260910 06:19:33.505200 0x1fa65e140 incremental_pipeline.cc:492] Registering initial image pair #1 and #4
I20260910 06:19:33.505311 0x1fa65e140 incremental_pipeline.cc:510] Global bundle adjustment
I20260910 06:19:33.505346 0x1fa65e140 incremental_pipeline.cc:791] Discarding reconstruction due to bad initial pair
I20260910 06:19:33.506272 0x1fa65e140 incremental_pipeline.cc:492] Registering initial image pair #1 and #4
I20260910 06:19:33.506382 0x1fa65e140 incremental_pipeline.cc:510] Global bundle adjustment
I20260910 06:19:33.506418 0x1fa65e140 incremental_pipeline.cc:791] Discarding reconstruction due to bad initial pair
I20260910 06:19:33.507276 0x1fa65e140 incremental_pipeline.cc:492] Registering initial image pair #1 and #4
I20260910 06:19:33.507387 0x1fa65e140 incremental_pipeline.cc:510] Global bundle adjustment
I20260910 06:19:33.507424 0x1fa65e140 incremental_pipeline.cc:791] Discarding reconstruction due to bad initial pair
I20260910 06:19:33.508190 0x1fa65e140 incremental_pipeline.cc:492] Registering initial image pair #1 and #4
I20260910 06:19:33.508297 0x1fa65e140 incremental_pipeline.cc:510] Global bundle adjustment
I20260910 06:19:33.508332 0x1fa65e140 incremental_pipeline.cc:791] Discarding reconstruction due to bad initial pair
I20260910 06:19:33.509539 0x1fa65e140 incremental_pipeline.cc:492] Registering initial image pair #1 and #4
I20260910 06:19:33.509647 0x1fa65e140 incremental_pipeline.cc:510] Global bundle adjustment
I20260910 06:19:33.509682 0x1fa65e140 incremental_pipeline.cc:791] Discarding reconstruction due to bad initial pair
I20260910 06:19:33.510465 0x1fa65e140 incremental_pipeline.cc:492] Registering initial image pair #1 and #4
I20260910 06:19:33.510575 0x1fa65e140 incremental_pipeline.cc:510] Global bundle adjustment
I20260910 06:19:33.510612 0x1fa65e140 incremental_pipeline.cc:791] Discarding reconstruction due to bad initial pair
I20260910 06:19:33.511380 0x1fa65e140 incremental_pipeline.cc:492] Registering initial image pair #1 and #4
I20260910 06:19:33.511497 0x1fa65e140 incremental_pipeline.cc:510] Global bundle adjustment
I20260910 06:19:33.511534 0x1fa65e140 incremental_pipeline.cc:791] Discarding reconstruction due to bad initial pair
I20260910 06:19:33.512480 0x1fa65e140 incremental_pipeline.cc:492] Registering initial image pair #1 and #4
I20260910 06:19:33.512590 0x1fa65e140 incremental_pipeline.cc:510] Global bundle adjustment
I20260910 06:19:33.512625 0x1fa65e140 incremental_pipeline.cc:791] Discarding reconstruction due to bad initial pair
I20260910 06:19:33.513603 0x1fa65e140 incremental_pipeline.cc:492] Registering initial image pair #1 and #4
I20260910 06:19:33.513709 0x1fa65e140 incremental_pipeline.cc:510] Global bundle adjustment
I20260910 06:19:33.513743 0x1fa65e140 incremental_pipeline.cc:791] Discarding reconstruction due to bad initial pair
I20260910 06:19:33.514653 0x1fa65e140 incremental_pipeline.cc:492] Registering initial image pair #1 and #4
I20260910 06:19:33.514761 0x1fa65e140 incremental_pipeline.cc:510] Global bundle adjustment
I20260910 06:19:33.514799 0x1fa65e140 incremental_pipeline.cc:791] Discarding reconstruction due to bad initial pair
I20260910 06:19:33.515746 0x1fa65e140 incremental_pipeline.cc:492] Registering initial image pair #1 and #4
I20260910 06:19:33.515852 0x1fa65e140 incremental_pipeline.cc:510] Global bundle adjustment
I20260910 06:19:33.515888 0x1fa65e140 incremental_pipeline.cc:791] Discarding reconstruction due to bad initial pair
I20260910 06:19:33.516992 0x1fa65e140 incremental_pipeline.cc:492] Registering initial image pair #1 and #4
I20260910 06:19:33.517101 0x1fa65e140 incremental_pipeline.cc:510] Global bundle adjustment
I20260910 06:19:33.517138 0x1fa65e140 incremental_pipeline.cc:791] Discarding reconstruction due to bad initial pair
I20260910 06:19:33.517997 0x1fa65e140 incremental_pipeline.cc:492] Registering initial image pair #1 and #4
I20260910 06:19:33.518105 0x1fa65e140 incremental_pipeline.cc:510] Global bundle adjustment
I20260910 06:19:33.518141 0x1fa65e140 incremental_pipeline.cc:791] Discarding reconstruction due to bad initial pair
I20260910 06:19:33.519036 0x1fa65e140 incremental_pipeline.cc:492] Registering initial image pair #1 and #4
I20260910 06:19:33.519144 0x1fa65e140 incremental_pipeline.cc:510] Global bundle adjustment
I20260910 06:19:33.519180 0x1fa65e140 incremental_pipeline.cc:791] Discarding reconstruction due to bad initial pair
I20260910 06:19:33.520054 0x1fa65e140 incremental_pipeline.cc:492] Registering initial image pair #1 and #4
I20260910 06:19:33.520161 0x1fa65e140 incremental_pipeline.cc:510] Global bundle adjustment
I20260910 06:19:33.520195 0x1fa65e140 incremental_pipeline.cc:791] Discarding reconstruction due to bad initial pair
I20260910 06:19:33.520973 0x1fa65e140 incremental_pipeline.cc:492] Registering initial image pair #1 and #4
I20260910 06:19:33.521078 0x1fa65e140 incremental_pipeline.cc:510] Global bundle adjustment
I20260910 06:19:33.521115 0x1fa65e140 incremental_pipeline.cc:791] Discarding reconstruction due to bad initial pair
I20260910 06:19:33.522034 0x1fa65e140 incremental_pipeline.cc:492] Registering initial image pair #1 and #4
I20260910 06:19:33.522140 0x1fa65e140 incremental_pipeline.cc:510] Global bundle adjustment
I20260910 06:19:33.522177 0x1fa65e140 incremental_pipeline.cc:791] Discarding reconstruction due to bad initial pair
I20260910 06:19:33.522959 0x1fa65e140 incremental_pipeline.cc:492] Registering initial image pair #1 and #4
I20260910 06:19:33.523068 0x1fa65e140 incremental_pipeline.cc:510] Global bundle adjustment
I20260910 06:19:33.523103 0x1fa65e140 incremental_pipeline.cc:791] Discarding reconstruction due to bad initial pair
I20260910 06:19:33.523970 0x1fa65e140 incremental_pipeline.cc:492] Registering initial image pair #1 and #4
I20260910 06:19:33.524078 0x1fa65e140 incremental_pipeline.cc:510] Global bundle adjustment
I20260910 06:19:33.524113 0x1fa65e140 incremental_pipeline.cc:791] Discarding reconstruction due to bad initial pair
I20260910 06:19:33.525022 0x1fa65e140 incremental_pipeline.cc:492] Registering initial image pair #1 and #4
I20260910 06:19:33.525135 0x1fa65e140 incremental_pipeline.cc:510] Global bundle adjustment
I20260910 06:19:33.525168 0x1fa65e140 incremental_pipeline.cc:791] Discarding reconstruction due to bad initial pair
I20260910 06:19:33.526417 0x1fa65e140 incremental_pipeline.cc:492] Registering initial image pair #1 and #4
I20260910 06:19:33.526525 0x1fa65e140 incremental_pipeline.cc:510] Global bundle adjustment
I20260910 06:19:33.526561 0x1fa65e140 incremental_pipeline.cc:791] Discarding reconstruction due to bad initial pair
I20260910 06:19:33.527252 0x1fa65e140 incremental_pipeline.cc:492] Registering initial image pair #1 and #4
I20260910 06:19:33.527360 0x1fa65e140 incremental_pipeline.cc:510] Global bundle adjustment
I20260910 06:19:33.527397 0x1fa65e140 incremental_pipeline.cc:791] Discarding reconstruction due to bad initial pair
I20260910 06:19:33.528213 0x1fa65e140 incremental_pipeline.cc:492] Registering initial image pair #1 and #4
I20260910 06:19:33.528321 0x1fa65e140 incremental_pipeline.cc:510] Global bundle adjustment
I20260910 06:19:33.528357 0x1fa65e140 incremental_pipeline.cc:791] Discarding reconstruction due to bad initial pair
I20260910 06:19:33.529173 0x1fa65e140 incremental_pipeline.cc:492] Registering initial image pair #1 and #4
I20260910 06:19:33.529279 0x1fa65e140 incremental_pipeline.cc:510] Global bundle adjustment
I20260910 06:19:33.529314 0x1fa65e140 incremental_pipeline.cc:791] Discarding reconstruction due to bad initial pair
I20260910 06:19:33.530162 0x1fa65e140 incremental_pipeline.cc:492] Registering initial image pair #1 and #4
I20260910 06:19:33.530270 0x1fa65e140 incremental_pipeline.cc:510] Global bundle adjustment
I20260910 06:19:33.530307 0x1fa65e140 incremental_pipeline.cc:791] Discarding reconstruction due to bad initial pair
I20260910 06:19:33.531294 0x1fa65e140 incremental_pipeline.cc:492] Registering initial image pair #1 and #4
I20260910 06:19:33.531407 0x1fa65e140 incremental_pipeline.cc:510] Global bundle adjustment
I20260910 06:19:33.531443 0x1fa65e140 incremental_pipeline.cc:791] Discarding reconstruction due to bad initial pair
I20260910 06:19:33.532234 0x1fa65e140 incremental_pipeline.cc:492] Registering initial image pair #1 and #4
I20260910 06:19:33.532344 0x1fa65e140 incremental_pipeline.cc:510] Global bundle adjustment
I20260910 06:19:33.532381 0x1fa65e140 incremental_pipeline.cc:791] Discarding reconstruction due to bad initial pair
I20260910 06:19:33.533198 0x1fa65e140 incremental_pipeline.cc:492] Registering initial image pair #1 and #4
I20260910 06:19:33.533310 0x1fa65e140 incremental_pipeline.cc:510] Global bundle adjustment
I20260910 06:19:33.533347 0x1fa65e140 incremental_pipeline.cc:791] Discarding reconstruction due to bad initial pair
I20260910 06:19:33.534365 0x1fa65e140 incremental_pipeline.cc:492] Registering initial image pair #1 and #4
I20260910 06:19:33.534473 0x1fa65e140 incremental_pipeline.cc:510] Global bundle adjustment
I20260910 06:19:33.534506 0x1fa65e140 incremental_pipeline.cc:791] Discarding reconstruction due to bad initial pair
I20260910 06:19:33.535606 0x1fa65e140 incremental_pipeline.cc:492] Registering initial image pair #1 and #4
I20260910 06:19:33.535717 0x1fa65e140 incremental_pipeline.cc:510] Global bundle adjustment
I20260910 06:19:33.535752 0x1fa65e140 incremental_pipeline.cc:791] Discarding reconstruction due to bad initial pair
I20260910 06:19:33.536584 0x1fa65e140 incremental_pipeline.cc:492] Registering initial image pair #1 and #4
I20260910 06:19:33.536692 0x1fa65e140 incremental_pipeline.cc:510] Global bundle adjustment
I20260910 06:19:33.536729 0x1fa65e140 incremental_pipeline.cc:791] Discarding reconstruction due to bad initial pair
I20260910 06:19:33.537457 0x1fa65e140 incremental_pipeline.cc:492] Registering initial image pair #1 and #4
I20260910 06:19:33.537565 0x1fa65e140 incremental_pipeline.cc:510] Global bundle adjustment
I20260910 06:19:33.537601 0x1fa65e140 incremental_pipeline.cc:791] Discarding reconstruction due to bad initial pair
I20260910 06:19:33.538334 0x1fa65e140 incremental_pipeline.cc:492] Registering initial image pair #1 and #4
I20260910 06:19:33.538450 0x1fa65e140 incremental_pipeline.cc:510] Global bundle adjustment
I20260910 06:19:33.538484 0x1fa65e140 incremental_pipeline.cc:791] Discarding reconstruction due to bad initial pair
I20260910 06:19:33.539540 0x1fa65e140 incremental_pipeline.cc:492] Registering initial image pair #1 and #4
I20260910 06:19:33.539646 0x1fa65e140 incremental_pipeline.cc:510] Global bundle adjustment
I20260910 06:19:33.539683 0x1fa65e140 incremental_pipeline.cc:791] Discarding reconstruction due to bad initial pair
I20260910 06:19:33.540524 0x1fa65e140 incremental_pipeline.cc:492] Registering initial image pair #1 and #4
I20260910 06:19:33.540632 0x1fa65e140 incremental_pipeline.cc:510] Global bundle adjustment
I20260910 06:19:33.540669 0x1fa65e140 incremental_pipeline.cc:791] Discarding reconstruction due to bad initial pair
I20260910 06:19:33.541481 0x1fa65e140 incremental_pipeline.cc:492] Registering initial image pair #1 and #4
I20260910 06:19:33.541587 0x1fa65e140 incremental_pipeline.cc:510] Global bundle adjustment
I20260910 06:19:33.541620 0x1fa65e140 incremental_pipeline.cc:791] Discarding reconstruction due to bad initial pair
I20260910 06:19:33.542450 0x1fa65e140 incremental_pipeline.cc:492] Registering initial image pair #1 and #4
I20260910 06:19:33.542558 0x1fa65e140 incremental_pipeline.cc:510] Global bundle adjustment
I20260910 06:19:33.542595 0x1fa65e140 incremental_pipeline.cc:791] Discarding reconstruction due to bad initial pair
I20260910 06:19:33.543445 0x1fa65e140 incremental_pipeline.cc:492] Registering initial image pair #1 and #4
I20260910 06:19:33.543552 0x1fa65e140 incremental_pipeline.cc:510] Global bundle adjustment
I20260910 06:19:33.543588 0x1fa65e140 incremental_pipeline.cc:791] Discarding reconstruction due to bad initial pair
I20260910 06:19:33.544577 0x1fa65e140 incremental_pipeline.cc:492] Registering initial image pair #1 and #4
I20260910 06:19:33.544685 0x1fa65e140 incremental_pipeline.cc:510] Global bundle adjustment
I20260910 06:19:33.544724 0x1fa65e140 incremental_pipeline.cc:791] Discarding reconstruction due to bad initial pair
I20260910 06:19:33.545462 0x1fa65e140 incremental_pipeline.cc:492] Registering initial image pair #1 and #4
I20260910 06:19:33.545569 0x1fa65e140 incremental_pipeline.cc:510] Global bundle adjustment
I20260910 06:19:33.545605 0x1fa65e140 incremental_pipeline.cc:791] Discarding reconstruction due to bad initial pair
I20260910 06:19:33.546354 0x1fa65e140 incremental_pipeline.cc:492] Registering initial image pair #1 and #4
I20260910 06:19:33.546462 0x1fa65e140 incremental_pipeline.cc:510] Global bundle adjustment
I20260910 06:19:33.546499 0x1fa65e140 incremental_pipeline.cc:791] Discarding reconstruction due to bad initial pair
I20260910 06:19:33.547360 0x1fa65e140 incremental_pipeline.cc:492] Registering initial image pair #1 and #4
I20260910 06:19:33.547468 0x1fa65e140 incremental_pipeline.cc:510] Global bundle adjustment
I20260910 06:19:33.547504 0x1fa65e140 incremental_pipeline.cc:791] Discarding reconstruction due to bad initial pair
I20260910 06:19:33.548484 0x1fa65e140 incremental_pipeline.cc:492] Registering initial image pair #1 and #4
I20260910 06:19:33.548593 0x1fa65e140 incremental_pipeline.cc:510] Global bundle adjustment
I20260910 06:19:33.548627 0x1fa65e140 incremental_pipeline.cc:791] Discarding reconstruction due to bad initial pair
I20260910 06:19:33.549460 0x1fa65e140 incremental_pipeline.cc:492] Registering initial image pair #1 and #4
I20260910 06:19:33.549568 0x1fa65e140 incremental_pipeline.cc:510] Global bundle adjustment
I20260910 06:19:33.549604 0x1fa65e140 incremental_pipeline.cc:791] Discarding reconstruction due to bad initial pair
I20260910 06:19:33.550328 0x1fa65e140 incremental_pipeline.cc:492] Registering initial image pair #1 and #4
I20260910 06:19:33.550439 0x1fa65e140 incremental_pipeline.cc:510] Global bundle adjustment
I20260910 06:19:33.550476 0x1fa65e140 incremental_pipeline.cc:791] Discarding reconstruction due to bad initial pair
I20260910 06:19:33.551319 0x1fa65e140 incremental_pipeline.cc:492] Registering initial image pair #1 and #4
I20260910 06:19:33.551431 0x1fa65e140 incremental_pipeline.cc:510] Global bundle adjustment
I20260910 06:19:33.551467 0x1fa65e140 incremental_pipeline.cc:791] Discarding reconstruction due to bad initial pair
I20260910 06:19:33.552730 0x1fa65e140 incremental_pipeline.cc:492] Registering initial image pair #1 and #4
I20260910 06:19:33.552841 0x1fa65e140 incremental_pipeline.cc:510] Global bundle adjustment
I20260910 06:19:33.552878 0x1fa65e140 incremental_pipeline.cc:791] Discarding reconstruction due to bad initial pair
I20260910 06:19:33.553616 0x1fa65e140 incremental_pipeline.cc:492] Registering initial image pair #1 and #4
I20260910 06:19:33.553724 0x1fa65e140 incremental_pipeline.cc:510] Global bundle adjustment
I20260910 06:19:33.553760 0x1fa65e140 incremental_pipeline.cc:791] Discarding reconstruction due to bad initial pair
I20260910 06:19:33.554745 0x1fa65e140 incremental_pipeline.cc:492] Registering initial image pair #1 and #4
I20260910 06:19:33.554859 0x1fa65e140 incremental_pipeline.cc:510] Global bundle adjustment
I20260910 06:19:33.554894 0x1fa65e140 incremental_pipeline.cc:791] Discarding reconstruction due to bad initial pair
I20260910 06:19:33.555749 0x1fa65e140 incremental_pipeline.cc:492] Registering initial image pair #1 and #4
I20260910 06:19:33.555855 0x1fa65e140 incremental_pipeline.cc:510] Global bundle adjustment
I20260910 06:19:33.555890 0x1fa65e140 incremental_pipeline.cc:791] Discarding reconstruction due to bad initial pair
I20260910 06:19:33.556861 0x1fa65e140 incremental_pipeline.cc:492] Registering initial image pair #1 and #4
I20260910 06:19:33.556970 0x1fa65e140 incremental_pipeline.cc:510] Global bundle adjustment
I20260910 06:19:33.557007 0x1fa65e140 incremental_pipeline.cc:791] Discarding reconstruction due to bad initial pair
I20260910 06:19:33.557866 0x1fa65e140 incremental_pipeline.cc:492] Registering initial image pair #1 and #4
I20260910 06:19:33.557974 0x1fa65e140 incremental_pipeline.cc:510] Global bundle adjustment
I20260910 06:19:33.558010 0x1fa65e140 incremental_pipeline.cc:791] Discarding reconstruction due to bad initial pair
I20260910 06:19:33.558715 0x1fa65e140 incremental_pipeline.cc:492] Registering initial image pair #1 and #4
I20260910 06:19:33.558823 0x1fa65e140 incremental_pipeline.cc:510] Global bundle adjustment
I20260910 06:19:33.558859 0x1fa65e140 incremental_pipeline.cc:791] Discarding reconstruction due to bad initial pair
I20260910 06:19:33.559744 0x1fa65e140 incremental_pipeline.cc:492] Registering initial image pair #1 and #4
I20260910 06:19:33.559855 0x1fa65e140 incremental_pipeline.cc:510] Global bundle adjustment
I20260910 06:19:33.559891 0x1fa65e140 incremental_pipeline.cc:791] Discarding reconstruction due to bad initial pair
I20260910 06:19:33.560717 0x1fa65e140 incremental_pipeline.cc:492] Registering initial image pair #1 and #4
I20260910 06:19:33.560824 0x1fa65e140 incremental_pipeline.cc:510] Global bundle adjustment
I20260910 06:19:33.560860 0x1fa65e140 incremental_pipeline.cc:791] Discarding reconstruction due to bad initial pair
I20260910 06:19:33.561725 0x1fa65e140 incremental_pipeline.cc:492] Registering initial image pair #1 and #4
I20260910 06:19:33.561834 0x1fa65e140 incremental_pipeline.cc:510] Global bundle adjustment
I20260910 06:19:33.561869 0x1fa65e140 incremental_pipeline.cc:791] Discarding reconstruction due to bad initial pair
I20260910 06:19:33.562642 0x1fa65e140 incremental_pipeline.cc:492] Registering initial image pair #1 and #4
I20260910 06:19:33.562748 0x1fa65e140 incremental_pipeline.cc:510] Global bundle adjustment
I20260910 06:19:33.562785 0x1fa65e140 incremental_pipeline.cc:791] Discarding reconstruction due to bad initial pair
I20260910 06:19:33.564389 0x1fa65e140 incremental_pipeline.cc:492] Registering initial image pair #1 and #4
I20260910 06:19:33.564497 0x1fa65e140 incremental_pipeline.cc:510] Global bundle adjustment
I20260910 06:19:33.564535 0x1fa65e140 incremental_pipeline.cc:791] Discarding reconstruction due to bad initial pair
I20260910 06:19:33.565259 0x1fa65e140 incremental_pipeline.cc:492] Registering initial image pair #1 and #4
I20260910 06:19:33.565371 0x1fa65e140 incremental_pipeline.cc:510] Global bundle adjustment
I20260910 06:19:33.565405 0x1fa65e140 incremental_pipeline.cc:791] Discarding reconstruction due to bad initial pair
I20260910 06:19:33.566410 0x1fa65e140 incremental_pipeline.cc:492] Registering initial image pair #1 and #4
I20260910 06:19:33.566524 0x1fa65e140 incremental_pipeline.cc:510] Global bundle adjustment
I20260910 06:19:33.566561 0x1fa65e140 incremental_pipeline.cc:791] Discarding reconstruction due to bad initial pair
I20260910 06:19:33.567339 0x1fa65e140 incremental_pipeline.cc:492] Registering initial image pair #1 and #4
I20260910 06:19:33.567444 0x1fa65e140 incremental_pipeline.cc:510] Global bundle adjustment
I20260910 06:19:33.567481 0x1fa65e140 incremental_pipeline.cc:791] Discarding reconstruction due to bad initial pair
I20260910 06:19:33.568211 0x1fa65e140 incremental_pipeline.cc:492] Registering initial image pair #1 and #4
I20260910 06:19:33.568319 0x1fa65e140 incremental_pipeline.cc:510] Global bundle adjustment
I20260910 06:19:33.568354 0x1fa65e140 incremental_pipeline.cc:791] Discarding reconstruction due to bad initial pair
I20260910 06:19:33.569134 0x1fa65e140 incremental_pipeline.cc:492] Registering initial image pair #1 and #4
I20260910 06:19:33.569242 0x1fa65e140 incremental_pipeline.cc:510] Global bundle adjustment
I20260910 06:19:33.569275 0x1fa65e140 incremental_pipeline.cc:791] Discarding reconstruction due to bad initial pair
I20260910 06:19:33.570076 0x1fa65e140 incremental_pipeline.cc:492] Registering initial image pair #1 and #4
I20260910 06:19:33.570184 0x1fa65e140 incremental_pipeline.cc:510] Global bundle adjustment
I20260910 06:19:33.570221 0x1fa65e140 incremental_pipeline.cc:791] Discarding reconstruction due to bad initial pair
I20260910 06:19:33.571043 0x1fa65e140 incremental_pipeline.cc:492] Registering initial image pair #1 and #4
I20260910 06:19:33.571149 0x1fa65e140 incremental_pipeline.cc:510] Global bundle adjustment
I20260910 06:19:33.571185 0x1fa65e140 incremental_pipeline.cc:791] Discarding reconstruction due to bad initial pair
I20260910 06:19:33.572133 0x1fa65e140 incremental_pipeline.cc:492] Registering initial image pair #1 and #4
I20260910 06:19:33.572241 0x1fa65e140 incremental_pipeline.cc:510] Global bundle adjustment
I20260910 06:19:33.572277 0x1fa65e140 incremental_pipeline.cc:791] Discarding reconstruction due to bad initial pair
I20260910 06:19:33.573142 0x1fa65e140 incremental_pipeline.cc:492] Registering initial image pair #1 and #4
I20260910 06:19:33.573251 0x1fa65e140 incremental_pipeline.cc:510] Global bundle adjustment
I20260910 06:19:33.573286 0x1fa65e140 incremental_pipeline.cc:791] Discarding reconstruction due to bad initial pair
I20260910 06:19:33.574165 0x1fa65e140 incremental_pipeline.cc:492] Registering initial image pair #1 and #4
I20260910 06:19:33.574273 0x1fa65e140 incremental_pipeline.cc:510] Global bundle adjustment
I20260910 06:19:33.574310 0x1fa65e140 incremental_pipeline.cc:791] Discarding reconstruction due to bad initial pair
I20260910 06:19:33.575075 0x1fa65e140 incremental_pipeline.cc:492] Registering initial image pair #1 and #4
I20260910 06:19:33.575186 0x1fa65e140 incremental_pipeline.cc:510] Global bundle adjustment
I20260910 06:19:33.575223 0x1fa65e140 incremental_pipeline.cc:791] Discarding reconstruction due to bad initial pair
I20260910 06:19:33.576041 0x1fa65e140 incremental_pipeline.cc:492] Registering initial image pair #1 and #4
I20260910 06:19:33.576149 0x1fa65e140 incremental_pipeline.cc:510] Global bundle adjustment
I20260910 06:19:33.576186 0x1fa65e140 incremental_pipeline.cc:791] Discarding reconstruction due to bad initial pair
I20260910 06:19:33.576875 0x1fa65e140 incremental_pipeline.cc:492] Registering initial image pair #1 and #4
I20260910 06:19:33.576981 0x1fa65e140 incremental_pipeline.cc:510] Global bundle adjustment
I20260910 06:19:33.577016 0x1fa65e140 incremental_pipeline.cc:791] Discarding reconstruction due to bad initial pair
I20260910 06:19:33.577887 0x1fa65e140 incremental_pipeline.cc:492] Registering initial image pair #1 and #4
I20260910 06:19:33.577996 0x1fa65e140 incremental_pipeline.cc:510] Global bundle adjustment
I20260910 06:19:33.578031 0x1fa65e140 incremental_pipeline.cc:791] Discarding reconstruction due to bad initial pair
I20260910 06:19:33.578751 0x1fa65e140 incremental_pipeline.cc:492] Registering initial image pair #1 and #4
I20260910 06:19:33.578860 0x1fa65e140 incremental_pipeline.cc:510] Global bundle adjustment
I20260910 06:19:33.578896 0x1fa65e140 incremental_pipeline.cc:791] Discarding reconstruction due to bad initial pair
I20260910 06:19:33.579860 0x1fa65e140 incremental_pipeline.cc:492] Registering initial image pair #1 and #4
I20260910 06:19:33.579969 0x1fa65e140 incremental_pipeline.cc:510] Global bundle adjustment
I20260910 06:19:33.580006 0x1fa65e140 incremental_pipeline.cc:791] Discarding reconstruction due to bad initial pair
I20260910 06:19:33.580050 0x1fa65e140 incremental_pipeline.cc:442] => Relaxing the initialization constraints.
I20260910 06:19:33.580803 0x1fa65e140 incremental_pipeline.cc:492] Registering initial image pair #1 and #4
I20260910 06:19:33.580910 0x1fa65e140 incremental_pipeline.cc:510] Global bundle adjustment
I20260910 06:19:33.580944 0x1fa65e140 incremental_pipeline.cc:791] Discarding reconstruction due to bad initial pair
I20260910 06:19:33.581704 0x1fa65e140 incremental_pipeline.cc:492] Registering initial image pair #1 and #4
I20260910 06:19:33.581813 0x1fa65e140 incremental_pipeline.cc:510] Global bundle adjustment
I20260910 06:19:33.581849 0x1fa65e140 incremental_pipeline.cc:791] Discarding reconstruction due to bad initial pair
I20260910 06:19:33.582667 0x1fa65e140 incremental_pipeline.cc:492] Registering initial image pair #1 and #4
I20260910 06:19:33.582773 0x1fa65e140 incremental_pipeline.cc:510] Global bundle adjustment
I20260910 06:19:33.582809 0x1fa65e140 incremental_pipeline.cc:791] Discarding reconstruction due to bad initial pair
I20260910 06:19:33.583743 0x1fa65e140 incremental_pipeline.cc:492] Registering initial image pair #1 and #4
I20260910 06:19:33.583851 0x1fa65e140 incremental_pipeline.cc:510] Global bundle adjustment
I20260910 06:19:33.583884 0x1fa65e140 incremental_pipeline.cc:791] Discarding reconstruction due to bad initial pair
I20260910 06:19:33.584745 0x1fa65e140 incremental_pipeline.cc:492] Registering initial image pair #1 and #4
I20260910 06:19:33.584854 0x1fa65e140 incremental_pipeline.cc:510] Global bundle adjustment
I20260910 06:19:33.584889 0x1fa65e140 incremental_pipeline.cc:791] Discarding reconstruction due to bad initial pair
I20260910 06:19:33.585641 0x1fa65e140 incremental_pipeline.cc:492] Registering initial image pair #1 and #4
I20260910 06:19:33.585749 0x1fa65e140 incremental_pipeline.cc:510] Global bundle adjustment
I20260910 06:19:33.585784 0x1fa65e140 incremental_pipeline.cc:791] Discarding reconstruction due to bad initial pair
I20260910 06:19:33.586622 0x1fa65e140 incremental_pipeline.cc:492] Registering initial image pair #1 and #4
I20260910 06:19:33.586731 0x1fa65e140 incremental_pipeline.cc:510] Global bundle adjustment
I20260910 06:19:33.586765 0x1fa65e140 incremental_pipeline.cc:791] Discarding reconstruction due to bad initial pair
I20260910 06:19:33.587808 0x1fa65e140 incremental_pipeline.cc:492] Registering initial image pair #1 and #4
I20260910 06:19:33.587916 0x1fa65e140 incremental_pipeline.cc:510] Global bundle adjustment
I20260910 06:19:33.587953 0x1fa65e140 incremental_pipeline.cc:791] Discarding reconstruction due to bad initial pair
I20260910 06:19:33.588827 0x1fa65e140 incremental_pipeline.cc:492] Registering initial image pair #1 and #4
I20260910 06:19:33.588936 0x1fa65e140 incremental_pipeline.cc:510] Global bundle adjustment
I20260910 06:19:33.588972 0x1fa65e140 incremental_pipeline.cc:791] Discarding reconstruction due to bad initial pair
I20260910 06:19:33.589832 0x1fa65e140 incremental_pipeline.cc:492] Registering initial image pair #1 and #4
I20260910 06:19:33.589941 0x1fa65e140 incremental_pipeline.cc:510] Global bundle adjustment
I20260910 06:19:33.589982 0x1fa65e140 incremental_pipeline.cc:791] Discarding reconstruction due to bad initial pair
I20260910 06:19:33.590956 0x1fa65e140 incremental_pipeline.cc:492] Registering initial image pair #1 and #4
I20260910 06:19:33.591067 0x1fa65e140 incremental_pipeline.cc:510] Global bundle adjustment
I20260910 06:19:33.591104 0x1fa65e140 incremental_pipeline.cc:791] Discarding reconstruction due to bad initial pair
I20260910 06:19:33.591947 0x1fa65e140 incremental_pipeline.cc:492] Registering initial image pair #1 and #4
I20260910 06:19:33.592058 0x1fa65e140 incremental_pipeline.cc:510] Global bundle adjustment
I20260910 06:19:33.592092 0x1fa65e140 incremental_pipeline.cc:791] Discarding reconstruction due to bad initial pair
I20260910 06:19:33.592859 0x1fa65e140 incremental_pipeline.cc:492] Registering initial image pair #1 and #4
I20260910 06:19:33.592973 0x1fa65e140 incremental_pipeline.cc:510] Global bundle adjustment
I20260910 06:19:33.593008 0x1fa65e140 incremental_pipeline.cc:791] Discarding reconstruction due to bad initial pair
I20260910 06:19:33.593984 0x1fa65e140 incremental_pipeline.cc:492] Registering initial image pair #1 and #4
I20260910 06:19:33.594093 0x1fa65e140 incremental_pipeline.cc:510] Global bundle adjustment
I20260910 06:19:33.594130 0x1fa65e140 incremental_pipeline.cc:791] Discarding reconstruction due to bad initial pair
I20260910 06:19:33.594920 0x1fa65e140 incremental_pipeline.cc:492] Registering initial image pair #1 and #4
I20260910 06:19:33.595032 0x1fa65e140 incremental_pipeline.cc:510] Global bundle adjustment
I20260910 06:19:33.595067 0x1fa65e140 incremental_pipeline.cc:791] Discarding reconstruction due to bad initial pair
I20260910 06:19:33.595938 0x1fa65e140 incremental_pipeline.cc:492] Registering initial image pair #1 and #4
I20260910 06:19:33.596049 0x1fa65e140 incremental_pipeline.cc:510] Global bundle adjustment
I20260910 06:19:33.596085 0x1fa65e140 incremental_pipeline.cc:791] Discarding reconstruction due to bad initial pair
I20260910 06:19:33.596849 0x1fa65e140 incremental_pipeline.cc:492] Registering initial image pair #1 and #4
I20260910 06:19:33.596957 0x1fa65e140 incremental_pipeline.cc:510] Global bundle adjustment
I20260910 06:19:33.596994 0x1fa65e140 incremental_pipeline.cc:791] Discarding reconstruction due to bad initial pair
I20260910 06:19:33.597755 0x1fa65e140 incremental_pipeline.cc:492] Registering initial image pair #1 and #4
I20260910 06:19:33.597863 0x1fa65e140 incremental_pipeline.cc:510] Global bundle adjustment
I20260910 06:19:33.597895 0x1fa65e140 incremental_pipeline.cc:791] Discarding reconstruction due to bad initial pair
I20260910 06:19:33.598728 0x1fa65e140 incremental_pipeline.cc:492] Registering initial image pair #1 and #4
I20260910 06:19:33.598834 0x1fa65e140 incremental_pipeline.cc:510] Global bundle adjustment
I20260910 06:19:33.598870 0x1fa65e140 incremental_pipeline.cc:791] Discarding reconstruction due to bad initial pair
I20260910 06:19:33.599631 0x1fa65e140 incremental_pipeline.cc:492] Registering initial image pair #1 and #4
I20260910 06:19:33.599740 0x1fa65e140 incremental_pipeline.cc:510] Global bundle adjustment
I20260910 06:19:33.599776 0x1fa65e140 incremental_pipeline.cc:791] Discarding reconstruction due to bad initial pair
I20260910 06:19:33.600624 0x1fa65e140 incremental_pipeline.cc:492] Registering initial image pair #1 and #4
I20260910 06:19:33.600733 0x1fa65e140 incremental_pipeline.cc:510] Global bundle adjustment
I20260910 06:19:33.600770 0x1fa65e140 incremental_pipeline.cc:791] Discarding reconstruction due to bad initial pair
I20260910 06:19:33.601626 0x1fa65e140 incremental_pipeline.cc:492] Registering initial image pair #1 and #4
I20260910 06:19:33.601732 0x1fa65e140 incremental_pipeline.cc:510] Global bundle adjustment
I20260910 06:19:33.601767 0x1fa65e140 incremental_pipeline.cc:791] Discarding reconstruction due to bad initial pair
I20260910 06:19:33.602831 0x1fa65e140 incremental_pipeline.cc:492] Registering initial image pair #1 and #4
I20260910 06:19:33.602937 0x1fa65e140 incremental_pipeline.cc:510] Global bundle adjustment
I20260910 06:19:33.602980 0x1fa65e140 incremental_pipeline.cc:791] Discarding reconstruction due to bad initial pair
I20260910 06:19:33.603916 0x1fa65e140 incremental_pipeline.cc:492] Registering initial image pair #1 and #4
I20260910 06:19:33.604025 0x1fa65e140 incremental_pipeline.cc:510] Global bundle adjustment
I20260910 06:19:33.604059 0x1fa65e140 incremental_pipeline.cc:791] Discarding reconstruction due to bad initial pair
I20260910 06:19:33.604813 0x1fa65e140 incremental_pipeline.cc:492] Registering initial image pair #1 and #4
I20260910 06:19:33.604924 0x1fa65e140 incremental_pipeline.cc:510] Global bundle adjustment
I20260910 06:19:33.604960 0x1fa65e140 incremental_pipeline.cc:791] Discarding reconstruction due to bad initial pair
I20260910 06:19:33.606035 0x1fa65e140 incremental_pipeline.cc:492] Registering initial image pair #1 and #4
I20260910 06:19:33.606141 0x1fa65e140 incremental_pipeline.cc:510] Global bundle adjustment
I20260910 06:19:33.606178 0x1fa65e140 incremental_pipeline.cc:791] Discarding reconstruction due to bad initial pair
I20260910 06:19:33.607284 0x1fa65e140 incremental_pipeline.cc:492] Registering initial image pair #1 and #4
I20260910 06:19:33.607393 0x1fa65e140 incremental_pipeline.cc:510] Global bundle adjustment
I20260910 06:19:33.607429 0x1fa65e140 incremental_pipeline.cc:791] Discarding reconstruction due to bad initial pair
I20260910 06:19:33.608339 0x1fa65e140 incremental_pipeline.cc:492] Registering initial image pair #1 and #4
I20260910 06:19:33.608449 0x1fa65e140 incremental_pipeline.cc:510] Global bundle adjustment
I20260910 06:19:33.608484 0x1fa65e140 incremental_pipeline.cc:791] Discarding reconstruction due to bad initial pair
I20260910 06:19:33.609259 0x1fa65e140 incremental_pipeline.cc:492] Registering initial image pair #1 and #4
I20260910 06:19:33.609367 0x1fa65e140 incremental_pipeline.cc:510] Global bundle adjustment
I20260910 06:19:33.609403 0x1fa65e140 incremental_pipeline.cc:791] Discarding reconstruction due to bad initial pair
I20260910 06:19:33.610153 0x1fa65e140 incremental_pipeline.cc:492] Registering initial image pair #1 and #4
I20260910 06:19:33.610261 0x1fa65e140 incremental_pipeline.cc:510] Global bundle adjustment
I20260910 06:19:33.610298 0x1fa65e140 incremental_pipeline.cc:791] Discarding reconstruction due to bad initial pair
I20260910 06:19:33.611125 0x1fa65e140 incremental_pipeline.cc:492] Registering initial image pair #1 and #4
I20260910 06:19:33.611233 0x1fa65e140 incremental_pipeline.cc:510] Global bundle adjustment
I20260910 06:19:33.611267 0x1fa65e140 incremental_pipeline.cc:791] Discarding reconstruction due to bad initial pair
I20260910 06:19:33.612326 0x1fa65e140 incremental_pipeline.cc:492] Registering initial image pair #1 and #4
I20260910 06:19:33.612433 0x1fa65e140 incremental_pipeline.cc:510] Global bundle adjustment
I20260910 06:19:33.612467 0x1fa65e140 incremental_pipeline.cc:791] Discarding reconstruction due to bad initial pair
I20260910 06:19:33.613201 0x1fa65e140 incremental_pipeline.cc:492] Registering initial image pair #1 and #4
I20260910 06:19:33.613309 0x1fa65e140 incremental_pipeline.cc:510] Global bundle adjustment
I20260910 06:19:33.613348 0x1fa65e140 incremental_pipeline.cc:791] Discarding reconstruction due to bad initial pair
I20260910 06:19:33.614538 0x1fa65e140 incremental_pipeline.cc:492] Registering initial image pair #1 and #4
I20260910 06:19:33.614644 0x1fa65e140 incremental_pipeline.cc:510] Global bundle adjustment
I20260910 06:19:33.614680 0x1fa65e140 incremental_pipeline.cc:791] Discarding reconstruction due to bad initial pair
I20260910 06:19:33.615429 0x1fa65e140 incremental_pipeline.cc:492] Registering initial image pair #1 and #4
I20260910 06:19:33.615540 0x1fa65e140 incremental_pipeline.cc:510] Global bundle adjustment
I20260910 06:19:33.615577 0x1fa65e140 incremental_pipeline.cc:791] Discarding reconstruction due to bad initial pair
I20260910 06:19:33.616394 0x1fa65e140 incremental_pipeline.cc:492] Registering initial image pair #1 and #4
I20260910 06:19:33.616503 0x1fa65e140 incremental_pipeline.cc:510] Global bundle adjustment
I20260910 06:19:33.616547 0x1fa65e140 incremental_pipeline.cc:791] Discarding reconstruction due to bad initial pair
I20260910 06:19:33.617530 0x1fa65e140 incremental_pipeline.cc:492] Registering initial image pair #1 and #4
I20260910 06:19:33.617637 0x1fa65e140 incremental_pipeline.cc:510] Global bundle adjustment
I20260910 06:19:33.617674 0x1fa65e140 incremental_pipeline.cc:791] Discarding reconstruction due to bad initial pair
I20260910 06:19:33.618662 0x1fa65e140 incremental_pipeline.cc:492] Registering initial image pair #1 and #4
I20260910 06:19:33.618770 0x1fa65e140 incremental_pipeline.cc:510] Global bundle adjustment
I20260910 06:19:33.618804 0x1fa65e140 incremental_pipeline.cc:791] Discarding reconstruction due to bad initial pair
I20260910 06:19:33.619591 0x1fa65e140 incremental_pipeline.cc:492] Registering initial image pair #1 and #4
I20260910 06:19:33.619699 0x1fa65e140 incremental_pipeline.cc:510] Global bundle adjustment
I20260910 06:19:33.619735 0x1fa65e140 incremental_pipeline.cc:791] Discarding reconstruction due to bad initial pair
I20260910 06:19:33.620493 0x1fa65e140 incremental_pipeline.cc:492] Registering initial image pair #1 and #4
I20260910 06:19:33.620602 0x1fa65e140 incremental_pipeline.cc:510] Global bundle adjustment
I20260910 06:19:33.620636 0x1fa65e140 incremental_pipeline.cc:791] Discarding reconstruction due to bad initial pair
I20260910 06:19:33.621587 0x1fa65e140 incremental_pipeline.cc:492] Registering initial image pair #1 and #4
I20260910 06:19:33.621694 0x1fa65e140 incremental_pipeline.cc:510] Global bundle adjustment
I20260910 06:19:33.621730 0x1fa65e140 incremental_pipeline.cc:791] Discarding reconstruction due to bad initial pair
I20260910 06:19:33.622663 0x1fa65e140 incremental_pipeline.cc:492] Registering initial image pair #1 and #4
I20260910 06:19:33.622772 0x1fa65e140 incremental_pipeline.cc:510] Global bundle adjustment
I20260910 06:19:33.622807 0x1fa65e140 incremental_pipeline.cc:791] Discarding reconstruction due to bad initial pair
I20260910 06:19:33.623710 0x1fa65e140 incremental_pipeline.cc:492] Registering initial image pair #1 and #4
I20260910 06:19:33.623817 0x1fa65e140 incremental_pipeline.cc:510] Global bundle adjustment
I20260910 06:19:33.623853 0x1fa65e140 incremental_pipeline.cc:791] Discarding reconstruction due to bad initial pair
I20260910 06:19:33.624699 0x1fa65e140 incremental_pipeline.cc:492] Registering initial image pair #1 and #4
I20260910 06:19:33.624810 0x1fa65e140 incremental_pipeline.cc:510] Global bundle adjustment
I20260910 06:19:33.624846 0x1fa65e140 incremental_pipeline.cc:791] Discarding reconstruction due to bad initial pair
I20260910 06:19:33.626112 0x1fa65e140 incremental_pipeline.cc:492] Registering initial image pair #1 and #4
I20260910 06:19:33.626218 0x1fa65e140 incremental_pipeline.cc:510] Global bundle adjustment
I20260910 06:19:33.626257 0x1fa65e140 incremental_pipeline.cc:791] Discarding reconstruction due to bad initial pair
I20260910 06:19:33.627328 0x1fa65e140 incremental_pipeline.cc:492] Registering initial image pair #1 and #4
I20260910 06:19:33.627436 0x1fa65e140 incremental_pipeline.cc:510] Global bundle adjustment
I20260910 06:19:33.627471 0x1fa65e140 incremental_pipeline.cc:791] Discarding reconstruction due to bad initial pair
I20260910 06:19:33.628346 0x1fa65e140 incremental_pipeline.cc:492] Registering initial image pair #1 and #4
I20260910 06:19:33.628454 0x1fa65e140 incremental_pipeline.cc:510] Global bundle adjustment
I20260910 06:19:33.628487 0x1fa65e140 incremental_pipeline.cc:791] Discarding reconstruction due to bad initial pair
I20260910 06:19:33.629344 0x1fa65e140 incremental_pipeline.cc:492] Registering initial image pair #1 and #4
I20260910 06:19:33.629452 0x1fa65e140 incremental_pipeline.cc:510] Global bundle adjustment
I20260910 06:19:33.629488 0x1fa65e140 incremental_pipeline.cc:791] Discarding reconstruction due to bad initial pair
I20260910 06:19:33.630232 0x1fa65e140 incremental_pipeline.cc:492] Registering initial image pair #1 and #4
I20260910 06:19:33.630345 0x1fa65e140 incremental_pipeline.cc:510] Global bundle adjustment
I20260910 06:19:33.630382 0x1fa65e140 incremental_pipeline.cc:791] Discarding reconstruction due to bad initial pair
I20260910 06:19:33.631152 0x1fa65e140 incremental_pipeline.cc:492] Registering initial image pair #1 and #4
I20260910 06:19:33.631260 0x1fa65e140 incremental_pipeline.cc:510] Global bundle adjustment
I20260910 06:19:33.631294 0x1fa65e140 incremental_pipeline.cc:791] Discarding reconstruction due to bad initial pair
I20260910 06:19:33.632258 0x1fa65e140 incremental_pipeline.cc:492] Registering initial image pair #1 and #4
I20260910 06:19:33.632366 0x1fa65e140 incremental_pipeline.cc:510] Global bundle adjustment
I20260910 06:19:33.632401 0x1fa65e140 incremental_pipeline.cc:791] Discarding reconstruction due to bad initial pair
I20260910 06:19:33.633127 0x1fa65e140 incremental_pipeline.cc:492] Registering initial image pair #1 and #4
I20260910 06:19:33.633235 0x1fa65e140 incremental_pipeline.cc:510] Global bundle adjustment
I20260910 06:19:33.633271 0x1fa65e140 incremental_pipeline.cc:791] Discarding reconstruction due to bad initial pair
I20260910 06:19:33.634105 0x1fa65e140 incremental_pipeline.cc:492] Registering initial image pair #1 and #4
I20260910 06:19:33.634213 0x1fa65e140 incremental_pipeline.cc:510] Global bundle adjustment
I20260910 06:19:33.634246 0x1fa65e140 incremental_pipeline.cc:791] Discarding reconstruction due to bad initial pair
I20260910 06:19:33.635322 0x1fa65e140 incremental_pipeline.cc:492] Registering initial image pair #1 and #4
I20260910 06:19:33.635431 0x1fa65e140 incremental_pipeline.cc:510] Global bundle adjustment
I20260910 06:19:33.635466 0x1fa65e140 incremental_pipeline.cc:791] Discarding reconstruction due to bad initial pair
I20260910 06:19:33.636432 0x1fa65e140 incremental_pipeline.cc:492] Registering initial image pair #1 and #4
I20260910 06:19:33.636540 0x1fa65e140 incremental_pipeline.cc:510] Global bundle adjustment
I20260910 06:19:33.636577 0x1fa65e140 incremental_pipeline.cc:791] Discarding reconstruction due to bad initial pair
I20260910 06:19:33.637751 0x1fa65e140 incremental_pipeline.cc:492] Registering initial image pair #1 and #4
I20260910 06:19:33.637859 0x1fa65e140 incremental_pipeline.cc:510] Global bundle adjustment
I20260910 06:19:33.637895 0x1fa65e140 incremental_pipeline.cc:791] Discarding reconstruction due to bad initial pair
I20260910 06:19:33.638726 0x1fa65e140 incremental_pipeline.cc:492] Registering initial image pair #1 and #4
I20260910 06:19:33.638834 0x1fa65e140 incremental_pipeline.cc:510] Global bundle adjustment
I20260910 06:19:33.638869 0x1fa65e140 incremental_pipeline.cc:791] Discarding reconstruction due to bad initial pair
I20260910 06:19:33.639844 0x1fa65e140 incremental_pipeline.cc:492] Registering initial image pair #1 and #4
I20260910 06:19:33.639952 0x1fa65e140 incremental_pipeline.cc:510] Global bundle adjustment
I20260910 06:19:33.639987 0x1fa65e140 incremental_pipeline.cc:791] Discarding reconstruction due to bad initial pair
I20260910 06:19:33.640753 0x1fa65e140 incremental_pipeline.cc:492] Registering initial image pair #1 and #4
I20260910 06:19:33.640861 0x1fa65e140 incremental_pipeline.cc:510] Global bundle adjustment
I20260910 06:19:33.640898 0x1fa65e140 incremental_pipeline.cc:791] Discarding reconstruction due to bad initial pair
I20260910 06:19:33.641560 0x1fa65e140 incremental_pipeline.cc:492] Registering initial image pair #1 and #4
I20260910 06:19:33.641668 0x1fa65e140 incremental_pipeline.cc:510] Global bundle adjustment
I20260910 06:19:33.641704 0x1fa65e140 incremental_pipeline.cc:791] Discarding reconstruction due to bad initial pair
I20260910 06:19:33.642504 0x1fa65e140 incremental_pipeline.cc:492] Registering initial image pair #1 and #4
I20260910 06:19:33.642613 0x1fa65e140 incremental_pipeline.cc:510] Global bundle adjustment
I20260910 06:19:33.642648 0x1fa65e140 incremental_pipeline.cc:791] Discarding reconstruction due to bad initial pair
I20260910 06:19:33.643412 0x1fa65e140 incremental_pipeline.cc:492] Registering initial image pair #1 and #4
I20260910 06:19:33.643522 0x1fa65e140 incremental_pipeline.cc:510] Global bundle adjustment
I20260910 06:19:33.643557 0x1fa65e140 incremental_pipeline.cc:791] Discarding reconstruction due to bad initial pair
I20260910 06:19:33.644380 0x1fa65e140 incremental_pipeline.cc:492] Registering initial image pair #1 and #4
I20260910 06:19:33.644488 0x1fa65e140 incremental_pipeline.cc:510] Global bundle adjustment
I20260910 06:19:33.644524 0x1fa65e140 incremental_pipeline.cc:791] Discarding reconstruction due to bad initial pair
I20260910 06:19:33.645454 0x1fa65e140 incremental_pipeline.cc:492] Registering initial image pair #1 and #4
I20260910 06:19:33.645563 0x1fa65e140 incremental_pipeline.cc:510] Global bundle adjustment
I20260910 06:19:33.645597 0x1fa65e140 incremental_pipeline.cc:791] Discarding reconstruction due to bad initial pair
I20260910 06:19:33.646483 0x1fa65e140 incremental_pipeline.cc:492] Registering initial image pair #1 and #4
I20260910 06:19:33.646589 0x1fa65e140 incremental_pipeline.cc:510] Global bundle adjustment
I20260910 06:19:33.646626 0x1fa65e140 incremental_pipeline.cc:791] Discarding reconstruction due to bad initial pair
I20260910 06:19:33.647450 0x1fa65e140 incremental_pipeline.cc:492] Registering initial image pair #1 and #4
I20260910 06:19:33.647559 0x1fa65e140 incremental_pipeline.cc:510] Global bundle adjustment
I20260910 06:19:33.647593 0x1fa65e140 incremental_pipeline.cc:791] Discarding reconstruction due to bad initial pair
I20260910 06:19:33.648327 0x1fa65e140 incremental_pipeline.cc:492] Registering initial image pair #1 and #4
I20260910 06:19:33.648435 0x1fa65e140 incremental_pipeline.cc:510] Global bundle adjustment
I20260910 06:19:33.648472 0x1fa65e140 incremental_pipeline.cc:791] Discarding reconstruction due to bad initial pair
I20260910 06:19:33.649461 0x1fa65e140 incremental_pipeline.cc:492] Registering initial image pair #1 and #4
I20260910 06:19:33.649567 0x1fa65e140 incremental_pipeline.cc:510] Global bundle adjustment
I20260910 06:19:33.649603 0x1fa65e140 incremental_pipeline.cc:791] Discarding reconstruction due to bad initial pair
I20260910 06:19:33.650387 0x1fa65e140 incremental_pipeline.cc:492] Registering initial image pair #1 and #4
I20260910 06:19:33.650495 0x1fa65e140 incremental_pipeline.cc:510] Global bundle adjustment
I20260910 06:19:33.650529 0x1fa65e140 incremental_pipeline.cc:791] Discarding reconstruction due to bad initial pair
I20260910 06:19:33.651220 0x1fa65e140 incremental_pipeline.cc:492] Registering initial image pair #1 and #4
I20260910 06:19:33.651326 0x1fa65e140 incremental_pipeline.cc:510] Global bundle adjustment
I20260910 06:19:33.651362 0x1fa65e140 incremental_pipeline.cc:791] Discarding reconstruction due to bad initial pair
I20260910 06:19:33.652197 0x1fa65e140 incremental_pipeline.cc:492] Registering initial image pair #1 and #4
I20260910 06:19:33.652305 0x1fa65e140 incremental_pipeline.cc:510] Global bundle adjustment
I20260910 06:19:33.652342 0x1fa65e140 incremental_pipeline.cc:791] Discarding reconstruction due to bad initial pair
I20260910 06:19:33.653382 0x1fa65e140 incremental_pipeline.cc:492] Registering initial image pair #1 and #4
I20260910 06:19:33.653491 0x1fa65e140 incremental_pipeline.cc:510] Global bundle adjustment
I20260910 06:19:33.653525 0x1fa65e140 incremental_pipeline.cc:791] Discarding reconstruction due to bad initial pair
I20260910 06:19:33.654452 0x1fa65e140 incremental_pipeline.cc:492] Registering initial image pair #1 and #4
I20260910 06:19:33.654558 0x1fa65e140 incremental_pipeline.cc:510] Global bundle adjustment
I20260910 06:19:33.654593 0x1fa65e140 incremental_pipeline.cc:791] Discarding reconstruction due to bad initial pair
I20260910 06:19:33.655393 0x1fa65e140 incremental_pipeline.cc:492] Registering initial image pair #1 and #4
I20260910 06:19:33.655499 0x1fa65e140 incremental_pipeline.cc:510] Global bundle adjustment
I20260910 06:19:33.655536 0x1fa65e140 incremental_pipeline.cc:791] Discarding reconstruction due to bad initial pair
I20260910 06:19:33.656715 0x1fa65e140 incremental_pipeline.cc:492] Registering initial image pair #1 and #4
I20260910 06:19:33.656829 0x1fa65e140 incremental_pipeline.cc:510] Global bundle adjustment
I20260910 06:19:33.656866 0x1fa65e140 incremental_pipeline.cc:791] Discarding reconstruction due to bad initial pair
I20260910 06:19:33.657684 0x1fa65e140 incremental_pipeline.cc:492] Registering initial image pair #1 and #4
I20260910 06:19:33.657795 0x1fa65e140 incremental_pipeline.cc:510] Global bundle adjustment
I20260910 06:19:33.657831 0x1fa65e140 incremental_pipeline.cc:791] Discarding reconstruction due to bad initial pair
I20260910 06:19:33.658622 0x1fa65e140 incremental_pipeline.cc:492] Registering initial image pair #1 and #4
I20260910 06:19:33.658730 0x1fa65e140 incremental_pipeline.cc:510] Global bundle adjustment
I20260910 06:19:33.658763 0x1fa65e140 incremental_pipeline.cc:791] Discarding reconstruction due to bad initial pair
I20260910 06:19:33.659831 0x1fa65e140 incremental_pipeline.cc:492] Registering initial image pair #1 and #4
I20260910 06:19:33.659939 0x1fa65e140 incremental_pipeline.cc:510] Global bundle adjustment
I20260910 06:19:33.659976 0x1fa65e140 incremental_pipeline.cc:791] Discarding reconstruction due to bad initial pair
I20260910 06:19:33.661038 0x1fa65e140 incremental_pipeline.cc:492] Registering initial image pair #1 and #4
I20260910 06:19:33.661147 0x1fa65e140 incremental_pipeline.cc:510] Global bundle adjustment
I20260910 06:19:33.661183 0x1fa65e140 incremental_pipeline.cc:791] Discarding reconstruction due to bad initial pair
I20260910 06:19:33.662141 0x1fa65e140 incremental_pipeline.cc:492] Registering initial image pair #1 and #4
I20260910 06:19:33.662249 0x1fa65e140 incremental_pipeline.cc:510] Global bundle adjustment
I20260910 06:19:33.662283 0x1fa65e140 incremental_pipeline.cc:791] Discarding reconstruction due to bad initial pair
I20260910 06:19:33.663067 0x1fa65e140 incremental_pipeline.cc:492] Registering initial image pair #1 and #4
I20260910 06:19:33.663173 0x1fa65e140 incremental_pipeline.cc:510] Global bundle adjustment
I20260910 06:19:33.663209 0x1fa65e140 incremental_pipeline.cc:791] Discarding reconstruction due to bad initial pair
I20260910 06:19:33.664034 0x1fa65e140 incremental_pipeline.cc:492] Registering initial image pair #1 and #4
I20260910 06:19:33.664143 0x1fa65e140 incremental_pipeline.cc:510] Global bundle adjustment
I20260910 06:19:33.664178 0x1fa65e140 incremental_pipeline.cc:791] Discarding reconstruction due to bad initial pair
I20260910 06:19:33.664938 0x1fa65e140 incremental_pipeline.cc:492] Registering initial image pair #1 and #4
I20260910 06:19:33.665047 0x1fa65e140 incremental_pipeline.cc:510] Global bundle adjustment
I20260910 06:19:33.665081 0x1fa65e140 incremental_pipeline.cc:791] Discarding reconstruction due to bad initial pair
I20260910 06:19:33.666300 0x1fa65e140 incremental_pipeline.cc:492] Registering initial image pair #1 and #4
I20260910 06:19:33.666405 0x1fa65e140 incremental_pipeline.cc:510] Global bundle adjustment
I20260910 06:19:33.666439 0x1fa65e140 incremental_pipeline.cc:791] Discarding reconstruction due to bad initial pair
I20260910 06:19:33.667201 0x1fa65e140 incremental_pipeline.cc:492] Registering initial image pair #1 and #4
I20260910 06:19:33.667312 0x1fa65e140 incremental_pipeline.cc:510] Global bundle adjustment
I20260910 06:19:33.667347 0x1fa65e140 incremental_pipeline.cc:791] Discarding reconstruction due to bad initial pair
I20260910 06:19:33.668235 0x1fa65e140 incremental_pipeline.cc:492] Registering initial image pair #1 and #4
I20260910 06:19:33.668340 0x1fa65e140 incremental_pipeline.cc:510] Global bundle adjustment
I20260910 06:19:33.668376 0x1fa65e140 incremental_pipeline.cc:791] Discarding reconstruction due to bad initial pair
I20260910 06:19:33.669182 0x1fa65e140 incremental_pipeline.cc:492] Registering initial image pair #1 and #4
I20260910 06:19:33.669290 0x1fa65e140 incremental_pipeline.cc:510] Global bundle adjustment
I20260910 06:19:33.669325 0x1fa65e140 incremental_pipeline.cc:791] Discarding reconstruction due to bad initial pair
I20260910 06:19:33.670028 0x1fa65e140 incremental_pipeline.cc:492] Registering initial image pair #1 and #4
I20260910 06:19:33.670138 0x1fa65e140 incremental_pipeline.cc:510] Global bundle adjustment
I20260910 06:19:33.670175 0x1fa65e140 incremental_pipeline.cc:791] Discarding reconstruction due to bad initial pair
I20260910 06:19:33.671008 0x1fa65e140 incremental_pipeline.cc:492] Registering initial image pair #1 and #4
I20260910 06:19:33.671117 0x1fa65e140 incremental_pipeline.cc:510] Global bundle adjustment
I20260910 06:19:33.671151 0x1fa65e140 incremental_pipeline.cc:791] Discarding reconstruction due to bad initial pair
I20260910 06:19:33.672314 0x1fa65e140 incremental_pipeline.cc:492] Registering initial image pair #1 and #4
I20260910 06:19:33.672422 0x1fa65e140 incremental_pipeline.cc:510] Global bundle adjustment
I20260910 06:19:33.672458 0x1fa65e140 incremental_pipeline.cc:791] Discarding reconstruction due to bad initial pair
I20260910 06:19:33.673315 0x1fa65e140 incremental_pipeline.cc:492] Registering initial image pair #1 and #4
I20260910 06:19:33.673422 0x1fa65e140 incremental_pipeline.cc:510] Global bundle adjustment
I20260910 06:19:33.673459 0x1fa65e140 incremental_pipeline.cc:791] Discarding reconstruction due to bad initial pair
I20260910 06:19:33.674270 0x1fa65e140 incremental_pipeline.cc:492] Registering initial image pair #1 and #4
I20260910 06:19:33.674378 0x1fa65e140 incremental_pipeline.cc:510] Global bundle adjustment
I20260910 06:19:33.674411 0x1fa65e140 incremental_pipeline.cc:791] Discarding reconstruction due to bad initial pair
I20260910 06:19:33.675394 0x1fa65e140 incremental_pipeline.cc:492] Registering initial image pair #1 and #4
I20260910 06:19:33.675500 0x1fa65e140 incremental_pipeline.cc:510] Global bundle adjustment
I20260910 06:19:33.675537 0x1fa65e140 incremental_pipeline.cc:791] Discarding reconstruction due to bad initial pair
I20260910 06:19:33.676479 0x1fa65e140 incremental_pipeline.cc:492] Registering initial image pair #1 and #4
I20260910 06:19:33.676587 0x1fa65e140 incremental_pipeline.cc:510] Global bundle adjustment
I20260910 06:19:33.676623 0x1fa65e140 incremental_pipeline.cc:791] Discarding reconstruction due to bad initial pair
I20260910 06:19:33.677374 0x1fa65e140 incremental_pipeline.cc:492] Registering initial image pair #1 and #4
I20260910 06:19:33.677482 0x1fa65e140 incremental_pipeline.cc:510] Global bundle adjustment
I20260910 06:19:33.677517 0x1fa65e140 incremental_pipeline.cc:791] Discarding reconstruction due to bad initial pair
I20260910 06:19:33.678313 0x1fa65e140 incremental_pipeline.cc:492] Registering initial image pair #1 and #4
I20260910 06:19:33.678421 0x1fa65e140 incremental_pipeline.cc:510] Global bundle adjustment
I20260910 06:19:33.678455 0x1fa65e140 incremental_pipeline.cc:791] Discarding reconstruction due to bad initial pair
I20260910 06:19:33.679472 0x1fa65e140 incremental_pipeline.cc:492] Registering initial image pair #1 and #4
I20260910 06:19:33.679580 0x1fa65e140 incremental_pipeline.cc:510] Global bundle adjustment
I20260910 06:19:33.679613 0x1fa65e140 incremental_pipeline.cc:791] Discarding reconstruction due to bad initial pair
I20260910 06:19:33.680501 0x1fa65e140 incremental_pipeline.cc:492] Registering initial image pair #1 and #4
I20260910 06:19:33.680610 0x1fa65e140 incremental_pipeline.cc:510] Global bundle adjustment
I20260910 06:19:33.680646 0x1fa65e140 incremental_pipeline.cc:791] Discarding reconstruction due to bad initial pair
I20260910 06:19:33.681569 0x1fa65e140 incremental_pipeline.cc:492] Registering initial image pair #1 and #4
I20260910 06:19:33.681677 0x1fa65e140 incremental_pipeline.cc:510] Global bundle adjustment
I20260910 06:19:33.681713 0x1fa65e140 incremental_pipeline.cc:791] Discarding reconstruction due to bad initial pair
I20260910 06:19:33.682590 0x1fa65e140 incremental_pipeline.cc:492] Registering initial image pair #1 and #4
I20260910 06:19:33.682696 0x1fa65e140 incremental_pipeline.cc:510] Global bundle adjustment
I20260910 06:19:33.682731 0x1fa65e140 incremental_pipeline.cc:791] Discarding reconstruction due to bad initial pair
I20260910 06:19:33.683545 0x1fa65e140 incremental_pipeline.cc:492] Registering initial image pair #1 and #4
I20260910 06:19:33.683653 0x1fa65e140 incremental_pipeline.cc:510] Global bundle adjustment
I20260910 06:19:33.683689 0x1fa65e140 incremental_pipeline.cc:791] Discarding reconstruction due to bad initial pair
I20260910 06:19:33.684618 0x1fa65e140 incremental_pipeline.cc:492] Registering initial image pair #1 and #4
I20260910 06:19:33.684727 0x1fa65e140 incremental_pipeline.cc:510] Global bundle adjustment
I20260910 06:19:33.684764 0x1fa65e140 incremental_pipeline.cc:791] Discarding reconstruction due to bad initial pair
I20260910 06:19:33.685575 0x1fa65e140 incremental_pipeline.cc:492] Registering initial image pair #1 and #4
I20260910 06:19:33.685684 0x1fa65e140 incremental_pipeline.cc:510] Global bundle adjustment
I20260910 06:19:33.685719 0x1fa65e140 incremental_pipeline.cc:791] Discarding reconstruction due to bad initial pair
I20260910 06:19:33.686583 0x1fa65e140 incremental_pipeline.cc:492] Registering initial image pair #1 and #4
I20260910 06:19:33.686691 0x1fa65e140 incremental_pipeline.cc:510] Global bundle adjustment
I20260910 06:19:33.686724 0x1fa65e140 incremental_pipeline.cc:791] Discarding reconstruction due to bad initial pair
I20260910 06:19:33.687492 0x1fa65e140 incremental_pipeline.cc:492] Registering initial image pair #1 and #4
I20260910 06:19:33.687601 0x1fa65e140 incremental_pipeline.cc:510] Global bundle adjustment
I20260910 06:19:33.687635 0x1fa65e140 incremental_pipeline.cc:791] Discarding reconstruction due to bad initial pair
I20260910 06:19:33.688394 0x1fa65e140 incremental_pipeline.cc:492] Registering initial image pair #1 and #4
I20260910 06:19:33.688501 0x1fa65e140 incremental_pipeline.cc:510] Global bundle adjustment
I20260910 06:19:33.688537 0x1fa65e140 incremental_pipeline.cc:791] Discarding reconstruction due to bad initial pair
I20260910 06:19:33.689471 0x1fa65e140 incremental_pipeline.cc:492] Registering initial image pair #1 and #4
I20260910 06:19:33.689579 0x1fa65e140 incremental_pipeline.cc:510] Global bundle adjustment
I20260910 06:19:33.689616 0x1fa65e140 incremental_pipeline.cc:791] Discarding reconstruction due to bad initial pair
I20260910 06:19:33.690452 0x1fa65e140 incremental_pipeline.cc:492] Registering initial image pair #1 and #4
I20260910 06:19:33.690560 0x1fa65e140 incremental_pipeline.cc:510] Global bundle adjustment
I20260910 06:19:33.690597 0x1fa65e140 incremental_pipeline.cc:791] Discarding reconstruction due to bad initial pair
I20260910 06:19:33.691397 0x1fa65e140 incremental_pipeline.cc:492] Registering initial image pair #1 and #4
I20260910 06:19:33.691505 0x1fa65e140 incremental_pipeline.cc:510] Global bundle adjustment
I20260910 06:19:33.691542 0x1fa65e140 incremental_pipeline.cc:791] Discarding reconstruction due to bad initial pair
I20260910 06:19:33.692259 0x1fa65e140 incremental_pipeline.cc:492] Registering initial image pair #1 and #4
I20260910 06:19:33.692367 0x1fa65e140 incremental_pipeline.cc:510] Global bundle adjustment
I20260910 06:19:33.692403 0x1fa65e140 incremental_pipeline.cc:791] Discarding reconstruction due to bad initial pair
I20260910 06:19:33.693146 0x1fa65e140 incremental_pipeline.cc:492] Registering initial image pair #1 and #4
I20260910 06:19:33.693254 0x1fa65e140 incremental_pipeline.cc:510] Global bundle adjustment
I20260910 06:19:33.693291 0x1fa65e140 incremental_pipeline.cc:791] Discarding reconstruction due to bad initial pair
I20260910 06:19:33.694331 0x1fa65e140 incremental_pipeline.cc:492] Registering initial image pair #1 and #4
I20260910 06:19:33.694439 0x1fa65e140 incremental_pipeline.cc:510] Global bundle adjustment
I20260910 06:19:33.694473 0x1fa65e140 incremental_pipeline.cc:791] Discarding reconstruction due to bad initial pair
I20260910 06:19:33.695241 0x1fa65e140 incremental_pipeline.cc:492] Registering initial image pair #1 and #4
I20260910 06:19:33.695350 0x1fa65e140 incremental_pipeline.cc:510] Global bundle adjustment
I20260910 06:19:33.695385 0x1fa65e140 incremental_pipeline.cc:791] Discarding reconstruction due to bad initial pair
I20260910 06:19:33.696614 0x1fa65e140 incremental_pipeline.cc:492] Registering initial image pair #1 and #4
I20260910 06:19:33.696722 0x1fa65e140 incremental_pipeline.cc:510] Global bundle adjustment
I20260910 06:19:33.696758 0x1fa65e140 incremental_pipeline.cc:791] Discarding reconstruction due to bad initial pair
I20260910 06:19:33.697624 0x1fa65e140 incremental_pipeline.cc:492] Registering initial image pair #1 and #4
I20260910 06:19:33.697732 0x1fa65e140 incremental_pipeline.cc:510] Global bundle adjustment
I20260910 06:19:33.697768 0x1fa65e140 incremental_pipeline.cc:791] Discarding reconstruction due to bad initial pair
I20260910 06:19:33.698538 0x1fa65e140 incremental_pipeline.cc:492] Registering initial image pair #1 and #4
I20260910 06:19:33.698646 0x1fa65e140 incremental_pipeline.cc:510] Global bundle adjustment
I20260910 06:19:33.698681 0x1fa65e140 incremental_pipeline.cc:791] Discarding reconstruction due to bad initial pair
I20260910 06:19:33.699844 0x1fa65e140 incremental_pipeline.cc:492] Registering initial image pair #1 and #4
I20260910 06:19:33.699954 0x1fa65e140 incremental_pipeline.cc:510] Global bundle adjustment
I20260910 06:19:33.699991 0x1fa65e140 incremental_pipeline.cc:791] Discarding reconstruction due to bad initial pair
I20260910 06:19:33.700813 0x1fa65e140 incremental_pipeline.cc:492] Registering initial image pair #1 and #4
I20260910 06:19:33.700921 0x1fa65e140 incremental_pipeline.cc:510] Global bundle adjustment
I20260910 06:19:33.700958 0x1fa65e140 incremental_pipeline.cc:791] Discarding reconstruction due to bad initial pair
I20260910 06:19:33.701704 0x1fa65e140 incremental_pipeline.cc:492] Registering initial image pair #1 and #4
I20260910 06:19:33.701812 0x1fa65e140 incremental_pipeline.cc:510] Global bundle adjustment
I20260910 06:19:33.701848 0x1fa65e140 incremental_pipeline.cc:791] Discarding reconstruction due to bad initial pair
I20260910 06:19:33.702670 0x1fa65e140 incremental_pipeline.cc:492] Registering initial image pair #1 and #4
I20260910 06:19:33.702778 0x1fa65e140 incremental_pipeline.cc:510] Global bundle adjustment
I20260910 06:19:33.702812 0x1fa65e140 incremental_pipeline.cc:791] Discarding reconstruction due to bad initial pair
I20260910 06:19:33.703548 0x1fa65e140 incremental_pipeline.cc:492] Registering initial image pair #1 and #4
I20260910 06:19:33.703656 0x1fa65e140 incremental_pipeline.cc:510] Global bundle adjustment
I20260910 06:19:33.703690 0x1fa65e140 incremental_pipeline.cc:791] Discarding reconstruction due to bad initial pair
I20260910 06:19:33.704662 0x1fa65e140 incremental_pipeline.cc:492] Registering initial image pair #1 and #4
I20260910 06:19:33.704771 0x1fa65e140 incremental_pipeline.cc:510] Global bundle adjustment
I20260910 06:19:33.704806 0x1fa65e140 incremental_pipeline.cc:791] Discarding reconstruction due to bad initial pair
I20260910 06:19:33.705557 0x1fa65e140 incremental_pipeline.cc:492] Registering initial image pair #1 and #4
I20260910 06:19:33.705665 0x1fa65e140 incremental_pipeline.cc:510] Global bundle adjustment
I20260910 06:19:33.705700 0x1fa65e140 incremental_pipeline.cc:791] Discarding reconstruction due to bad initial pair
I20260910 06:19:33.706421 0x1fa65e140 incremental_pipeline.cc:492] Registering initial image pair #1 and #4
I20260910 06:19:33.706530 0x1fa65e140 incremental_pipeline.cc:510] Global bundle adjustment
I20260910 06:19:33.706564 0x1fa65e140 incremental_pipeline.cc:791] Discarding reconstruction due to bad initial pair
I20260910 06:19:33.707465 0x1fa65e140 incremental_pipeline.cc:492] Registering initial image pair #1 and #4
I20260910 06:19:33.707573 0x1fa65e140 incremental_pipeline.cc:510] Global bundle adjustment
I20260910 06:19:33.707608 0x1fa65e140 incremental_pipeline.cc:791] Discarding reconstruction due to bad initial pair
I20260910 06:19:33.708560 0x1fa65e140 incremental_pipeline.cc:492] Registering initial image pair #1 and #4
I20260910 06:19:33.708666 0x1fa65e140 incremental_pipeline.cc:510] Global bundle adjustment
I20260910 06:19:33.708699 0x1fa65e140 incremental_pipeline.cc:791] Discarding reconstruction due to bad initial pair
I20260910 06:19:33.709623 0x1fa65e140 incremental_pipeline.cc:492] Registering initial image pair #1 and #4
I20260910 06:19:33.709731 0x1fa65e140 incremental_pipeline.cc:510] Global bundle adjustment
I20260910 06:19:33.709768 0x1fa65e140 incremental_pipeline.cc:791] Discarding reconstruction due to bad initial pair
I20260910 06:19:33.710517 0x1fa65e140 incremental_pipeline.cc:492] Registering initial image pair #1 and #4
I20260910 06:19:33.710625 0x1fa65e140 incremental_pipeline.cc:510] Global bundle adjustment
I20260910 06:19:33.710660 0x1fa65e140 incremental_pipeline.cc:791] Discarding reconstruction due to bad initial pair
I20260910 06:19:33.711985 0x1fa65e140 incremental_pipeline.cc:492] Registering initial image pair #1 and #4
I20260910 06:19:33.712093 0x1fa65e140 incremental_pipeline.cc:510] Global bundle adjustment
I20260910 06:19:33.712130 0x1fa65e140 incremental_pipeline.cc:791] Discarding reconstruction due to bad initial pair
I20260910 06:19:33.713123 0x1fa65e140 incremental_pipeline.cc:492] Registering initial image pair #1 and #4
I20260910 06:19:33.713232 0x1fa65e140 incremental_pipeline.cc:510] Global bundle adjustment
I20260910 06:19:33.713267 0x1fa65e140 incremental_pipeline.cc:791] Discarding reconstruction due to bad initial pair
I20260910 06:19:33.714235 0x1fa65e140 incremental_pipeline.cc:492] Registering initial image pair #1 and #4
I20260910 06:19:33.714341 0x1fa65e140 incremental_pipeline.cc:510] Global bundle adjustment
I20260910 06:19:33.714377 0x1fa65e140 incremental_pipeline.cc:791] Discarding reconstruction due to bad initial pair
I20260910 06:19:33.715357 0x1fa65e140 incremental_pipeline.cc:492] Registering initial image pair #1 and #4
I20260910 06:19:33.715468 0x1fa65e140 incremental_pipeline.cc:510] Global bundle adjustment
I20260910 06:19:33.715505 0x1fa65e140 incremental_pipeline.cc:791] Discarding reconstruction due to bad initial pair
I20260910 06:19:33.716381 0x1fa65e140 incremental_pipeline.cc:492] Registering initial image pair #1 and #4
I20260910 06:19:33.716489 0x1fa65e140 incremental_pipeline.cc:510] Global bundle adjustment
I20260910 06:19:33.716526 0x1fa65e140 incremental_pipeline.cc:791] Discarding reconstruction due to bad initial pair
I20260910 06:19:33.717733 0x1fa65e140 incremental_pipeline.cc:492] Registering initial image pair #1 and #4
I20260910 06:19:33.717839 0x1fa65e140 incremental_pipeline.cc:510] Global bundle adjustment
I20260910 06:19:33.717874 0x1fa65e140 incremental_pipeline.cc:791] Discarding reconstruction due to bad initial pair
I20260910 06:19:33.718773 0x1fa65e140 incremental_pipeline.cc:492] Registering initial image pair #1 and #4
I20260910 06:19:33.718881 0x1fa65e140 incremental_pipeline.cc:510] Global bundle adjustment
I20260910 06:19:33.718916 0x1fa65e140 incremental_pipeline.cc:791] Discarding reconstruction due to bad initial pair
I20260910 06:19:33.719827 0x1fa65e140 incremental_pipeline.cc:492] Registering initial image pair #1 and #4
I20260910 06:19:33.719933 0x1fa65e140 incremental_pipeline.cc:510] Global bundle adjustment
I20260910 06:19:33.719966 0x1fa65e140 incremental_pipeline.cc:791] Discarding reconstruction due to bad initial pair
I20260910 06:19:33.720709 0x1fa65e140 incremental_pipeline.cc:492] Registering initial image pair #1 and #4
I20260910 06:19:33.720817 0x1fa65e140 incremental_pipeline.cc:510] Global bundle adjustment
I20260910 06:19:33.720854 0x1fa65e140 incremental_pipeline.cc:791] Discarding reconstruction due to bad initial pair
I20260910 06:19:33.721830 0x1fa65e140 incremental_pipeline.cc:492] Registering initial image pair #1 and #4
I20260910 06:19:33.721938 0x1fa65e140 incremental_pipeline.cc:510] Global bundle adjustment
I20260910 06:19:33.721978 0x1fa65e140 incremental_pipeline.cc:791] Discarding reconstruction due to bad initial pair
I20260910 06:19:33.722730 0x1fa65e140 incremental_pipeline.cc:492] Registering initial image pair #1 and #4
I20260910 06:19:33.722839 0x1fa65e140 incremental_pipeline.cc:510] Global bundle adjustment
I20260910 06:19:33.722874 0x1fa65e140 incremental_pipeline.cc:791] Discarding reconstruction due to bad initial pair
I20260910 06:19:33.723729 0x1fa65e140 incremental_pipeline.cc:492] Registering initial image pair #1 and #4
I20260910 06:19:33.723838 0x1fa65e140 incremental_pipeline.cc:510] Global bundle adjustment
I20260910 06:19:33.723873 0x1fa65e140 incremental_pipeline.cc:791] Discarding reconstruction due to bad initial pair
I20260910 06:19:33.724712 0x1fa65e140 incremental_pipeline.cc:492] Registering initial image pair #1 and #4
I20260910 06:19:33.724820 0x1fa65e140 incremental_pipeline.cc:510] Global bundle adjustment
I20260910 06:19:33.724856 0x1fa65e140 incremental_pipeline.cc:791] Discarding reconstruction due to bad initial pair
I20260910 06:19:33.725818 0x1fa65e140 incremental_pipeline.cc:492] Registering initial image pair #1 and #4
I20260910 06:19:33.725926 0x1fa65e140 incremental_pipeline.cc:510] Global bundle adjustment
I20260910 06:19:33.725962 0x1fa65e140 incremental_pipeline.cc:791] Discarding reconstruction due to bad initial pair
I20260910 06:19:33.726804 0x1fa65e140 incremental_pipeline.cc:492] Registering initial image pair #1 and #4
I20260910 06:19:33.726912 0x1fa65e140 incremental_pipeline.cc:510] Global bundle adjustment
I20260910 06:19:33.726948 0x1fa65e140 incremental_pipeline.cc:791] Discarding reconstruction due to bad initial pair
I20260910 06:19:33.727896 0x1fa65e140 incremental_pipeline.cc:492] Registering initial image pair #1 and #4
I20260910 06:19:33.728006 0x1fa65e140 incremental_pipeline.cc:510] Global bundle adjustment
I20260910 06:19:33.728043 0x1fa65e140 incremental_pipeline.cc:791] Discarding reconstruction due to bad initial pair
I20260910 06:19:33.729337 0x1fa65e140 incremental_pipeline.cc:492] Registering initial image pair #1 and #4
I20260910 06:19:33.729445 0x1fa65e140 incremental_pipeline.cc:510] Global bundle adjustment
I20260910 06:19:33.729481 0x1fa65e140 incremental_pipeline.cc:791] Discarding reconstruction due to bad initial pair
I20260910 06:19:33.730601 0x1fa65e140 incremental_pipeline.cc:492] Registering initial image pair #1 and #4
I20260910 06:19:33.730709 0x1fa65e140 incremental_pipeline.cc:510] Global bundle adjustment
I20260910 06:19:33.730746 0x1fa65e140 incremental_pipeline.cc:791] Discarding reconstruction due to bad initial pair
I20260910 06:19:33.731776 0x1fa65e140 incremental_pipeline.cc:492] Registering initial image pair #1 and #4
I20260910 06:19:33.731882 0x1fa65e140 incremental_pipeline.cc:510] Global bundle adjustment
I20260910 06:19:33.731916 0x1fa65e140 incremental_pipeline.cc:791] Discarding reconstruction due to bad initial pair
I20260910 06:19:33.732648 0x1fa65e140 incremental_pipeline.cc:492] Registering initial image pair #1 and #4
I20260910 06:19:33.732756 0x1fa65e140 incremental_pipeline.cc:510] Global bundle adjustment
I20260910 06:19:33.732791 0x1fa65e140 incremental_pipeline.cc:791] Discarding reconstruction due to bad initial pair
I20260910 06:19:33.733507 0x1fa65e140 incremental_pipeline.cc:492] Registering initial image pair #1 and #4
I20260910 06:19:33.733615 0x1fa65e140 incremental_pipeline.cc:510] Global bundle adjustment
I20260910 06:19:33.733652 0x1fa65e140 incremental_pipeline.cc:791] Discarding reconstruction due to bad initial pair
I20260910 06:19:33.734750 0x1fa65e140 incremental_pipeline.cc:492] Registering initial image pair #1 and #4
I20260910 06:19:33.734858 0x1fa65e140 incremental_pipeline.cc:510] Global bundle adjustment
I20260910 06:19:33.734893 0x1fa65e140 incremental_pipeline.cc:791] Discarding reconstruction due to bad initial pair
I20260910 06:19:33.735702 0x1fa65e140 incremental_pipeline.cc:492] Registering initial image pair #1 and #4
I20260910 06:19:33.735810 0x1fa65e140 incremental_pipeline.cc:510] Global bundle adjustment
I20260910 06:19:33.735846 0x1fa65e140 incremental_pipeline.cc:791] Discarding reconstruction due to bad initial pair
I20260910 06:19:33.736887 0x1fa65e140 incremental_pipeline.cc:492] Registering initial image pair #1 and #4
I20260910 06:19:33.736995 0x1fa65e140 incremental_pipeline.cc:510] Global bundle adjustment
I20260910 06:19:33.737030 0x1fa65e140 incremental_pipeline.cc:791] Discarding reconstruction due to bad initial pair
I20260910 06:19:33.737874 0x1fa65e140 incremental_pipeline.cc:492] Registering initial image pair #1 and #4
I20260910 06:19:33.737983 0x1fa65e140 incremental_pipeline.cc:510] Global bundle adjustment
I20260910 06:19:33.738020 0x1fa65e140 incremental_pipeline.cc:791] Discarding reconstruction due to bad initial pair
I20260910 06:19:33.738869 0x1fa65e140 incremental_pipeline.cc:492] Registering initial image pair #1 and #4
I20260910 06:19:33.738977 0x1fa65e140 incremental_pipeline.cc:510] Global bundle adjustment
I20260910 06:19:33.739013 0x1fa65e140 incremental_pipeline.cc:791] Discarding reconstruction due to bad initial pair
I20260910 06:19:33.739806 0x1fa65e140 incremental_pipeline.cc:492] Registering initial image pair #1 and #4
I20260910 06:19:33.739915 0x1fa65e140 incremental_pipeline.cc:510] Global bundle adjustment
I20260910 06:19:33.739949 0x1fa65e140 incremental_pipeline.cc:791] Discarding reconstruction due to bad initial pair
I20260910 06:19:33.740952 0x1fa65e140 incremental_pipeline.cc:492] Registering initial image pair #1 and #4
I20260910 06:19:33.741063 0x1fa65e140 incremental_pipeline.cc:510] Global bundle adjustment
I20260910 06:19:33.741099 0x1fa65e140 incremental_pipeline.cc:791] Discarding reconstruction due to bad initial pair
I20260910 06:19:33.741893 0x1fa65e140 incremental_pipeline.cc:492] Registering initial image pair #1 and #4
I20260910 06:19:33.741999 0x1fa65e140 incremental_pipeline.cc:510] Global bundle adjustment
I20260910 06:19:33.742035 0x1fa65e140 incremental_pipeline.cc:791] Discarding reconstruction due to bad initial pair
I20260910 06:19:33.742799 0x1fa65e140 incremental_pipeline.cc:492] Registering initial image pair #1 and #4
I20260910 06:19:33.742908 0x1fa65e140 incremental_pipeline.cc:510] Global bundle adjustment
I20260910 06:19:33.742944 0x1fa65e140 incremental_pipeline.cc:791] Discarding reconstruction due to bad initial pair
I20260910 06:19:33.743737 0x1fa65e140 incremental_pipeline.cc:492] Registering initial image pair #1 and #4
I20260910 06:19:33.743845 0x1fa65e140 incremental_pipeline.cc:510] Global bundle adjustment
I20260910 06:19:33.743882 0x1fa65e140 incremental_pipeline.cc:791] Discarding reconstruction due to bad initial pair
I20260910 06:19:33.744599 0x1fa65e140 incremental_pipeline.cc:492] Registering initial image pair #1 and #4
I20260910 06:19:33.744707 0x1fa65e140 incremental_pipeline.cc:510] Global bundle adjustment
I20260910 06:19:33.744742 0x1fa65e140 incremental_pipeline.cc:791] Discarding reconstruction due to bad initial pair
I20260910 06:19:33.745540 0x1fa65e140 incremental_pipeline.cc:492] Registering initial image pair #1 and #4
I20260910 06:19:33.745646 0x1fa65e140 incremental_pipeline.cc:510] Global bundle adjustment
I20260910 06:19:33.745682 0x1fa65e140 incremental_pipeline.cc:791] Discarding reconstruction due to bad initial pair
I20260910 06:19:33.746590 0x1fa65e140 incremental_pipeline.cc:492] Registering initial image pair #1 and #4
I20260910 06:19:33.746698 0x1fa65e140 incremental_pipeline.cc:510] Global bundle adjustment
I20260910 06:19:33.746735 0x1fa65e140 incremental_pipeline.cc:791] Discarding reconstruction due to bad initial pair
I20260910 06:19:33.747455 0x1fa65e140 incremental_pipeline.cc:492] Registering initial image pair #1 and #4
I20260910 06:19:33.747564 0x1fa65e140 incremental_pipeline.cc:510] Global bundle adjustment
I20260910 06:19:33.747598 0x1fa65e140 incremental_pipeline.cc:791] Discarding reconstruction due to bad initial pair
I20260910 06:19:33.748268 0x1fa65e140 incremental_pipeline.cc:492] Registering initial image pair #1 and #4
I20260910 06:19:33.748376 0x1fa65e140 incremental_pipeline.cc:510] Global bundle adjustment
I20260910 06:19:33.748411 0x1fa65e140 incremental_pipeline.cc:791] Discarding reconstruction due to bad initial pair
I20260910 06:19:33.749259 0x1fa65e140 incremental_pipeline.cc:492] Registering initial image pair #1 and #4
I20260910 06:19:33.749367 0x1fa65e140 incremental_pipeline.cc:510] Global bundle adjustment
I20260910 06:19:33.749408 0x1fa65e140 incremental_pipeline.cc:791] Discarding reconstruction due to bad initial pair
I20260910 06:19:33.750260 0x1fa65e140 incremental_pipeline.cc:492] Registering initial image pair #1 and #4
I20260910 06:19:33.750368 0x1fa65e140 incremental_pipeline.cc:510] Global bundle adjustment
I20260910 06:19:33.750405 0x1fa65e140 incremental_pipeline.cc:791] Discarding reconstruction due to bad initial pair
I20260910 06:19:33.751217 0x1fa65e140 incremental_pipeline.cc:492] Registering initial image pair #1 and #4
I20260910 06:19:33.751326 0x1fa65e140 incremental_pipeline.cc:510] Global bundle adjustment
I20260910 06:19:33.751362 0x1fa65e140 incremental_pipeline.cc:791] Discarding reconstruction due to bad initial pair
I20260910 06:19:33.752251 0x1fa65e140 incremental_pipeline.cc:492] Registering initial image pair #1 and #4
I20260910 06:19:33.752359 0x1fa65e140 incremental_pipeline.cc:510] Global bundle adjustment
I20260910 06:19:33.752392 0x1fa65e140 incremental_pipeline.cc:791] Discarding reconstruction due to bad initial pair
I20260910 06:19:33.753750 0x1fa65e140 incremental_pipeline.cc:492] Registering initial image pair #1 and #4
I20260910 06:19:33.753857 0x1fa65e140 incremental_pipeline.cc:510] Global bundle adjustment
I20260910 06:19:33.753890 0x1fa65e140 incremental_pipeline.cc:791] Discarding reconstruction due to bad initial pair
I20260910 06:19:33.754643 0x1fa65e140 incremental_pipeline.cc:492] Registering initial image pair #1 and #4
I20260910 06:19:33.754751 0x1fa65e140 incremental_pipeline.cc:510] Global bundle adjustment
I20260910 06:19:33.754787 0x1fa65e140 incremental_pipeline.cc:791] Discarding reconstruction due to bad initial pair
I20260910 06:19:33.755890 0x1fa65e140 incremental_pipeline.cc:492] Registering initial image pair #1 and #4
I20260910 06:19:33.755999 0x1fa65e140 incremental_pipeline.cc:510] Global bundle adjustment
I20260910 06:19:33.756035 0x1fa65e140 incremental_pipeline.cc:791] Discarding reconstruction due to bad initial pair
I20260910 06:19:33.756732 0x1fa65e140 incremental_pipeline.cc:492] Registering initial image pair #1 and #4
I20260910 06:19:33.756841 0x1fa65e140 incremental_pipeline.cc:510] Global bundle adjustment
I20260910 06:19:33.756875 0x1fa65e140 incremental_pipeline.cc:791] Discarding reconstruction due to bad initial pair
I20260910 06:19:33.757758 0x1fa65e140 incremental_pipeline.cc:492] Registering initial image pair #1 and #4
I20260910 06:19:33.757866 0x1fa65e140 incremental_pipeline.cc:510] Global bundle adjustment
I20260910 06:19:33.757903 0x1fa65e140 incremental_pipeline.cc:791] Discarding reconstruction due to bad initial pair
I20260910 06:19:33.758717 0x1fa65e140 incremental_pipeline.cc:492] Registering initial image pair #1 and #4
I20260910 06:19:33.758828 0x1fa65e140 incremental_pipeline.cc:510] Global bundle adjustment
I20260910 06:19:33.758865 0x1fa65e140 incremental_pipeline.cc:791] Discarding reconstruction due to bad initial pair
I20260910 06:19:33.759993 0x1fa65e140 incremental_pipeline.cc:492] Registering initial image pair #1 and #4
I20260910 06:19:33.760101 0x1fa65e140 incremental_pipeline.cc:510] Global bundle adjustment
I20260910 06:19:33.760138 0x1fa65e140 incremental_pipeline.cc:791] Discarding reconstruction due to bad initial pair
I20260910 06:19:33.761045 0x1fa65e140 incremental_pipeline.cc:492] Registering initial image pair #1 and #4
I20260910 06:19:33.761153 0x1fa65e140 incremental_pipeline.cc:510] Global bundle adjustment
I20260910 06:19:33.761188 0x1fa65e140 incremental_pipeline.cc:791] Discarding reconstruction due to bad initial pair
I20260910 06:19:33.761967 0x1fa65e140 incremental_pipeline.cc:492] Registering initial image pair #1 and #4
I20260910 06:19:33.762079 0x1fa65e140 incremental_pipeline.cc:510] Global bundle adjustment
I20260910 06:19:33.762113 0x1fa65e140 incremental_pipeline.cc:791] Discarding reconstruction due to bad initial pair
I20260910 06:19:33.762838 0x1fa65e140 incremental_pipeline.cc:492] Registering initial image pair #1 and #4
I20260910 06:19:33.762946 0x1fa65e140 incremental_pipeline.cc:510] Global bundle adjustment
I20260910 06:19:33.762986 0x1fa65e140 incremental_pipeline.cc:791] Discarding reconstruction due to bad initial pair
I20260910 06:19:33.764515 0x1fa65e140 incremental_pipeline.cc:492] Registering initial image pair #1 and #4
I20260910 06:19:33.764623 0x1fa65e140 incremental_pipeline.cc:510] Global bundle adjustment
I20260910 06:19:33.764659 0x1fa65e140 incremental_pipeline.cc:791] Discarding reconstruction due to bad initial pair
I20260910 06:19:33.765588 0x1fa65e140 incremental_pipeline.cc:492] Registering initial image pair #1 and #4
I20260910 06:19:33.765696 0x1fa65e140 incremental_pipeline.cc:510] Global bundle adjustment
I20260910 06:19:33.765733 0x1fa65e140 incremental_pipeline.cc:791] Discarding reconstruction due to bad initial pair
I20260910 06:19:33.766521 0x1fa65e140 incremental_pipeline.cc:492] Registering initial image pair #1 and #4
I20260910 06:19:33.766629 0x1fa65e140 incremental_pipeline.cc:510] Global bundle adjustment
I20260910 06:19:33.766666 0x1fa65e140 incremental_pipeline.cc:791] Discarding reconstruction due to bad initial pair
I20260910 06:19:33.767457 0x1fa65e140 incremental_pipeline.cc:492] Registering initial image pair #1 and #4
I20260910 06:19:33.767565 0x1fa65e140 incremental_pipeline.cc:510] Global bundle adjustment
I20260910 06:19:33.767601 0x1fa65e140 incremental_pipeline.cc:791] Discarding reconstruction due to bad initial pair
I20260910 06:19:33.768372 0x1fa65e140 incremental_pipeline.cc:492] Registering initial image pair #1 and #4
I20260910 06:19:33.768478 0x1fa65e140 incremental_pipeline.cc:510] Global bundle adjustment
I20260910 06:19:33.768514 0x1fa65e140 incremental_pipeline.cc:791] Discarding reconstruction due to bad initial pair
I20260910 06:19:33.769484 0x1fa65e140 incremental_pipeline.cc:492] Registering initial image pair #1 and #4
I20260910 06:19:33.769590 0x1fa65e140 incremental_pipeline.cc:510] Global bundle adjustment
I20260910 06:19:33.769626 0x1fa65e140 incremental_pipeline.cc:791] Discarding reconstruction due to bad initial pair
I20260910 06:19:33.770702 0x1fa65e140 incremental_pipeline.cc:492] Registering initial image pair #1 and #4
I20260910 06:19:33.770810 0x1fa65e140 incremental_pipeline.cc:510] Global bundle adjustment
I20260910 06:19:33.770846 0x1fa65e140 incremental_pipeline.cc:791] Discarding reconstruction due to bad initial pair
I20260910 06:19:33.771655 0x1fa65e140 incremental_pipeline.cc:492] Registering initial image pair #1 and #4
I20260910 06:19:33.771766 0x1fa65e140 incremental_pipeline.cc:510] Global bundle adjustment
I20260910 06:19:33.771803 0x1fa65e140 incremental_pipeline.cc:791] Discarding reconstruction due to bad initial pair
I20260910 06:19:33.772980 0x1fa65e140 incremental_pipeline.cc:492] Registering initial image pair #1 and #4
I20260910 06:19:33.773089 0x1fa65e140 incremental_pipeline.cc:510] Global bundle adjustment
I20260910 06:19:33.773126 0x1fa65e140 incremental_pipeline.cc:791] Discarding reconstruction due to bad initial pair
I20260910 06:19:33.774083 0x1fa65e140 incremental_pipeline.cc:492] Registering initial image pair #1 and #4
I20260910 06:19:33.774191 0x1fa65e140 incremental_pipeline.cc:510] Global bundle adjustment
I20260910 06:19:33.774226 0x1fa65e140 incremental_pipeline.cc:791] Discarding reconstruction due to bad initial pair
I20260910 06:19:33.775148 0x1fa65e140 incremental_pipeline.cc:492] Registering initial image pair #1 and #4
I20260910 06:19:33.775259 0x1fa65e140 incremental_pipeline.cc:510] Global bundle adjustment
I20260910 06:19:33.775295 0x1fa65e140 incremental_pipeline.cc:791] Discarding reconstruction due to bad initial pair
I20260910 06:19:33.776178 0x1fa65e140 incremental_pipeline.cc:492] Registering initial image pair #1 and #4
I20260910 06:19:33.776286 0x1fa65e140 incremental_pipeline.cc:510] Global bundle adjustment
I20260910 06:19:33.776323 0x1fa65e140 incremental_pipeline.cc:791] Discarding reconstruction due to bad initial pair
I20260910 06:19:33.777208 0x1fa65e140 incremental_pipeline.cc:492] Registering initial image pair #1 and #4
I20260910 06:19:33.777317 0x1fa65e140 incremental_pipeline.cc:510] Global bundle adjustment
I20260910 06:19:33.777358 0x1fa65e140 incremental_pipeline.cc:791] Discarding reconstruction due to bad initial pair
I20260910 06:19:33.778197 0x1fa65e140 incremental_pipeline.cc:492] Registering initial image pair #1 and #4
I20260910 06:19:33.778306 0x1fa65e140 incremental_pipeline.cc:510] Global bundle adjustment
I20260910 06:19:33.778340 0x1fa65e140 incremental_pipeline.cc:791] Discarding reconstruction due to bad initial pair
I20260910 06:19:33.779323 0x1fa65e140 incremental_pipeline.cc:492] Registering initial image pair #1 and #4
I20260910 06:19:33.779431 0x1fa65e140 incremental_pipeline.cc:510] Global bundle adjustment
I20260910 06:19:33.779467 0x1fa65e140 incremental_pipeline.cc:791] Discarding reconstruction due to bad initial pair
I20260910 06:19:33.780318 0x1fa65e140 incremental_pipeline.cc:492] Registering initial image pair #1 and #4
I20260910 06:19:33.780424 0x1fa65e140 incremental_pipeline.cc:510] Global bundle adjustment
I20260910 06:19:33.780461 0x1fa65e140 incremental_pipeline.cc:791] Discarding reconstruction due to bad initial pair
I20260910 06:19:33.781709 0x1fa65e140 incremental_pipeline.cc:492] Registering initial image pair #1 and #4
I20260910 06:19:33.781817 0x1fa65e140 incremental_pipeline.cc:510] Global bundle adjustment
I20260910 06:19:33.781854 0x1fa65e140 incremental_pipeline.cc:791] Discarding reconstruction due to bad initial pair
I20260910 06:19:33.782605 0x1fa65e140 incremental_pipeline.cc:492] Registering initial image pair #1 and #4
I20260910 06:19:33.782711 0x1fa65e140 incremental_pipeline.cc:510] Global bundle adjustment
I20260910 06:19:33.782748 0x1fa65e140 incremental_pipeline.cc:791] Discarding reconstruction due to bad initial pair
I20260910 06:19:33.783627 0x1fa65e140 incremental_pipeline.cc:492] Registering initial image pair #1 and #4
I20260910 06:19:33.783735 0x1fa65e140 incremental_pipeline.cc:510] Global bundle adjustment
I20260910 06:19:33.783771 0x1fa65e140 incremental_pipeline.cc:791] Discarding reconstruction due to bad initial pair
I20260910 06:19:33.784525 0x1fa65e140 incremental_pipeline.cc:492] Registering initial image pair #1 and #4
I20260910 06:19:33.784633 0x1fa65e140 incremental_pipeline.cc:510] Global bundle adjustment
I20260910 06:19:33.784670 0x1fa65e140 incremental_pipeline.cc:791] Discarding reconstruction due to bad initial pair
I20260910 06:19:33.785490 0x1fa65e140 incremental_pipeline.cc:492] Registering initial image pair #1 and #4
I20260910 06:19:33.785596 0x1fa65e140 incremental_pipeline.cc:510] Global bundle adjustment
I20260910 06:19:33.785632 0x1fa65e140 incremental_pipeline.cc:791] Discarding reconstruction due to bad initial pair
I20260910 06:19:33.786385 0x1fa65e140 incremental_pipeline.cc:492] Registering initial image pair #1 and #4
I20260910 06:19:33.786499 0x1fa65e140 incremental_pipeline.cc:510] Global bundle adjustment
I20260910 06:19:33.786536 0x1fa65e140 incremental_pipeline.cc:791] Discarding reconstruction due to bad initial pair
I20260910 06:19:33.786577 0x1fa65e140 timer.cc:90] Elapsed time: 0.016 [minutes]
[0;31mE20260910 06:19:33.786580 0x1fa65e140 sfm.cc:310] Failed to create any sparse model
[m