
I20260910 06:20:34.550945 0x1fa65e140 incremental_pipeline.cc:353] Loading database
I20260910 06:20:34.551245 0x1fa65e140 database_cache.cc:73] Loading rigs...
I20260910 06:20:34.551260 0x1fa65e140 database_cache.cc:83]  1 in 0.000s
I20260910 06:20:34.551264 0x1fa65e140 database_cache.cc:91] Loading cameras...
I20260910 06:20:34.551270 0x1fa65e140 database_cache.cc:109]  1 in 0.000s
I20260910 06:20:34.551272 0x1fa65e140 database_cache.cc:117] Loading frames...
I20260910 06:20:34.551284 0x1fa65e140 database_cache.cc:127]  4 in 0.000s
I20260910 06:20:34.551286 0x1fa65e140 database_cache.cc:135] Loading matches...
I20260910 06:20:34.551305 0x1fa65e140 database_cache.cc:140]  4 in 0.000s
I20260910 06:20:34.551307 0x1fa65e140 database_cache.cc:148] Loading images...
I20260910 06:20:34.551526 0x1fa65e140 database_cache.cc:245]  4 in 0.000s (connected 4, loaded 4)
I20260910 06:20:34.551529 0x1fa65e140 database_cache.cc:259] Loading pose priors...
I20260910 06:20:34.551533 0x1fa65e140 database_cache.cc:267]  0 in 0.000s
I20260910 06:20:34.551534 0x1fa65e140 database_cache.cc:275] Building correspondence graph...
I20260910 06:20:34.551606 0x1fa65e140 database_cache.cc:304]  in 0.000s (ignored 0)
I20260910 06:20:34.551609 0x1fa65e140 timer.cc:90] Elapsed time: 0.000 [minutes]
I20260910 06:20:34.552870 0x1fa65e140 incremental_pipeline.cc:487] => Provided pair is unsuitable for initialization.
I20260910 06:20:34.552873 0x1fa65e140 incremental_pipeline.cc:791] Discarding reconstruction due to bad initial pair
I20260910 06:20:34.554280 0x1fa65e140 incremental_pipeline.cc:487] => Provided pair is unsuitable for initialization.
I20260910 06:20:34.554282 0x1fa65e140 incremental_pipeline.cc:791] Discarding reconstruction due to bad initial pair
I20260910 06:20:34.555040 0x1fa65e140 incremental_pipeline.cc:487] => Provided pair is unsuitable for initialization.
I20260910 06:20:34.555043 0x1fa65e140 incremental_pipeline.cc:791] Discarding reconstruction due to bad initial pair
I20260910 06:20:34.555828 0x1fa65e140 incremental_pipeline.cc:487] => Provided pair is unsuitable for initialization.
I20260910 06:20:34.555831 0x1fa65e140 incremental_pipeline.cc:791] Discarding reconstruction due to bad initial pair
I20260910 06:20:34.556632 0x1fa65e140 incremental_pipeline.cc:487] => Provided pair is unsuitable for initialization.
I20260910 06:20:34.556635 0x1fa65e140 incremental_pipeline.cc:791] Discarding reconstruction due to bad initial pair
I20260910 06:20:34.557411 0x1fa65e140 incremental_pipeline.cc:487] => Provided pair is unsuitable for initialization.
I20260910 06:20:34.557414 0x1fa65e140 incremental_pipeline.cc:791] Discarding reconstruction due to bad initial pair
I20260910 06:20:34.558160 0x1fa65e140 incremental_pipeline.cc:487] => Provided pair is unsuitable for initialization.
I20260910 06:20:34.558162 0x1fa65e140 incremental_pipeline.cc:791] Discarding reconstruction due to bad initial pair
I20260910 06:20:34.558869 0x1fa65e140 incremental_pipeline.cc:487] => Provided pair is unsuitable for initialization.
I20260910 06:20:34.558872 0x1fa65e140 incremental_pipeline.cc:791] Discarding reconstruction due to bad initial pair
I20260910 06:20:34.559675 0x1fa65e140 incremental_pipeline.cc:487] => Provided pair is unsuitable for initialization.
I20260910 06:20:34.559680 0x1fa65e140 incremental_pipeline.cc:791] Discarding reconstruction due to bad initial pair
I20260910 06:20:34.560651 0x1fa65e140 incremental_pipeline.cc:487] => Provided pair is unsuitable for initialization.
I20260910 06:20:34.560654 0x1fa65e140 incremental_pipeline.cc:791] Discarding reconstruction due to bad initial pair
I20260910 06:20:34.561418 0x1fa65e140 incremental_pipeline.cc:487] => Provided pair is unsuitable for initialization.
I20260910 06:20:34.561421 0x1fa65e140 incremental_pipeline.cc:791] Discarding reconstruction due to bad initial pair
I20260910 06:20:34.562672 0x1fa65e140 incremental_pipeline.cc:487] => Provided pair is unsuitable for initialization.
I20260910 06:20:34.562675 0x1fa65e140 incremental_pipeline.cc:791] Discarding reconstruction due to bad initial pair
I20260910 06:20:34.563376 0x1fa65e140 incremental_pipeline.cc:487] => Provided pair is unsuitable for initialization.
I20260910 06:20:34.563388 0x1fa65e140 incremental_pipeline.cc:791] Discarding reconstruction due to bad initial pair
I20260910 06:20:34.564289 0x1fa65e140 incremental_pipeline.cc:487] => Provided pair is unsuitable for initialization.
I20260910 06:20:34.564291 0x1fa65e140 incremental_pipeline.cc:791] Discarding reconstruction due to bad initial pair
I20260910 06:20:34.565567 0x1fa65e140 incremental_pipeline.cc:487] => Provided pair is unsuitable for initialization.
I20260910 06:20:34.565569 0x1fa65e140 incremental_pipeline.cc:791] Discarding reconstruction due to bad initial pair
I20260910 06:20:34.566429 0x1fa65e140 incremental_pipeline.cc:487] => Provided pair is unsuitable for initialization.
I20260910 06:20:34.566432 0x1fa65e140 incremental_pipeline.cc:791] Discarding reconstruction due to bad initial pair
I20260910 06:20:34.567109 0x1fa65e140 incremental_pipeline.cc:487] => Provided pair is unsuitable for initialization.
I20260910 06:20:34.567112 0x1fa65e140 incremental_pipeline.cc:791] Discarding reconstruction due to bad initial pair
I20260910 06:20:34.567817 0x1fa65e140 incremental_pipeline.cc:487] => Provided pair is unsuitable for initialization.
I20260910 06:20:34.567819 0x1fa65e140 incremental_pipeline.cc:791] Discarding reconstruction due to bad initial pair
I20260910 06:20:34.569138 0x1fa65e140 incremental_pipeline.cc:487] => Provided pair is unsuitable for initialization.
I20260910 06:20:34.569141 0x1fa65e140 incremental_pipeline.cc:791] Discarding reconstruction due to bad initial pair
I20260910 06:20:34.569977 0x1fa65e140 incremental_pipeline.cc:487] => Provided pair is unsuitable for initialization.
I20260910 06:20:34.569979 0x1fa65e140 incremental_pipeline.cc:791] Discarding reconstruction due to bad initial pair
I20260910 06:20:34.571175 0x1fa65e140 incremental_pipeline.cc:487] => Provided pair is unsuitable for initialization.
I20260910 06:20:34.571178 0x1fa65e140 incremental_pipeline.cc:791] Discarding reconstruction due to bad initial pair
I20260910 06:20:34.572528 0x1fa65e140 incremental_pipeline.cc:487] => Provided pair is unsuitable for initialization.
I20260910 06:20:34.572531 0x1fa65e140 incremental_pipeline.cc:791] Discarding reconstruction due to bad initial pair
I20260910 06:20:34.573822 0x1fa65e140 incremental_pipeline.cc:487] => Provided pair is unsuitable for initialization.
I20260910 06:20:34.573824 0x1fa65e140 incremental_pipeline.cc:791] Discarding reconstruction due to bad initial pair
I20260910 06:20:34.574607 0x1fa65e140 incremental_pipeline.cc:487] => Provided pair is unsuitable for initialization.
I20260910 06:20:34.574610 0x1fa65e140 incremental_pipeline.cc:791] Discarding reconstruction due to bad initial pair
I20260910 06:20:34.575407 0x1fa65e140 incremental_pipeline.cc:487] => Provided pair is unsuitable for initialization.
I20260910 06:20:34.575410 0x1fa65e140 incremental_pipeline.cc:791] Discarding reconstruction due to bad initial pair
I20260910 06:20:34.576610 0x1fa65e140 incremental_pipeline.cc:487] => Provided pair is unsuitable for initialization.
I20260910 06:20:34.576613 0x1fa65e140 incremental_pipeline.cc:791] Discarding reconstruction due to bad initial pair
I20260910 06:20:34.577412 0x1fa65e140 incremental_pipeline.cc:487] => Provided pair is unsuitable for initialization.
I20260910 06:20:34.577414 0x1fa65e140 incremental_pipeline.cc:791] Discarding reconstruction due to bad initial pair
I20260910 06:20:34.578136 0x1fa65e140 incremental_pipeline.cc:487] => Provided pair is unsuitable for initialization.
I20260910 06:20:34.578139 0x1fa65e140 incremental_pipeline.cc:791] Discarding reconstruction due to bad initial pair
I20260910 06:20:34.579145 0x1fa65e140 incremental_pipeline.cc:487] => Provided pair is unsuitable for initialization.
I20260910 06:20:34.579148 0x1fa65e140 incremental_pipeline.cc:791] Discarding reconstruction due to bad initial pair
I20260910 06:20:34.579867 0x1fa65e140 incremental_pipeline.cc:487] => Provided pair is unsuitable for initialization.
I20260910 06:20:34.579870 0x1fa65e140 incremental_pipeline.cc:791] Discarding reconstruction due to bad initial pair
I20260910 06:20:34.580606 0x1fa65e140 incremental_pipeline.cc:487] => Provided pair is unsuitable for initialization.
I20260910 06:20:34.580609 0x1fa65e140 incremental_pipeline.cc:791] Discarding reconstruction due to bad initial pair
I20260910 06:20:34.581363 0x1fa65e140 incremental_pipeline.cc:487] => Provided pair is unsuitable for initialization.
I20260910 06:20:34.581365 0x1fa65e140 incremental_pipeline.cc:791] Discarding reconstruction due to bad initial pair
I20260910 06:20:34.582162 0x1fa65e140 incremental_pipeline.cc:487] => Provided pair is unsuitable for initialization.
I20260910 06:20:34.582167 0x1fa65e140 incremental_pipeline.cc:791] Discarding reconstruction due to bad initial pair
I20260910 06:20:34.583519 0x1fa65e140 incremental_pipeline.cc:487] => Provided pair is unsuitable for initialization.
I20260910 06:20:34.583522 0x1fa65e140 incremental_pipeline.cc:791] Discarding reconstruction due to bad initial pair
I20260910 06:20:34.584287 0x1fa65e140 incremental_pipeline.cc:487] => Provided pair is unsuitable for initialization.
I20260910 06:20:34.584289 0x1fa65e140 incremental_pipeline.cc:791] Discarding reconstruction due to bad initial pair
I20260910 06:20:34.585065 0x1fa65e140 incremental_pipeline.cc:487] => Provided pair is unsuitable for initialization.
I20260910 06:20:34.585070 0x1fa65e140 incremental_pipeline.cc:791] Discarding reconstruction due to bad initial pair
I20260910 06:20:34.585839 0x1fa65e140 incremental_pipeline.cc:487] => Provided pair is unsuitable for initialization.
I20260910 06:20:34.585841 0x1fa65e140 incremental_pipeline.cc:791] Discarding reconstruction due to bad initial pair
I20260910 06:20:34.586622 0x1fa65e140 incremental_pipeline.cc:487] => Provided pair is unsuitable for initialization.
I20260910 06:20:34.586625 0x1fa65e140 incremental_pipeline.cc:791] Discarding reconstruction due to bad initial pair
I20260910 06:20:34.587315 0x1fa65e140 incremental_pipeline.cc:487] => Provided pair is unsuitable for initialization.
I20260910 06:20:34.587317 0x1fa65e140 incremental_pipeline.cc:791] Discarding reconstruction due to bad initial pair
I20260910 06:20:34.588573 0x1fa65e140 incremental_pipeline.cc:487] => Provided pair is unsuitable for initialization.
I20260910 06:20:34.588577 0x1fa65e140 incremental_pipeline.cc:791] Discarding reconstruction due to bad initial pair
I20260910 06:20:34.589296 0x1fa65e140 incremental_pipeline.cc:487] => Provided pair is unsuitable for initialization.
I20260910 06:20:34.589299 0x1fa65e140 incremental_pipeline.cc:791] Discarding reconstruction due to bad initial pair
I20260910 06:20:34.590050 0x1fa65e140 incremental_pipeline.cc:487] => Provided pair is unsuitable for initialization.
I20260910 06:20:34.590053 0x1fa65e140 incremental_pipeline.cc:791] Discarding reconstruction due to bad initial pair
I20260910 06:20:34.591243 0x1fa65e140 incremental_pipeline.cc:487] => Provided pair is unsuitable for initialization.
I20260910 06:20:34.591246 0x1fa65e140 incremental_pipeline.cc:791] Discarding reconstruction due to bad initial pair
I20260910 06:20:34.591963 0x1fa65e140 incremental_pipeline.cc:487] => Provided pair is unsuitable for initialization.
I20260910 06:20:34.591966 0x1fa65e140 incremental_pipeline.cc:791] Discarding reconstruction due to bad initial pair
I20260910 06:20:34.592691 0x1fa65e140 incremental_pipeline.cc:487] => Provided pair is unsuitable for initialization.
I20260910 06:20:34.592693 0x1fa65e140 incremental_pipeline.cc:791] Discarding reconstruction due to bad initial pair
I20260910 06:20:34.593419 0x1fa65e140 incremental_pipeline.cc:487] => Provided pair is unsuitable for initialization.
I20260910 06:20:34.593422 0x1fa65e140 incremental_pipeline.cc:791] Discarding reconstruction due to bad initial pair
I20260910 06:20:34.594704 0x1fa65e140 incremental_pipeline.cc:487] => Provided pair is unsuitable for initialization.
I20260910 06:20:34.594707 0x1fa65e140 incremental_pipeline.cc:791] Discarding reconstruction due to bad initial pair
I20260910 06:20:34.595994 0x1fa65e140 incremental_pipeline.cc:487] => Provided pair is unsuitable for initialization.
I20260910 06:20:34.596002 0x1fa65e140 incremental_pipeline.cc:791] Discarding reconstruction due to bad initial pair
I20260910 06:20:34.596718 0x1fa65e140 incremental_pipeline.cc:487] => Provided pair is unsuitable for initialization.
I20260910 06:20:34.596720 0x1fa65e140 incremental_pipeline.cc:791] Discarding reconstruction due to bad initial pair
I20260910 06:20:34.597491 0x1fa65e140 incremental_pipeline.cc:487] => Provided pair is unsuitable for initialization.
I20260910 06:20:34.597493 0x1fa65e140 incremental_pipeline.cc:791] Discarding reconstruction due to bad initial pair
I20260910 06:20:34.598291 0x1fa65e140 incremental_pipeline.cc:487] => Provided pair is unsuitable for initialization.
I20260910 06:20:34.598293 0x1fa65e140 incremental_pipeline.cc:791] Discarding reconstruction due to bad initial pair
I20260910 06:20:34.599053 0x1fa65e140 incremental_pipeline.cc:487] => Provided pair is unsuitable for initialization.
I20260910 06:20:34.599056 0x1fa65e140 incremental_pipeline.cc:791] Discarding reconstruction due to bad initial pair
I20260910 06:20:34.599755 0x1fa65e140 incremental_pipeline.cc:487] => Provided pair is unsuitable for initialization.
I20260910 06:20:34.599758 0x1fa65e140 incremental_pipeline.cc:791] Discarding reconstruction due to bad initial pair
I20260910 06:20:34.601018 0x1fa65e140 incremental_pipeline.cc:487] => Provided pair is unsuitable for initialization.
I20260910 06:20:34.601021 0x1fa65e140 incremental_pipeline.cc:791] Discarding reconstruction due to bad initial pair
I20260910 06:20:34.601829 0x1fa65e140 incremental_pipeline.cc:487] => Provided pair is unsuitable for initialization.
I20260910 06:20:34.601831 0x1fa65e140 incremental_pipeline.cc:791] Discarding reconstruction due to bad initial pair
I20260910 06:20:34.602608 0x1fa65e140 incremental_pipeline.cc:487] => Provided pair is unsuitable for initialization.
I20260910 06:20:34.602610 0x1fa65e140 incremental_pipeline.cc:791] Discarding reconstruction due to bad initial pair
I20260910 06:20:34.603367 0x1fa65e140 incremental_pipeline.cc:487] => Provided pair is unsuitable for initialization.
I20260910 06:20:34.603370 0x1fa65e140 incremental_pipeline.cc:791] Discarding reconstruction due to bad initial pair
I20260910 06:20:34.604630 0x1fa65e140 incremental_pipeline.cc:487] => Provided pair is unsuitable for initialization.
I20260910 06:20:34.604632 0x1fa65e140 incremental_pipeline.cc:791] Discarding reconstruction due to bad initial pair
I20260910 06:20:34.605434 0x1fa65e140 incremental_pipeline.cc:487] => Provided pair is unsuitable for initialization.
I20260910 06:20:34.605436 0x1fa65e140 incremental_pipeline.cc:791] Discarding reconstruction due to bad initial pair
I20260910 06:20:34.606180 0x1fa65e140 incremental_pipeline.cc:487] => Provided pair is unsuitable for initialization.
I20260910 06:20:34.606182 0x1fa65e140 incremental_pipeline.cc:791] Discarding reconstruction due to bad initial pair
I20260910 06:20:34.606904 0x1fa65e140 incremental_pipeline.cc:487] => Provided pair is unsuitable for initialization.
I20260910 06:20:34.606909 0x1fa65e140 incremental_pipeline.cc:791] Discarding reconstruction due to bad initial pair
I20260910 06:20:34.607717 0x1fa65e140 incremental_pipeline.cc:487] => Provided pair is unsuitable for initialization.
I20260910 06:20:34.607720 0x1fa65e140 incremental_pipeline.cc:791] Discarding reconstruction due to bad initial pair
I20260910 06:20:34.608452 0x1fa65e140 incremental_pipeline.cc:487] => Provided pair is unsuitable for initialization.
I20260910 06:20:34.608454 0x1fa65e140 incremental_pipeline.cc:791] Discarding reconstruction due to bad initial pair
I20260910 06:20:34.609208 0x1fa65e140 incremental_pipeline.cc:487] => Provided pair is unsuitable for initialization.
I20260910 06:20:34.609211 0x1fa65e140 incremental_pipeline.cc:791] Discarding reconstruction due to bad initial pair
I20260910 06:20:34.609938 0x1fa65e140 incremental_pipeline.cc:487] => Provided pair is unsuitable for initialization.
I20260910 06:20:34.609940 0x1fa65e140 incremental_pipeline.cc:791] Discarding reconstruction due to bad initial pair
I20260910 06:20:34.610758 0x1fa65e140 incremental_pipeline.cc:487] => Provided pair is unsuitable for initialization.
I20260910 06:20:34.610760 0x1fa65e140 incremental_pipeline.cc:791] Discarding reconstruction due to bad initial pair
I20260910 06:20:34.611532 0x1fa65e140 incremental_pipeline.cc:487] => Provided pair is unsuitable for initialization.
I20260910 06:20:34.611534 0x1fa65e140 incremental_pipeline.cc:791] Discarding reconstruction due to bad initial pair
I20260910 06:20:34.612233 0x1fa65e140 incremental_pipeline.cc:487] => Provided pair is unsuitable for initialization.
I20260910 06:20:34.612235 0x1fa65e140 incremental_pipeline.cc:791] Discarding reconstruction due to bad initial pair
I20260910 06:20:34.613042 0x1fa65e140 incremental_pipeline.cc:487] => Provided pair is unsuitable for initialization.
I20260910 06:20:34.613044 0x1fa65e140 incremental_pipeline.cc:791] Discarding reconstruction due to bad initial pair
I20260910 06:20:34.613761 0x1fa65e140 incremental_pipeline.cc:487] => Provided pair is unsuitable for initialization.
I20260910 06:20:34.613764 0x1fa65e140 incremental_pipeline.cc:791] Discarding reconstruction due to bad initial pair
I20260910 06:20:34.614521 0x1fa65e140 incremental_pipeline.cc:487] => Provided pair is unsuitable for initialization.
I20260910 06:20:34.614523 0x1fa65e140 incremental_pipeline.cc:791] Discarding reconstruction due to bad initial pair
I20260910 06:20:34.615272 0x1fa65e140 incremental_pipeline.cc:487] => Provided pair is unsuitable for initialization.
I20260910 06:20:34.615274 0x1fa65e140 incremental_pipeline.cc:791] Discarding reconstruction due to bad initial pair
I20260910 06:20:34.616186 0x1fa65e140 incremental_pipeline.cc:487] => Provided pair is unsuitable for initialization.
I20260910 06:20:34.616189 0x1fa65e140 incremental_pipeline.cc:791] Discarding reconstruction due to bad initial pair
I20260910 06:20:34.616967 0x1fa65e140 incremental_pipeline.cc:487] => Provided pair is unsuitable for initialization.
I20260910 06:20:34.616970 0x1fa65e140 incremental_pipeline.cc:791] Discarding reconstruction due to bad initial pair
I20260910 06:20:34.618188 0x1fa65e140 incremental_pipeline.cc:487] => Provided pair is unsuitable for initialization.
I20260910 06:20:34.618191 0x1fa65e140 incremental_pipeline.cc:791] Discarding reconstruction due to bad initial pair
I20260910 06:20:34.618924 0x1fa65e140 incremental_pipeline.cc:487] => Provided pair is unsuitable for initialization.
I20260910 06:20:34.618927 0x1fa65e140 incremental_pipeline.cc:791] Discarding reconstruction due to bad initial pair
I20260910 06:20:34.619672 0x1fa65e140 incremental_pipeline.cc:487] => Provided pair is unsuitable for initialization.
I20260910 06:20:34.619677 0x1fa65e140 incremental_pipeline.cc:791] Discarding reconstruction due to bad initial pair
I20260910 06:20:34.620414 0x1fa65e140 incremental_pipeline.cc:487] => Provided pair is unsuitable for initialization.
I20260910 06:20:34.620416 0x1fa65e140 incremental_pipeline.cc:791] Discarding reconstruction due to bad initial pair
I20260910 06:20:34.621200 0x1fa65e140 incremental_pipeline.cc:487] => Provided pair is unsuitable for initialization.
I20260910 06:20:34.621202 0x1fa65e140 incremental_pipeline.cc:791] Discarding reconstruction due to bad initial pair
I20260910 06:20:34.622518 0x1fa65e140 incremental_pipeline.cc:487] => Provided pair is unsuitable for initialization.
I20260910 06:20:34.622520 0x1fa65e140 incremental_pipeline.cc:791] Discarding reconstruction due to bad initial pair
I20260910 06:20:34.623265 0x1fa65e140 incremental_pipeline.cc:487] => Provided pair is unsuitable for initialization.
I20260910 06:20:34.623267 0x1fa65e140 incremental_pipeline.cc:791] Discarding reconstruction due to bad initial pair
I20260910 06:20:34.624484 0x1fa65e140 incremental_pipeline.cc:487] => Provided pair is unsuitable for initialization.
I20260910 06:20:34.624486 0x1fa65e140 incremental_pipeline.cc:791] Discarding reconstruction due to bad initial pair
I20260910 06:20:34.625210 0x1fa65e140 incremental_pipeline.cc:487] => Provided pair is unsuitable for initialization.
I20260910 06:20:34.625217 0x1fa65e140 incremental_pipeline.cc:791] Discarding reconstruction due to bad initial pair
I20260910 06:20:34.625989 0x1fa65e140 incremental_pipeline.cc:487] => Provided pair is unsuitable for initialization.
I20260910 06:20:34.625992 0x1fa65e140 incremental_pipeline.cc:791] Discarding reconstruction due to bad initial pair
I20260910 06:20:34.626816 0x1fa65e140 incremental_pipeline.cc:487] => Provided pair is unsuitable for initialization.
I20260910 06:20:34.626818 0x1fa65e140 incremental_pipeline.cc:791] Discarding reconstruction due to bad initial pair
I20260910 06:20:34.627658 0x1fa65e140 incremental_pipeline.cc:487] => Provided pair is unsuitable for initialization.
I20260910 06:20:34.627660 0x1fa65e140 incremental_pipeline.cc:791] Discarding reconstruction due to bad initial pair
I20260910 06:20:34.628385 0x1fa65e140 incremental_pipeline.cc:487] => Provided pair is unsuitable for initialization.
I20260910 06:20:34.628388 0x1fa65e140 incremental_pipeline.cc:791] Discarding reconstruction due to bad initial pair
I20260910 06:20:34.629191 0x1fa65e140 incremental_pipeline.cc:487] => Provided pair is unsuitable for initialization.
I20260910 06:20:34.629193 0x1fa65e140 incremental_pipeline.cc:791] Discarding reconstruction due to bad initial pair
I20260910 06:20:34.629922 0x1fa65e140 incremental_pipeline.cc:487] => Provided pair is unsuitable for initialization.
I20260910 06:20:34.629925 0x1fa65e140 incremental_pipeline.cc:791] Discarding reconstruction due to bad initial pair
I20260910 06:20:34.630685 0x1fa65e140 incremental_pipeline.cc:487] => Provided pair is unsuitable for initialization.
I20260910 06:20:34.630688 0x1fa65e140 incremental_pipeline.cc:791] Discarding reconstruction due to bad initial pair
I20260910 06:20:34.631481 0x1fa65e140 incremental_pipeline.cc:487] => Provided pair is unsuitable for initialization.
I20260910 06:20:34.631483 0x1fa65e140 incremental_pipeline.cc:791] Discarding reconstruction due to bad initial pair
I20260910 06:20:34.632369 0x1fa65e140 incremental_pipeline.cc:487] => Provided pair is unsuitable for initialization.
I20260910 06:20:34.632371 0x1fa65e140 incremental_pipeline.cc:791] Discarding reconstruction due to bad initial pair
I20260910 06:20:34.633139 0x1fa65e140 incremental_pipeline.cc:487] => Provided pair is unsuitable for initialization.
I20260910 06:20:34.633141 0x1fa65e140 incremental_pipeline.cc:791] Discarding reconstruction due to bad initial pair
I20260910 06:20:34.634531 0x1fa65e140 incremental_pipeline.cc:487] => Provided pair is unsuitable for initialization.
I20260910 06:20:34.634533 0x1fa65e140 incremental_pipeline.cc:791] Discarding reconstruction due to bad initial pair
I20260910 06:20:34.635241 0x1fa65e140 incremental_pipeline.cc:487] => Provided pair is unsuitable for initialization.
I20260910 06:20:34.635243 0x1fa65e140 incremental_pipeline.cc:791] Discarding reconstruction due to bad initial pair
I20260910 06:20:34.636032 0x1fa65e140 incremental_pipeline.cc:487] => Provided pair is unsuitable for initialization.
I20260910 06:20:34.636035 0x1fa65e140 incremental_pipeline.cc:791] Discarding reconstruction due to bad initial pair
I20260910 06:20:34.636799 0x1fa65e140 incremental_pipeline.cc:487] => Provided pair is unsuitable for initialization.
I20260910 06:20:34.636801 0x1fa65e140 incremental_pipeline.cc:791] Discarding reconstruction due to bad initial pair
I20260910 06:20:34.637601 0x1fa65e140 incremental_pipeline.cc:487] => Provided pair is unsuitable for initialization.
I20260910 06:20:34.637603 0x1fa65e140 incremental_pipeline.cc:791] Discarding reconstruction due to bad initial pair
I20260910 06:20:34.638421 0x1fa65e140 incremental_pipeline.cc:487] => Provided pair is unsuitable for initialization.
I20260910 06:20:34.638424 0x1fa65e140 incremental_pipeline.cc:791] Discarding reconstruction due to bad initial pair
I20260910 06:20:34.639113 0x1fa65e140 incremental_pipeline.cc:487] => Provided pair is unsuitable for initialization.
I20260910 06:20:34.639119 0x1fa65e140 incremental_pipeline.cc:791] Discarding reconstruction due to bad initial pair
I20260910 06:20:34.639920 0x1fa65e140 incremental_pipeline.cc:487] => Provided pair is unsuitable for initialization.
I20260910 06:20:34.639923 0x1fa65e140 incremental_pipeline.cc:791] Discarding reconstruction due to bad initial pair
I20260910 06:20:34.640685 0x1fa65e140 incremental_pipeline.cc:487] => Provided pair is unsuitable for initialization.
I20260910 06:20:34.640687 0x1fa65e140 incremental_pipeline.cc:791] Discarding reconstruction due to bad initial pair
I20260910 06:20:34.641955 0x1fa65e140 incremental_pipeline.cc:487] => Provided pair is unsuitable for initialization.
I20260910 06:20:34.641958 0x1fa65e140 incremental_pipeline.cc:791] Discarding reconstruction due to bad initial pair
I20260910 06:20:34.642718 0x1fa65e140 incremental_pipeline.cc:487] => Provided pair is unsuitable for initialization.
I20260910 06:20:34.642721 0x1fa65e140 incremental_pipeline.cc:791] Discarding reconstruction due to bad initial pair
I20260910 06:20:34.643416 0x1fa65e140 incremental_pipeline.cc:487] => Provided pair is unsuitable for initialization.
I20260910 06:20:34.643418 0x1fa65e140 incremental_pipeline.cc:791] Discarding reconstruction due to bad initial pair
I20260910 06:20:34.644200 0x1fa65e140 incremental_pipeline.cc:487] => Provided pair is unsuitable for initialization.
I20260910 06:20:34.644202 0x1fa65e140 incremental_pipeline.cc:791] Discarding reconstruction due to bad initial pair
I20260910 06:20:34.644943 0x1fa65e140 incremental_pipeline.cc:487] => Provided pair is unsuitable for initialization.
I20260910 06:20:34.644945 0x1fa65e140 incremental_pipeline.cc:791] Discarding reconstruction due to bad initial pair
I20260910 06:20:34.645658 0x1fa65e140 incremental_pipeline.cc:487] => Provided pair is unsuitable for initialization.
I20260910 06:20:34.645661 0x1fa65e140 incremental_pipeline.cc:791] Discarding reconstruction due to bad initial pair
I20260910 06:20:34.646399 0x1fa65e140 incremental_pipeline.cc:487] => Provided pair is unsuitable for initialization.
I20260910 06:20:34.646401 0x1fa65e140 incremental_pipeline.cc:791] Discarding reconstruction due to bad initial pair
I20260910 06:20:34.647156 0x1fa65e140 incremental_pipeline.cc:487] => Provided pair is unsuitable for initialization.
I20260910 06:20:34.647159 0x1fa65e140 incremental_pipeline.cc:791] Discarding reconstruction due to bad initial pair
I20260910 06:20:34.648399 0x1fa65e140 incremental_pipeline.cc:487] => Provided pair is unsuitable for initialization.
I20260910 06:20:34.648401 0x1fa65e140 incremental_pipeline.cc:791] Discarding reconstruction due to bad initial pair
I20260910 06:20:34.649191 0x1fa65e140 incremental_pipeline.cc:487] => Provided pair is unsuitable for initialization.
I20260910 06:20:34.649193 0x1fa65e140 incremental_pipeline.cc:791] Discarding reconstruction due to bad initial pair
I20260910 06:20:34.650030 0x1fa65e140 incremental_pipeline.cc:487] => Provided pair is unsuitable for initialization.
I20260910 06:20:34.650032 0x1fa65e140 incremental_pipeline.cc:791] Discarding reconstruction due to bad initial pair
I20260910 06:20:34.650749 0x1fa65e140 incremental_pipeline.cc:487] => Provided pair is unsuitable for initialization.
I20260910 06:20:34.650751 0x1fa65e140 incremental_pipeline.cc:791] Discarding reconstruction due to bad initial pair
I20260910 06:20:34.651447 0x1fa65e140 incremental_pipeline.cc:487] => Provided pair is unsuitable for initialization.
I20260910 06:20:34.651449 0x1fa65e140 incremental_pipeline.cc:791] Discarding reconstruction due to bad initial pair
I20260910 06:20:34.652182 0x1fa65e140 incremental_pipeline.cc:487] => Provided pair is unsuitable for initialization.
I20260910 06:20:34.652184 0x1fa65e140 incremental_pipeline.cc:791] Discarding reconstruction due to bad initial pair
I20260910 06:20:34.652954 0x1fa65e140 incremental_pipeline.cc:487] => Provided pair is unsuitable for initialization.
I20260910 06:20:34.652956 0x1fa65e140 incremental_pipeline.cc:791] Discarding reconstruction due to bad initial pair
I20260910 06:20:34.653704 0x1fa65e140 incremental_pipeline.cc:487] => Provided pair is unsuitable for initialization.
I20260910 06:20:34.653707 0x1fa65e140 incremental_pipeline.cc:791] Discarding reconstruction due to bad initial pair
I20260910 06:20:34.654924 0x1fa65e140 incremental_pipeline.cc:487] => Provided pair is unsuitable for initialization.
I20260910 06:20:34.654926 0x1fa65e140 incremental_pipeline.cc:791] Discarding reconstruction due to bad initial pair
I20260910 06:20:34.655650 0x1fa65e140 incremental_pipeline.cc:487] => Provided pair is unsuitable for initialization.
I20260910 06:20:34.655653 0x1fa65e140 incremental_pipeline.cc:791] Discarding reconstruction due to bad initial pair
I20260910 06:20:34.656924 0x1fa65e140 incremental_pipeline.cc:487] => Provided pair is unsuitable for initialization.
I20260910 06:20:34.656927 0x1fa65e140 incremental_pipeline.cc:791] Discarding reconstruction due to bad initial pair
I20260910 06:20:34.658249 0x1fa65e140 incremental_pipeline.cc:487] => Provided pair is unsuitable for initialization.
I20260910 06:20:34.658251 0x1fa65e140 incremental_pipeline.cc:791] Discarding reconstruction due to bad initial pair
I20260910 06:20:34.659091 0x1fa65e140 incremental_pipeline.cc:487] => Provided pair is unsuitable for initialization.
I20260910 06:20:34.659094 0x1fa65e140 incremental_pipeline.cc:791] Discarding reconstruction due to bad initial pair
I20260910 06:20:34.659813 0x1fa65e140 incremental_pipeline.cc:487] => Provided pair is unsuitable for initialization.
I20260910 06:20:34.659816 0x1fa65e140 incremental_pipeline.cc:791] Discarding reconstruction due to bad initial pair
I20260910 06:20:34.660536 0x1fa65e140 incremental_pipeline.cc:487] => Provided pair is unsuitable for initialization.
I20260910 06:20:34.660539 0x1fa65e140 incremental_pipeline.cc:791] Discarding reconstruction due to bad initial pair
I20260910 06:20:34.661318 0x1fa65e140 incremental_pipeline.cc:487] => Provided pair is unsuitable for initialization.
I20260910 06:20:34.661323 0x1fa65e140 incremental_pipeline.cc:791] Discarding reconstruction due to bad initial pair
I20260910 06:20:34.662054 0x1fa65e140 incremental_pipeline.cc:487] => Provided pair is unsuitable for initialization.
I20260910 06:20:34.662057 0x1fa65e140 incremental_pipeline.cc:791] Discarding reconstruction due to bad initial pair
I20260910 06:20:34.662757 0x1fa65e140 incremental_pipeline.cc:487] => Provided pair is unsuitable for initialization.
I20260910 06:20:34.662760 0x1fa65e140 incremental_pipeline.cc:791] Discarding reconstruction due to bad initial pair
I20260910 06:20:34.663599 0x1fa65e140 incremental_pipeline.cc:487] => Provided pair is unsuitable for initialization.
I20260910 06:20:34.663601 0x1fa65e140 incremental_pipeline.cc:791] Discarding reconstruction due to bad initial pair
I20260910 06:20:34.664740 0x1fa65e140 incremental_pipeline.cc:487] => Provided pair is unsuitable for initialization.
I20260910 06:20:34.664742 0x1fa65e140 incremental_pipeline.cc:791] Discarding reconstruction due to bad initial pair
I20260910 06:20:34.666108 0x1fa65e140 incremental_pipeline.cc:487] => Provided pair is unsuitable for initialization.
I20260910 06:20:34.666111 0x1fa65e140 incremental_pipeline.cc:791] Discarding reconstruction due to bad initial pair
I20260910 06:20:34.666830 0x1fa65e140 incremental_pipeline.cc:487] => Provided pair is unsuitable for initialization.
I20260910 06:20:34.666832 0x1fa65e140 incremental_pipeline.cc:791] Discarding reconstruction due to bad initial pair
I20260910 06:20:34.668193 0x1fa65e140 incremental_pipeline.cc:487] => Provided pair is unsuitable for initialization.
I20260910 06:20:34.668195 0x1fa65e140 incremental_pipeline.cc:791] Discarding reconstruction due to bad initial pair
I20260910 06:20:34.669533 0x1fa65e140 incremental_pipeline.cc:487] => Provided pair is unsuitable for initialization.
I20260910 06:20:34.669538 0x1fa65e140 incremental_pipeline.cc:791] Discarding reconstruction due to bad initial pair
I20260910 06:20:34.670287 0x1fa65e140 incremental_pipeline.cc:487] => Provided pair is unsuitable for initialization.
I20260910 06:20:34.670295 0x1fa65e140 incremental_pipeline.cc:791] Discarding reconstruction due to bad initial pair
I20260910 06:20:34.671047 0x1fa65e140 incremental_pipeline.cc:487] => Provided pair is unsuitable for initialization.
I20260910 06:20:34.671049 0x1fa65e140 incremental_pipeline.cc:791] Discarding reconstruction due to bad initial pair
I20260910 06:20:34.671892 0x1fa65e140 incremental_pipeline.cc:487] => Provided pair is unsuitable for initialization.
I20260910 06:20:34.671894 0x1fa65e140 incremental_pipeline.cc:791] Discarding reconstruction due to bad initial pair
I20260910 06:20:34.672715 0x1fa65e140 incremental_pipeline.cc:487] => Provided pair is unsuitable for initialization.
I20260910 06:20:34.672718 0x1fa65e140 incremental_pipeline.cc:791] Discarding reconstruction due to bad initial pair
I20260910 06:20:34.673808 0x1fa65e140 incremental_pipeline.cc:487] => Provided pair is unsuitable for initialization.
I20260910 06:20:34.673811 0x1fa65e140 incremental_pipeline.cc:791] Discarding reconstruction due to bad initial pair
I20260910 06:20:34.674607 0x1fa65e140 incremental_pipeline.cc:487] => Provided pair is unsuitable for initialization.
I20260910 06:20:34.674609 0x1fa65e140 incremental_pipeline.cc:791] Discarding reconstruction due to bad initial pair
I20260910 06:20:34.675872 0x1fa65e140 incremental_pipeline.cc:487] => Provided pair is unsuitable for initialization.
I20260910 06:20:34.675875 0x1fa65e140 incremental_pipeline.cc:791] Discarding reconstruction due to bad initial pair
I20260910 06:20:34.677157 0x1fa65e140 incremental_pipeline.cc:487] => Provided pair is unsuitable for initialization.
I20260910 06:20:34.677160 0x1fa65e140 incremental_pipeline.cc:791] Discarding reconstruction due to bad initial pair
I20260910 06:20:34.678426 0x1fa65e140 incremental_pipeline.cc:487] => Provided pair is unsuitable for initialization.
I20260910 06:20:34.678428 0x1fa65e140 incremental_pipeline.cc:791] Discarding reconstruction due to bad initial pair
I20260910 06:20:34.679676 0x1fa65e140 incremental_pipeline.cc:487] => Provided pair is unsuitable for initialization.
I20260910 06:20:34.679679 0x1fa65e140 incremental_pipeline.cc:791] Discarding reconstruction due to bad initial pair
I20260910 06:20:34.680425 0x1fa65e140 incremental_pipeline.cc:487] => Provided pair is unsuitable for initialization.
I20260910 06:20:34.680428 0x1fa65e140 incremental_pipeline.cc:791] Discarding reconstruction due to bad initial pair
I20260910 06:20:34.681199 0x1fa65e140 incremental_pipeline.cc:487] => Provided pair is unsuitable for initialization.
I20260910 06:20:34.681201 0x1fa65e140 incremental_pipeline.cc:791] Discarding reconstruction due to bad initial pair
I20260910 06:20:34.681956 0x1fa65e140 incremental_pipeline.cc:487] => Provided pair is unsuitable for initialization.
I20260910 06:20:34.681959 0x1fa65e140 incremental_pipeline.cc:791] Discarding reconstruction due to bad initial pair
I20260910 06:20:34.682724 0x1fa65e140 incremental_pipeline.cc:487] => Provided pair is unsuitable for initialization.
I20260910 06:20:34.682727 0x1fa65e140 incremental_pipeline.cc:791] Discarding reconstruction due to bad initial pair
I20260910 06:20:34.683446 0x1fa65e140 incremental_pipeline.cc:487] => Provided pair is unsuitable for initialization.
I20260910 06:20:34.683448 0x1fa65e140 incremental_pipeline.cc:791] Discarding reconstruction due to bad initial pair
I20260910 06:20:34.684216 0x1fa65e140 incremental_pipeline.cc:487] => Provided pair is unsuitable for initialization.
I20260910 06:20:34.684218 0x1fa65e140 incremental_pipeline.cc:791] Discarding reconstruction due to bad initial pair
I20260910 06:20:34.684956 0x1fa65e140 incremental_pipeline.cc:487] => Provided pair is unsuitable for initialization.
I20260910 06:20:34.684958 0x1fa65e140 incremental_pipeline.cc:791] Discarding reconstruction due to bad initial pair
I20260910 06:20:34.685664 0x1fa65e140 incremental_pipeline.cc:487] => Provided pair is unsuitable for initialization.
I20260910 06:20:34.685666 0x1fa65e140 incremental_pipeline.cc:791] Discarding reconstruction due to bad initial pair
I20260910 06:20:34.686372 0x1fa65e140 incremental_pipeline.cc:487] => Provided pair is unsuitable for initialization.
I20260910 06:20:34.686374 0x1fa65e140 incremental_pipeline.cc:791] Discarding reconstruction due to bad initial pair
I20260910 06:20:34.687104 0x1fa65e140 incremental_pipeline.cc:487] => Provided pair is unsuitable for initialization.
I20260910 06:20:34.687106 0x1fa65e140 incremental_pipeline.cc:791] Discarding reconstruction due to bad initial pair
I20260910 06:20:34.687816 0x1fa65e140 incremental_pipeline.cc:487] => Provided pair is unsuitable for initialization.
I20260910 06:20:34.687819 0x1fa65e140 incremental_pipeline.cc:791] Discarding reconstruction due to bad initial pair
I20260910 06:20:34.688513 0x1fa65e140 incremental_pipeline.cc:487] => Provided pair is unsuitable for initialization.
I20260910 06:20:34.688516 0x1fa65e140 incremental_pipeline.cc:791] Discarding reconstruction due to bad initial pair
I20260910 06:20:34.689257 0x1fa65e140 incremental_pipeline.cc:487] => Provided pair is unsuitable for initialization.
I20260910 06:20:34.689260 0x1fa65e140 incremental_pipeline.cc:791] Discarding reconstruction due to bad initial pair
I20260910 06:20:34.690615 0x1fa65e140 incremental_pipeline.cc:487] => Provided pair is unsuitable for initialization.
I20260910 06:20:34.690617 0x1fa65e140 incremental_pipeline.cc:791] Discarding reconstruction due to bad initial pair
I20260910 06:20:34.691392 0x1fa65e140 incremental_pipeline.cc:487] => Provided pair is unsuitable for initialization.
I20260910 06:20:34.691394 0x1fa65e140 incremental_pipeline.cc:791] Discarding reconstruction due to bad initial pair
I20260910 06:20:34.692122 0x1fa65e140 incremental_pipeline.cc:487] => Provided pair is unsuitable for initialization.
I20260910 06:20:34.692125 0x1fa65e140 incremental_pipeline.cc:791] Discarding reconstruction due to bad initial pair
I20260910 06:20:34.693434 0x1fa65e140 incremental_pipeline.cc:487] => Provided pair is unsuitable for initialization.
I20260910 06:20:34.693437 0x1fa65e140 incremental_pipeline.cc:791] Discarding reconstruction due to bad initial pair
I20260910 06:20:34.694932 0x1fa65e140 incremental_pipeline.cc:487] => Provided pair is unsuitable for initialization.
I20260910 06:20:34.694935 0x1fa65e140 incremental_pipeline.cc:791] Discarding reconstruction due to bad initial pair
I20260910 06:20:34.696159 0x1fa65e140 incremental_pipeline.cc:487] => Provided pair is unsuitable for initialization.
I20260910 06:20:34.696161 0x1fa65e140 incremental_pipeline.cc:791] Discarding reconstruction due to bad initial pair
I20260910 06:20:34.696989 0x1fa65e140 incremental_pipeline.cc:487] => Provided pair is unsuitable for initialization.
I20260910 06:20:34.696992 0x1fa65e140 incremental_pipeline.cc:791] Discarding reconstruction due to bad initial pair
I20260910 06:20:34.697698 0x1fa65e140 incremental_pipeline.cc:487] => Provided pair is unsuitable for initialization.
I20260910 06:20:34.697701 0x1fa65e140 incremental_pipeline.cc:791] Discarding reconstruction due to bad initial pair
I20260910 06:20:34.698522 0x1fa65e140 incremental_pipeline.cc:487] => Provided pair is unsuitable for initialization.
I20260910 06:20:34.698527 0x1fa65e140 incremental_pipeline.cc:791] Discarding reconstruction due to bad initial pair
I20260910 06:20:34.699776 0x1fa65e140 incremental_pipeline.cc:487] => Provided pair is unsuitable for initialization.
I20260910 06:20:34.699779 0x1fa65e140 incremental_pipeline.cc:791] Discarding reconstruction due to bad initial pair
I20260910 06:20:34.701060 0x1fa65e140 incremental_pipeline.cc:487] => Provided pair is unsuitable for initialization.
I20260910 06:20:34.701067 0x1fa65e140 incremental_pipeline.cc:791] Discarding reconstruction due to bad initial pair
I20260910 06:20:34.701752 0x1fa65e140 incremental_pipeline.cc:487] => Provided pair is unsuitable for initialization.
I20260910 06:20:34.701755 0x1fa65e140 incremental_pipeline.cc:791] Discarding reconstruction due to bad initial pair
I20260910 06:20:34.703337 0x1fa65e140 incremental_pipeline.cc:487] => Provided pair is unsuitable for initialization.
I20260910 06:20:34.703344 0x1fa65e140 incremental_pipeline.cc:791] Discarding reconstruction due to bad initial pair
I20260910 06:20:34.704636 0x1fa65e140 incremental_pipeline.cc:487] => Provided pair is unsuitable for initialization.
I20260910 06:20:34.704639 0x1fa65e140 incremental_pipeline.cc:791] Discarding reconstruction due to bad initial pair
I20260910 06:20:34.705448 0x1fa65e140 incremental_pipeline.cc:487] => Provided pair is unsuitable for initialization.
I20260910 06:20:34.705450 0x1fa65e140 incremental_pipeline.cc:791] Discarding reconstruction due to bad initial pair
I20260910 06:20:34.706364 0x1fa65e140 incremental_pipeline.cc:487] => Provided pair is unsuitable for initialization.
I20260910 06:20:34.706367 0x1fa65e140 incremental_pipeline.cc:791] Discarding reconstruction due to bad initial pair
I20260910 06:20:34.707126 0x1fa65e140 incremental_pipeline.cc:487] => Provided pair is unsuitable for initialization.
I20260910 06:20:34.707131 0x1fa65e140 incremental_pipeline.cc:791] Discarding reconstruction due to bad initial pair
I20260910 06:20:34.707945 0x1fa65e140 incremental_pipeline.cc:487] => Provided pair is unsuitable for initialization.
I20260910 06:20:34.707948 0x1fa65e140 incremental_pipeline.cc:791] Discarding reconstruction due to bad initial pair
I20260910 06:20:34.708681 0x1fa65e140 incremental_pipeline.cc:487] => Provided pair is unsuitable for initialization.
I20260910 06:20:34.708683 0x1fa65e140 incremental_pipeline.cc:791] Discarding reconstruction due to bad initial pair
I20260910 06:20:34.709474 0x1fa65e140 incremental_pipeline.cc:487] => Provided pair is unsuitable for initialization.
I20260910 06:20:34.709477 0x1fa65e140 incremental_pipeline.cc:791] Discarding reconstruction due to bad initial pair
I20260910 06:20:34.710275 0x1fa65e140 incremental_pipeline.cc:487] => Provided pair is unsuitable for initialization.
I20260910 06:20:34.710277 0x1fa65e140 incremental_pipeline.cc:791] Discarding reconstruction due to bad initial pair
I20260910 06:20:34.710957 0x1fa65e140 incremental_pipeline.cc:487] => Provided pair is unsuitable for initialization.
I20260910 06:20:34.710960 0x1fa65e140 incremental_pipeline.cc:791] Discarding reconstruction due to bad initial pair
I20260910 06:20:34.711752 0x1fa65e140 incremental_pipeline.cc:487] => Provided pair is unsuitable for initialization.
I20260910 06:20:34.711754 0x1fa65e140 incremental_pipeline.cc:791] Discarding reconstruction due to bad initial pair
I20260910 06:20:34.712529 0x1fa65e140 incremental_pipeline.cc:487] => Provided pair is unsuitable for initialization.
I20260910 06:20:34.712532 0x1fa65e140 incremental_pipeline.cc:791] Discarding reconstruction due to bad initial pair
I20260910 06:20:34.713461 0x1fa65e140 incremental_pipeline.cc:487] => Provided pair is unsuitable for initialization.
I20260910 06:20:34.713464 0x1fa65e140 incremental_pipeline.cc:791] Discarding reconstruction due to bad initial pair
I20260910 06:20:34.714150 0x1fa65e140 incremental_pipeline.cc:487] => Provided pair is unsuitable for initialization.
I20260910 06:20:34.714152 0x1fa65e140 incremental_pipeline.cc:791] Discarding reconstruction due to bad initial pair
I20260910 06:20:34.714878 0x1fa65e140 incremental_pipeline.cc:487] => Provided pair is unsuitable for initialization.
I20260910 06:20:34.714881 0x1fa65e140 incremental_pipeline.cc:791] Discarding reconstruction due to bad initial pair
I20260910 06:20:34.715790 0x1fa65e140 incremental_pipeline.cc:487] => Provided pair is unsuitable for initialization.
I20260910 06:20:34.715793 0x1fa65e140 incremental_pipeline.cc:791] Discarding reconstruction due to bad initial pair
I20260910 06:20:34.717025 0x1fa65e140 incremental_pipeline.cc:487] => Provided pair is unsuitable for initialization.
I20260910 06:20:34.717027 0x1fa65e140 incremental_pipeline.cc:791] Discarding reconstruction due to bad initial pair
I20260910 06:20:34.717800 0x1fa65e140 incremental_pipeline.cc:487] => Provided pair is unsuitable for initialization.
I20260910 06:20:34.717803 0x1fa65e140 incremental_pipeline.cc:791] Discarding reconstruction due to bad initial pair
I20260910 06:20:34.718487 0x1fa65e140 incremental_pipeline.cc:487] => Provided pair is unsuitable for initialization.
I20260910 06:20:34.718489 0x1fa65e140 incremental_pipeline.cc:791] Discarding reconstruction due to bad initial pair
I20260910 06:20:34.719306 0x1fa65e140 incremental_pipeline.cc:487] => Provided pair is unsuitable for initialization.
I20260910 06:20:34.719309 0x1fa65e140 incremental_pipeline.cc:791] Discarding reconstruction due to bad initial pair
I20260910 06:20:34.720028 0x1fa65e140 incremental_pipeline.cc:487] => Provided pair is unsuitable for initialization.
I20260910 06:20:34.720031 0x1fa65e140 incremental_pipeline.cc:791] Discarding reconstruction due to bad initial pair
I20260910 06:20:34.720996 0x1fa65e140 incremental_pipeline.cc:487] => Provided pair is unsuitable for initialization.
I20260910 06:20:34.720999 0x1fa65e140 incremental_pipeline.cc:791] Discarding reconstruction due to bad initial pair
I20260910 06:20:34.721800 0x1fa65e140 incremental_pipeline.cc:487] => Provided pair is unsuitable for initialization.
I20260910 06:20:34.721802 0x1fa65e140 incremental_pipeline.cc:791] Discarding reconstruction due to bad initial pair
I20260910 06:20:34.722589 0x1fa65e140 incremental_pipeline.cc:487] => Provided pair is unsuitable for initialization.
I20260910 06:20:34.722591 0x1fa65e140 incremental_pipeline.cc:791] Discarding reconstruction due to bad initial pair
I20260910 06:20:34.723323 0x1fa65e140 incremental_pipeline.cc:487] => Provided pair is unsuitable for initialization.
I20260910 06:20:34.723325 0x1fa65e140 incremental_pipeline.cc:791] Discarding reconstruction due to bad initial pair
I20260910 06:20:34.724109 0x1fa65e140 incremental_pipeline.cc:487] => Provided pair is unsuitable for initialization.
I20260910 06:20:34.724112 0x1fa65e140 incremental_pipeline.cc:791] Discarding reconstruction due to bad initial pair
I20260910 06:20:34.724903 0x1fa65e140 incremental_pipeline.cc:487] => Provided pair is unsuitable for initialization.
I20260910 06:20:34.724906 0x1fa65e140 incremental_pipeline.cc:791] Discarding reconstruction due to bad initial pair
I20260910 06:20:34.725689 0x1fa65e140 incremental_pipeline.cc:487] => Provided pair is unsuitable for initialization.
I20260910 06:20:34.725691 0x1fa65e140 incremental_pipeline.cc:791] Discarding reconstruction due to bad initial pair
I20260910 06:20:34.726467 0x1fa65e140 incremental_pipeline.cc:487] => Provided pair is unsuitable for initialization.
I20260910 06:20:34.726469 0x1fa65e140 incremental_pipeline.cc:791] Discarding reconstruction due to bad initial pair
I20260910 06:20:34.727292 0x1fa65e140 incremental_pipeline.cc:487] => Provided pair is unsuitable for initialization.
I20260910 06:20:34.727294 0x1fa65e140 incremental_pipeline.cc:791] Discarding reconstruction due to bad initial pair
I20260910 06:20:34.728086 0x1fa65e140 incremental_pipeline.cc:487] => Provided pair is unsuitable for initialization.
I20260910 06:20:34.728088 0x1fa65e140 incremental_pipeline.cc:791] Discarding reconstruction due to bad initial pair
I20260910 06:20:34.728091 0x1fa65e140 incremental_pipeline.cc:429] => Relaxing the initialization constraints.
I20260910 06:20:34.728855 0x1fa65e140 incremental_pipeline.cc:487] => Provided pair is unsuitable for initialization.
I20260910 06:20:34.728858 0x1fa65e140 incremental_pipeline.cc:791] Discarding reconstruction due to bad initial pair
I20260910 06:20:34.729614 0x1fa65e140 incremental_pipeline.cc:487] => Provided pair is unsuitable for initialization.
I20260910 06:20:34.729617 0x1fa65e140 incremental_pipeline.cc:791] Discarding reconstruction due to bad initial pair
I20260910 06:20:34.730414 0x1fa65e140 incremental_pipeline.cc:487] => Provided pair is unsuitable for initialization.
I20260910 06:20:34.730416 0x1fa65e140 incremental_pipeline.cc:791] Discarding reconstruction due to bad initial pair
I20260910 06:20:34.731663 0x1fa65e140 incremental_pipeline.cc:487] => Provided pair is unsuitable for initialization.
I20260910 06:20:34.731666 0x1fa65e140 incremental_pipeline.cc:791] Discarding reconstruction due to bad initial pair
I20260910 06:20:34.732478 0x1fa65e140 incremental_pipeline.cc:487] => Provided pair is unsuitable for initialization.
I20260910 06:20:34.732481 0x1fa65e140 incremental_pipeline.cc:791] Discarding reconstruction due to bad initial pair
I20260910 06:20:34.733278 0x1fa65e140 incremental_pipeline.cc:487] => Provided pair is unsuitable for initialization.
I20260910 06:20:34.733280 0x1fa65e140 incremental_pipeline.cc:791] Discarding reconstruction due to bad initial pair
I20260910 06:20:34.733997 0x1fa65e140 incremental_pipeline.cc:487] => Provided pair is unsuitable for initialization.
I20260910 06:20:34.734000 0x1fa65e140 incremental_pipeline.cc:791] Discarding reconstruction due to bad initial pair
I20260910 06:20:34.734792 0x1fa65e140 incremental_pipeline.cc:487] => Provided pair is unsuitable for initialization.
I20260910 06:20:34.734794 0x1fa65e140 incremental_pipeline.cc:791] Discarding reconstruction due to bad initial pair
I20260910 06:20:34.735496 0x1fa65e140 incremental_pipeline.cc:487] => Provided pair is unsuitable for initialization.
I20260910 06:20:34.735498 0x1fa65e140 incremental_pipeline.cc:791] Discarding reconstruction due to bad initial pair
I20260910 06:20:34.736297 0x1fa65e140 incremental_pipeline.cc:487] => Provided pair is unsuitable for initialization.
I20260910 06:20:34.736300 0x1fa65e140 incremental_pipeline.cc:791] Discarding reconstruction due to bad initial pair
I20260910 06:20:34.736986 0x1fa65e140 incremental_pipeline.cc:487] => Provided pair is unsuitable for initialization.
I20260910 06:20:34.736988 0x1fa65e140 incremental_pipeline.cc:791] Discarding reconstruction due to bad initial pair
I20260910 06:20:34.737766 0x1fa65e140 incremental_pipeline.cc:487] => Provided pair is unsuitable for initialization.
I20260910 06:20:34.737769 0x1fa65e140 incremental_pipeline.cc:791] Discarding reconstruction due to bad initial pair
I20260910 06:20:34.738534 0x1fa65e140 incremental_pipeline.cc:487] => Provided pair is unsuitable for initialization.
I20260910 06:20:34.738536 0x1fa65e140 incremental_pipeline.cc:791] Discarding reconstruction due to bad initial pair
I20260910 06:20:34.739814 0x1fa65e140 incremental_pipeline.cc:487] => Provided pair is unsuitable for initialization.
I20260910 06:20:34.739816 0x1fa65e140 incremental_pipeline.cc:791] Discarding reconstruction due to bad initial pair
I20260910 06:20:34.740511 0x1fa65e140 incremental_pipeline.cc:487] => Provided pair is unsuitable for initialization.
I20260910 06:20:34.740514 0x1fa65e140 incremental_pipeline.cc:791] Discarding reconstruction due to bad initial pair
I20260910 06:20:34.741275 0x1fa65e140 incremental_pipeline.cc:487] => Provided pair is unsuitable for initialization.
I20260910 06:20:34.741280 0x1fa65e140 incremental_pipeline.cc:791] Discarding reconstruction due to bad initial pair
I20260910 06:20:34.742033 0x1fa65e140 incremental_pipeline.cc:487] => Provided pair is unsuitable for initialization.
I20260910 06:20:34.742035 0x1fa65e140 incremental_pipeline.cc:791] Discarding reconstruction due to bad initial pair
I20260910 06:20:34.742816 0x1fa65e140 incremental_pipeline.cc:487] => Provided pair is unsuitable for initialization.
I20260910 06:20:34.742819 0x1fa65e140 incremental_pipeline.cc:791] Discarding reconstruction due to bad initial pair
I20260910 06:20:34.743640 0x1fa65e140 incremental_pipeline.cc:487] => Provided pair is unsuitable for initialization.
I20260910 06:20:34.743642 0x1fa65e140 incremental_pipeline.cc:791] Discarding reconstruction due to bad initial pair
I20260910 06:20:34.744349 0x1fa65e140 incremental_pipeline.cc:487] => Provided pair is unsuitable for initialization.
I20260910 06:20:34.744352 0x1fa65e140 incremental_pipeline.cc:791] Discarding reconstruction due to bad initial pair
I20260910 06:20:34.745085 0x1fa65e140 incremental_pipeline.cc:487] => Provided pair is unsuitable for initialization.
I20260910 06:20:34.745087 0x1fa65e140 incremental_pipeline.cc:791] Discarding reconstruction due to bad initial pair
I20260910 06:20:34.745872 0x1fa65e140 incremental_pipeline.cc:487] => Provided pair is unsuitable for initialization.
I20260910 06:20:34.745874 0x1fa65e140 incremental_pipeline.cc:791] Discarding reconstruction due to bad initial pair
I20260910 06:20:34.746664 0x1fa65e140 incremental_pipeline.cc:487] => Provided pair is unsuitable for initialization.
I20260910 06:20:34.746666 0x1fa65e140 incremental_pipeline.cc:791] Discarding reconstruction due to bad initial pair
I20260910 06:20:34.747439 0x1fa65e140 incremental_pipeline.cc:487] => Provided pair is unsuitable for initialization.
I20260910 06:20:34.747441 0x1fa65e140 incremental_pipeline.cc:791] Discarding reconstruction due to bad initial pair
I20260910 06:20:34.748156 0x1fa65e140 incremental_pipeline.cc:487] => Provided pair is unsuitable for initialization.
I20260910 06:20:34.748159 0x1fa65e140 incremental_pipeline.cc:791] Discarding reconstruction due to bad initial pair
I20260910 06:20:34.749398 0x1fa65e140 incremental_pipeline.cc:487] => Provided pair is unsuitable for initialization.
I20260910 06:20:34.749400 0x1fa65e140 incremental_pipeline.cc:791] Discarding reconstruction due to bad initial pair
I20260910 06:20:34.750135 0x1fa65e140 incremental_pipeline.cc:487] => Provided pair is unsuitable for initialization.
I20260910 06:20:34.750138 0x1fa65e140 incremental_pipeline.cc:791] Discarding reconstruction due to bad initial pair
I20260910 06:20:34.750873 0x1fa65e140 incremental_pipeline.cc:487] => Provided pair is unsuitable for initialization.
I20260910 06:20:34.750875 0x1fa65e140 incremental_pipeline.cc:791] Discarding reconstruction due to bad initial pair
I20260910 06:20:34.752173 0x1fa65e140 incremental_pipeline.cc:487] => Provided pair is unsuitable for initialization.
I20260910 06:20:34.752175 0x1fa65e140 incremental_pipeline.cc:791] Discarding reconstruction due to bad initial pair
I20260910 06:20:34.753537 0x1fa65e140 incremental_pipeline.cc:487] => Provided pair is unsuitable for initialization.
I20260910 06:20:34.753539 0x1fa65e140 incremental_pipeline.cc:791] Discarding reconstruction due to bad initial pair
I20260910 06:20:34.754617 0x1fa65e140 incremental_pipeline.cc:487] => Provided pair is unsuitable for initialization.
I20260910 06:20:34.754619 0x1fa65e140 incremental_pipeline.cc:791] Discarding reconstruction due to bad initial pair
I20260910 06:20:34.755324 0x1fa65e140 incremental_pipeline.cc:487] => Provided pair is unsuitable for initialization.
I20260910 06:20:34.755327 0x1fa65e140 incremental_pipeline.cc:791] Discarding reconstruction due to bad initial pair
I20260910 06:20:34.756075 0x1fa65e140 incremental_pipeline.cc:487] => Provided pair is unsuitable for initialization.
I20260910 06:20:34.756077 0x1fa65e140 incremental_pipeline.cc:791] Discarding reconstruction due to bad initial pair
I20260910 06:20:34.756776 0x1fa65e140 incremental_pipeline.cc:487] => Provided pair is unsuitable for initialization.
I20260910 06:20:34.756778 0x1fa65e140 incremental_pipeline.cc:791] Discarding reconstruction due to bad initial pair
I20260910 06:20:34.757479 0x1fa65e140 incremental_pipeline.cc:487] => Provided pair is unsuitable for initialization.
I20260910 06:20:34.757482 0x1fa65e140 incremental_pipeline.cc:791] Discarding reconstruction due to bad initial pair
I20260910 06:20:34.758249 0x1fa65e140 incremental_pipeline.cc:487] => Provided pair is unsuitable for initialization.
I20260910 06:20:34.758251 0x1fa65e140 incremental_pipeline.cc:791] Discarding reconstruction due to bad initial pair
I20260910 06:20:34.759025 0x1fa65e140 incremental_pipeline.cc:487] => Provided pair is unsuitable for initialization.
I20260910 06:20:34.759028 0x1fa65e140 incremental_pipeline.cc:791] Discarding reconstruction due to bad initial pair
I20260910 06:20:34.759763 0x1fa65e140 incremental_pipeline.cc:487] => Provided pair is unsuitable for initialization.
I20260910 06:20:34.759766 0x1fa65e140 incremental_pipeline.cc:791] Discarding reconstruction due to bad initial pair
I20260910 06:20:34.760585 0x1fa65e140 incremental_pipeline.cc:487] => Provided pair is unsuitable for initialization.
I20260910 06:20:34.760592 0x1fa65e140 incremental_pipeline.cc:791] Discarding reconstruction due to bad initial pair
I20260910 06:20:34.761348 0x1fa65e140 incremental_pipeline.cc:487] => Provided pair is unsuitable for initialization.
I20260910 06:20:34.761351 0x1fa65e140 incremental_pipeline.cc:791] Discarding reconstruction due to bad initial pair
I20260910 06:20:34.762535 0x1fa65e140 incremental_pipeline.cc:487] => Provided pair is unsuitable for initialization.
I20260910 06:20:34.762537 0x1fa65e140 incremental_pipeline.cc:791] Discarding reconstruction due to bad initial pair
I20260910 06:20:34.763942 0x1fa65e140 incremental_pipeline.cc:487] => Provided pair is unsuitable for initialization.
I20260910 06:20:34.763944 0x1fa65e140 incremental_pipeline.cc:791] Discarding reconstruction due to bad initial pair
I20260910 06:20:34.764724 0x1fa65e140 incremental_pipeline.cc:487] => Provided pair is unsuitable for initialization.
I20260910 06:20:34.764727 0x1fa65e140 incremental_pipeline.cc:791] Discarding reconstruction due to bad initial pair
I20260910 06:20:34.765448 0x1fa65e140 incremental_pipeline.cc:487] => Provided pair is unsuitable for initialization.
I20260910 06:20:34.765451 0x1fa65e140 incremental_pipeline.cc:791] Discarding reconstruction due to bad initial pair
I20260910 06:20:34.766195 0x1fa65e140 incremental_pipeline.cc:487] => Provided pair is unsuitable for initialization.
I20260910 06:20:34.766197 0x1fa65e140 incremental_pipeline.cc:791] Discarding reconstruction due to bad initial pair
I20260910 06:20:34.766898 0x1fa65e140 incremental_pipeline.cc:487] => Provided pair is unsuitable for initialization.
I20260910 06:20:34.766901 0x1fa65e140 incremental_pipeline.cc:791] Discarding reconstruction due to bad initial pair
I20260910 06:20:34.767592 0x1fa65e140 incremental_pipeline.cc:487] => Provided pair is unsuitable for initialization.
I20260910 06:20:34.767595 0x1fa65e140 incremental_pipeline.cc:791] Discarding reconstruction due to bad initial pair
I20260910 06:20:34.768427 0x1fa65e140 incremental_pipeline.cc:487] => Provided pair is unsuitable for initialization.
I20260910 06:20:34.768429 0x1fa65e140 incremental_pipeline.cc:791] Discarding reconstruction due to bad initial pair
I20260910 06:20:34.769158 0x1fa65e140 incremental_pipeline.cc:487] => Provided pair is unsuitable for initialization.
I20260910 06:20:34.769161 0x1fa65e140 incremental_pipeline.cc:791] Discarding reconstruction due to bad initial pair
I20260910 06:20:34.769909 0x1fa65e140 incremental_pipeline.cc:487] => Provided pair is unsuitable for initialization.
I20260910 06:20:34.769911 0x1fa65e140 incremental_pipeline.cc:791] Discarding reconstruction due to bad initial pair
I20260910 06:20:34.771171 0x1fa65e140 incremental_pipeline.cc:487] => Provided pair is unsuitable for initialization.
I20260910 06:20:34.771173 0x1fa65e140 incremental_pipeline.cc:791] Discarding reconstruction due to bad initial pair
I20260910 06:20:34.771885 0x1fa65e140 incremental_pipeline.cc:487] => Provided pair is unsuitable for initialization.
I20260910 06:20:34.771887 0x1fa65e140 incremental_pipeline.cc:791] Discarding reconstruction due to bad initial pair
I20260910 06:20:34.772610 0x1fa65e140 incremental_pipeline.cc:487] => Provided pair is unsuitable for initialization.
I20260910 06:20:34.772613 0x1fa65e140 incremental_pipeline.cc:791] Discarding reconstruction due to bad initial pair
I20260910 06:20:34.773310 0x1fa65e140 incremental_pipeline.cc:487] => Provided pair is unsuitable for initialization.
I20260910 06:20:34.773313 0x1fa65e140 incremental_pipeline.cc:791] Discarding reconstruction due to bad initial pair
I20260910 06:20:34.774061 0x1fa65e140 incremental_pipeline.cc:487] => Provided pair is unsuitable for initialization.
I20260910 06:20:34.774062 0x1fa65e140 incremental_pipeline.cc:791] Discarding reconstruction due to bad initial pair
I20260910 06:20:34.774802 0x1fa65e140 incremental_pipeline.cc:487] => Provided pair is unsuitable for initialization.
I20260910 06:20:34.774804 0x1fa65e140 incremental_pipeline.cc:791] Discarding reconstruction due to bad initial pair
I20260910 06:20:34.775558 0x1fa65e140 incremental_pipeline.cc:487] => Provided pair is unsuitable for initialization.
I20260910 06:20:34.775561 0x1fa65e140 incremental_pipeline.cc:791] Discarding reconstruction due to bad initial pair
I20260910 06:20:34.776401 0x1fa65e140 incremental_pipeline.cc:487] => Provided pair is unsuitable for initialization.
I20260910 06:20:34.776404 0x1fa65e140 incremental_pipeline.cc:791] Discarding reconstruction due to bad initial pair
I20260910 06:20:34.777101 0x1fa65e140 incremental_pipeline.cc:487] => Provided pair is unsuitable for initialization.
I20260910 06:20:34.777103 0x1fa65e140 incremental_pipeline.cc:791] Discarding reconstruction due to bad initial pair
I20260910 06:20:34.777885 0x1fa65e140 incremental_pipeline.cc:487] => Provided pair is unsuitable for initialization.
I20260910 06:20:34.777887 0x1fa65e140 incremental_pipeline.cc:791] Discarding reconstruction due to bad initial pair
I20260910 06:20:34.778782 0x1fa65e140 incremental_pipeline.cc:487] => Provided pair is unsuitable for initialization.
I20260910 06:20:34.778784 0x1fa65e140 incremental_pipeline.cc:791] Discarding reconstruction due to bad initial pair
I20260910 06:20:34.779506 0x1fa65e140 incremental_pipeline.cc:487] => Provided pair is unsuitable for initialization.
I20260910 06:20:34.779508 0x1fa65e140 incremental_pipeline.cc:791] Discarding reconstruction due to bad initial pair
I20260910 06:20:34.780264 0x1fa65e140 incremental_pipeline.cc:487] => Provided pair is unsuitable for initialization.
I20260910 06:20:34.780266 0x1fa65e140 incremental_pipeline.cc:791] Discarding reconstruction due to bad initial pair
I20260910 06:20:34.781581 0x1fa65e140 incremental_pipeline.cc:487] => Provided pair is unsuitable for initialization.
I20260910 06:20:34.781583 0x1fa65e140 incremental_pipeline.cc:791] Discarding reconstruction due to bad initial pair
I20260910 06:20:34.782712 0x1fa65e140 incremental_pipeline.cc:487] => Provided pair is unsuitable for initialization.
I20260910 06:20:34.782714 0x1fa65e140 incremental_pipeline.cc:791] Discarding reconstruction due to bad initial pair
I20260910 06:20:34.783471 0x1fa65e140 incremental_pipeline.cc:487] => Provided pair is unsuitable for initialization.
I20260910 06:20:34.783473 0x1fa65e140 incremental_pipeline.cc:791] Discarding reconstruction due to bad initial pair
I20260910 06:20:34.784413 0x1fa65e140 incremental_pipeline.cc:487] => Provided pair is unsuitable for initialization.
I20260910 06:20:34.784415 0x1fa65e140 incremental_pipeline.cc:791] Discarding reconstruction due to bad initial pair
I20260910 06:20:34.785210 0x1fa65e140 incremental_pipeline.cc:487] => Provided pair is unsuitable for initialization.
I20260910 06:20:34.785213 0x1fa65e140 incremental_pipeline.cc:791] Discarding reconstruction due to bad initial pair
I20260910 06:20:34.786037 0x1fa65e140 incremental_pipeline.cc:487] => Provided pair is unsuitable for initialization.
I20260910 06:20:34.786041 0x1fa65e140 incremental_pipeline.cc:791] Discarding reconstruction due to bad initial pair
I20260910 06:20:34.786864 0x1fa65e140 incremental_pipeline.cc:487] => Provided pair is unsuitable for initialization.
I20260910 06:20:34.786866 0x1fa65e140 incremental_pipeline.cc:791] Discarding reconstruction due to bad initial pair
I20260910 06:20:34.787668 0x1fa65e140 incremental_pipeline.cc:487] => Provided pair is unsuitable for initialization.
I20260910 06:20:34.787670 0x1fa65e140 incremental_pipeline.cc:791] Discarding reconstruction due to bad initial pair
I20260910 06:20:34.788355 0x1fa65e140 incremental_pipeline.cc:487] => Provided pair is unsuitable for initialization.
I20260910 06:20:34.788357 0x1fa65e140 incremental_pipeline.cc:791] Discarding reconstruction due to bad initial pair
I20260910 06:20:34.789570 0x1fa65e140 incremental_pipeline.cc:487] => Provided pair is unsuitable for initialization.
I20260910 06:20:34.789572 0x1fa65e140 incremental_pipeline.cc:791] Discarding reconstruction due to bad initial pair
I20260910 06:20:34.790291 0x1fa65e140 incremental_pipeline.cc:487] => Provided pair is unsuitable for initialization.
I20260910 06:20:34.790299 0x1fa65e140 incremental_pipeline.cc:791] Discarding reconstruction due to bad initial pair
I20260910 06:20:34.791068 0x1fa65e140 incremental_pipeline.cc:487] => Provided pair is unsuitable for initialization.
I20260910 06:20:34.791073 0x1fa65e140 incremental_pipeline.cc:791] Discarding reconstruction due to bad initial pair
I20260910 06:20:34.791773 0x1fa65e140 incremental_pipeline.cc:487] => Provided pair is unsuitable for initialization.
I20260910 06:20:34.791775 0x1fa65e140 incremental_pipeline.cc:791] Discarding reconstruction due to bad initial pair
I20260910 06:20:34.793062 0x1fa65e140 incremental_pipeline.cc:487] => Provided pair is unsuitable for initialization.
I20260910 06:20:34.793064 0x1fa65e140 incremental_pipeline.cc:791] Discarding reconstruction due to bad initial pair
I20260910 06:20:34.794505 0x1fa65e140 incremental_pipeline.cc:487] => Provided pair is unsuitable for initialization.
I20260910 06:20:34.794508 0x1fa65e140 incremental_pipeline.cc:791] Discarding reconstruction due to bad initial pair
I20260910 06:20:34.795716 0x1fa65e140 incremental_pipeline.cc:487] => Provided pair is unsuitable for initialization.
I20260910 06:20:34.795718 0x1fa65e140 incremental_pipeline.cc:791] Discarding reconstruction due to bad initial pair
I20260910 06:20:34.796527 0x1fa65e140 incremental_pipeline.cc:487] => Provided pair is unsuitable for initialization.
I20260910 06:20:34.796530 0x1fa65e140 incremental_pipeline.cc:791] Discarding reconstruction due to bad initial pair
I20260910 06:20:34.797245 0x1fa65e140 incremental_pipeline.cc:487] => Provided pair is unsuitable for initialization.
I20260910 06:20:34.797247 0x1fa65e140 incremental_pipeline.cc:791] Discarding reconstruction due to bad initial pair
I20260910 06:20:34.798013 0x1fa65e140 incremental_pipeline.cc:487] => Provided pair is unsuitable for initialization.
I20260910 06:20:34.798015 0x1fa65e140 incremental_pipeline.cc:791] Discarding reconstruction due to bad initial pair
I20260910 06:20:34.798828 0x1fa65e140 incremental_pipeline.cc:487] => Provided pair is unsuitable for initialization.
I20260910 06:20:34.798830 0x1fa65e140 incremental_pipeline.cc:791] Discarding reconstruction due to bad initial pair
I20260910 06:20:34.799517 0x1fa65e140 incremental_pipeline.cc:487] => Provided pair is unsuitable for initialization.
I20260910 06:20:34.799520 0x1fa65e140 incremental_pipeline.cc:791] Discarding reconstruction due to bad initial pair
I20260910 06:20:34.800853 0x1fa65e140 incremental_pipeline.cc:487] => Provided pair is unsuitable for initialization.
I20260910 06:20:34.800857 0x1fa65e140 incremental_pipeline.cc:791] Discarding reconstruction due to bad initial pair
I20260910 06:20:34.801710 0x1fa65e140 incremental_pipeline.cc:487] => Provided pair is unsuitable for initialization.
I20260910 06:20:34.801712 0x1fa65e140 incremental_pipeline.cc:791] Discarding reconstruction due to bad initial pair
I20260910 06:20:34.802447 0x1fa65e140 incremental_pipeline.cc:487] => Provided pair is unsuitable for initialization.
I20260910 06:20:34.802450 0x1fa65e140 incremental_pipeline.cc:791] Discarding reconstruction due to bad initial pair
I20260910 06:20:34.803215 0x1fa65e140 incremental_pipeline.cc:487] => Provided pair is unsuitable for initialization.
I20260910 06:20:34.803217 0x1fa65e140 incremental_pipeline.cc:791] Discarding reconstruction due to bad initial pair
I20260910 06:20:34.803991 0x1fa65e140 incremental_pipeline.cc:487] => Provided pair is unsuitable for initialization.
I20260910 06:20:34.803994 0x1fa65e140 incremental_pipeline.cc:791] Discarding reconstruction due to bad initial pair
I20260910 06:20:34.804716 0x1fa65e140 incremental_pipeline.cc:487] => Provided pair is unsuitable for initialization.
I20260910 06:20:34.804718 0x1fa65e140 incremental_pipeline.cc:791] Discarding reconstruction due to bad initial pair
I20260910 06:20:34.805500 0x1fa65e140 incremental_pipeline.cc:487] => Provided pair is unsuitable for initialization.
I20260910 06:20:34.805502 0x1fa65e140 incremental_pipeline.cc:791] Discarding reconstruction due to bad initial pair
I20260910 06:20:34.806757 0x1fa65e140 incremental_pipeline.cc:487] => Provided pair is unsuitable for initialization.
I20260910 06:20:34.806760 0x1fa65e140 incremental_pipeline.cc:791] Discarding reconstruction due to bad initial pair
I20260910 06:20:34.807546 0x1fa65e140 incremental_pipeline.cc:487] => Provided pair is unsuitable for initialization.
I20260910 06:20:34.807548 0x1fa65e140 incremental_pipeline.cc:791] Discarding reconstruction due to bad initial pair
I20260910 06:20:34.808353 0x1fa65e140 incremental_pipeline.cc:487] => Provided pair is unsuitable for initialization.
I20260910 06:20:34.808355 0x1fa65e140 incremental_pipeline.cc:791] Discarding reconstruction due to bad initial pair
I20260910 06:20:34.809643 0x1fa65e140 incremental_pipeline.cc:487] => Provided pair is unsuitable for initialization.
I20260910 06:20:34.809645 0x1fa65e140 incremental_pipeline.cc:791] Discarding reconstruction due to bad initial pair
I20260910 06:20:34.810365 0x1fa65e140 incremental_pipeline.cc:487] => Provided pair is unsuitable for initialization.
I20260910 06:20:34.810367 0x1fa65e140 incremental_pipeline.cc:791] Discarding reconstruction due to bad initial pair
I20260910 06:20:34.811077 0x1fa65e140 incremental_pipeline.cc:487] => Provided pair is unsuitable for initialization.
I20260910 06:20:34.811082 0x1fa65e140 incremental_pipeline.cc:791] Discarding reconstruction due to bad initial pair
I20260910 06:20:34.811823 0x1fa65e140 incremental_pipeline.cc:487] => Provided pair is unsuitable for initialization.
I20260910 06:20:34.811825 0x1fa65e140 incremental_pipeline.cc:791] Discarding reconstruction due to bad initial pair
I20260910 06:20:34.812617 0x1fa65e140 incremental_pipeline.cc:487] => Provided pair is unsuitable for initialization.
I20260910 06:20:34.812620 0x1fa65e140 incremental_pipeline.cc:791] Discarding reconstruction due to bad initial pair
I20260910 06:20:34.813348 0x1fa65e140 incremental_pipeline.cc:487] => Provided pair is unsuitable for initialization.
I20260910 06:20:34.813350 0x1fa65e140 incremental_pipeline.cc:791] Discarding reconstruction due to bad initial pair
I20260910 06:20:34.814067 0x1fa65e140 incremental_pipeline.cc:487] => Provided pair is unsuitable for initialization.
I20260910 06:20:34.814070 0x1fa65e140 incremental_pipeline.cc:791] Discarding reconstruction due to bad initial pair
I20260910 06:20:34.814837 0x1fa65e140 incremental_pipeline.cc:487] => Provided pair is unsuitable for initialization.
I20260910 06:20:34.814839 0x1fa65e140 incremental_pipeline.cc:791] Discarding reconstruction due to bad initial pair
I20260910 06:20:34.816631 0x1fa65e140 incremental_pipeline.cc:487] => Provided pair is unsuitable for initialization.
I20260910 06:20:34.816634 0x1fa65e140 incremental_pipeline.cc:791] Discarding reconstruction due to bad initial pair
I20260910 06:20:34.817571 0x1fa65e140 incremental_pipeline.cc:487] => Provided pair is unsuitable for initialization.
I20260910 06:20:34.817574 0x1fa65e140 incremental_pipeline.cc:791] Discarding reconstruction due to bad initial pair
I20260910 06:20:34.818374 0x1fa65e140 incremental_pipeline.cc:487] => Provided pair is unsuitable for initialization.
I20260910 06:20:34.818377 0x1fa65e140 incremental_pipeline.cc:791] Discarding reconstruction due to bad initial pair
I20260910 06:20:34.819107 0x1fa65e140 incremental_pipeline.cc:487] => Provided pair is unsuitable for initialization.
I20260910 06:20:34.819110 0x1fa65e140 incremental_pipeline.cc:791] Discarding reconstruction due to bad initial pair
I20260910 06:20:34.819872 0x1fa65e140 incremental_pipeline.cc:487] => Provided pair is unsuitable for initialization.
I20260910 06:20:34.819874 0x1fa65e140 incremental_pipeline.cc:791] Discarding reconstruction due to bad initial pair
I20260910 06:20:34.820645 0x1fa65e140 incremental_pipeline.cc:487] => Provided pair is unsuitable for initialization.
I20260910 06:20:34.820648 0x1fa65e140 incremental_pipeline.cc:791] Discarding reconstruction due to bad initial pair
I20260910 06:20:34.821401 0x1fa65e140 incremental_pipeline.cc:487] => Provided pair is unsuitable for initialization.
I20260910 06:20:34.821408 0x1fa65e140 incremental_pipeline.cc:791] Discarding reconstruction due to bad initial pair
I20260910 06:20:34.822113 0x1fa65e140 incremental_pipeline.cc:487] => Provided pair is unsuitable for initialization.
I20260910 06:20:34.822116 0x1fa65e140 incremental_pipeline.cc:791] Discarding reconstruction due to bad initial pair
I20260910 06:20:34.823037 0x1fa65e140 incremental_pipeline.cc:487] => Provided pair is unsuitable for initialization.
I20260910 06:20:34.823039 0x1fa65e140 incremental_pipeline.cc:791] Discarding reconstruction due to bad initial pair
I20260910 06:20:34.823851 0x1fa65e140 incremental_pipeline.cc:487] => Provided pair is unsuitable for initialization.
I20260910 06:20:34.823854 0x1fa65e140 incremental_pipeline.cc:791] Discarding reconstruction due to bad initial pair
I20260910 06:20:34.824538 0x1fa65e140 incremental_pipeline.cc:487] => Provided pair is unsuitable for initialization.
I20260910 06:20:34.824540 0x1fa65e140 incremental_pipeline.cc:791] Discarding reconstruction due to bad initial pair
I20260910 06:20:34.825345 0x1fa65e140 incremental_pipeline.cc:487] => Provided pair is unsuitable for initialization.
I20260910 06:20:34.825347 0x1fa65e140 incremental_pipeline.cc:791] Discarding reconstruction due to bad initial pair
I20260910 06:20:34.826235 0x1fa65e140 incremental_pipeline.cc:487] => Provided pair is unsuitable for initialization.
I20260910 06:20:34.826238 0x1fa65e140 incremental_pipeline.cc:791] Discarding reconstruction due to bad initial pair
I20260910 06:20:34.826995 0x1fa65e140 incremental_pipeline.cc:487] => Provided pair is unsuitable for initialization.
I20260910 06:20:34.826997 0x1fa65e140 incremental_pipeline.cc:791] Discarding reconstruction due to bad initial pair
I20260910 06:20:34.828360 0x1fa65e140 incremental_pipeline.cc:487] => Provided pair is unsuitable for initialization.
I20260910 06:20:34.828363 0x1fa65e140 incremental_pipeline.cc:791] Discarding reconstruction due to bad initial pair
I20260910 06:20:34.829731 0x1fa65e140 incremental_pipeline.cc:487] => Provided pair is unsuitable for initialization.
I20260910 06:20:34.829734 0x1fa65e140 incremental_pipeline.cc:791] Discarding reconstruction due to bad initial pair
I20260910 06:20:34.830466 0x1fa65e140 incremental_pipeline.cc:487] => Provided pair is unsuitable for initialization.
I20260910 06:20:34.830468 0x1fa65e140 incremental_pipeline.cc:791] Discarding reconstruction due to bad initial pair
I20260910 06:20:34.831299 0x1fa65e140 incremental_pipeline.cc:487] => Provided pair is unsuitable for initialization.
I20260910 06:20:34.831302 0x1fa65e140 incremental_pipeline.cc:791] Discarding reconstruction due to bad initial pair
I20260910 06:20:34.832106 0x1fa65e140 incremental_pipeline.cc:487] => Provided pair is unsuitable for initialization.
I20260910 06:20:34.832111 0x1fa65e140 incremental_pipeline.cc:791] Discarding reconstruction due to bad initial pair
I20260910 06:20:34.832845 0x1fa65e140 incremental_pipeline.cc:487] => Provided pair is unsuitable for initialization.
I20260910 06:20:34.832847 0x1fa65e140 incremental_pipeline.cc:791] Discarding reconstruction due to bad initial pair
I20260910 06:20:34.834205 0x1fa65e140 incremental_pipeline.cc:487] => Provided pair is unsuitable for initialization.
I20260910 06:20:34.834207 0x1fa65e140 incremental_pipeline.cc:791] Discarding reconstruction due to bad initial pair
I20260910 06:20:34.835038 0x1fa65e140 incremental_pipeline.cc:487] => Provided pair is unsuitable for initialization.
I20260910 06:20:34.835041 0x1fa65e140 incremental_pipeline.cc:791] Discarding reconstruction due to bad initial pair
I20260910 06:20:34.835755 0x1fa65e140 incremental_pipeline.cc:487] => Provided pair is unsuitable for initialization.
I20260910 06:20:34.835757 0x1fa65e140 incremental_pipeline.cc:791] Discarding reconstruction due to bad initial pair
I20260910 06:20:34.836425 0x1fa65e140 incremental_pipeline.cc:487] => Provided pair is unsuitable for initialization.
I20260910 06:20:34.836428 0x1fa65e140 incremental_pipeline.cc:791] Discarding reconstruction due to bad initial pair
I20260910 06:20:34.837772 0x1fa65e140 incremental_pipeline.cc:487] => Provided pair is unsuitable for initialization.
I20260910 06:20:34.837775 0x1fa65e140 incremental_pipeline.cc:791] Discarding reconstruction due to bad initial pair
I20260910 06:20:34.838583 0x1fa65e140 incremental_pipeline.cc:487] => Provided pair is unsuitable for initialization.
I20260910 06:20:34.838585 0x1fa65e140 incremental_pipeline.cc:791] Discarding reconstruction due to bad initial pair
I20260910 06:20:34.839383 0x1fa65e140 incremental_pipeline.cc:487] => Provided pair is unsuitable for initialization.
I20260910 06:20:34.839385 0x1fa65e140 incremental_pipeline.cc:791] Discarding reconstruction due to bad initial pair
I20260910 06:20:34.840266 0x1fa65e140 incremental_pipeline.cc:487] => Provided pair is unsuitable for initialization.
I20260910 06:20:34.840269 0x1fa65e140 incremental_pipeline.cc:791] Discarding reconstruction due to bad initial pair
I20260910 06:20:34.841095 0x1fa65e140 incremental_pipeline.cc:487] => Provided pair is unsuitable for initialization.
I20260910 06:20:34.841098 0x1fa65e140 incremental_pipeline.cc:791] Discarding reconstruction due to bad initial pair
I20260910 06:20:34.841958 0x1fa65e140 incremental_pipeline.cc:487] => Provided pair is unsuitable for initialization.
I20260910 06:20:34.841960 0x1fa65e140 incremental_pipeline.cc:791] Discarding reconstruction due to bad initial pair
I20260910 06:20:34.842681 0x1fa65e140 incremental_pipeline.cc:487] => Provided pair is unsuitable for initialization.
I20260910 06:20:34.842683 0x1fa65e140 incremental_pipeline.cc:791] Discarding reconstruction due to bad initial pair
I20260910 06:20:34.843462 0x1fa65e140 incremental_pipeline.cc:487] => Provided pair is unsuitable for initialization.
I20260910 06:20:34.843464 0x1fa65e140 incremental_pipeline.cc:791] Discarding reconstruction due to bad initial pair
I20260910 06:20:34.844198 0x1fa65e140 incremental_pipeline.cc:487] => Provided pair is unsuitable for initialization.
I20260910 06:20:34.844201 0x1fa65e140 incremental_pipeline.cc:791] Discarding reconstruction due to bad initial pair
I20260910 06:20:34.845014 0x1fa65e140 incremental_pipeline.cc:487] => Provided pair is unsuitable for initialization.
I20260910 06:20:34.845017 0x1fa65e140 incremental_pipeline.cc:791] Discarding reconstruction due to bad initial pair
I20260910 06:20:34.845759 0x1fa65e140 incremental_pipeline.cc:487] => Provided pair is unsuitable for initialization.
I20260910 06:20:34.845762 0x1fa65e140 incremental_pipeline.cc:791] Discarding reconstruction due to bad initial pair
I20260910 06:20:34.846565 0x1fa65e140 incremental_pipeline.cc:487] => Provided pair is unsuitable for initialization.
I20260910 06:20:34.846567 0x1fa65e140 incremental_pipeline.cc:791] Discarding reconstruction due to bad initial pair
I20260910 06:20:34.847351 0x1fa65e140 incremental_pipeline.cc:487] => Provided pair is unsuitable for initialization.
I20260910 06:20:34.847353 0x1fa65e140 incremental_pipeline.cc:791] Discarding reconstruction due to bad initial pair
I20260910 06:20:34.848277 0x1fa65e140 incremental_pipeline.cc:487] => Provided pair is unsuitable for initialization.
I20260910 06:20:34.848280 0x1fa65e140 incremental_pipeline.cc:791] Discarding reconstruction due to bad initial pair
I20260910 06:20:34.849025 0x1fa65e140 incremental_pipeline.cc:487] => Provided pair is unsuitable for initialization.
I20260910 06:20:34.849027 0x1fa65e140 incremental_pipeline.cc:791] Discarding reconstruction due to bad initial pair
I20260910 06:20:34.850017 0x1fa65e140 incremental_pipeline.cc:487] => Provided pair is unsuitable for initialization.
I20260910 06:20:34.850020 0x1fa65e140 incremental_pipeline.cc:791] Discarding reconstruction due to bad initial pair
I20260910 06:20:34.850730 0x1fa65e140 incremental_pipeline.cc:487] => Provided pair is unsuitable for initialization.
I20260910 06:20:34.850735 0x1fa65e140 incremental_pipeline.cc:791] Discarding reconstruction due to bad initial pair
I20260910 06:20:34.851478 0x1fa65e140 incremental_pipeline.cc:487] => Provided pair is unsuitable for initialization.
I20260910 06:20:34.851486 0x1fa65e140 incremental_pipeline.cc:791] Discarding reconstruction due to bad initial pair
I20260910 06:20:34.852890 0x1fa65e140 incremental_pipeline.cc:487] => Provided pair is unsuitable for initialization.
I20260910 06:20:34.852893 0x1fa65e140 incremental_pipeline.cc:791] Discarding reconstruction due to bad initial pair
I20260910 06:20:34.853722 0x1fa65e140 incremental_pipeline.cc:487] => Provided pair is unsuitable for initialization.
I20260910 06:20:34.853725 0x1fa65e140 incremental_pipeline.cc:791] Discarding reconstruction due to bad initial pair
I20260910 06:20:34.855081 0x1fa65e140 incremental_pipeline.cc:487] => Provided pair is unsuitable for initialization.
I20260910 06:20:34.855084 0x1fa65e140 incremental_pipeline.cc:791] Discarding reconstruction due to bad initial pair
I20260910 06:20:34.856356 0x1fa65e140 incremental_pipeline.cc:487] => Provided pair is unsuitable for initialization.
I20260910 06:20:34.856358 0x1fa65e140 incremental_pipeline.cc:791] Discarding reconstruction due to bad initial pair
I20260910 06:20:34.857088 0x1fa65e140 incremental_pipeline.cc:487] => Provided pair is unsuitable for initialization.
I20260910 06:20:34.857091 0x1fa65e140 incremental_pipeline.cc:791] Discarding reconstruction due to bad initial pair
I20260910 06:20:34.857833 0x1fa65e140 incremental_pipeline.cc:487] => Provided pair is unsuitable for initialization.
I20260910 06:20:34.857836 0x1fa65e140 incremental_pipeline.cc:791] Discarding reconstruction due to bad initial pair
I20260910 06:20:34.858598 0x1fa65e140 incremental_pipeline.cc:487] => Provided pair is unsuitable for initialization.
I20260910 06:20:34.858600 0x1fa65e140 incremental_pipeline.cc:791] Discarding reconstruction due to bad initial pair
I20260910 06:20:34.859299 0x1fa65e140 incremental_pipeline.cc:487] => Provided pair is unsuitable for initialization.
I20260910 06:20:34.859302 0x1fa65e140 incremental_pipeline.cc:791] Discarding reconstruction due to bad initial pair
I20260910 06:20:34.860574 0x1fa65e140 incremental_pipeline.cc:487] => Provided pair is unsuitable for initialization.
I20260910 06:20:34.860577 0x1fa65e140 incremental_pipeline.cc:791] Discarding reconstruction due to bad initial pair
I20260910 06:20:34.861363 0x1fa65e140 incremental_pipeline.cc:487] => Provided pair is unsuitable for initialization.
I20260910 06:20:34.861365 0x1fa65e140 incremental_pipeline.cc:791] Discarding reconstruction due to bad initial pair
I20260910 06:20:34.862108 0x1fa65e140 incremental_pipeline.cc:487] => Provided pair is unsuitable for initialization.
I20260910 06:20:34.862111 0x1fa65e140 incremental_pipeline.cc:791] Discarding reconstruction due to bad initial pair
I20260910 06:20:34.862812 0x1fa65e140 incremental_pipeline.cc:487] => Provided pair is unsuitable for initialization.
I20260910 06:20:34.862814 0x1fa65e140 incremental_pipeline.cc:791] Discarding reconstruction due to bad initial pair
I20260910 06:20:34.863563 0x1fa65e140 incremental_pipeline.cc:487] => Provided pair is unsuitable for initialization.
I20260910 06:20:34.863565 0x1fa65e140 incremental_pipeline.cc:791] Discarding reconstruction due to bad initial pair
I20260910 06:20:34.864903 0x1fa65e140 incremental_pipeline.cc:487] => Provided pair is unsuitable for initialization.
I20260910 06:20:34.864905 0x1fa65e140 incremental_pipeline.cc:791] Discarding reconstruction due to bad initial pair
I20260910 06:20:34.865636 0x1fa65e140 incremental_pipeline.cc:487] => Provided pair is unsuitable for initialization.
I20260910 06:20:34.865639 0x1fa65e140 incremental_pipeline.cc:791] Discarding reconstruction due to bad initial pair
I20260910 06:20:34.866428 0x1fa65e140 incremental_pipeline.cc:487] => Provided pair is unsuitable for initialization.
I20260910 06:20:34.866430 0x1fa65e140 incremental_pipeline.cc:791] Discarding reconstruction due to bad initial pair
I20260910 06:20:34.867177 0x1fa65e140 incremental_pipeline.cc:487] => Provided pair is unsuitable for initialization.
I20260910 06:20:34.867184 0x1fa65e140 incremental_pipeline.cc:791] Discarding reconstruction due to bad initial pair
I20260910 06:20:34.868411 0x1fa65e140 incremental_pipeline.cc:487] => Provided pair is unsuitable for initialization.
I20260910 06:20:34.868413 0x1fa65e140 incremental_pipeline.cc:791] Discarding reconstruction due to bad initial pair
I20260910 06:20:34.869133 0x1fa65e140 incremental_pipeline.cc:487] => Provided pair is unsuitable for initialization.
I20260910 06:20:34.869136 0x1fa65e140 incremental_pipeline.cc:791] Discarding reconstruction due to bad initial pair
I20260910 06:20:34.870422 0x1fa65e140 incremental_pipeline.cc:487] => Provided pair is unsuitable for initialization.
I20260910 06:20:34.870425 0x1fa65e140 incremental_pipeline.cc:791] Discarding reconstruction due to bad initial pair
I20260910 06:20:34.871208 0x1fa65e140 incremental_pipeline.cc:487] => Provided pair is unsuitable for initialization.
I20260910 06:20:34.871211 0x1fa65e140 incremental_pipeline.cc:791] Discarding reconstruction due to bad initial pair
I20260910 06:20:34.872589 0x1fa65e140 incremental_pipeline.cc:487] => Provided pair is unsuitable for initialization.
I20260910 06:20:34.872591 0x1fa65e140 incremental_pipeline.cc:791] Discarding reconstruction due to bad initial pair
I20260910 06:20:34.873337 0x1fa65e140 incremental_pipeline.cc:487] => Provided pair is unsuitable for initialization.
I20260910 06:20:34.873340 0x1fa65e140 incremental_pipeline.cc:791] Discarding reconstruction due to bad initial pair
I20260910 06:20:34.874185 0x1fa65e140 incremental_pipeline.cc:487] => Provided pair is unsuitable for initialization.
I20260910 06:20:34.874187 0x1fa65e140 incremental_pipeline.cc:791] Discarding reconstruction due to bad initial pair
I20260910 06:20:34.874952 0x1fa65e140 incremental_pipeline.cc:487] => Provided pair is unsuitable for initialization.
I20260910 06:20:34.874955 0x1fa65e140 incremental_pipeline.cc:791] Discarding reconstruction due to bad initial pair
I20260910 06:20:34.875657 0x1fa65e140 incremental_pipeline.cc:487] => Provided pair is unsuitable for initialization.
I20260910 06:20:34.875659 0x1fa65e140 incremental_pipeline.cc:791] Discarding reconstruction due to bad initial pair
I20260910 06:20:34.877526 0x1fa65e140 incremental_pipeline.cc:487] => Provided pair is unsuitable for initialization.
I20260910 06:20:34.877528 0x1fa65e140 incremental_pipeline.cc:791] Discarding reconstruction due to bad initial pair
I20260910 06:20:34.878265 0x1fa65e140 incremental_pipeline.cc:487] => Provided pair is unsuitable for initialization.
I20260910 06:20:34.878267 0x1fa65e140 incremental_pipeline.cc:791] Discarding reconstruction due to bad initial pair
I20260910 06:20:34.878995 0x1fa65e140 incremental_pipeline.cc:487] => Provided pair is unsuitable for initialization.
I20260910 06:20:34.878998 0x1fa65e140 incremental_pipeline.cc:791] Discarding reconstruction due to bad initial pair
I20260910 06:20:34.879724 0x1fa65e140 incremental_pipeline.cc:487] => Provided pair is unsuitable for initialization.
I20260910 06:20:34.879727 0x1fa65e140 incremental_pipeline.cc:791] Discarding reconstruction due to bad initial pair
I20260910 06:20:34.880502 0x1fa65e140 incremental_pipeline.cc:487] => Provided pair is unsuitable for initialization.
I20260910 06:20:34.880505 0x1fa65e140 incremental_pipeline.cc:791] Discarding reconstruction due to bad initial pair
I20260910 06:20:34.881318 0x1fa65e140 incremental_pipeline.cc:487] => Provided pair is unsuitable for initialization.
I20260910 06:20:34.881323 0x1fa65e140 incremental_pipeline.cc:791] Discarding reconstruction due to bad initial pair
I20260910 06:20:34.882024 0x1fa65e140 incremental_pipeline.cc:487] => Provided pair is unsuitable for initialization.
I20260910 06:20:34.882028 0x1fa65e140 incremental_pipeline.cc:791] Discarding reconstruction due to bad initial pair
I20260910 06:20:34.882844 0x1fa65e140 incremental_pipeline.cc:487] => Provided pair is unsuitable for initialization.
I20260910 06:20:34.882846 0x1fa65e140 incremental_pipeline.cc:791] Discarding reconstruction due to bad initial pair
I20260910 06:20:34.884265 0x1fa65e140 incremental_pipeline.cc:487] => Provided pair is unsuitable for initialization.
I20260910 06:20:34.884267 0x1fa65e140 incremental_pipeline.cc:791] Discarding reconstruction due to bad initial pair
I20260910 06:20:34.885013 0x1fa65e140 incremental_pipeline.cc:487] => Provided pair is unsuitable for initialization.
I20260910 06:20:34.885015 0x1fa65e140 incremental_pipeline.cc:791] Discarding reconstruction due to bad initial pair
I20260910 06:20:34.885782 0x1fa65e140 incremental_pipeline.cc:487] => Provided pair is unsuitable for initialization.
I20260910 06:20:34.885785 0x1fa65e140 incremental_pipeline.cc:791] Discarding reconstruction due to bad initial pair
I20260910 06:20:34.886656 0x1fa65e140 incremental_pipeline.cc:487] => Provided pair is unsuitable for initialization.
I20260910 06:20:34.886658 0x1fa65e140 incremental_pipeline.cc:791] Discarding reconstruction due to bad initial pair
I20260910 06:20:34.887482 0x1fa65e140 incremental_pipeline.cc:487] => Provided pair is unsuitable for initialization.
I20260910 06:20:34.887484 0x1fa65e140 incremental_pipeline.cc:791] Discarding reconstruction due to bad initial pair
I20260910 06:20:34.888284 0x1fa65e140 incremental_pipeline.cc:487] => Provided pair is unsuitable for initialization.
I20260910 06:20:34.888286 0x1fa65e140 incremental_pipeline.cc:791] Discarding reconstruction due to bad initial pair
I20260910 06:20:34.889035 0x1fa65e140 incremental_pipeline.cc:487] => Provided pair is unsuitable for initialization.
I20260910 06:20:34.889037 0x1fa65e140 incremental_pipeline.cc:791] Discarding reconstruction due to bad initial pair
I20260910 06:20:34.889759 0x1fa65e140 incremental_pipeline.cc:487] => Provided pair is unsuitable for initialization.
I20260910 06:20:34.889762 0x1fa65e140 incremental_pipeline.cc:791] Discarding reconstruction due to bad initial pair
I20260910 06:20:34.890491 0x1fa65e140 incremental_pipeline.cc:487] => Provided pair is unsuitable for initialization.
I20260910 06:20:34.890493 0x1fa65e140 incremental_pipeline.cc:791] Discarding reconstruction due to bad initial pair
I20260910 06:20:34.891206 0x1fa65e140 incremental_pipeline.cc:487] => Provided pair is unsuitable for initialization.
I20260910 06:20:34.891211 0x1fa65e140 incremental_pipeline.cc:791] Discarding reconstruction due to bad initial pair
I20260910 06:20:34.891919 0x1fa65e140 incremental_pipeline.cc:487] => Provided pair is unsuitable for initialization.
I20260910 06:20:34.891922 0x1fa65e140 incremental_pipeline.cc:791] Discarding reconstruction due to bad initial pair
I20260910 06:20:34.892737 0x1fa65e140 incremental_pipeline.cc:487] => Provided pair is unsuitable for initialization.
I20260910 06:20:34.892739 0x1fa65e140 incremental_pipeline.cc:791] Discarding reconstruction due to bad initial pair
I20260910 06:20:34.893575 0x1fa65e140 incremental_pipeline.cc:487] => Provided pair is unsuitable for initialization.
I20260910 06:20:34.893577 0x1fa65e140 incremental_pipeline.cc:791] Discarding reconstruction due to bad initial pair
I20260910 06:20:34.894426 0x1fa65e140 incremental_pipeline.cc:487] => Provided pair is unsuitable for initialization.
I20260910 06:20:34.894428 0x1fa65e140 incremental_pipeline.cc:791] Discarding reconstruction due to bad initial pair
I20260910 06:20:34.895120 0x1fa65e140 incremental_pipeline.cc:487] => Provided pair is unsuitable for initialization.
I20260910 06:20:34.895122 0x1fa65e140 incremental_pipeline.cc:791] Discarding reconstruction due to bad initial pair
I20260910 06:20:34.895910 0x1fa65e140 incremental_pipeline.cc:487] => Provided pair is unsuitable for initialization.
I20260910 06:20:34.895912 0x1fa65e140 incremental_pipeline.cc:791] Discarding reconstruction due to bad initial pair
I20260910 06:20:34.896635 0x1fa65e140 incremental_pipeline.cc:487] => Provided pair is unsuitable for initialization.
I20260910 06:20:34.896638 0x1fa65e140 incremental_pipeline.cc:791] Discarding reconstruction due to bad initial pair
I20260910 06:20:34.897392 0x1fa65e140 incremental_pipeline.cc:487] => Provided pair is unsuitable for initialization.
I20260910 06:20:34.897398 0x1fa65e140 incremental_pipeline.cc:791] Discarding reconstruction due to bad initial pair
I20260910 06:20:34.898757 0x1fa65e140 incremental_pipeline.cc:487] => Provided pair is unsuitable for initialization.
I20260910 06:20:34.898760 0x1fa65e140 incremental_pipeline.cc:791] Discarding reconstruction due to bad initial pair
I20260910 06:20:34.899500 0x1fa65e140 incremental_pipeline.cc:487] => Provided pair is unsuitable for initialization.
I20260910 06:20:34.899503 0x1fa65e140 incremental_pipeline.cc:791] Discarding reconstruction due to bad initial pair
I20260910 06:20:34.900261 0x1fa65e140 incremental_pipeline.cc:487] => Provided pair is unsuitable for initialization.
I20260910 06:20:34.900264 0x1fa65e140 incremental_pipeline.cc:791] Discarding reconstruction due to bad initial pair
I20260910 06:20:34.901537 0x1fa65e140 incremental_pipeline.cc:487] => Provided pair is unsuitable for initialization.
I20260910 06:20:34.901542 0x1fa65e140 incremental_pipeline.cc:791] Discarding reconstruction due to bad initial pair
I20260910 06:20:34.901545 0x1fa65e140 incremental_pipeline.cc:442] => Relaxing the initialization constraints.
I20260910 06:20:34.902894 0x1fa65e140 incremental_pipeline.cc:487] => Provided pair is unsuitable for initialization.
I20260910 06:20:34.902897 0x1fa65e140 incremental_pipeline.cc:791] Discarding reconstruction due to bad initial pair
I20260910 06:20:34.904161 0x1fa65e140 incremental_pipeline.cc:487] => Provided pair is unsuitable for initialization.
I20260910 06:20:34.904164 0x1fa65e140 incremental_pipeline.cc:791] Discarding reconstruction due to bad initial pair
I20260910 06:20:34.904914 0x1fa65e140 incremental_pipeline.cc:487] => Provided pair is unsuitable for initialization.
I20260910 06:20:34.904917 0x1fa65e140 incremental_pipeline.cc:791] Discarding reconstruction due to bad initial pair
I20260910 06:20:34.905608 0x1fa65e140 incremental_pipeline.cc:487] => Provided pair is unsuitable for initialization.
I20260910 06:20:34.905609 0x1fa65e140 incremental_pipeline.cc:791] Discarding reconstruction due to bad initial pair
I20260910 06:20:34.906373 0x1fa65e140 incremental_pipeline.cc:487] => Provided pair is unsuitable for initialization.
I20260910 06:20:34.906376 0x1fa65e140 incremental_pipeline.cc:791] Discarding reconstruction due to bad initial pair
I20260910 06:20:34.907107 0x1fa65e140 incremental_pipeline.cc:487] => Provided pair is unsuitable for initialization.
I20260910 06:20:34.907109 0x1fa65e140 incremental_pipeline.cc:791] Discarding reconstruction due to bad initial pair
I20260910 06:20:34.908232 0x1fa65e140 incremental_pipeline.cc:487] => Provided pair is unsuitable for initialization.
I20260910 06:20:34.908235 0x1fa65e140 incremental_pipeline.cc:791] Discarding reconstruction due to bad initial pair
I20260910 06:20:34.909598 0x1fa65e140 incremental_pipeline.cc:487] => Provided pair is unsuitable for initialization.
I20260910 06:20:34.909601 0x1fa65e140 incremental_pipeline.cc:791] Discarding reconstruction due to bad initial pair
I20260910 06:20:34.910464 0x1fa65e140 incremental_pipeline.cc:487] => Provided pair is unsuitable for initialization.
I20260910 06:20:34.910466 0x1fa65e140 incremental_pipeline.cc:791] Discarding reconstruction due to bad initial pair
I20260910 06:20:34.911184 0x1fa65e140 incremental_pipeline.cc:487] => Provided pair is unsuitable for initialization.
I20260910 06:20:34.911188 0x1fa65e140 incremental_pipeline.cc:791] Discarding reconstruction due to bad initial pair
I20260910 06:20:34.911931 0x1fa65e140 incremental_pipeline.cc:487] => Provided pair is unsuitable for initialization.
I20260910 06:20:34.911934 0x1fa65e140 incremental_pipeline.cc:791] Discarding reconstruction due to bad initial pair
I20260910 06:20:34.913294 0x1fa65e140 incremental_pipeline.cc:487] => Provided pair is unsuitable for initialization.
I20260910 06:20:34.913298 0x1fa65e140 incremental_pipeline.cc:791] Discarding reconstruction due to bad initial pair
I20260910 06:20:34.914591 0x1fa65e140 incremental_pipeline.cc:487] => Provided pair is unsuitable for initialization.
I20260910 06:20:34.914598 0x1fa65e140 incremental_pipeline.cc:791] Discarding reconstruction due to bad initial pair
I20260910 06:20:34.915329 0x1fa65e140 incremental_pipeline.cc:487] => Provided pair is unsuitable for initialization.
I20260910 06:20:34.915332 0x1fa65e140 incremental_pipeline.cc:791] Discarding reconstruction due to bad initial pair
I20260910 06:20:34.916565 0x1fa65e140 incremental_pipeline.cc:487] => Provided pair is unsuitable for initialization.
I20260910 06:20:34.916567 0x1fa65e140 incremental_pipeline.cc:791] Discarding reconstruction due to bad initial pair
I20260910 06:20:34.917383 0x1fa65e140 incremental_pipeline.cc:487] => Provided pair is unsuitable for initialization.
I20260910 06:20:34.917386 0x1fa65e140 incremental_pipeline.cc:791] Discarding reconstruction due to bad initial pair
I20260910 06:20:34.918195 0x1fa65e140 incremental_pipeline.cc:487] => Provided pair is unsuitable for initialization.
I20260910 06:20:34.918197 0x1fa65e140 incremental_pipeline.cc:791] Discarding reconstruction due to bad initial pair
I20260910 06:20:34.918916 0x1fa65e140 incremental_pipeline.cc:487] => Provided pair is unsuitable for initialization.
I20260910 06:20:34.918919 0x1fa65e140 incremental_pipeline.cc:791] Discarding reconstruction due to bad initial pair
I20260910 06:20:34.919648 0x1fa65e140 incremental_pipeline.cc:487] => Provided pair is unsuitable for initialization.
I20260910 06:20:34.919650 0x1fa65e140 incremental_pipeline.cc:791] Discarding reconstruction due to bad initial pair
I20260910 06:20:34.920863 0x1fa65e140 incremental_pipeline.cc:487] => Provided pair is unsuitable for initialization.
I20260910 06:20:34.920866 0x1fa65e140 incremental_pipeline.cc:791] Discarding reconstruction due to bad initial pair
I20260910 06:20:34.921624 0x1fa65e140 incremental_pipeline.cc:487] => Provided pair is unsuitable for initialization.
I20260910 06:20:34.921626 0x1fa65e140 incremental_pipeline.cc:791] Discarding reconstruction due to bad initial pair
I20260910 06:20:34.922900 0x1fa65e140 incremental_pipeline.cc:487] => Provided pair is unsuitable for initialization.
I20260910 06:20:34.922902 0x1fa65e140 incremental_pipeline.cc:791] Discarding reconstruction due to bad initial pair
I20260910 06:20:34.924248 0x1fa65e140 incremental_pipeline.cc:487] => Provided pair is unsuitable for initialization.
I20260910 06:20:34.924251 0x1fa65e140 incremental_pipeline.cc:791] Discarding reconstruction due to bad initial pair
I20260910 06:20:34.925000 0x1fa65e140 incremental_pipeline.cc:487] => Provided pair is unsuitable for initialization.
I20260910 06:20:34.925002 0x1fa65e140 incremental_pipeline.cc:791] Discarding reconstruction due to bad initial pair
I20260910 06:20:34.926350 0x1fa65e140 incremental_pipeline.cc:487] => Provided pair is unsuitable for initialization.
I20260910 06:20:34.926352 0x1fa65e140 incremental_pipeline.cc:791] Discarding reconstruction due to bad initial pair
I20260910 06:20:34.927495 0x1fa65e140 incremental_pipeline.cc:487] => Provided pair is unsuitable for initialization.
I20260910 06:20:34.927498 0x1fa65e140 incremental_pipeline.cc:791] Discarding reconstruction due to bad initial pair
I20260910 06:20:34.928299 0x1fa65e140 incremental_pipeline.cc:487] => Provided pair is unsuitable for initialization.
I20260910 06:20:34.928302 0x1fa65e140 incremental_pipeline.cc:791] Discarding reconstruction due to bad initial pair
I20260910 06:20:34.929104 0x1fa65e140 incremental_pipeline.cc:487] => Provided pair is unsuitable for initialization.
I20260910 06:20:34.929107 0x1fa65e140 incremental_pipeline.cc:791] Discarding reconstruction due to bad initial pair
I20260910 06:20:34.929907 0x1fa65e140 incremental_pipeline.cc:487] => Provided pair is unsuitable for initialization.
I20260910 06:20:34.929910 0x1fa65e140 incremental_pipeline.cc:791] Discarding reconstruction due to bad initial pair
I20260910 06:20:34.930694 0x1fa65e140 incremental_pipeline.cc:487] => Provided pair is unsuitable for initialization.
I20260910 06:20:34.930696 0x1fa65e140 incremental_pipeline.cc:791] Discarding reconstruction due to bad initial pair
I20260910 06:20:34.931805 0x1fa65e140 incremental_pipeline.cc:487] => Provided pair is unsuitable for initialization.
I20260910 06:20:34.931808 0x1fa65e140 incremental_pipeline.cc:791] Discarding reconstruction due to bad initial pair
I20260910 06:20:34.932591 0x1fa65e140 incremental_pipeline.cc:487] => Provided pair is unsuitable for initialization.
I20260910 06:20:34.932593 0x1fa65e140 incremental_pipeline.cc:791] Discarding reconstruction due to bad initial pair
I20260910 06:20:34.933453 0x1fa65e140 incremental_pipeline.cc:487] => Provided pair is unsuitable for initialization.
I20260910 06:20:34.933455 0x1fa65e140 incremental_pipeline.cc:791] Discarding reconstruction due to bad initial pair
I20260910 06:20:34.934174 0x1fa65e140 incremental_pipeline.cc:487] => Provided pair is unsuitable for initialization.
I20260910 06:20:34.934176 0x1fa65e140 incremental_pipeline.cc:791] Discarding reconstruction due to bad initial pair
I20260910 06:20:34.934885 0x1fa65e140 incremental_pipeline.cc:487] => Provided pair is unsuitable for initialization.
I20260910 06:20:34.934888 0x1fa65e140 incremental_pipeline.cc:791] Discarding reconstruction due to bad initial pair
I20260910 06:20:34.935650 0x1fa65e140 incremental_pipeline.cc:487] => Provided pair is unsuitable for initialization.
I20260910 06:20:34.935653 0x1fa65e140 incremental_pipeline.cc:791] Discarding reconstruction due to bad initial pair
I20260910 06:20:34.936432 0x1fa65e140 incremental_pipeline.cc:487] => Provided pair is unsuitable for initialization.
I20260910 06:20:34.936434 0x1fa65e140 incremental_pipeline.cc:791] Discarding reconstruction due to bad initial pair
I20260910 06:20:34.937187 0x1fa65e140 incremental_pipeline.cc:487] => Provided pair is unsuitable for initialization.
I20260910 06:20:34.937189 0x1fa65e140 incremental_pipeline.cc:791] Discarding reconstruction due to bad initial pair
I20260910 06:20:34.938462 0x1fa65e140 incremental_pipeline.cc:487] => Provided pair is unsuitable for initialization.
I20260910 06:20:34.938466 0x1fa65e140 incremental_pipeline.cc:791] Discarding reconstruction due to bad initial pair
I20260910 06:20:34.939742 0x1fa65e140 incremental_pipeline.cc:487] => Provided pair is unsuitable for initialization.
I20260910 06:20:34.939744 0x1fa65e140 incremental_pipeline.cc:791] Discarding reconstruction due to bad initial pair
I20260910 06:20:34.940499 0x1fa65e140 incremental_pipeline.cc:487] => Provided pair is unsuitable for initialization.
I20260910 06:20:34.940502 0x1fa65e140 incremental_pipeline.cc:791] Discarding reconstruction due to bad initial pair
I20260910 06:20:34.941246 0x1fa65e140 incremental_pipeline.cc:487] => Provided pair is unsuitable for initialization.
I20260910 06:20:34.941249 0x1fa65e140 incremental_pipeline.cc:791] Discarding reconstruction due to bad initial pair
I20260910 06:20:34.942041 0x1fa65e140 incremental_pipeline.cc:487] => Provided pair is unsuitable for initialization.
I20260910 06:20:34.942044 0x1fa65e140 incremental_pipeline.cc:791] Discarding reconstruction due to bad initial pair
I20260910 06:20:34.943042 0x1fa65e140 incremental_pipeline.cc:487] => Provided pair is unsuitable for initialization.
I20260910 06:20:34.943044 0x1fa65e140 incremental_pipeline.cc:791] Discarding reconstruction due to bad initial pair
I20260910 06:20:34.943778 0x1fa65e140 incremental_pipeline.cc:487] => Provided pair is unsuitable for initialization.
I20260910 06:20:34.943780 0x1fa65e140 incremental_pipeline.cc:791] Discarding reconstruction due to bad initial pair
I20260910 06:20:34.944525 0x1fa65e140 incremental_pipeline.cc:487] => Provided pair is unsuitable for initialization.
I20260910 06:20:34.944528 0x1fa65e140 incremental_pipeline.cc:791] Discarding reconstruction due to bad initial pair
I20260910 06:20:34.946036 0x1fa65e140 incremental_pipeline.cc:487] => Provided pair is unsuitable for initialization.
I20260910 06:20:34.946039 0x1fa65e140 incremental_pipeline.cc:791] Discarding reconstruction due to bad initial pair
I20260910 06:20:34.946785 0x1fa65e140 incremental_pipeline.cc:487] => Provided pair is unsuitable for initialization.
I20260910 06:20:34.946793 0x1fa65e140 incremental_pipeline.cc:791] Discarding reconstruction due to bad initial pair
I20260910 06:20:34.948150 0x1fa65e140 incremental_pipeline.cc:487] => Provided pair is unsuitable for initialization.
I20260910 06:20:34.948152 0x1fa65e140 incremental_pipeline.cc:791] Discarding reconstruction due to bad initial pair
I20260910 06:20:34.948868 0x1fa65e140 incremental_pipeline.cc:487] => Provided pair is unsuitable for initialization.
I20260910 06:20:34.948870 0x1fa65e140 incremental_pipeline.cc:791] Discarding reconstruction due to bad initial pair
I20260910 06:20:34.950159 0x1fa65e140 incremental_pipeline.cc:487] => Provided pair is unsuitable for initialization.
I20260910 06:20:34.950162 0x1fa65e140 incremental_pipeline.cc:791] Discarding reconstruction due to bad initial pair
I20260910 06:20:34.950945 0x1fa65e140 incremental_pipeline.cc:487] => Provided pair is unsuitable for initialization.
I20260910 06:20:34.950949 0x1fa65e140 incremental_pipeline.cc:791] Discarding reconstruction due to bad initial pair
I20260910 06:20:34.952147 0x1fa65e140 incremental_pipeline.cc:487] => Provided pair is unsuitable for initialization.
I20260910 06:20:34.952150 0x1fa65e140 incremental_pipeline.cc:791] Discarding reconstruction due to bad initial pair
I20260910 06:20:34.952826 0x1fa65e140 incremental_pipeline.cc:487] => Provided pair is unsuitable for initialization.
I20260910 06:20:34.952828 0x1fa65e140 incremental_pipeline.cc:791] Discarding reconstruction due to bad initial pair
I20260910 06:20:34.953599 0x1fa65e140 incremental_pipeline.cc:487] => Provided pair is unsuitable for initialization.
I20260910 06:20:34.953602 0x1fa65e140 incremental_pipeline.cc:791] Discarding reconstruction due to bad initial pair
I20260910 06:20:34.954325 0x1fa65e140 incremental_pipeline.cc:487] => Provided pair is unsuitable for initialization.
I20260910 06:20:34.954328 0x1fa65e140 incremental_pipeline.cc:791] Discarding reconstruction due to bad initial pair
I20260910 06:20:34.955549 0x1fa65e140 incremental_pipeline.cc:487] => Provided pair is unsuitable for initialization.
I20260910 06:20:34.955552 0x1fa65e140 incremental_pipeline.cc:791] Discarding reconstruction due to bad initial pair
I20260910 06:20:34.956302 0x1fa65e140 incremental_pipeline.cc:487] => Provided pair is unsuitable for initialization.
I20260910 06:20:34.956305 0x1fa65e140 incremental_pipeline.cc:791] Discarding reconstruction due to bad initial pair
I20260910 06:20:34.957155 0x1fa65e140 incremental_pipeline.cc:487] => Provided pair is unsuitable for initialization.
I20260910 06:20:34.957157 0x1fa65e140 incremental_pipeline.cc:791] Discarding reconstruction due to bad initial pair
I20260910 06:20:34.958421 0x1fa65e140 incremental_pipeline.cc:487] => Provided pair is unsuitable for initialization.
I20260910 06:20:34.958423 0x1fa65e140 incremental_pipeline.cc:791] Discarding reconstruction due to bad initial pair
I20260910 06:20:34.959233 0x1fa65e140 incremental_pipeline.cc:487] => Provided pair is unsuitable for initialization.
I20260910 06:20:34.959236 0x1fa65e140 incremental_pipeline.cc:791] Discarding reconstruction due to bad initial pair
I20260910 06:20:34.960069 0x1fa65e140 incremental_pipeline.cc:487] => Provided pair is unsuitable for initialization.
I20260910 06:20:34.960072 0x1fa65e140 incremental_pipeline.cc:791] Discarding reconstruction due to bad initial pair
I20260910 06:20:34.960799 0x1fa65e140 incremental_pipeline.cc:487] => Provided pair is unsuitable for initialization.
I20260910 06:20:34.960802 0x1fa65e140 incremental_pipeline.cc:791] Discarding reconstruction due to bad initial pair
I20260910 06:20:34.961597 0x1fa65e140 incremental_pipeline.cc:487] => Provided pair is unsuitable for initialization.
I20260910 06:20:34.961599 0x1fa65e140 incremental_pipeline.cc:791] Discarding reconstruction due to bad initial pair
I20260910 06:20:34.962320 0x1fa65e140 incremental_pipeline.cc:487] => Provided pair is unsuitable for initialization.
I20260910 06:20:34.962323 0x1fa65e140 incremental_pipeline.cc:791] Discarding reconstruction due to bad initial pair
I20260910 06:20:34.963064 0x1fa65e140 incremental_pipeline.cc:487] => Provided pair is unsuitable for initialization.
I20260910 06:20:34.963066 0x1fa65e140 incremental_pipeline.cc:791] Discarding reconstruction due to bad initial pair
I20260910 06:20:34.963822 0x1fa65e140 incremental_pipeline.cc:487] => Provided pair is unsuitable for initialization.
I20260910 06:20:34.963825 0x1fa65e140 incremental_pipeline.cc:791] Discarding reconstruction due to bad initial pair
I20260910 06:20:34.964643 0x1fa65e140 incremental_pipeline.cc:487] => Provided pair is unsuitable for initialization.
I20260910 06:20:34.964646 0x1fa65e140 incremental_pipeline.cc:791] Discarding reconstruction due to bad initial pair
I20260910 06:20:34.965441 0x1fa65e140 incremental_pipeline.cc:487] => Provided pair is unsuitable for initialization.
I20260910 06:20:34.965442 0x1fa65e140 incremental_pipeline.cc:791] Discarding reconstruction due to bad initial pair
I20260910 06:20:34.966134 0x1fa65e140 incremental_pipeline.cc:487] => Provided pair is unsuitable for initialization.
I20260910 06:20:34.966137 0x1fa65e140 incremental_pipeline.cc:791] Discarding reconstruction due to bad initial pair
I20260910 06:20:34.967519 0x1fa65e140 incremental_pipeline.cc:487] => Provided pair is unsuitable for initialization.
I20260910 06:20:34.967522 0x1fa65e140 incremental_pipeline.cc:791] Discarding reconstruction due to bad initial pair
I20260910 06:20:34.968393 0x1fa65e140 incremental_pipeline.cc:487] => Provided pair is unsuitable for initialization.
I20260910 06:20:34.968395 0x1fa65e140 incremental_pipeline.cc:791] Discarding reconstruction due to bad initial pair
I20260910 06:20:34.969243 0x1fa65e140 incremental_pipeline.cc:487] => Provided pair is unsuitable for initialization.
I20260910 06:20:34.969246 0x1fa65e140 incremental_pipeline.cc:791] Discarding reconstruction due to bad initial pair
I20260910 06:20:34.970410 0x1fa65e140 incremental_pipeline.cc:487] => Provided pair is unsuitable for initialization.
I20260910 06:20:34.970413 0x1fa65e140 incremental_pipeline.cc:791] Discarding reconstruction due to bad initial pair
I20260910 06:20:34.971181 0x1fa65e140 incremental_pipeline.cc:487] => Provided pair is unsuitable for initialization.
I20260910 06:20:34.971183 0x1fa65e140 incremental_pipeline.cc:791] Discarding reconstruction due to bad initial pair
I20260910 06:20:34.971954 0x1fa65e140 incremental_pipeline.cc:487] => Provided pair is unsuitable for initialization.
I20260910 06:20:34.971956 0x1fa65e140 incremental_pipeline.cc:791] Discarding reconstruction due to bad initial pair
I20260910 06:20:34.972678 0x1fa65e140 incremental_pipeline.cc:487] => Provided pair is unsuitable for initialization.
I20260910 06:20:34.972681 0x1fa65e140 incremental_pipeline.cc:791] Discarding reconstruction due to bad initial pair
I20260910 06:20:34.973449 0x1fa65e140 incremental_pipeline.cc:487] => Provided pair is unsuitable for initialization.
I20260910 06:20:34.973451 0x1fa65e140 incremental_pipeline.cc:791] Discarding reconstruction due to bad initial pair
I20260910 06:20:34.974726 0x1fa65e140 incremental_pipeline.cc:487] => Provided pair is unsuitable for initialization.
I20260910 06:20:34.974729 0x1fa65e140 incremental_pipeline.cc:791] Discarding reconstruction due to bad initial pair
I20260910 06:20:34.975460 0x1fa65e140 incremental_pipeline.cc:487] => Provided pair is unsuitable for initialization.
I20260910 06:20:34.975463 0x1fa65e140 incremental_pipeline.cc:791] Discarding reconstruction due to bad initial pair
I20260910 06:20:34.976190 0x1fa65e140 incremental_pipeline.cc:487] => Provided pair is unsuitable for initialization.
I20260910 06:20:34.976192 0x1fa65e140 incremental_pipeline.cc:791] Discarding reconstruction due to bad initial pair
I20260910 06:20:34.977226 0x1fa65e140 incremental_pipeline.cc:487] => Provided pair is unsuitable for initialization.
I20260910 06:20:34.977228 0x1fa65e140 incremental_pipeline.cc:791] Discarding reconstruction due to bad initial pair
I20260910 06:20:34.977976 0x1fa65e140 incremental_pipeline.cc:487] => Provided pair is unsuitable for initialization.
I20260910 06:20:34.977978 0x1fa65e140 incremental_pipeline.cc:791] Discarding reconstruction due to bad initial pair
I20260910 06:20:34.978672 0x1fa65e140 incremental_pipeline.cc:487] => Provided pair is unsuitable for initialization.
I20260910 06:20:34.978674 0x1fa65e140 incremental_pipeline.cc:791] Discarding reconstruction due to bad initial pair
I20260910 06:20:34.979464 0x1fa65e140 incremental_pipeline.cc:487] => Provided pair is unsuitable for initialization.
I20260910 06:20:34.979467 0x1fa65e140 incremental_pipeline.cc:791] Discarding reconstruction due to bad initial pair
I20260910 06:20:34.980231 0x1fa65e140 incremental_pipeline.cc:487] => Provided pair is unsuitable for initialization.
I20260910 06:20:34.980233 0x1fa65e140 incremental_pipeline.cc:791] Discarding reconstruction due to bad initial pair
I20260910 06:20:34.980967 0x1fa65e140 incremental_pipeline.cc:487] => Provided pair is unsuitable for initialization.
I20260910 06:20:34.980969 0x1fa65e140 incremental_pipeline.cc:791] Discarding reconstruction due to bad initial pair
I20260910 06:20:34.981897 0x1fa65e140 incremental_pipeline.cc:487] => Provided pair is unsuitable for initialization.
I20260910 06:20:34.981899 0x1fa65e140 incremental_pipeline.cc:791] Discarding reconstruction due to bad initial pair
I20260910 06:20:34.982606 0x1fa65e140 incremental_pipeline.cc:487] => Provided pair is unsuitable for initialization.
I20260910 06:20:34.982611 0x1fa65e140 incremental_pipeline.cc:791] Discarding reconstruction due to bad initial pair
I20260910 06:20:34.983386 0x1fa65e140 incremental_pipeline.cc:487] => Provided pair is unsuitable for initialization.
I20260910 06:20:34.983388 0x1fa65e140 incremental_pipeline.cc:791] Discarding reconstruction due to bad initial pair
I20260910 06:20:34.984129 0x1fa65e140 incremental_pipeline.cc:487] => Provided pair is unsuitable for initialization.
I20260910 06:20:34.984131 0x1fa65e140 incremental_pipeline.cc:791] Discarding reconstruction due to bad initial pair
I20260910 06:20:34.984987 0x1fa65e140 incremental_pipeline.cc:487] => Provided pair is unsuitable for initialization.
I20260910 06:20:34.984990 0x1fa65e140 incremental_pipeline.cc:791] Discarding reconstruction due to bad initial pair
I20260910 06:20:34.985726 0x1fa65e140 incremental_pipeline.cc:487] => Provided pair is unsuitable for initialization.
I20260910 06:20:34.985729 0x1fa65e140 incremental_pipeline.cc:791] Discarding reconstruction due to bad initial pair
I20260910 06:20:34.986557 0x1fa65e140 incremental_pipeline.cc:487] => Provided pair is unsuitable for initialization.
I20260910 06:20:34.986560 0x1fa65e140 incremental_pipeline.cc:791] Discarding reconstruction due to bad initial pair
I20260910 06:20:34.987287 0x1fa65e140 incremental_pipeline.cc:487] => Provided pair is unsuitable for initialization.
I20260910 06:20:34.987290 0x1fa65e140 incremental_pipeline.cc:791] Discarding reconstruction due to bad initial pair
I20260910 06:20:34.988032 0x1fa65e140 incremental_pipeline.cc:487] => Provided pair is unsuitable for initialization.
I20260910 06:20:34.988035 0x1fa65e140 incremental_pipeline.cc:791] Discarding reconstruction due to bad initial pair
I20260910 06:20:34.988757 0x1fa65e140 incremental_pipeline.cc:487] => Provided pair is unsuitable for initialization.
I20260910 06:20:34.988759 0x1fa65e140 incremental_pipeline.cc:791] Discarding reconstruction due to bad initial pair
I20260910 06:20:34.989481 0x1fa65e140 incremental_pipeline.cc:487] => Provided pair is unsuitable for initialization.
I20260910 06:20:34.989484 0x1fa65e140 incremental_pipeline.cc:791] Discarding reconstruction due to bad initial pair
I20260910 06:20:34.990239 0x1fa65e140 incremental_pipeline.cc:487] => Provided pair is unsuitable for initialization.
I20260910 06:20:34.990242 0x1fa65e140 incremental_pipeline.cc:791] Discarding reconstruction due to bad initial pair
I20260910 06:20:34.990955 0x1fa65e140 incremental_pipeline.cc:487] => Provided pair is unsuitable for initialization.
I20260910 06:20:34.990962 0x1fa65e140 incremental_pipeline.cc:791] Discarding reconstruction due to bad initial pair
I20260910 06:20:34.991734 0x1fa65e140 incremental_pipeline.cc:487] => Provided pair is unsuitable for initialization.
I20260910 06:20:34.991736 0x1fa65e140 incremental_pipeline.cc:791] Discarding reconstruction due to bad initial pair
I20260910 06:20:34.992398 0x1fa65e140 incremental_pipeline.cc:487] => Provided pair is unsuitable for initialization.
I20260910 06:20:34.992401 0x1fa65e140 incremental_pipeline.cc:791] Discarding reconstruction due to bad initial pair
I20260910 06:20:34.993121 0x1fa65e140 incremental_pipeline.cc:487] => Provided pair is unsuitable for initialization.
I20260910 06:20:34.993124 0x1fa65e140 incremental_pipeline.cc:791] Discarding reconstruction due to bad initial pair
I20260910 06:20:34.993957 0x1fa65e140 incremental_pipeline.cc:487] => Provided pair is unsuitable for initialization.
I20260910 06:20:34.993959 0x1fa65e140 incremental_pipeline.cc:791] Discarding reconstruction due to bad initial pair
I20260910 06:20:34.995350 0x1fa65e140 incremental_pipeline.cc:487] => Provided pair is unsuitable for initialization.
I20260910 06:20:34.995352 0x1fa65e140 incremental_pipeline.cc:791] Discarding reconstruction due to bad initial pair
I20260910 06:20:34.996704 0x1fa65e140 incremental_pipeline.cc:487] => Provided pair is unsuitable for initialization.
I20260910 06:20:34.996707 0x1fa65e140 incremental_pipeline.cc:791] Discarding reconstruction due to bad initial pair
I20260910 06:20:34.997418 0x1fa65e140 incremental_pipeline.cc:487] => Provided pair is unsuitable for initialization.
I20260910 06:20:34.997420 0x1fa65e140 incremental_pipeline.cc:791] Discarding reconstruction due to bad initial pair
I20260910 06:20:34.998148 0x1fa65e140 incremental_pipeline.cc:487] => Provided pair is unsuitable for initialization.
I20260910 06:20:34.998150 0x1fa65e140 incremental_pipeline.cc:791] Discarding reconstruction due to bad initial pair
I20260910 06:20:34.998903 0x1fa65e140 incremental_pipeline.cc:487] => Provided pair is unsuitable for initialization.
I20260910 06:20:34.998905 0x1fa65e140 incremental_pipeline.cc:791] Discarding reconstruction due to bad initial pair
I20260910 06:20:34.999601 0x1fa65e140 incremental_pipeline.cc:487] => Provided pair is unsuitable for initialization.
I20260910 06:20:34.999604 0x1fa65e140 incremental_pipeline.cc:791] Discarding reconstruction due to bad initial pair
I20260910 06:20:35.000356 0x1fa65e140 incremental_pipeline.cc:487] => Provided pair is unsuitable for initialization.
I20260910 06:20:35.000358 0x1fa65e140 incremental_pipeline.cc:791] Discarding reconstruction due to bad initial pair
I20260910 06:20:35.001098 0x1fa65e140 incremental_pipeline.cc:487] => Provided pair is unsuitable for initialization.
I20260910 06:20:35.001100 0x1fa65e140 incremental_pipeline.cc:791] Discarding reconstruction due to bad initial pair
I20260910 06:20:35.002404 0x1fa65e140 incremental_pipeline.cc:487] => Provided pair is unsuitable for initialization.
I20260910 06:20:35.002406 0x1fa65e140 incremental_pipeline.cc:791] Discarding reconstruction due to bad initial pair
I20260910 06:20:35.003167 0x1fa65e140 incremental_pipeline.cc:487] => Provided pair is unsuitable for initialization.
I20260910 06:20:35.003169 0x1fa65e140 incremental_pipeline.cc:791] Discarding reconstruction due to bad initial pair
I20260910 06:20:35.003931 0x1fa65e140 incremental_pipeline.cc:487] => Provided pair is unsuitable for initialization.
I20260910 06:20:35.003933 0x1fa65e140 incremental_pipeline.cc:791] Discarding reconstruction due to bad initial pair
I20260910 06:20:35.004647 0x1fa65e140 incremental_pipeline.cc:487] => Provided pair is unsuitable for initialization.
I20260910 06:20:35.004649 0x1fa65e140 incremental_pipeline.cc:791] Discarding reconstruction due to bad initial pair
I20260910 06:20:35.005514 0x1fa65e140 incremental_pipeline.cc:487] => Provided pair is unsuitable for initialization.
I20260910 06:20:35.005517 0x1fa65e140 incremental_pipeline.cc:791] Discarding reconstruction due to bad initial pair
I20260910 06:20:35.006736 0x1fa65e140 incremental_pipeline.cc:487] => Provided pair is unsuitable for initialization.
I20260910 06:20:35.006738 0x1fa65e140 incremental_pipeline.cc:791] Discarding reconstruction due to bad initial pair
I20260910 06:20:35.007463 0x1fa65e140 incremental_pipeline.cc:487] => Provided pair is unsuitable for initialization.
I20260910 06:20:35.007465 0x1fa65e140 incremental_pipeline.cc:791] Discarding reconstruction due to bad initial pair
I20260910 06:20:35.008183 0x1fa65e140 incremental_pipeline.cc:487] => Provided pair is unsuitable for initialization.
I20260910 06:20:35.008186 0x1fa65e140 incremental_pipeline.cc:791] Discarding reconstruction due to bad initial pair
I20260910 06:20:35.009571 0x1fa65e140 incremental_pipeline.cc:487] => Provided pair is unsuitable for initialization.
I20260910 06:20:35.009574 0x1fa65e140 incremental_pipeline.cc:791] Discarding reconstruction due to bad initial pair
I20260910 06:20:35.010333 0x1fa65e140 incremental_pipeline.cc:487] => Provided pair is unsuitable for initialization.
I20260910 06:20:35.010336 0x1fa65e140 incremental_pipeline.cc:791] Discarding reconstruction due to bad initial pair
I20260910 06:20:35.011053 0x1fa65e140 incremental_pipeline.cc:487] => Provided pair is unsuitable for initialization.
I20260910 06:20:35.011056 0x1fa65e140 incremental_pipeline.cc:791] Discarding reconstruction due to bad initial pair
I20260910 06:20:35.011905 0x1fa65e140 incremental_pipeline.cc:487] => Provided pair is unsuitable for initialization.
I20260910 06:20:35.011908 0x1fa65e140 incremental_pipeline.cc:791] Discarding reconstruction due to bad initial pair
I20260910 06:20:35.013141 0x1fa65e140 incremental_pipeline.cc:487] => Provided pair is unsuitable for initialization.
I20260910 06:20:35.013143 0x1fa65e140 incremental_pipeline.cc:791] Discarding reconstruction due to bad initial pair
I20260910 06:20:35.013988 0x1fa65e140 incremental_pipeline.cc:487] => Provided pair is unsuitable for initialization.
I20260910 06:20:35.013991 0x1fa65e140 incremental_pipeline.cc:791] Discarding reconstruction due to bad initial pair
I20260910 06:20:35.014745 0x1fa65e140 incremental_pipeline.cc:487] => Provided pair is unsuitable for initialization.
I20260910 06:20:35.014748 0x1fa65e140 incremental_pipeline.cc:791] Discarding reconstruction due to bad initial pair
I20260910 06:20:35.015554 0x1fa65e140 incremental_pipeline.cc:487] => Provided pair is unsuitable for initialization.
I20260910 06:20:35.015557 0x1fa65e140 incremental_pipeline.cc:791] Discarding reconstruction due to bad initial pair
I20260910 06:20:35.016874 0x1fa65e140 incremental_pipeline.cc:487] => Provided pair is unsuitable for initialization.
I20260910 06:20:35.016877 0x1fa65e140 incremental_pipeline.cc:791] Discarding reconstruction due to bad initial pair
I20260910 06:20:35.018090 0x1fa65e140 incremental_pipeline.cc:487] => Provided pair is unsuitable for initialization.
I20260910 06:20:35.018092 0x1fa65e140 incremental_pipeline.cc:791] Discarding reconstruction due to bad initial pair
I20260910 06:20:35.018983 0x1fa65e140 incremental_pipeline.cc:487] => Provided pair is unsuitable for initialization.
I20260910 06:20:35.018986 0x1fa65e140 incremental_pipeline.cc:791] Discarding reconstruction due to bad initial pair
I20260910 06:20:35.019782 0x1fa65e140 incremental_pipeline.cc:487] => Provided pair is unsuitable for initialization.
I20260910 06:20:35.019785 0x1fa65e140 incremental_pipeline.cc:791] Discarding reconstruction due to bad initial pair
I20260910 06:20:35.020491 0x1fa65e140 incremental_pipeline.cc:487] => Provided pair is unsuitable for initialization.
I20260910 06:20:35.020493 0x1fa65e140 incremental_pipeline.cc:791] Discarding reconstruction due to bad initial pair
I20260910 06:20:35.021275 0x1fa65e140 incremental_pipeline.cc:487] => Provided pair is unsuitable for initialization.
I20260910 06:20:35.021280 0x1fa65e140 incremental_pipeline.cc:791] Discarding reconstruction due to bad initial pair
I20260910 06:20:35.022112 0x1fa65e140 incremental_pipeline.cc:487] => Provided pair is unsuitable for initialization.
I20260910 06:20:35.022119 0x1fa65e140 incremental_pipeline.cc:791] Discarding reconstruction due to bad initial pair
I20260910 06:20:35.022894 0x1fa65e140 incremental_pipeline.cc:487] => Provided pair is unsuitable for initialization.
I20260910 06:20:35.022897 0x1fa65e140 incremental_pipeline.cc:791] Discarding reconstruction due to bad initial pair
I20260910 06:20:35.023610 0x1fa65e140 incremental_pipeline.cc:487] => Provided pair is unsuitable for initialization.
I20260910 06:20:35.023611 0x1fa65e140 incremental_pipeline.cc:791] Discarding reconstruction due to bad initial pair
I20260910 06:20:35.024307 0x1fa65e140 incremental_pipeline.cc:487] => Provided pair is unsuitable for initialization.
I20260910 06:20:35.024310 0x1fa65e140 incremental_pipeline.cc:791] Discarding reconstruction due to bad initial pair
I20260910 06:20:35.025090 0x1fa65e140 incremental_pipeline.cc:487] => Provided pair is unsuitable for initialization.
I20260910 06:20:35.025092 0x1fa65e140 incremental_pipeline.cc:791] Discarding reconstruction due to bad initial pair
I20260910 06:20:35.025830 0x1fa65e140 incremental_pipeline.cc:487] => Provided pair is unsuitable for initialization.
I20260910 06:20:35.025833 0x1fa65e140 incremental_pipeline.cc:791] Discarding reconstruction due to bad initial pair
I20260910 06:20:35.026597 0x1fa65e140 incremental_pipeline.cc:487] => Provided pair is unsuitable for initialization.
I20260910 06:20:35.026600 0x1fa65e140 incremental_pipeline.cc:791] Discarding reconstruction due to bad initial pair
I20260910 06:20:35.027371 0x1fa65e140 incremental_pipeline.cc:487] => Provided pair is unsuitable for initialization.
I20260910 06:20:35.027373 0x1fa65e140 incremental_pipeline.cc:791] Discarding reconstruction due to bad initial pair
I20260910 06:20:35.028173 0x1fa65e140 incremental_pipeline.cc:487] => Provided pair is unsuitable for initialization.
I20260910 06:20:35.028175 0x1fa65e140 incremental_pipeline.cc:791] Discarding reconstruction due to bad initial pair
I20260910 06:20:35.028985 0x1fa65e140 incremental_pipeline.cc:487] => Provided pair is unsuitable for initialization.
I20260910 06:20:35.028988 0x1fa65e140 incremental_pipeline.cc:791] Discarding reconstruction due to bad initial pair
I20260910 06:20:35.029771 0x1fa65e140 incremental_pipeline.cc:487] => Provided pair is unsuitable for initialization.
I20260910 06:20:35.029773 0x1fa65e140 incremental_pipeline.cc:791] Discarding reconstruction due to bad initial pair
I20260910 06:20:35.030619 0x1fa65e140 incremental_pipeline.cc:487] => Provided pair is unsuitable for initialization.
I20260910 06:20:35.030622 0x1fa65e140 incremental_pipeline.cc:791] Discarding reconstruction due to bad initial pair
I20260910 06:20:35.031429 0x1fa65e140 incremental_pipeline.cc:487] => Provided pair is unsuitable for initialization.
I20260910 06:20:35.031431 0x1fa65e140 incremental_pipeline.cc:791] Discarding reconstruction due to bad initial pair
I20260910 06:20:35.032221 0x1fa65e140 incremental_pipeline.cc:487] => Provided pair is unsuitable for initialization.
I20260910 06:20:35.032223 0x1fa65e140 incremental_pipeline.cc:791] Discarding reconstruction due to bad initial pair
I20260910 06:20:35.032921 0x1fa65e140 incremental_pipeline.cc:487] => Provided pair is unsuitable for initialization.
I20260910 06:20:35.032924 0x1fa65e140 incremental_pipeline.cc:791] Discarding reconstruction due to bad initial pair
I20260910 06:20:35.033717 0x1fa65e140 incremental_pipeline.cc:487] => Provided pair is unsuitable for initialization.
I20260910 06:20:35.033720 0x1fa65e140 incremental_pipeline.cc:791] Discarding reconstruction due to bad initial pair
I20260910 06:20:35.035014 0x1fa65e140 incremental_pipeline.cc:487] => Provided pair is unsuitable for initialization.
I20260910 06:20:35.035016 0x1fa65e140 incremental_pipeline.cc:791] Discarding reconstruction due to bad initial pair
I20260910 06:20:35.036306 0x1fa65e140 incremental_pipeline.cc:487] => Provided pair is unsuitable for initialization.
I20260910 06:20:35.036309 0x1fa65e140 incremental_pipeline.cc:791] Discarding reconstruction due to bad initial pair
I20260910 06:20:35.037006 0x1fa65e140 incremental_pipeline.cc:487] => Provided pair is unsuitable for initialization.
I20260910 06:20:35.037009 0x1fa65e140 incremental_pipeline.cc:791] Discarding reconstruction due to bad initial pair
I20260910 06:20:35.037801 0x1fa65e140 incremental_pipeline.cc:487] => Provided pair is unsuitable for initialization.
I20260910 06:20:35.037802 0x1fa65e140 incremental_pipeline.cc:791] Discarding reconstruction due to bad initial pair
I20260910 06:20:35.038484 0x1fa65e140 incremental_pipeline.cc:487] => Provided pair is unsuitable for initialization.
I20260910 06:20:35.038487 0x1fa65e140 incremental_pipeline.cc:791] Discarding reconstruction due to bad initial pair
I20260910 06:20:35.039179 0x1fa65e140 incremental_pipeline.cc:487] => Provided pair is unsuitable for initialization.
I20260910 06:20:35.039181 0x1fa65e140 incremental_pipeline.cc:791] Discarding reconstruction due to bad initial pair
I20260910 06:20:35.039926 0x1fa65e140 incremental_pipeline.cc:487] => Provided pair is unsuitable for initialization.
I20260910 06:20:35.039928 0x1fa65e140 incremental_pipeline.cc:791] Discarding reconstruction due to bad initial pair
I20260910 06:20:35.041153 0x1fa65e140 incremental_pipeline.cc:487] => Provided pair is unsuitable for initialization.
I20260910 06:20:35.041155 0x1fa65e140 incremental_pipeline.cc:791] Discarding reconstruction due to bad initial pair
I20260910 06:20:35.041939 0x1fa65e140 incremental_pipeline.cc:487] => Provided pair is unsuitable for initialization.
I20260910 06:20:35.041941 0x1fa65e140 incremental_pipeline.cc:791] Discarding reconstruction due to bad initial pair
I20260910 06:20:35.042767 0x1fa65e140 incremental_pipeline.cc:487] => Provided pair is unsuitable for initialization.
I20260910 06:20:35.042770 0x1fa65e140 incremental_pipeline.cc:791] Discarding reconstruction due to bad initial pair
I20260910 06:20:35.043547 0x1fa65e140 incremental_pipeline.cc:487] => Provided pair is unsuitable for initialization.
I20260910 06:20:35.043548 0x1fa65e140 incremental_pipeline.cc:791] Discarding reconstruction due to bad initial pair
I20260910 06:20:35.044206 0x1fa65e140 incremental_pipeline.cc:487] => Provided pair is unsuitable for initialization.
I20260910 06:20:35.044209 0x1fa65e140 incremental_pipeline.cc:791] Discarding reconstruction due to bad initial pair
I20260910 06:20:35.045114 0x1fa65e140 incremental_pipeline.cc:487] => Provided pair is unsuitable for initialization.
I20260910 06:20:35.045117 0x1fa65e140 incremental_pipeline.cc:791] Discarding reconstruction due to bad initial pair
I20260910 06:20:35.045858 0x1fa65e140 incremental_pipeline.cc:487] => Provided pair is unsuitable for initialization.
I20260910 06:20:35.045861 0x1fa65e140 incremental_pipeline.cc:791] Discarding reconstruction due to bad initial pair
I20260910 06:20:35.046706 0x1fa65e140 incremental_pipeline.cc:487] => Provided pair is unsuitable for initialization.
I20260910 06:20:35.046709 0x1fa65e140 incremental_pipeline.cc:791] Discarding reconstruction due to bad initial pair
I20260910 06:20:35.047911 0x1fa65e140 incremental_pipeline.cc:487] => Provided pair is unsuitable for initialization.
I20260910 06:20:35.047914 0x1fa65e140 incremental_pipeline.cc:791] Discarding reconstruction due to bad initial pair
I20260910 06:20:35.048619 0x1fa65e140 incremental_pipeline.cc:487] => Provided pair is unsuitable for initialization.
I20260910 06:20:35.048622 0x1fa65e140 incremental_pipeline.cc:791] Discarding reconstruction due to bad initial pair
I20260910 06:20:35.049457 0x1fa65e140 incremental_pipeline.cc:487] => Provided pair is unsuitable for initialization.
I20260910 06:20:35.049459 0x1fa65e140 incremental_pipeline.cc:791] Discarding reconstruction due to bad initial pair
I20260910 06:20:35.050790 0x1fa65e140 incremental_pipeline.cc:487] => Provided pair is unsuitable for initialization.
I20260910 06:20:35.050793 0x1fa65e140 incremental_pipeline.cc:791] Discarding reconstruction due to bad initial pair
I20260910 06:20:35.051539 0x1fa65e140 incremental_pipeline.cc:487] => Provided pair is unsuitable for initialization.
I20260910 06:20:35.051547 0x1fa65e140 incremental_pipeline.cc:791] Discarding reconstruction due to bad initial pair
I20260910 06:20:35.052256 0x1fa65e140 incremental_pipeline.cc:487] => Provided pair is unsuitable for initialization.
I20260910 06:20:35.052259 0x1fa65e140 incremental_pipeline.cc:791] Discarding reconstruction due to bad initial pair
I20260910 06:20:35.053483 0x1fa65e140 incremental_pipeline.cc:487] => Provided pair is unsuitable for initialization.
I20260910 06:20:35.053486 0x1fa65e140 incremental_pipeline.cc:791] Discarding reconstruction due to bad initial pair
I20260910 06:20:35.054229 0x1fa65e140 incremental_pipeline.cc:487] => Provided pair is unsuitable for initialization.
I20260910 06:20:35.054231 0x1fa65e140 incremental_pipeline.cc:791] Discarding reconstruction due to bad initial pair
I20260910 06:20:35.054976 0x1fa65e140 incremental_pipeline.cc:487] => Provided pair is unsuitable for initialization.
I20260910 06:20:35.054979 0x1fa65e140 incremental_pipeline.cc:791] Discarding reconstruction due to bad initial pair
I20260910 06:20:35.055713 0x1fa65e140 incremental_pipeline.cc:487] => Provided pair is unsuitable for initialization.
I20260910 06:20:35.055716 0x1fa65e140 incremental_pipeline.cc:791] Discarding reconstruction due to bad initial pair
I20260910 06:20:35.056484 0x1fa65e140 incremental_pipeline.cc:487] => Provided pair is unsuitable for initialization.
I20260910 06:20:35.056486 0x1fa65e140 incremental_pipeline.cc:791] Discarding reconstruction due to bad initial pair
I20260910 06:20:35.057838 0x1fa65e140 incremental_pipeline.cc:487] => Provided pair is unsuitable for initialization.
I20260910 06:20:35.057840 0x1fa65e140 incremental_pipeline.cc:791] Discarding reconstruction due to bad initial pair
I20260910 06:20:35.059049 0x1fa65e140 incremental_pipeline.cc:487] => Provided pair is unsuitable for initialization.
I20260910 06:20:35.059051 0x1fa65e140 incremental_pipeline.cc:791] Discarding reconstruction due to bad initial pair
I20260910 06:20:35.060355 0x1fa65e140 incremental_pipeline.cc:487] => Provided pair is unsuitable for initialization.
I20260910 06:20:35.060357 0x1fa65e140 incremental_pipeline.cc:791] Discarding reconstruction due to bad initial pair
I20260910 06:20:35.061090 0x1fa65e140 incremental_pipeline.cc:487] => Provided pair is unsuitable for initialization.
I20260910 06:20:35.061092 0x1fa65e140 incremental_pipeline.cc:791] Discarding reconstruction due to bad initial pair
I20260910 06:20:35.061899 0x1fa65e140 incremental_pipeline.cc:487] => Provided pair is unsuitable for initialization.
I20260910 06:20:35.061901 0x1fa65e140 incremental_pipeline.cc:791] Discarding reconstruction due to bad initial pair
I20260910 06:20:35.062700 0x1fa65e140 incremental_pipeline.cc:487] => Provided pair is unsuitable for initialization.
I20260910 06:20:35.062702 0x1fa65e140 incremental_pipeline.cc:791] Discarding reconstruction due to bad initial pair
I20260910 06:20:35.063650 0x1fa65e140 incremental_pipeline.cc:487] => Provided pair is unsuitable for initialization.
I20260910 06:20:35.063655 0x1fa65e140 incremental_pipeline.cc:791] Discarding reconstruction due to bad initial pair
I20260910 06:20:35.064938 0x1fa65e140 incremental_pipeline.cc:487] => Provided pair is unsuitable for initialization.
I20260910 06:20:35.064940 0x1fa65e140 incremental_pipeline.cc:791] Discarding reconstruction due to bad initial pair
I20260910 06:20:35.065675 0x1fa65e140 incremental_pipeline.cc:487] => Provided pair is unsuitable for initialization.
I20260910 06:20:35.065677 0x1fa65e140 incremental_pipeline.cc:791] Discarding reconstruction due to bad initial pair
I20260910 06:20:35.066465 0x1fa65e140 incremental_pipeline.cc:487] => Provided pair is unsuitable for initialization.
I20260910 06:20:35.066467 0x1fa65e140 incremental_pipeline.cc:791] Discarding reconstruction due to bad initial pair
I20260910 06:20:35.067189 0x1fa65e140 incremental_pipeline.cc:487] => Provided pair is unsuitable for initialization.
I20260910 06:20:35.067192 0x1fa65e140 incremental_pipeline.cc:791] Discarding reconstruction due to bad initial pair
I20260910 06:20:35.068484 0x1fa65e140 incremental_pipeline.cc:487] => Provided pair is unsuitable for initialization.
I20260910 06:20:35.068487 0x1fa65e140 incremental_pipeline.cc:791] Discarding reconstruction due to bad initial pair
I20260910 06:20:35.069210 0x1fa65e140 incremental_pipeline.cc:487] => Provided pair is unsuitable for initialization.
I20260910 06:20:35.069212 0x1fa65e140 incremental_pipeline.cc:791] Discarding reconstruction due to bad initial pair
I20260910 06:20:35.070012 0x1fa65e140 incremental_pipeline.cc:487] => Provided pair is unsuitable for initialization.
I20260910 06:20:35.070014 0x1fa65e140 incremental_pipeline.cc:791] Discarding reconstruction due to bad initial pair
I20260910 06:20:35.070701 0x1fa65e140 incremental_pipeline.cc:487] => Provided pair is unsuitable for initialization.
I20260910 06:20:35.070704 0x1fa65e140 incremental_pipeline.cc:791] Discarding reconstruction due to bad initial pair
I20260910 06:20:35.071599 0x1fa65e140 incremental_pipeline.cc:487] => Provided pair is unsuitable for initialization.
I20260910 06:20:35.071601 0x1fa65e140 incremental_pipeline.cc:791] Discarding reconstruction due to bad initial pair
I20260910 06:20:35.072349 0x1fa65e140 incremental_pipeline.cc:487] => Provided pair is unsuitable for initialization.
I20260910 06:20:35.072352 0x1fa65e140 incremental_pipeline.cc:791] Discarding reconstruction due to bad initial pair
I20260910 06:20:35.073630 0x1fa65e140 incremental_pipeline.cc:487] => Provided pair is unsuitable for initialization.
I20260910 06:20:35.073633 0x1fa65e140 incremental_pipeline.cc:791] Discarding reconstruction due to bad initial pair
I20260910 06:20:35.074374 0x1fa65e140 incremental_pipeline.cc:487] => Provided pair is unsuitable for initialization.
I20260910 06:20:35.074376 0x1fa65e140 incremental_pipeline.cc:791] Discarding reconstruction due to bad initial pair
I20260910 06:20:35.075709 0x1fa65e140 incremental_pipeline.cc:487] => Provided pair is unsuitable for initialization.
I20260910 06:20:35.075711 0x1fa65e140 incremental_pipeline.cc:791] Discarding reconstruction due to bad initial pair
I20260910 06:20:35.076495 0x1fa65e140 incremental_pipeline.cc:487] => Provided pair is unsuitable for initialization.
I20260910 06:20:35.076497 0x1fa65e140 incremental_pipeline.cc:791] Discarding reconstruction due to bad initial pair
I20260910 06:20:35.077253 0x1fa65e140 incremental_pipeline.cc:487] => Provided pair is unsuitable for initialization.
I20260910 06:20:35.077255 0x1fa65e140 incremental_pipeline.cc:791] Discarding reconstruction due to bad initial pair
I20260910 06:20:35.077947 0x1fa65e140 incremental_pipeline.cc:487] => Provided pair is unsuitable for initialization.
I20260910 06:20:35.077950 0x1fa65e140 incremental_pipeline.cc:791] Discarding reconstruction due to bad initial pair
I20260910 06:20:35.078767 0x1fa65e140 incremental_pipeline.cc:487] => Provided pair is unsuitable for initialization.
I20260910 06:20:35.078769 0x1fa65e140 incremental_pipeline.cc:791] Discarding reconstruction due to bad initial pair
I20260910 06:20:35.078772 0x1fa65e140 incremental_pipeline.cc:429] => Relaxing the initialization constraints.
I20260910 06:20:35.079549 0x1fa65e140 incremental_pipeline.cc:487] => Provided pair is unsuitable for initialization.
I20260910 06:20:35.079552 0x1fa65e140 incremental_pipeline.cc:791] Discarding reconstruction due to bad initial pair
I20260910 06:20:35.080799 0x1fa65e140 incremental_pipeline.cc:492] Registering initial image pair #2 and #3
I20260910 06:20:35.080987 0x1fa65e140 incremental_pipeline.cc:510] Global bundle adjustment
I20260910 06:20:35.081695 0x1fa65e140 incremental_pipeline.cc:791] Discarding reconstruction due to bad initial pair
I20260910 06:20:35.082535 0x1fa65e140 incremental_pipeline.cc:487] => Provided pair is unsuitable for initialization.
I20260910 06:20:35.082538 0x1fa65e140 incremental_pipeline.cc:791] Discarding reconstruction due to bad initial pair
I20260910 06:20:35.083336 0x1fa65e140 incremental_pipeline.cc:487] => Provided pair is unsuitable for initialization.
I20260910 06:20:35.083344 0x1fa65e140 incremental_pipeline.cc:791] Discarding reconstruction due to bad initial pair
I20260910 06:20:35.084284 0x1fa65e140 incremental_pipeline.cc:487] => Provided pair is unsuitable for initialization.
I20260910 06:20:35.084286 0x1fa65e140 incremental_pipeline.cc:791] Discarding reconstruction due to bad initial pair
I20260910 06:20:35.085534 0x1fa65e140 incremental_pipeline.cc:492] Registering initial image pair #2 and #3
I20260910 06:20:35.085691 0x1fa65e140 incremental_pipeline.cc:510] Global bundle adjustment
I20260910 06:20:35.086107 0x1fa65e140 incremental_pipeline.cc:791] Discarding reconstruction due to bad initial pair
I20260910 06:20:35.086910 0x1fa65e140 incremental_pipeline.cc:487] => Provided pair is unsuitable for initialization.
I20260910 06:20:35.086913 0x1fa65e140 incremental_pipeline.cc:791] Discarding reconstruction due to bad initial pair
I20260910 06:20:35.087570 0x1fa65e140 incremental_pipeline.cc:487] => Provided pair is unsuitable for initialization.
I20260910 06:20:35.087573 0x1fa65e140 incremental_pipeline.cc:791] Discarding reconstruction due to bad initial pair
I20260910 06:20:35.088319 0x1fa65e140 incremental_pipeline.cc:487] => Provided pair is unsuitable for initialization.
I20260910 06:20:35.088321 0x1fa65e140 incremental_pipeline.cc:791] Discarding reconstruction due to bad initial pair
I20260910 06:20:35.089616 0x1fa65e140 incremental_pipeline.cc:492] Registering initial image pair #2 and #3
I20260910 06:20:35.089657 0x1fa65e140 incremental_pipeline.cc:791] Discarding reconstruction due to bad initial pair
I20260910 06:20:35.090417 0x1fa65e140 incremental_pipeline.cc:487] => Provided pair is unsuitable for initialization.
I20260910 06:20:35.090419 0x1fa65e140 incremental_pipeline.cc:791] Discarding reconstruction due to bad initial pair
I20260910 06:20:35.091171 0x1fa65e140 incremental_pipeline.cc:487] => Provided pair is unsuitable for initialization.
I20260910 06:20:35.091176 0x1fa65e140 incremental_pipeline.cc:791] Discarding reconstruction due to bad initial pair
I20260910 06:20:35.092490 0x1fa65e140 incremental_pipeline.cc:487] => Provided pair is unsuitable for initialization.
I20260910 06:20:35.092492 0x1fa65e140 incremental_pipeline.cc:791] Discarding reconstruction due to bad initial pair
I20260910 06:20:35.093247 0x1fa65e140 incremental_pipeline.cc:487] => Provided pair is unsuitable for initialization.
I20260910 06:20:35.093249 0x1fa65e140 incremental_pipeline.cc:791] Discarding reconstruction due to bad initial pair
I20260910 06:20:35.093994 0x1fa65e140 incremental_pipeline.cc:487] => Provided pair is unsuitable for initialization.
I20260910 06:20:35.093996 0x1fa65e140 incremental_pipeline.cc:791] Discarding reconstruction due to bad initial pair
I20260910 06:20:35.095344 0x1fa65e140 incremental_pipeline.cc:487] => Provided pair is unsuitable for initialization.
I20260910 06:20:35.095347 0x1fa65e140 incremental_pipeline.cc:791] Discarding reconstruction due to bad initial pair
I20260910 06:20:35.096125 0x1fa65e140 incremental_pipeline.cc:487] => Provided pair is unsuitable for initialization.
I20260910 06:20:35.096127 0x1fa65e140 incremental_pipeline.cc:791] Discarding reconstruction due to bad initial pair
I20260910 06:20:35.096918 0x1fa65e140 incremental_pipeline.cc:487] => Provided pair is unsuitable for initialization.
I20260910 06:20:35.096921 0x1fa65e140 incremental_pipeline.cc:791] Discarding reconstruction due to bad initial pair
I20260910 06:20:35.097629 0x1fa65e140 incremental_pipeline.cc:487] => Provided pair is unsuitable for initialization.
I20260910 06:20:35.097631 0x1fa65e140 incremental_pipeline.cc:791] Discarding reconstruction due to bad initial pair
I20260910 06:20:35.098873 0x1fa65e140 incremental_pipeline.cc:492] Registering initial image pair #2 and #3
I20260910 06:20:35.099026 0x1fa65e140 incremental_pipeline.cc:510] Global bundle adjustment
I20260910 06:20:35.099432 0x1fa65e140 incremental_pipeline.cc:791] Discarding reconstruction due to bad initial pair
I20260910 06:20:35.100237 0x1fa65e140 incremental_pipeline.cc:487] => Provided pair is unsuitable for initialization.
I20260910 06:20:35.100240 0x1fa65e140 incremental_pipeline.cc:791] Discarding reconstruction due to bad initial pair
I20260910 06:20:35.100971 0x1fa65e140 incremental_pipeline.cc:487] => Provided pair is unsuitable for initialization.
I20260910 06:20:35.100976 0x1fa65e140 incremental_pipeline.cc:791] Discarding reconstruction due to bad initial pair
I20260910 06:20:35.101796 0x1fa65e140 incremental_pipeline.cc:487] => Provided pair is unsuitable for initialization.
I20260910 06:20:35.101798 0x1fa65e140 incremental_pipeline.cc:791] Discarding reconstruction due to bad initial pair
I20260910 06:20:35.102464 0x1fa65e140 incremental_pipeline.cc:487] => Provided pair is unsuitable for initialization.
I20260910 06:20:35.102467 0x1fa65e140 incremental_pipeline.cc:791] Discarding reconstruction due to bad initial pair
I20260910 06:20:35.103770 0x1fa65e140 incremental_pipeline.cc:492] Registering initial image pair #2 and #3
I20260910 06:20:35.103811 0x1fa65e140 incremental_pipeline.cc:791] Discarding reconstruction due to bad initial pair
I20260910 06:20:35.104618 0x1fa65e140 incremental_pipeline.cc:487] => Provided pair is unsuitable for initialization.
I20260910 06:20:35.104620 0x1fa65e140 incremental_pipeline.cc:791] Discarding reconstruction due to bad initial pair
I20260910 06:20:35.105330 0x1fa65e140 incremental_pipeline.cc:487] => Provided pair is unsuitable for initialization.
I20260910 06:20:35.105331 0x1fa65e140 incremental_pipeline.cc:791] Discarding reconstruction due to bad initial pair
I20260910 06:20:35.106218 0x1fa65e140 incremental_pipeline.cc:487] => Provided pair is unsuitable for initialization.
I20260910 06:20:35.106221 0x1fa65e140 incremental_pipeline.cc:791] Discarding reconstruction due to bad initial pair
I20260910 06:20:35.107467 0x1fa65e140 incremental_pipeline.cc:487] => Provided pair is unsuitable for initialization.
I20260910 06:20:35.107472 0x1fa65e140 incremental_pipeline.cc:791] Discarding reconstruction due to bad initial pair
I20260910 06:20:35.108178 0x1fa65e140 incremental_pipeline.cc:487] => Provided pair is unsuitable for initialization.
I20260910 06:20:35.108181 0x1fa65e140 incremental_pipeline.cc:791] Discarding reconstruction due to bad initial pair
I20260910 06:20:35.108879 0x1fa65e140 incremental_pipeline.cc:487] => Provided pair is unsuitable for initialization.
I20260910 06:20:35.108882 0x1fa65e140 incremental_pipeline.cc:791] Discarding reconstruction due to bad initial pair
I20260910 06:20:35.109689 0x1fa65e140 incremental_pipeline.cc:487] => Provided pair is unsuitable for initialization.
I20260910 06:20:35.109692 0x1fa65e140 incremental_pipeline.cc:791] Discarding reconstruction due to bad initial pair
I20260910 06:20:35.110538 0x1fa65e140 incremental_pipeline.cc:487] => Provided pair is unsuitable for initialization.
I20260910 06:20:35.110540 0x1fa65e140 incremental_pipeline.cc:791] Discarding reconstruction due to bad initial pair
I20260910 06:20:35.111252 0x1fa65e140 incremental_pipeline.cc:487] => Provided pair is unsuitable for initialization.
I20260910 06:20:35.111254 0x1fa65e140 incremental_pipeline.cc:791] Discarding reconstruction due to bad initial pair
I20260910 06:20:35.112560 0x1fa65e140 incremental_pipeline.cc:492] Registering initial image pair #2 and #3
I20260910 06:20:35.112601 0x1fa65e140 incremental_pipeline.cc:791] Discarding reconstruction due to bad initial pair
I20260910 06:20:35.113347 0x1fa65e140 incremental_pipeline.cc:487] => Provided pair is unsuitable for initialization.
I20260910 06:20:35.113349 0x1fa65e140 incremental_pipeline.cc:791] Discarding reconstruction due to bad initial pair
I20260910 06:20:35.114671 0x1fa65e140 incremental_pipeline.cc:492] Registering initial image pair #2 and #3
I20260910 06:20:35.114712 0x1fa65e140 incremental_pipeline.cc:791] Discarding reconstruction due to bad initial pair
I20260910 06:20:35.115580 0x1fa65e140 incremental_pipeline.cc:487] => Provided pair is unsuitable for initialization.
I20260910 06:20:35.115587 0x1fa65e140 incremental_pipeline.cc:791] Discarding reconstruction due to bad initial pair
I20260910 06:20:35.116462 0x1fa65e140 incremental_pipeline.cc:487] => Provided pair is unsuitable for initialization.
I20260910 06:20:35.116464 0x1fa65e140 incremental_pipeline.cc:791] Discarding reconstruction due to bad initial pair
I20260910 06:20:35.117211 0x1fa65e140 incremental_pipeline.cc:487] => Provided pair is unsuitable for initialization.
I20260910 06:20:35.117213 0x1fa65e140 incremental_pipeline.cc:791] Discarding reconstruction due to bad initial pair
I20260910 06:20:35.118051 0x1fa65e140 incremental_pipeline.cc:487] => Provided pair is unsuitable for initialization.
I20260910 06:20:35.118053 0x1fa65e140 incremental_pipeline.cc:791] Discarding reconstruction due to bad initial pair
I20260910 06:20:35.118743 0x1fa65e140 incremental_pipeline.cc:487] => Provided pair is unsuitable for initialization.
I20260910 06:20:35.118746 0x1fa65e140 incremental_pipeline.cc:791] Discarding reconstruction due to bad initial pair
I20260910 06:20:35.119444 0x1fa65e140 incremental_pipeline.cc:487] => Provided pair is unsuitable for initialization.
I20260910 06:20:35.119447 0x1fa65e140 incremental_pipeline.cc:791] Discarding reconstruction due to bad initial pair
I20260910 06:20:35.120231 0x1fa65e140 incremental_pipeline.cc:487] => Provided pair is unsuitable for initialization.
I20260910 06:20:35.120234 0x1fa65e140 incremental_pipeline.cc:791] Discarding reconstruction due to bad initial pair
I20260910 06:20:35.121439 0x1fa65e140 incremental_pipeline.cc:492] Registering initial image pair #2 and #3
I20260910 06:20:35.121592 0x1fa65e140 incremental_pipeline.cc:510] Global bundle adjustment
I20260910 06:20:35.122007 0x1fa65e140 incremental_pipeline.cc:791] Discarding reconstruction due to bad initial pair
I20260910 06:20:35.122798 0x1fa65e140 incremental_pipeline.cc:487] => Provided pair is unsuitable for initialization.
I20260910 06:20:35.122801 0x1fa65e140 incremental_pipeline.cc:791] Discarding reconstruction due to bad initial pair
I20260910 06:20:35.124110 0x1fa65e140 incremental_pipeline.cc:492] Registering initial image pair #2 and #3
I20260910 06:20:35.124151 0x1fa65e140 incremental_pipeline.cc:791] Discarding reconstruction due to bad initial pair
I20260910 06:20:35.124942 0x1fa65e140 incremental_pipeline.cc:487] => Provided pair is unsuitable for initialization.
I20260910 06:20:35.124944 0x1fa65e140 incremental_pipeline.cc:791] Discarding reconstruction due to bad initial pair
I20260910 06:20:35.125693 0x1fa65e140 incremental_pipeline.cc:487] => Provided pair is unsuitable for initialization.
I20260910 06:20:35.125695 0x1fa65e140 incremental_pipeline.cc:791] Discarding reconstruction due to bad initial pair
I20260910 06:20:35.126631 0x1fa65e140 incremental_pipeline.cc:487] => Provided pair is unsuitable for initialization.
I20260910 06:20:35.126633 0x1fa65e140 incremental_pipeline.cc:791] Discarding reconstruction due to bad initial pair
I20260910 06:20:35.127397 0x1fa65e140 incremental_pipeline.cc:487] => Provided pair is unsuitable for initialization.
I20260910 06:20:35.127400 0x1fa65e140 incremental_pipeline.cc:791] Discarding reconstruction due to bad initial pair
I20260910 06:20:35.128861 0x1fa65e140 incremental_pipeline.cc:492] Registering initial image pair #2 and #3
I20260910 06:20:35.128901 0x1fa65e140 incremental_pipeline.cc:791] Discarding reconstruction due to bad initial pair
I20260910 06:20:35.129667 0x1fa65e140 incremental_pipeline.cc:487] => Provided pair is unsuitable for initialization.
I20260910 06:20:35.129670 0x1fa65e140 incremental_pipeline.cc:791] Discarding reconstruction due to bad initial pair
I20260910 06:20:35.130503 0x1fa65e140 incremental_pipeline.cc:487] => Provided pair is unsuitable for initialization.
I20260910 06:20:35.130506 0x1fa65e140 incremental_pipeline.cc:791] Discarding reconstruction due to bad initial pair
I20260910 06:20:35.131323 0x1fa65e140 incremental_pipeline.cc:487] => Provided pair is unsuitable for initialization.
I20260910 06:20:35.131326 0x1fa65e140 incremental_pipeline.cc:791] Discarding reconstruction due to bad initial pair
I20260910 06:20:35.132056 0x1fa65e140 incremental_pipeline.cc:487] => Provided pair is unsuitable for initialization.
I20260910 06:20:35.132059 0x1fa65e140 incremental_pipeline.cc:791] Discarding reconstruction due to bad initial pair
I20260910 06:20:35.132811 0x1fa65e140 incremental_pipeline.cc:487] => Provided pair is unsuitable for initialization.
I20260910 06:20:35.132813 0x1fa65e140 incremental_pipeline.cc:791] Discarding reconstruction due to bad initial pair
I20260910 06:20:35.134119 0x1fa65e140 incremental_pipeline.cc:492] Registering initial image pair #2 and #3
I20260910 06:20:35.134272 0x1fa65e140 incremental_pipeline.cc:510] Global bundle adjustment
I20260910 06:20:35.134687 0x1fa65e140 incremental_pipeline.cc:791] Discarding reconstruction due to bad initial pair
I20260910 06:20:35.135514 0x1fa65e140 incremental_pipeline.cc:487] => Provided pair is unsuitable for initialization.
I20260910 06:20:35.135516 0x1fa65e140 incremental_pipeline.cc:791] Discarding reconstruction due to bad initial pair
I20260910 06:20:35.136217 0x1fa65e140 incremental_pipeline.cc:487] => Provided pair is unsuitable for initialization.
I20260910 06:20:35.136219 0x1fa65e140 incremental_pipeline.cc:791] Discarding reconstruction due to bad initial pair
I20260910 06:20:35.137076 0x1fa65e140 incremental_pipeline.cc:487] => Provided pair is unsuitable for initialization.
I20260910 06:20:35.137078 0x1fa65e140 incremental_pipeline.cc:791] Discarding reconstruction due to bad initial pair
I20260910 06:20:35.137782 0x1fa65e140 incremental_pipeline.cc:487] => Provided pair is unsuitable for initialization.
I20260910 06:20:35.137784 0x1fa65e140 incremental_pipeline.cc:791] Discarding reconstruction due to bad initial pair
I20260910 06:20:35.138589 0x1fa65e140 incremental_pipeline.cc:487] => Provided pair is unsuitable for initialization.
I20260910 06:20:35.138591 0x1fa65e140 incremental_pipeline.cc:791] Discarding reconstruction due to bad initial pair
I20260910 06:20:35.139446 0x1fa65e140 incremental_pipeline.cc:487] => Provided pair is unsuitable for initialization.
I20260910 06:20:35.139448 0x1fa65e140 incremental_pipeline.cc:791] Discarding reconstruction due to bad initial pair
I20260910 06:20:35.140698 0x1fa65e140 incremental_pipeline.cc:492] Registering initial image pair #2 and #3
I20260910 06:20:35.140850 0x1fa65e140 incremental_pipeline.cc:510] Global bundle adjustment
I20260910 06:20:35.141255 0x1fa65e140 incremental_pipeline.cc:791] Discarding reconstruction due to bad initial pair
I20260910 06:20:35.142621 0x1fa65e140 incremental_pipeline.cc:492] Registering initial image pair #2 and #3
I20260910 06:20:35.142662 0x1fa65e140 incremental_pipeline.cc:791] Discarding reconstruction due to bad initial pair
I20260910 06:20:35.144040 0x1fa65e140 incremental_pipeline.cc:492] Registering initial image pair #2 and #3
I20260910 06:20:35.144080 0x1fa65e140 incremental_pipeline.cc:791] Discarding reconstruction due to bad initial pair
I20260910 06:20:35.145355 0x1fa65e140 incremental_pipeline.cc:492] Registering initial image pair #2 and #3
I20260910 06:20:35.145512 0x1fa65e140 incremental_pipeline.cc:510] Global bundle adjustment
I20260910 06:20:35.145917 0x1fa65e140 incremental_pipeline.cc:791] Discarding reconstruction due to bad initial pair
I20260910 06:20:35.146688 0x1fa65e140 incremental_pipeline.cc:487] => Provided pair is unsuitable for initialization.
I20260910 06:20:35.146691 0x1fa65e140 incremental_pipeline.cc:791] Discarding reconstruction due to bad initial pair
I20260910 06:20:35.147488 0x1fa65e140 incremental_pipeline.cc:487] => Provided pair is unsuitable for initialization.
I20260910 06:20:35.147491 0x1fa65e140 incremental_pipeline.cc:791] Discarding reconstruction due to bad initial pair
I20260910 06:20:35.148260 0x1fa65e140 incremental_pipeline.cc:487] => Provided pair is unsuitable for initialization.
I20260910 06:20:35.148262 0x1fa65e140 incremental_pipeline.cc:791] Discarding reconstruction due to bad initial pair
I20260910 06:20:35.148991 0x1fa65e140 incremental_pipeline.cc:487] => Provided pair is unsuitable for initialization.
I20260910 06:20:35.148998 0x1fa65e140 incremental_pipeline.cc:791] Discarding reconstruction due to bad initial pair
I20260910 06:20:35.149804 0x1fa65e140 incremental_pipeline.cc:487] => Provided pair is unsuitable for initialization.
I20260910 06:20:35.149806 0x1fa65e140 incremental_pipeline.cc:791] Discarding reconstruction due to bad initial pair
I20260910 06:20:35.150564 0x1fa65e140 incremental_pipeline.cc:487] => Provided pair is unsuitable for initialization.
I20260910 06:20:35.150567 0x1fa65e140 incremental_pipeline.cc:791] Discarding reconstruction due to bad initial pair
I20260910 06:20:35.151377 0x1fa65e140 incremental_pipeline.cc:487] => Provided pair is unsuitable for initialization.
I20260910 06:20:35.151382 0x1fa65e140 incremental_pipeline.cc:791] Discarding reconstruction due to bad initial pair
I20260910 06:20:35.152576 0x1fa65e140 incremental_pipeline.cc:492] Registering initial image pair #2 and #3
I20260910 06:20:35.152728 0x1fa65e140 incremental_pipeline.cc:510] Global bundle adjustment
I20260910 06:20:35.153142 0x1fa65e140 incremental_pipeline.cc:791] Discarding reconstruction due to bad initial pair
I20260910 06:20:35.154911 0x1fa65e140 incremental_pipeline.cc:492] Registering initial image pair #2 and #3
I20260910 06:20:35.155066 0x1fa65e140 incremental_pipeline.cc:510] Global bundle adjustment
I20260910 06:20:35.155473 0x1fa65e140 incremental_pipeline.cc:791] Discarding reconstruction due to bad initial pair
I20260910 06:20:35.156208 0x1fa65e140 incremental_pipeline.cc:487] => Provided pair is unsuitable for initialization.
I20260910 06:20:35.156211 0x1fa65e140 incremental_pipeline.cc:791] Discarding reconstruction due to bad initial pair
I20260910 06:20:35.157005 0x1fa65e140 incremental_pipeline.cc:487] => Provided pair is unsuitable for initialization.
I20260910 06:20:35.157006 0x1fa65e140 incremental_pipeline.cc:791] Discarding reconstruction due to bad initial pair
I20260910 06:20:35.157733 0x1fa65e140 incremental_pipeline.cc:487] => Provided pair is unsuitable for initialization.
I20260910 06:20:35.157735 0x1fa65e140 incremental_pipeline.cc:791] Discarding reconstruction due to bad initial pair
I20260910 06:20:35.158435 0x1fa65e140 incremental_pipeline.cc:487] => Provided pair is unsuitable for initialization.
I20260910 06:20:35.158438 0x1fa65e140 incremental_pipeline.cc:791] Discarding reconstruction due to bad initial pair
I20260910 06:20:35.159172 0x1fa65e140 incremental_pipeline.cc:487] => Provided pair is unsuitable for initialization.
I20260910 06:20:35.159175 0x1fa65e140 incremental_pipeline.cc:791] Discarding reconstruction due to bad initial pair
I20260910 06:20:35.160497 0x1fa65e140 incremental_pipeline.cc:492] Registering initial image pair #2 and #3
I20260910 06:20:35.160540 0x1fa65e140 incremental_pipeline.cc:791] Discarding reconstruction due to bad initial pair
I20260910 06:20:35.161265 0x1fa65e140 incremental_pipeline.cc:487] => Provided pair is unsuitable for initialization.
I20260910 06:20:35.161268 0x1fa65e140 incremental_pipeline.cc:791] Discarding reconstruction due to bad initial pair
I20260910 06:20:35.162063 0x1fa65e140 incremental_pipeline.cc:487] => Provided pair is unsuitable for initialization.
I20260910 06:20:35.162066 0x1fa65e140 incremental_pipeline.cc:791] Discarding reconstruction due to bad initial pair
I20260910 06:20:35.163283 0x1fa65e140 incremental_pipeline.cc:487] => Provided pair is unsuitable for initialization.
I20260910 06:20:35.163285 0x1fa65e140 incremental_pipeline.cc:791] Discarding reconstruction due to bad initial pair
I20260910 06:20:35.164050 0x1fa65e140 incremental_pipeline.cc:487] => Provided pair is unsuitable for initialization.
I20260910 06:20:35.164053 0x1fa65e140 incremental_pipeline.cc:791] Discarding reconstruction due to bad initial pair
I20260910 06:20:35.164927 0x1fa65e140 incremental_pipeline.cc:487] => Provided pair is unsuitable for initialization.
I20260910 06:20:35.164930 0x1fa65e140 incremental_pipeline.cc:791] Discarding reconstruction due to bad initial pair
I20260910 06:20:35.165741 0x1fa65e140 incremental_pipeline.cc:487] => Provided pair is unsuitable for initialization.
I20260910 06:20:35.165744 0x1fa65e140 incremental_pipeline.cc:791] Discarding reconstruction due to bad initial pair
I20260910 06:20:35.166438 0x1fa65e140 incremental_pipeline.cc:487] => Provided pair is unsuitable for initialization.
I20260910 06:20:35.166440 0x1fa65e140 incremental_pipeline.cc:791] Discarding reconstruction due to bad initial pair
I20260910 06:20:35.167240 0x1fa65e140 incremental_pipeline.cc:487] => Provided pair is unsuitable for initialization.
I20260910 06:20:35.167242 0x1fa65e140 incremental_pipeline.cc:791] Discarding reconstruction due to bad initial pair
I20260910 06:20:35.168016 0x1fa65e140 incremental_pipeline.cc:487] => Provided pair is unsuitable for initialization.
I20260910 06:20:35.168019 0x1fa65e140 incremental_pipeline.cc:791] Discarding reconstruction due to bad initial pair
I20260910 06:20:35.169381 0x1fa65e140 incremental_pipeline.cc:492] Registering initial image pair #2 and #3
I20260910 06:20:35.169424 0x1fa65e140 incremental_pipeline.cc:791] Discarding reconstruction due to bad initial pair
I20260910 06:20:35.170807 0x1fa65e140 incremental_pipeline.cc:492] Registering initial image pair #2 and #3
I20260910 06:20:35.170849 0x1fa65e140 incremental_pipeline.cc:791] Discarding reconstruction due to bad initial pair
I20260910 06:20:35.171700 0x1fa65e140 incremental_pipeline.cc:487] => Provided pair is unsuitable for initialization.
I20260910 06:20:35.171703 0x1fa65e140 incremental_pipeline.cc:791] Discarding reconstruction due to bad initial pair
I20260910 06:20:35.172435 0x1fa65e140 incremental_pipeline.cc:487] => Provided pair is unsuitable for initialization.
I20260910 06:20:35.172437 0x1fa65e140 incremental_pipeline.cc:791] Discarding reconstruction due to bad initial pair
I20260910 06:20:35.173185 0x1fa65e140 incremental_pipeline.cc:487] => Provided pair is unsuitable for initialization.
I20260910 06:20:35.173187 0x1fa65e140 incremental_pipeline.cc:791] Discarding reconstruction due to bad initial pair
I20260910 06:20:35.174016 0x1fa65e140 incremental_pipeline.cc:487] => Provided pair is unsuitable for initialization.
I20260910 06:20:35.174018 0x1fa65e140 incremental_pipeline.cc:791] Discarding reconstruction due to bad initial pair
I20260910 06:20:35.174760 0x1fa65e140 incremental_pipeline.cc:487] => Provided pair is unsuitable for initialization.
I20260910 06:20:35.174761 0x1fa65e140 incremental_pipeline.cc:791] Discarding reconstruction due to bad initial pair
I20260910 06:20:35.175524 0x1fa65e140 incremental_pipeline.cc:487] => Provided pair is unsuitable for initialization.
I20260910 06:20:35.175527 0x1fa65e140 incremental_pipeline.cc:791] Discarding reconstruction due to bad initial pair
I20260910 06:20:35.176244 0x1fa65e140 incremental_pipeline.cc:487] => Provided pair is unsuitable for initialization.
I20260910 06:20:35.176246 0x1fa65e140 incremental_pipeline.cc:791] Discarding reconstruction due to bad initial pair
I20260910 06:20:35.177040 0x1fa65e140 incremental_pipeline.cc:487] => Provided pair is unsuitable for initialization.
I20260910 06:20:35.177042 0x1fa65e140 incremental_pipeline.cc:791] Discarding reconstruction due to bad initial pair
I20260910 06:20:35.177749 0x1fa65e140 incremental_pipeline.cc:487] => Provided pair is unsuitable for initialization.
I20260910 06:20:35.177751 0x1fa65e140 incremental_pipeline.cc:791] Discarding reconstruction due to bad initial pair
I20260910 06:20:35.179010 0x1fa65e140 incremental_pipeline.cc:492] Registering initial image pair #2 and #3
I20260910 06:20:35.179164 0x1fa65e140 incremental_pipeline.cc:510] Global bundle adjustment
I20260910 06:20:35.179577 0x1fa65e140 incremental_pipeline.cc:791] Discarding reconstruction due to bad initial pair
I20260910 06:20:35.180446 0x1fa65e140 incremental_pipeline.cc:487] => Provided pair is unsuitable for initialization.
I20260910 06:20:35.180448 0x1fa65e140 incremental_pipeline.cc:791] Discarding reconstruction due to bad initial pair
I20260910 06:20:35.181188 0x1fa65e140 incremental_pipeline.cc:487] => Provided pair is unsuitable for initialization.
I20260910 06:20:35.181195 0x1fa65e140 incremental_pipeline.cc:791] Discarding reconstruction due to bad initial pair
I20260910 06:20:35.182455 0x1fa65e140 incremental_pipeline.cc:492] Registering initial image pair #2 and #3
I20260910 06:20:35.182611 0x1fa65e140 incremental_pipeline.cc:510] Global bundle adjustment
I20260910 06:20:35.183018 0x1fa65e140 incremental_pipeline.cc:791] Discarding reconstruction due to bad initial pair
I20260910 06:20:35.183823 0x1fa65e140 incremental_pipeline.cc:487] => Provided pair is unsuitable for initialization.
I20260910 06:20:35.183826 0x1fa65e140 incremental_pipeline.cc:791] Discarding reconstruction due to bad initial pair
I20260910 06:20:35.185183 0x1fa65e140 incremental_pipeline.cc:487] => Provided pair is unsuitable for initialization.
I20260910 06:20:35.185186 0x1fa65e140 incremental_pipeline.cc:791] Discarding reconstruction due to bad initial pair
I20260910 06:20:35.185890 0x1fa65e140 incremental_pipeline.cc:487] => Provided pair is unsuitable for initialization.
I20260910 06:20:35.185892 0x1fa65e140 incremental_pipeline.cc:791] Discarding reconstruction due to bad initial pair
I20260910 06:20:35.186637 0x1fa65e140 incremental_pipeline.cc:487] => Provided pair is unsuitable for initialization.
I20260910 06:20:35.186639 0x1fa65e140 incremental_pipeline.cc:791] Discarding reconstruction due to bad initial pair
I20260910 06:20:35.187473 0x1fa65e140 incremental_pipeline.cc:487] => Provided pair is unsuitable for initialization.
I20260910 06:20:35.187475 0x1fa65e140 incremental_pipeline.cc:791] Discarding reconstruction due to bad initial pair
I20260910 06:20:35.188269 0x1fa65e140 incremental_pipeline.cc:487] => Provided pair is unsuitable for initialization.
I20260910 06:20:35.188272 0x1fa65e140 incremental_pipeline.cc:791] Discarding reconstruction due to bad initial pair
I20260910 06:20:35.189067 0x1fa65e140 incremental_pipeline.cc:487] => Provided pair is unsuitable for initialization.
I20260910 06:20:35.189070 0x1fa65e140 incremental_pipeline.cc:791] Discarding reconstruction due to bad initial pair
I20260910 06:20:35.190394 0x1fa65e140 incremental_pipeline.cc:492] Registering initial image pair #2 and #3
I20260910 06:20:35.190436 0x1fa65e140 incremental_pipeline.cc:791] Discarding reconstruction due to bad initial pair
I20260910 06:20:35.191496 0x1fa65e140 incremental_pipeline.cc:487] => Provided pair is unsuitable for initialization.
I20260910 06:20:35.191498 0x1fa65e140 incremental_pipeline.cc:791] Discarding reconstruction due to bad initial pair
I20260910 06:20:35.192215 0x1fa65e140 incremental_pipeline.cc:487] => Provided pair is unsuitable for initialization.
I20260910 06:20:35.192217 0x1fa65e140 incremental_pipeline.cc:791] Discarding reconstruction due to bad initial pair
I20260910 06:20:35.193025 0x1fa65e140 incremental_pipeline.cc:487] => Provided pair is unsuitable for initialization.
I20260910 06:20:35.193027 0x1fa65e140 incremental_pipeline.cc:791] Discarding reconstruction due to bad initial pair
I20260910 06:20:35.194259 0x1fa65e140 incremental_pipeline.cc:492] Registering initial image pair #2 and #3
I20260910 06:20:35.194414 0x1fa65e140 incremental_pipeline.cc:510] Global bundle adjustment
I20260910 06:20:35.194820 0x1fa65e140 incremental_pipeline.cc:791] Discarding reconstruction due to bad initial pair
I20260910 06:20:35.196535 0x1fa65e140 incremental_pipeline.cc:492] Registering initial image pair #2 and #3
I20260910 06:20:35.196578 0x1fa65e140 incremental_pipeline.cc:791] Discarding reconstruction due to bad initial pair
I20260910 06:20:35.197481 0x1fa65e140 incremental_pipeline.cc:487] => Provided pair is unsuitable for initialization.
I20260910 06:20:35.197484 0x1fa65e140 incremental_pipeline.cc:791] Discarding reconstruction due to bad initial pair
I20260910 06:20:35.198839 0x1fa65e140 incremental_pipeline.cc:492] Registering initial image pair #2 and #3
I20260910 06:20:35.198882 0x1fa65e140 incremental_pipeline.cc:791] Discarding reconstruction due to bad initial pair
I20260910 06:20:35.199674 0x1fa65e140 incremental_pipeline.cc:487] => Provided pair is unsuitable for initialization.
I20260910 06:20:35.199677 0x1fa65e140 incremental_pipeline.cc:791] Discarding reconstruction due to bad initial pair
I20260910 06:20:35.200393 0x1fa65e140 incremental_pipeline.cc:487] => Provided pair is unsuitable for initialization.
I20260910 06:20:35.200395 0x1fa65e140 incremental_pipeline.cc:791] Discarding reconstruction due to bad initial pair
I20260910 06:20:35.201139 0x1fa65e140 incremental_pipeline.cc:487] => Provided pair is unsuitable for initialization.
I20260910 06:20:35.201144 0x1fa65e140 incremental_pipeline.cc:791] Discarding reconstruction due to bad initial pair
I20260910 06:20:35.201905 0x1fa65e140 incremental_pipeline.cc:487] => Provided pair is unsuitable for initialization.
I20260910 06:20:35.201907 0x1fa65e140 incremental_pipeline.cc:791] Discarding reconstruction due to bad initial pair
I20260910 06:20:35.202689 0x1fa65e140 incremental_pipeline.cc:487] => Provided pair is unsuitable for initialization.
I20260910 06:20:35.202691 0x1fa65e140 incremental_pipeline.cc:791] Discarding reconstruction due to bad initial pair
I20260910 06:20:35.203434 0x1fa65e140 incremental_pipeline.cc:487] => Provided pair is unsuitable for initialization.
I20260910 06:20:35.203437 0x1fa65e140 incremental_pipeline.cc:791] Discarding reconstruction due to bad initial pair
I20260910 06:20:35.204208 0x1fa65e140 incremental_pipeline.cc:487] => Provided pair is unsuitable for initialization.
I20260910 06:20:35.204210 0x1fa65e140 incremental_pipeline.cc:791] Discarding reconstruction due to bad initial pair
I20260910 06:20:35.204961 0x1fa65e140 incremental_pipeline.cc:487] => Provided pair is unsuitable for initialization.
I20260910 06:20:35.204964 0x1fa65e140 incremental_pipeline.cc:791] Discarding reconstruction due to bad initial pair
I20260910 06:20:35.205743 0x1fa65e140 incremental_pipeline.cc:487] => Provided pair is unsuitable for initialization.
I20260910 06:20:35.205746 0x1fa65e140 incremental_pipeline.cc:791] Discarding reconstruction due to bad initial pair
I20260910 06:20:35.206488 0x1fa65e140 incremental_pipeline.cc:487] => Provided pair is unsuitable for initialization.
I20260910 06:20:35.206490 0x1fa65e140 incremental_pipeline.cc:791] Discarding reconstruction due to bad initial pair
I20260910 06:20:35.207799 0x1fa65e140 incremental_pipeline.cc:492] Registering initial image pair #2 and #3
I20260910 06:20:35.207842 0x1fa65e140 incremental_pipeline.cc:791] Discarding reconstruction due to bad initial pair
I20260910 06:20:35.208645 0x1fa65e140 incremental_pipeline.cc:487] => Provided pair is unsuitable for initialization.
I20260910 06:20:35.208648 0x1fa65e140 incremental_pipeline.cc:791] Discarding reconstruction due to bad initial pair
I20260910 06:20:35.210032 0x1fa65e140 incremental_pipeline.cc:492] Registering initial image pair #2 and #3
I20260910 06:20:35.210072 0x1fa65e140 incremental_pipeline.cc:791] Discarding reconstruction due to bad initial pair
I20260910 06:20:35.210808 0x1fa65e140 incremental_pipeline.cc:487] => Provided pair is unsuitable for initialization.
I20260910 06:20:35.210811 0x1fa65e140 incremental_pipeline.cc:791] Discarding reconstruction due to bad initial pair
I20260910 06:20:35.211604 0x1fa65e140 incremental_pipeline.cc:487] => Provided pair is unsuitable for initialization.
I20260910 06:20:35.211607 0x1fa65e140 incremental_pipeline.cc:791] Discarding reconstruction due to bad initial pair
I20260910 06:20:35.212359 0x1fa65e140 incremental_pipeline.cc:487] => Provided pair is unsuitable for initialization.
I20260910 06:20:35.212362 0x1fa65e140 incremental_pipeline.cc:791] Discarding reconstruction due to bad initial pair
I20260910 06:20:35.213144 0x1fa65e140 incremental_pipeline.cc:487] => Provided pair is unsuitable for initialization.
I20260910 06:20:35.213147 0x1fa65e140 incremental_pipeline.cc:791] Discarding reconstruction due to bad initial pair
I20260910 06:20:35.214060 0x1fa65e140 incremental_pipeline.cc:487] => Provided pair is unsuitable for initialization.
I20260910 06:20:35.214067 0x1fa65e140 incremental_pipeline.cc:791] Discarding reconstruction due to bad initial pair
I20260910 06:20:35.214800 0x1fa65e140 incremental_pipeline.cc:487] => Provided pair is unsuitable for initialization.
I20260910 06:20:35.214802 0x1fa65e140 incremental_pipeline.cc:791] Discarding reconstruction due to bad initial pair
I20260910 06:20:35.215560 0x1fa65e140 incremental_pipeline.cc:487] => Provided pair is unsuitable for initialization.
I20260910 06:20:35.215562 0x1fa65e140 incremental_pipeline.cc:791] Discarding reconstruction due to bad initial pair
I20260910 06:20:35.216419 0x1fa65e140 incremental_pipeline.cc:487] => Provided pair is unsuitable for initialization.
I20260910 06:20:35.216422 0x1fa65e140 incremental_pipeline.cc:791] Discarding reconstruction due to bad initial pair
I20260910 06:20:35.217165 0x1fa65e140 incremental_pipeline.cc:487] => Provided pair is unsuitable for initialization.
I20260910 06:20:35.217168 0x1fa65e140 incremental_pipeline.cc:791] Discarding reconstruction due to bad initial pair
I20260910 06:20:35.218413 0x1fa65e140 incremental_pipeline.cc:492] Registering initial image pair #2 and #3
I20260910 06:20:35.218567 0x1fa65e140 incremental_pipeline.cc:510] Global bundle adjustment
I20260910 06:20:35.218969 0x1fa65e140 incremental_pipeline.cc:791] Discarding reconstruction due to bad initial pair
I20260910 06:20:35.219746 0x1fa65e140 incremental_pipeline.cc:487] => Provided pair is unsuitable for initialization.
I20260910 06:20:35.219749 0x1fa65e140 incremental_pipeline.cc:791] Discarding reconstruction due to bad initial pair
I20260910 06:20:35.220597 0x1fa65e140 incremental_pipeline.cc:487] => Provided pair is unsuitable for initialization.
I20260910 06:20:35.220600 0x1fa65e140 incremental_pipeline.cc:791] Discarding reconstruction due to bad initial pair
I20260910 06:20:35.221424 0x1fa65e140 incremental_pipeline.cc:487] => Provided pair is unsuitable for initialization.
I20260910 06:20:35.221429 0x1fa65e140 incremental_pipeline.cc:791] Discarding reconstruction due to bad initial pair
I20260910 06:20:35.222110 0x1fa65e140 incremental_pipeline.cc:487] => Provided pair is unsuitable for initialization.
I20260910 06:20:35.222112 0x1fa65e140 incremental_pipeline.cc:791] Discarding reconstruction due to bad initial pair
I20260910 06:20:35.222858 0x1fa65e140 incremental_pipeline.cc:487] => Provided pair is unsuitable for initialization.
I20260910 06:20:35.222860 0x1fa65e140 incremental_pipeline.cc:791] Discarding reconstruction due to bad initial pair
I20260910 06:20:35.223624 0x1fa65e140 incremental_pipeline.cc:487] => Provided pair is unsuitable for initialization.
I20260910 06:20:35.223628 0x1fa65e140 incremental_pipeline.cc:791] Discarding reconstruction due to bad initial pair
I20260910 06:20:35.224372 0x1fa65e140 incremental_pipeline.cc:487] => Provided pair is unsuitable for initialization.
I20260910 06:20:35.224375 0x1fa65e140 incremental_pipeline.cc:791] Discarding reconstruction due to bad initial pair
I20260910 06:20:35.225705 0x1fa65e140 incremental_pipeline.cc:492] Registering initial image pair #2 and #3
I20260910 06:20:35.225750 0x1fa65e140 incremental_pipeline.cc:791] Discarding reconstruction due to bad initial pair
I20260910 06:20:35.226525 0x1fa65e140 incremental_pipeline.cc:487] => Provided pair is unsuitable for initialization.
I20260910 06:20:35.226527 0x1fa65e140 incremental_pipeline.cc:791] Discarding reconstruction due to bad initial pair
I20260910 06:20:35.227279 0x1fa65e140 incremental_pipeline.cc:487] => Provided pair is unsuitable for initialization.
I20260910 06:20:35.227281 0x1fa65e140 incremental_pipeline.cc:791] Discarding reconstruction due to bad initial pair
I20260910 06:20:35.228633 0x1fa65e140 incremental_pipeline.cc:492] Registering initial image pair #2 and #3
I20260910 06:20:35.228678 0x1fa65e140 incremental_pipeline.cc:791] Discarding reconstruction due to bad initial pair
I20260910 06:20:35.230058 0x1fa65e140 incremental_pipeline.cc:492] Registering initial image pair #2 and #3
I20260910 06:20:35.230101 0x1fa65e140 incremental_pipeline.cc:791] Discarding reconstruction due to bad initial pair
I20260910 06:20:35.230951 0x1fa65e140 incremental_pipeline.cc:487] => Provided pair is unsuitable for initialization.
I20260910 06:20:35.230954 0x1fa65e140 incremental_pipeline.cc:791] Discarding reconstruction due to bad initial pair
I20260910 06:20:35.232190 0x1fa65e140 incremental_pipeline.cc:487] => Provided pair is unsuitable for initialization.
I20260910 06:20:35.232192 0x1fa65e140 incremental_pipeline.cc:791] Discarding reconstruction due to bad initial pair
I20260910 06:20:35.232930 0x1fa65e140 incremental_pipeline.cc:487] => Provided pair is unsuitable for initialization.
I20260910 06:20:35.232934 0x1fa65e140 incremental_pipeline.cc:791] Discarding reconstruction due to bad initial pair
I20260910 06:20:35.233663 0x1fa65e140 incremental_pipeline.cc:487] => Provided pair is unsuitable for initialization.
I20260910 06:20:35.233666 0x1fa65e140 incremental_pipeline.cc:791] Discarding reconstruction due to bad initial pair
I20260910 06:20:35.234425 0x1fa65e140 incremental_pipeline.cc:487] => Provided pair is unsuitable for initialization.
I20260910 06:20:35.234427 0x1fa65e140 incremental_pipeline.cc:791] Discarding reconstruction due to bad initial pair
I20260910 06:20:35.235180 0x1fa65e140 incremental_pipeline.cc:487] => Provided pair is unsuitable for initialization.
I20260910 06:20:35.235181 0x1fa65e140 incremental_pipeline.cc:791] Discarding reconstruction due to bad initial pair
I20260910 06:20:35.235992 0x1fa65e140 incremental_pipeline.cc:487] => Provided pair is unsuitable for initialization.
I20260910 06:20:35.235994 0x1fa65e140 incremental_pipeline.cc:791] Discarding reconstruction due to bad initial pair
I20260910 06:20:35.237350 0x1fa65e140 incremental_pipeline.cc:492] Registering initial image pair #2 and #3
I20260910 06:20:35.237391 0x1fa65e140 incremental_pipeline.cc:791] Discarding reconstruction due to bad initial pair
I20260910 06:20:35.238277 0x1fa65e140 incremental_pipeline.cc:487] => Provided pair is unsuitable for initialization.
I20260910 06:20:35.238279 0x1fa65e140 incremental_pipeline.cc:791] Discarding reconstruction due to bad initial pair
I20260910 06:20:35.238980 0x1fa65e140 incremental_pipeline.cc:487] => Provided pair is unsuitable for initialization.
I20260910 06:20:35.238981 0x1fa65e140 incremental_pipeline.cc:791] Discarding reconstruction due to bad initial pair
I20260910 06:20:35.239901 0x1fa65e140 incremental_pipeline.cc:487] => Provided pair is unsuitable for initialization.
I20260910 06:20:35.239904 0x1fa65e140 incremental_pipeline.cc:791] Discarding reconstruction due to bad initial pair
I20260910 06:20:35.240663 0x1fa65e140 incremental_pipeline.cc:487] => Provided pair is unsuitable for initialization.
I20260910 06:20:35.240666 0x1fa65e140 incremental_pipeline.cc:791] Discarding reconstruction due to bad initial pair
I20260910 06:20:35.241881 0x1fa65e140 incremental_pipeline.cc:492] Registering initial image pair #2 and #3
I20260910 06:20:35.242035 0x1fa65e140 incremental_pipeline.cc:510] Global bundle adjustment
I20260910 06:20:35.242442 0x1fa65e140 incremental_pipeline.cc:791] Discarding reconstruction due to bad initial pair
I20260910 06:20:35.243244 0x1fa65e140 incremental_pipeline.cc:487] => Provided pair is unsuitable for initialization.
I20260910 06:20:35.243246 0x1fa65e140 incremental_pipeline.cc:791] Discarding reconstruction due to bad initial pair
I20260910 06:20:35.244006 0x1fa65e140 incremental_pipeline.cc:487] => Provided pair is unsuitable for initialization.
I20260910 06:20:35.244008 0x1fa65e140 incremental_pipeline.cc:791] Discarding reconstruction due to bad initial pair
I20260910 06:20:35.244866 0x1fa65e140 incremental_pipeline.cc:487] => Provided pair is unsuitable for initialization.
I20260910 06:20:35.244868 0x1fa65e140 incremental_pipeline.cc:791] Discarding reconstruction due to bad initial pair
I20260910 06:20:35.245672 0x1fa65e140 incremental_pipeline.cc:487] => Provided pair is unsuitable for initialization.
I20260910 06:20:35.245674 0x1fa65e140 incremental_pipeline.cc:791] Discarding reconstruction due to bad initial pair
I20260910 06:20:35.246419 0x1fa65e140 incremental_pipeline.cc:487] => Provided pair is unsuitable for initialization.
I20260910 06:20:35.246422 0x1fa65e140 incremental_pipeline.cc:791] Discarding reconstruction due to bad initial pair
I20260910 06:20:35.247145 0x1fa65e140 incremental_pipeline.cc:487] => Provided pair is unsuitable for initialization.
I20260910 06:20:35.247147 0x1fa65e140 incremental_pipeline.cc:791] Discarding reconstruction due to bad initial pair
I20260910 06:20:35.247833 0x1fa65e140 incremental_pipeline.cc:487] => Provided pair is unsuitable for initialization.
I20260910 06:20:35.247836 0x1fa65e140 incremental_pipeline.cc:791] Discarding reconstruction due to bad initial pair
I20260910 06:20:35.248620 0x1fa65e140 incremental_pipeline.cc:487] => Provided pair is unsuitable for initialization.
I20260910 06:20:35.248622 0x1fa65e140 incremental_pipeline.cc:791] Discarding reconstruction due to bad initial pair
I20260910 06:20:35.249349 0x1fa65e140 incremental_pipeline.cc:487] => Provided pair is unsuitable for initialization.
I20260910 06:20:35.249352 0x1fa65e140 incremental_pipeline.cc:791] Discarding reconstruction due to bad initial pair
I20260910 06:20:35.250097 0x1fa65e140 incremental_pipeline.cc:487] => Provided pair is unsuitable for initialization.
I20260910 06:20:35.250100 0x1fa65e140 incremental_pipeline.cc:791] Discarding reconstruction due to bad initial pair
I20260910 06:20:35.251284 0x1fa65e140 incremental_pipeline.cc:487] => Provided pair is unsuitable for initialization.
I20260910 06:20:35.251289 0x1fa65e140 incremental_pipeline.cc:791] Discarding reconstruction due to bad initial pair
I20260910 06:20:35.252050 0x1fa65e140 incremental_pipeline.cc:487] => Provided pair is unsuitable for initialization.
I20260910 06:20:35.252053 0x1fa65e140 incremental_pipeline.cc:791] Discarding reconstruction due to bad initial pair
I20260910 06:20:35.252807 0x1fa65e140 incremental_pipeline.cc:487] => Provided pair is unsuitable for initialization.
I20260910 06:20:35.252809 0x1fa65e140 incremental_pipeline.cc:791] Discarding reconstruction due to bad initial pair
I20260910 06:20:35.253629 0x1fa65e140 incremental_pipeline.cc:487] => Provided pair is unsuitable for initialization.
I20260910 06:20:35.253632 0x1fa65e140 incremental_pipeline.cc:791] Discarding reconstruction due to bad initial pair
I20260910 06:20:35.254461 0x1fa65e140 incremental_pipeline.cc:487] => Provided pair is unsuitable for initialization.
I20260910 06:20:35.254463 0x1fa65e140 incremental_pipeline.cc:791] Discarding reconstruction due to bad initial pair
I20260910 06:20:35.255207 0x1fa65e140 incremental_pipeline.cc:487] => Provided pair is unsuitable for initialization.
I20260910 06:20:35.255210 0x1fa65e140 incremental_pipeline.cc:791] Discarding reconstruction due to bad initial pair
I20260910 06:20:35.255991 0x1fa65e140 incremental_pipeline.cc:487] => Provided pair is unsuitable for initialization.
I20260910 06:20:35.255993 0x1fa65e140 incremental_pipeline.cc:791] Discarding reconstruction due to bad initial pair
I20260910 06:20:35.256737 0x1fa65e140 incremental_pipeline.cc:487] => Provided pair is unsuitable for initialization.
I20260910 06:20:35.256740 0x1fa65e140 incremental_pipeline.cc:791] Discarding reconstruction due to bad initial pair
I20260910 06:20:35.257492 0x1fa65e140 incremental_pipeline.cc:487] => Provided pair is unsuitable for initialization.
I20260910 06:20:35.257495 0x1fa65e140 incremental_pipeline.cc:791] Discarding reconstruction due to bad initial pair
I20260910 06:20:35.258222 0x1fa65e140 incremental_pipeline.cc:487] => Provided pair is unsuitable for initialization.
I20260910 06:20:35.258224 0x1fa65e140 incremental_pipeline.cc:791] Discarding reconstruction due to bad initial pair
I20260910 06:20:35.258933 0x1fa65e140 incremental_pipeline.cc:487] => Provided pair is unsuitable for initialization.
I20260910 06:20:35.258936 0x1fa65e140 incremental_pipeline.cc:791] Discarding reconstruction due to bad initial pair
I20260910 06:20:35.259682 0x1fa65e140 incremental_pipeline.cc:487] => Provided pair is unsuitable for initialization.
I20260910 06:20:35.259689 0x1fa65e140 incremental_pipeline.cc:791] Discarding reconstruction due to bad initial pair
I20260910 06:20:35.260429 0x1fa65e140 incremental_pipeline.cc:487] => Provided pair is unsuitable for initialization.
I20260910 06:20:35.260432 0x1fa65e140 incremental_pipeline.cc:791] Discarding reconstruction due to bad initial pair
I20260910 06:20:35.261190 0x1fa65e140 incremental_pipeline.cc:487] => Provided pair is unsuitable for initialization.
I20260910 06:20:35.261193 0x1fa65e140 incremental_pipeline.cc:791] Discarding reconstruction due to bad initial pair
I20260910 06:20:35.262631 0x1fa65e140 incremental_pipeline.cc:492] Registering initial image pair #2 and #3
I20260910 06:20:35.262784 0x1fa65e140 incremental_pipeline.cc:510] Global bundle adjustment
I20260910 06:20:35.263188 0x1fa65e140 incremental_pipeline.cc:791] Discarding reconstruction due to bad initial pair
I20260910 06:20:35.263965 0x1fa65e140 incremental_pipeline.cc:487] => Provided pair is unsuitable for initialization.
I20260910 06:20:35.263970 0x1fa65e140 incremental_pipeline.cc:791] Discarding reconstruction due to bad initial pair
I20260910 06:20:35.265223 0x1fa65e140 incremental_pipeline.cc:492] Registering initial image pair #2 and #3
I20260910 06:20:35.265374 0x1fa65e140 incremental_pipeline.cc:510] Global bundle adjustment
I20260910 06:20:35.265779 0x1fa65e140 incremental_pipeline.cc:791] Discarding reconstruction due to bad initial pair
I20260910 06:20:35.266592 0x1fa65e140 incremental_pipeline.cc:487] => Provided pair is unsuitable for initialization.
I20260910 06:20:35.266595 0x1fa65e140 incremental_pipeline.cc:791] Discarding reconstruction due to bad initial pair
I20260910 06:20:35.267367 0x1fa65e140 incremental_pipeline.cc:487] => Provided pair is unsuitable for initialization.
I20260910 06:20:35.267369 0x1fa65e140 incremental_pipeline.cc:791] Discarding reconstruction due to bad initial pair
I20260910 06:20:35.268592 0x1fa65e140 incremental_pipeline.cc:487] => Provided pair is unsuitable for initialization.
I20260910 06:20:35.268595 0x1fa65e140 incremental_pipeline.cc:791] Discarding reconstruction due to bad initial pair
I20260910 06:20:35.268598 0x1fa65e140 incremental_pipeline.cc:442] => Relaxing the initialization constraints.
I20260910 06:20:35.269446 0x1fa65e140 incremental_pipeline.cc:492] Registering initial image pair #2 and #3
I20260910 06:20:35.269608 0x1fa65e140 incremental_pipeline.cc:510] Global bundle adjustment
I20260910 06:20:35.269669 0x1fa65e140 incremental_pipeline.cc:791] Discarding reconstruction due to bad initial pair
I20260910 06:20:35.270602 0x1fa65e140 incremental_pipeline.cc:492] Registering initial image pair #2 and #3
I20260910 06:20:35.270764 0x1fa65e140 incremental_pipeline.cc:510] Global bundle adjustment
I20260910 06:20:35.270819 0x1fa65e140 incremental_pipeline.cc:791] Discarding reconstruction due to bad initial pair
I20260910 06:20:35.271626 0x1fa65e140 incremental_pipeline.cc:492] Registering initial image pair #2 and #3
I20260910 06:20:35.271785 0x1fa65e140 incremental_pipeline.cc:510] Global bundle adjustment
I20260910 06:20:35.271838 0x1fa65e140 incremental_pipeline.cc:791] Discarding reconstruction due to bad initial pair
I20260910 06:20:35.272651 0x1fa65e140 incremental_pipeline.cc:492] Registering initial image pair #2 and #3
I20260910 06:20:35.272810 0x1fa65e140 incremental_pipeline.cc:510] Global bundle adjustment
I20260910 06:20:35.272862 0x1fa65e140 incremental_pipeline.cc:791] Discarding reconstruction due to bad initial pair
I20260910 06:20:35.274238 0x1fa65e140 incremental_pipeline.cc:492] Registering initial image pair #2 and #3
I20260910 06:20:35.274279 0x1fa65e140 incremental_pipeline.cc:791] Discarding reconstruction due to bad initial pair
I20260910 06:20:35.275664 0x1fa65e140 incremental_pipeline.cc:492] Registering initial image pair #2 and #3
I20260910 06:20:35.275707 0x1fa65e140 incremental_pipeline.cc:791] Discarding reconstruction due to bad initial pair
I20260910 06:20:35.277072 0x1fa65e140 incremental_pipeline.cc:492] Registering initial image pair #2 and #3
I20260910 06:20:35.277117 0x1fa65e140 incremental_pipeline.cc:791] Discarding reconstruction due to bad initial pair
I20260910 06:20:35.278510 0x1fa65e140 incremental_pipeline.cc:492] Registering initial image pair #2 and #3
I20260910 06:20:35.278551 0x1fa65e140 incremental_pipeline.cc:791] Discarding reconstruction due to bad initial pair
I20260910 06:20:35.279424 0x1fa65e140 incremental_pipeline.cc:492] Registering initial image pair #2 and #3
I20260910 06:20:35.279586 0x1fa65e140 incremental_pipeline.cc:510] Global bundle adjustment
I20260910 06:20:35.279641 0x1fa65e140 incremental_pipeline.cc:791] Discarding reconstruction due to bad initial pair
I20260910 06:20:35.280590 0x1fa65e140 incremental_pipeline.cc:492] Registering initial image pair #2 and #3
I20260910 06:20:35.280749 0x1fa65e140 incremental_pipeline.cc:510] Global bundle adjustment
I20260910 06:20:35.280803 0x1fa65e140 incremental_pipeline.cc:791] Discarding reconstruction due to bad initial pair
I20260910 06:20:35.281689 0x1fa65e140 incremental_pipeline.cc:492] Registering initial image pair #2 and #3
I20260910 06:20:35.281850 0x1fa65e140 incremental_pipeline.cc:510] Global bundle adjustment
I20260910 06:20:35.281905 0x1fa65e140 incremental_pipeline.cc:791] Discarding reconstruction due to bad initial pair
I20260910 06:20:35.282692 0x1fa65e140 incremental_pipeline.cc:492] Registering initial image pair #2 and #3
I20260910 06:20:35.282851 0x1fa65e140 incremental_pipeline.cc:510] Global bundle adjustment
I20260910 06:20:35.282905 0x1fa65e140 incremental_pipeline.cc:791] Discarding reconstruction due to bad initial pair
I20260910 06:20:35.283690 0x1fa65e140 incremental_pipeline.cc:492] Registering initial image pair #2 and #3
I20260910 06:20:35.283851 0x1fa65e140 incremental_pipeline.cc:510] Global bundle adjustment
I20260910 06:20:35.283905 0x1fa65e140 incremental_pipeline.cc:791] Discarding reconstruction due to bad initial pair
I20260910 06:20:35.284692 0x1fa65e140 incremental_pipeline.cc:492] Registering initial image pair #2 and #3
I20260910 06:20:35.284851 0x1fa65e140 incremental_pipeline.cc:510] Global bundle adjustment
I20260910 06:20:35.284905 0x1fa65e140 incremental_pipeline.cc:791] Discarding reconstruction due to bad initial pair
I20260910 06:20:35.286054 0x1fa65e140 incremental_pipeline.cc:492] Registering initial image pair #2 and #3
I20260910 06:20:35.286213 0x1fa65e140 incremental_pipeline.cc:510] Global bundle adjustment
I20260910 06:20:35.286269 0x1fa65e140 incremental_pipeline.cc:791] Discarding reconstruction due to bad initial pair
I20260910 06:20:35.287028 0x1fa65e140 incremental_pipeline.cc:492] Registering initial image pair #2 and #3
I20260910 06:20:35.287187 0x1fa65e140 incremental_pipeline.cc:510] Global bundle adjustment
I20260910 06:20:35.287241 0x1fa65e140 incremental_pipeline.cc:791] Discarding reconstruction due to bad initial pair
I20260910 06:20:35.287977 0x1fa65e140 incremental_pipeline.cc:492] Registering initial image pair #2 and #3
I20260910 06:20:35.288138 0x1fa65e140 incremental_pipeline.cc:510] Global bundle adjustment
I20260910 06:20:35.288192 0x1fa65e140 incremental_pipeline.cc:791] Discarding reconstruction due to bad initial pair
I20260910 06:20:35.289021 0x1fa65e140 incremental_pipeline.cc:492] Registering initial image pair #2 and #3
I20260910 06:20:35.289180 0x1fa65e140 incremental_pipeline.cc:510] Global bundle adjustment
I20260910 06:20:35.289235 0x1fa65e140 incremental_pipeline.cc:791] Discarding reconstruction due to bad initial pair
I20260910 06:20:35.289946 0x1fa65e140 incremental_pipeline.cc:492] Registering initial image pair #2 and #3
I20260910 06:20:35.290108 0x1fa65e140 incremental_pipeline.cc:510] Global bundle adjustment
I20260910 06:20:35.290159 0x1fa65e140 incremental_pipeline.cc:791] Discarding reconstruction due to bad initial pair
I20260910 06:20:35.290984 0x1fa65e140 incremental_pipeline.cc:492] Registering initial image pair #2 and #3
I20260910 06:20:35.291154 0x1fa65e140 incremental_pipeline.cc:510] Global bundle adjustment
I20260910 06:20:35.291213 0x1fa65e140 incremental_pipeline.cc:791] Discarding reconstruction due to bad initial pair
I20260910 06:20:35.291963 0x1fa65e140 incremental_pipeline.cc:492] Registering initial image pair #2 and #3
I20260910 06:20:35.292124 0x1fa65e140 incremental_pipeline.cc:510] Global bundle adjustment
I20260910 06:20:35.292178 0x1fa65e140 incremental_pipeline.cc:791] Discarding reconstruction due to bad initial pair
I20260910 06:20:35.293019 0x1fa65e140 incremental_pipeline.cc:492] Registering initial image pair #2 and #3
I20260910 06:20:35.293181 0x1fa65e140 incremental_pipeline.cc:510] Global bundle adjustment
I20260910 06:20:35.293232 0x1fa65e140 incremental_pipeline.cc:791] Discarding reconstruction due to bad initial pair
I20260910 06:20:35.294095 0x1fa65e140 incremental_pipeline.cc:492] Registering initial image pair #2 and #3
I20260910 06:20:35.294258 0x1fa65e140 incremental_pipeline.cc:510] Global bundle adjustment
I20260910 06:20:35.294312 0x1fa65e140 incremental_pipeline.cc:791] Discarding reconstruction due to bad initial pair
I20260910 06:20:35.295686 0x1fa65e140 incremental_pipeline.cc:492] Registering initial image pair #2 and #3
I20260910 06:20:35.295729 0x1fa65e140 incremental_pipeline.cc:791] Discarding reconstruction due to bad initial pair
I20260910 06:20:35.297090 0x1fa65e140 incremental_pipeline.cc:492] Registering initial image pair #2 and #3
I20260910 06:20:35.297133 0x1fa65e140 incremental_pipeline.cc:791] Discarding reconstruction due to bad initial pair
I20260910 06:20:35.297924 0x1fa65e140 incremental_pipeline.cc:492] Registering initial image pair #2 and #3
I20260910 06:20:35.298085 0x1fa65e140 incremental_pipeline.cc:510] Global bundle adjustment
I20260910 06:20:35.298137 0x1fa65e140 incremental_pipeline.cc:791] Discarding reconstruction due to bad initial pair
I20260910 06:20:35.298967 0x1fa65e140 incremental_pipeline.cc:492] Registering initial image pair #2 and #3
I20260910 06:20:35.299129 0x1fa65e140 incremental_pipeline.cc:510] Global bundle adjustment
I20260910 06:20:35.299183 0x1fa65e140 incremental_pipeline.cc:791] Discarding reconstruction due to bad initial pair
I20260910 06:20:35.300019 0x1fa65e140 incremental_pipeline.cc:492] Registering initial image pair #2 and #3
I20260910 06:20:35.300180 0x1fa65e140 incremental_pipeline.cc:510] Global bundle adjustment
I20260910 06:20:35.300231 0x1fa65e140 incremental_pipeline.cc:791] Discarding reconstruction due to bad initial pair
I20260910 06:20:35.300989 0x1fa65e140 incremental_pipeline.cc:492] Registering initial image pair #2 and #3
I20260910 06:20:35.301159 0x1fa65e140 incremental_pipeline.cc:510] Global bundle adjustment
I20260910 06:20:35.301213 0x1fa65e140 incremental_pipeline.cc:791] Discarding reconstruction due to bad initial pair
I20260910 06:20:35.302603 0x1fa65e140 incremental_pipeline.cc:492] Registering initial image pair #2 and #3
I20260910 06:20:35.302646 0x1fa65e140 incremental_pipeline.cc:791] Discarding reconstruction due to bad initial pair
I20260910 06:20:35.303915 0x1fa65e140 incremental_pipeline.cc:492] Registering initial image pair #2 and #3
I20260910 06:20:35.304069 0x1fa65e140 incremental_pipeline.cc:510] Global bundle adjustment
I20260910 06:20:35.304480 0x1fa65e140 incremental_pipeline.cc:791] Discarding reconstruction due to bad initial pair
I20260910 06:20:35.305270 0x1fa65e140 incremental_pipeline.cc:492] Registering initial image pair #2 and #3
I20260910 06:20:35.305434 0x1fa65e140 incremental_pipeline.cc:510] Global bundle adjustment
I20260910 06:20:35.305489 0x1fa65e140 incremental_pipeline.cc:791] Discarding reconstruction due to bad initial pair
I20260910 06:20:35.306889 0x1fa65e140 incremental_pipeline.cc:492] Registering initial image pair #2 and #3
I20260910 06:20:35.306930 0x1fa65e140 incremental_pipeline.cc:791] Discarding reconstruction due to bad initial pair
I20260910 06:20:35.307797 0x1fa65e140 incremental_pipeline.cc:492] Registering initial image pair #2 and #3
I20260910 06:20:35.307957 0x1fa65e140 incremental_pipeline.cc:510] Global bundle adjustment
I20260910 06:20:35.308009 0x1fa65e140 incremental_pipeline.cc:791] Discarding reconstruction due to bad initial pair
I20260910 06:20:35.308961 0x1fa65e140 incremental_pipeline.cc:492] Registering initial image pair #2 and #3
I20260910 06:20:35.309123 0x1fa65e140 incremental_pipeline.cc:510] Global bundle adjustment
I20260910 06:20:35.309177 0x1fa65e140 incremental_pipeline.cc:791] Discarding reconstruction due to bad initial pair
I20260910 06:20:35.309991 0x1fa65e140 incremental_pipeline.cc:492] Registering initial image pair #2 and #3
I20260910 06:20:35.310149 0x1fa65e140 incremental_pipeline.cc:510] Global bundle adjustment
I20260910 06:20:35.310206 0x1fa65e140 incremental_pipeline.cc:791] Discarding reconstruction due to bad initial pair
I20260910 06:20:35.310941 0x1fa65e140 incremental_pipeline.cc:492] Registering initial image pair #2 and #3
I20260910 06:20:35.311101 0x1fa65e140 incremental_pipeline.cc:510] Global bundle adjustment
I20260910 06:20:35.311155 0x1fa65e140 incremental_pipeline.cc:791] Discarding reconstruction due to bad initial pair
I20260910 06:20:35.312923 0x1fa65e140 incremental_pipeline.cc:492] Registering initial image pair #2 and #3
I20260910 06:20:35.312963 0x1fa65e140 incremental_pipeline.cc:791] Discarding reconstruction due to bad initial pair
I20260910 06:20:35.313813 0x1fa65e140 incremental_pipeline.cc:492] Registering initial image pair #2 and #3
I20260910 06:20:35.313976 0x1fa65e140 incremental_pipeline.cc:510] Global bundle adjustment
I20260910 06:20:35.314028 0x1fa65e140 incremental_pipeline.cc:791] Discarding reconstruction due to bad initial pair
I20260910 06:20:35.314845 0x1fa65e140 incremental_pipeline.cc:492] Registering initial image pair #2 and #3
I20260910 06:20:35.315007 0x1fa65e140 incremental_pipeline.cc:510] Global bundle adjustment
I20260910 06:20:35.315058 0x1fa65e140 incremental_pipeline.cc:791] Discarding reconstruction due to bad initial pair
I20260910 06:20:35.315835 0x1fa65e140 incremental_pipeline.cc:492] Registering initial image pair #2 and #3
I20260910 06:20:35.315994 0x1fa65e140 incremental_pipeline.cc:510] Global bundle adjustment
I20260910 06:20:35.316047 0x1fa65e140 incremental_pipeline.cc:791] Discarding reconstruction due to bad initial pair
I20260910 06:20:35.316958 0x1fa65e140 incremental_pipeline.cc:492] Registering initial image pair #2 and #3
I20260910 06:20:35.317119 0x1fa65e140 incremental_pipeline.cc:510] Global bundle adjustment
I20260910 06:20:35.317171 0x1fa65e140 incremental_pipeline.cc:791] Discarding reconstruction due to bad initial pair
I20260910 06:20:35.317925 0x1fa65e140 incremental_pipeline.cc:492] Registering initial image pair #2 and #3
I20260910 06:20:35.318086 0x1fa65e140 incremental_pipeline.cc:510] Global bundle adjustment
I20260910 06:20:35.318139 0x1fa65e140 incremental_pipeline.cc:791] Discarding reconstruction due to bad initial pair
I20260910 06:20:35.318926 0x1fa65e140 incremental_pipeline.cc:492] Registering initial image pair #2 and #3
I20260910 06:20:35.319087 0x1fa65e140 incremental_pipeline.cc:510] Global bundle adjustment
I20260910 06:20:35.319138 0x1fa65e140 incremental_pipeline.cc:791] Discarding reconstruction due to bad initial pair
I20260910 06:20:35.320448 0x1fa65e140 incremental_pipeline.cc:492] Registering initial image pair #2 and #3
I20260910 06:20:35.320612 0x1fa65e140 incremental_pipeline.cc:510] Global bundle adjustment
I20260910 06:20:35.320666 0x1fa65e140 incremental_pipeline.cc:791] Discarding reconstruction due to bad initial pair
I20260910 06:20:35.321432 0x1fa65e140 incremental_pipeline.cc:492] Registering initial image pair #2 and #3
I20260910 06:20:35.321591 0x1fa65e140 incremental_pipeline.cc:510] Global bundle adjustment
I20260910 06:20:35.321642 0x1fa65e140 incremental_pipeline.cc:791] Discarding reconstruction due to bad initial pair
I20260910 06:20:35.322436 0x1fa65e140 incremental_pipeline.cc:492] Registering initial image pair #2 and #3
I20260910 06:20:35.322596 0x1fa65e140 incremental_pipeline.cc:510] Global bundle adjustment
I20260910 06:20:35.322650 0x1fa65e140 incremental_pipeline.cc:791] Discarding reconstruction due to bad initial pair
I20260910 06:20:35.323978 0x1fa65e140 incremental_pipeline.cc:492] Registering initial image pair #2 and #3
I20260910 06:20:35.324139 0x1fa65e140 incremental_pipeline.cc:510] Global bundle adjustment
I20260910 06:20:35.324193 0x1fa65e140 incremental_pipeline.cc:791] Discarding reconstruction due to bad initial pair
I20260910 06:20:35.325247 0x1fa65e140 incremental_pipeline.cc:492] Registering initial image pair #2 and #3
I20260910 06:20:35.325406 0x1fa65e140 incremental_pipeline.cc:510] Global bundle adjustment
I20260910 06:20:35.325462 0x1fa65e140 incremental_pipeline.cc:791] Discarding reconstruction due to bad initial pair
I20260910 06:20:35.326245 0x1fa65e140 incremental_pipeline.cc:492] Registering initial image pair #2 and #3
I20260910 06:20:35.326409 0x1fa65e140 incremental_pipeline.cc:510] Global bundle adjustment
I20260910 06:20:35.326463 0x1fa65e140 incremental_pipeline.cc:791] Discarding reconstruction due to bad initial pair
I20260910 06:20:35.327333 0x1fa65e140 incremental_pipeline.cc:492] Registering initial image pair #2 and #3
I20260910 06:20:35.327494 0x1fa65e140 incremental_pipeline.cc:510] Global bundle adjustment
I20260910 06:20:35.327547 0x1fa65e140 incremental_pipeline.cc:791] Discarding reconstruction due to bad initial pair
I20260910 06:20:35.328481 0x1fa65e140 incremental_pipeline.cc:492] Registering initial image pair #2 and #3
I20260910 06:20:35.328643 0x1fa65e140 incremental_pipeline.cc:510] Global bundle adjustment
I20260910 06:20:35.328697 0x1fa65e140 incremental_pipeline.cc:791] Discarding reconstruction due to bad initial pair
I20260910 06:20:35.330092 0x1fa65e140 incremental_pipeline.cc:492] Registering initial image pair #2 and #3
I20260910 06:20:35.330133 0x1fa65e140 incremental_pipeline.cc:791] Discarding reconstruction due to bad initial pair
I20260910 06:20:35.330924 0x1fa65e140 incremental_pipeline.cc:492] Registering initial image pair #2 and #3
I20260910 06:20:35.331086 0x1fa65e140 incremental_pipeline.cc:510] Global bundle adjustment
I20260910 06:20:35.331140 0x1fa65e140 incremental_pipeline.cc:791] Discarding reconstruction due to bad initial pair
I20260910 06:20:35.331922 0x1fa65e140 incremental_pipeline.cc:492] Registering initial image pair #2 and #3
I20260910 06:20:35.332084 0x1fa65e140 incremental_pipeline.cc:510] Global bundle adjustment
I20260910 06:20:35.332138 0x1fa65e140 incremental_pipeline.cc:791] Discarding reconstruction due to bad initial pair
I20260910 06:20:35.332888 0x1fa65e140 incremental_pipeline.cc:492] Registering initial image pair #2 and #3
I20260910 06:20:35.333050 0x1fa65e140 incremental_pipeline.cc:510] Global bundle adjustment
I20260910 06:20:35.333104 0x1fa65e140 incremental_pipeline.cc:791] Discarding reconstruction due to bad initial pair
I20260910 06:20:35.333856 0x1fa65e140 incremental_pipeline.cc:492] Registering initial image pair #2 and #3
I20260910 06:20:35.334017 0x1fa65e140 incremental_pipeline.cc:510] Global bundle adjustment
I20260910 06:20:35.334071 0x1fa65e140 incremental_pipeline.cc:791] Discarding reconstruction due to bad initial pair
I20260910 06:20:35.334835 0x1fa65e140 incremental_pipeline.cc:492] Registering initial image pair #2 and #3
I20260910 06:20:35.334994 0x1fa65e140 incremental_pipeline.cc:510] Global bundle adjustment
I20260910 06:20:35.335048 0x1fa65e140 incremental_pipeline.cc:791] Discarding reconstruction due to bad initial pair
I20260910 06:20:35.335930 0x1fa65e140 incremental_pipeline.cc:492] Registering initial image pair #2 and #3
I20260910 06:20:35.336091 0x1fa65e140 incremental_pipeline.cc:510] Global bundle adjustment
I20260910 06:20:35.336142 0x1fa65e140 incremental_pipeline.cc:791] Discarding reconstruction due to bad initial pair
I20260910 06:20:35.337025 0x1fa65e140 incremental_pipeline.cc:492] Registering initial image pair #2 and #3
I20260910 06:20:35.337186 0x1fa65e140 incremental_pipeline.cc:510] Global bundle adjustment
I20260910 06:20:35.337237 0x1fa65e140 incremental_pipeline.cc:791] Discarding reconstruction due to bad initial pair
I20260910 06:20:35.338062 0x1fa65e140 incremental_pipeline.cc:492] Registering initial image pair #2 and #3
I20260910 06:20:35.338229 0x1fa65e140 incremental_pipeline.cc:510] Global bundle adjustment
I20260910 06:20:35.338280 0x1fa65e140 incremental_pipeline.cc:791] Discarding reconstruction due to bad initial pair
I20260910 06:20:35.339651 0x1fa65e140 incremental_pipeline.cc:492] Registering initial image pair #2 and #3
I20260910 06:20:35.339695 0x1fa65e140 incremental_pipeline.cc:791] Discarding reconstruction due to bad initial pair
I20260910 06:20:35.341079 0x1fa65e140 incremental_pipeline.cc:492] Registering initial image pair #2 and #3
I20260910 06:20:35.341121 0x1fa65e140 incremental_pipeline.cc:791] Discarding reconstruction due to bad initial pair
I20260910 06:20:35.342364 0x1fa65e140 incremental_pipeline.cc:492] Registering initial image pair #2 and #3
I20260910 06:20:35.342525 0x1fa65e140 incremental_pipeline.cc:510] Global bundle adjustment
I20260910 06:20:35.342577 0x1fa65e140 incremental_pipeline.cc:791] Discarding reconstruction due to bad initial pair
I20260910 06:20:35.343546 0x1fa65e140 incremental_pipeline.cc:492] Registering initial image pair #2 and #3
I20260910 06:20:35.343707 0x1fa65e140 incremental_pipeline.cc:510] Global bundle adjustment
I20260910 06:20:35.343759 0x1fa65e140 incremental_pipeline.cc:791] Discarding reconstruction due to bad initial pair
I20260910 06:20:35.345019 0x1fa65e140 incremental_pipeline.cc:492] Registering initial image pair #2 and #3
I20260910 06:20:35.345176 0x1fa65e140 incremental_pipeline.cc:510] Global bundle adjustment
I20260910 06:20:35.345583 0x1fa65e140 incremental_pipeline.cc:791] Discarding reconstruction due to bad initial pair
I20260910 06:20:35.346400 0x1fa65e140 incremental_pipeline.cc:492] Registering initial image pair #2 and #3
I20260910 06:20:35.346559 0x1fa65e140 incremental_pipeline.cc:510] Global bundle adjustment
I20260910 06:20:35.346617 0x1fa65e140 incremental_pipeline.cc:791] Discarding reconstruction due to bad initial pair
I20260910 06:20:35.347427 0x1fa65e140 incremental_pipeline.cc:492] Registering initial image pair #2 and #3
I20260910 06:20:35.347587 0x1fa65e140 incremental_pipeline.cc:510] Global bundle adjustment
I20260910 06:20:35.347642 0x1fa65e140 incremental_pipeline.cc:791] Discarding reconstruction due to bad initial pair
I20260910 06:20:35.348556 0x1fa65e140 incremental_pipeline.cc:492] Registering initial image pair #2 and #3
I20260910 06:20:35.348715 0x1fa65e140 incremental_pipeline.cc:510] Global bundle adjustment
I20260910 06:20:35.348767 0x1fa65e140 incremental_pipeline.cc:791] Discarding reconstruction due to bad initial pair
I20260910 06:20:35.349661 0x1fa65e140 incremental_pipeline.cc:492] Registering initial image pair #2 and #3
I20260910 06:20:35.349823 0x1fa65e140 incremental_pipeline.cc:510] Global bundle adjustment
I20260910 06:20:35.349874 0x1fa65e140 incremental_pipeline.cc:791] Discarding reconstruction due to bad initial pair
I20260910 06:20:35.350678 0x1fa65e140 incremental_pipeline.cc:492] Registering initial image pair #2 and #3
I20260910 06:20:35.350839 0x1fa65e140 incremental_pipeline.cc:510] Global bundle adjustment
I20260910 06:20:35.350893 0x1fa65e140 incremental_pipeline.cc:791] Discarding reconstruction due to bad initial pair
I20260910 06:20:35.352157 0x1fa65e140 incremental_pipeline.cc:492] Registering initial image pair #2 and #3
I20260910 06:20:35.352321 0x1fa65e140 incremental_pipeline.cc:510] Global bundle adjustment
I20260910 06:20:35.352375 0x1fa65e140 incremental_pipeline.cc:791] Discarding reconstruction due to bad initial pair
I20260910 06:20:35.353204 0x1fa65e140 incremental_pipeline.cc:492] Registering initial image pair #2 and #3
I20260910 06:20:35.353363 0x1fa65e140 incremental_pipeline.cc:510] Global bundle adjustment
I20260910 06:20:35.353417 0x1fa65e140 incremental_pipeline.cc:791] Discarding reconstruction due to bad initial pair
I20260910 06:20:35.354331 0x1fa65e140 incremental_pipeline.cc:492] Registering initial image pair #2 and #3
I20260910 06:20:35.354490 0x1fa65e140 incremental_pipeline.cc:510] Global bundle adjustment
I20260910 06:20:35.354549 0x1fa65e140 incremental_pipeline.cc:791] Discarding reconstruction due to bad initial pair
I20260910 06:20:35.355310 0x1fa65e140 incremental_pipeline.cc:492] Registering initial image pair #2 and #3
I20260910 06:20:35.355472 0x1fa65e140 incremental_pipeline.cc:510] Global bundle adjustment
I20260910 06:20:35.355527 0x1fa65e140 incremental_pipeline.cc:791] Discarding reconstruction due to bad initial pair
I20260910 06:20:35.356406 0x1fa65e140 incremental_pipeline.cc:492] Registering initial image pair #2 and #3
I20260910 06:20:35.356568 0x1fa65e140 incremental_pipeline.cc:510] Global bundle adjustment
I20260910 06:20:35.356621 0x1fa65e140 incremental_pipeline.cc:791] Discarding reconstruction due to bad initial pair
I20260910 06:20:35.357921 0x1fa65e140 incremental_pipeline.cc:492] Registering initial image pair #2 and #3
I20260910 06:20:35.358078 0x1fa65e140 incremental_pipeline.cc:510] Global bundle adjustment
I20260910 06:20:35.358491 0x1fa65e140 incremental_pipeline.cc:791] Discarding reconstruction due to bad initial pair
I20260910 06:20:35.359338 0x1fa65e140 incremental_pipeline.cc:492] Registering initial image pair #2 and #3
I20260910 06:20:35.359500 0x1fa65e140 incremental_pipeline.cc:510] Global bundle adjustment
I20260910 06:20:35.359553 0x1fa65e140 incremental_pipeline.cc:791] Discarding reconstruction due to bad initial pair
I20260910 06:20:35.360847 0x1fa65e140 incremental_pipeline.cc:492] Registering initial image pair #2 and #3
I20260910 06:20:35.360999 0x1fa65e140 incremental_pipeline.cc:510] Global bundle adjustment
I20260910 06:20:35.361404 0x1fa65e140 incremental_pipeline.cc:791] Discarding reconstruction due to bad initial pair
I20260910 06:20:35.362148 0x1fa65e140 incremental_pipeline.cc:492] Registering initial image pair #2 and #3
I20260910 06:20:35.362308 0x1fa65e140 incremental_pipeline.cc:510] Global bundle adjustment
I20260910 06:20:35.362360 0x1fa65e140 incremental_pipeline.cc:791] Discarding reconstruction due to bad initial pair
I20260910 06:20:35.363188 0x1fa65e140 incremental_pipeline.cc:492] Registering initial image pair #2 and #3
I20260910 06:20:35.363347 0x1fa65e140 incremental_pipeline.cc:510] Global bundle adjustment
I20260910 06:20:35.363402 0x1fa65e140 incremental_pipeline.cc:791] Discarding reconstruction due to bad initial pair
I20260910 06:20:35.364191 0x1fa65e140 incremental_pipeline.cc:492] Registering initial image pair #2 and #3
I20260910 06:20:35.364352 0x1fa65e140 incremental_pipeline.cc:510] Global bundle adjustment
I20260910 06:20:35.364406 0x1fa65e140 incremental_pipeline.cc:791] Discarding reconstruction due to bad initial pair
I20260910 06:20:35.365838 0x1fa65e140 incremental_pipeline.cc:492] Registering initial image pair #2 and #3
I20260910 06:20:35.365996 0x1fa65e140 incremental_pipeline.cc:510] Global bundle adjustment
I20260910 06:20:35.366425 0x1fa65e140 incremental_pipeline.cc:791] Discarding reconstruction due to bad initial pair
I20260910 06:20:35.367182 0x1fa65e140 incremental_pipeline.cc:492] Registering initial image pair #2 and #3
I20260910 06:20:35.367344 0x1fa65e140 incremental_pipeline.cc:510] Global bundle adjustment
I20260910 06:20:35.367397 0x1fa65e140 incremental_pipeline.cc:791] Discarding reconstruction due to bad initial pair
I20260910 06:20:35.368219 0x1fa65e140 incremental_pipeline.cc:492] Registering initial image pair #2 and #3
I20260910 06:20:35.368378 0x1fa65e140 incremental_pipeline.cc:510] Global bundle adjustment
I20260910 06:20:35.368430 0x1fa65e140 incremental_pipeline.cc:791] Discarding reconstruction due to bad initial pair
I20260910 06:20:35.369213 0x1fa65e140 incremental_pipeline.cc:492] Registering initial image pair #2 and #3
I20260910 06:20:35.369372 0x1fa65e140 incremental_pipeline.cc:510] Global bundle adjustment
I20260910 06:20:35.369423 0x1fa65e140 incremental_pipeline.cc:791] Discarding reconstruction due to bad initial pair
I20260910 06:20:35.370737 0x1fa65e140 incremental_pipeline.cc:492] Registering initial image pair #2 and #3
I20260910 06:20:35.370893 0x1fa65e140 incremental_pipeline.cc:510] Global bundle adjustment
I20260910 06:20:35.371304 0x1fa65e140 incremental_pipeline.cc:791] Discarding reconstruction due to bad initial pair
I20260910 06:20:35.372137 0x1fa65e140 incremental_pipeline.cc:492] Registering initial image pair #2 and #3
I20260910 06:20:35.372297 0x1fa65e140 incremental_pipeline.cc:510] Global bundle adjustment
I20260910 06:20:35.372349 0x1fa65e140 incremental_pipeline.cc:791] Discarding reconstruction due to bad initial pair
I20260910 06:20:35.373696 0x1fa65e140 incremental_pipeline.cc:492] Registering initial image pair #2 and #3
I20260910 06:20:35.373855 0x1fa65e140 incremental_pipeline.cc:510] Global bundle adjustment
I20260910 06:20:35.373908 0x1fa65e140 incremental_pipeline.cc:791] Discarding reconstruction due to bad initial pair
I20260910 06:20:35.374626 0x1fa65e140 incremental_pipeline.cc:492] Registering initial image pair #2 and #3
I20260910 06:20:35.374784 0x1fa65e140 incremental_pipeline.cc:510] Global bundle adjustment
I20260910 06:20:35.374837 0x1fa65e140 incremental_pipeline.cc:791] Discarding reconstruction due to bad initial pair
I20260910 06:20:35.375598 0x1fa65e140 incremental_pipeline.cc:492] Registering initial image pair #2 and #3
I20260910 06:20:35.375757 0x1fa65e140 incremental_pipeline.cc:510] Global bundle adjustment
I20260910 06:20:35.375809 0x1fa65e140 incremental_pipeline.cc:791] Discarding reconstruction due to bad initial pair
I20260910 06:20:35.376654 0x1fa65e140 incremental_pipeline.cc:492] Registering initial image pair #2 and #3
I20260910 06:20:35.376819 0x1fa65e140 incremental_pipeline.cc:510] Global bundle adjustment
I20260910 06:20:35.376872 0x1fa65e140 incremental_pipeline.cc:791] Discarding reconstruction due to bad initial pair
I20260910 06:20:35.377748 0x1fa65e140 incremental_pipeline.cc:492] Registering initial image pair #2 and #3
I20260910 06:20:35.377907 0x1fa65e140 incremental_pipeline.cc:510] Global bundle adjustment
I20260910 06:20:35.377959 0x1fa65e140 incremental_pipeline.cc:791] Discarding reconstruction due to bad initial pair
I20260910 06:20:35.378738 0x1fa65e140 incremental_pipeline.cc:492] Registering initial image pair #2 and #3
I20260910 06:20:35.378897 0x1fa65e140 incremental_pipeline.cc:510] Global bundle adjustment
I20260910 06:20:35.378949 0x1fa65e140 incremental_pipeline.cc:791] Discarding reconstruction due to bad initial pair
I20260910 06:20:35.379747 0x1fa65e140 incremental_pipeline.cc:492] Registering initial image pair #2 and #3
I20260910 06:20:35.379908 0x1fa65e140 incremental_pipeline.cc:510] Global bundle adjustment
I20260910 06:20:35.379957 0x1fa65e140 incremental_pipeline.cc:791] Discarding reconstruction due to bad initial pair
I20260910 06:20:35.380763 0x1fa65e140 incremental_pipeline.cc:492] Registering initial image pair #2 and #3
I20260910 06:20:35.380927 0x1fa65e140 incremental_pipeline.cc:510] Global bundle adjustment
I20260910 06:20:35.380977 0x1fa65e140 incremental_pipeline.cc:791] Discarding reconstruction due to bad initial pair
I20260910 06:20:35.381853 0x1fa65e140 incremental_pipeline.cc:492] Registering initial image pair #2 and #3
I20260910 06:20:35.382014 0x1fa65e140 incremental_pipeline.cc:510] Global bundle adjustment
I20260910 06:20:35.382064 0x1fa65e140 incremental_pipeline.cc:791] Discarding reconstruction due to bad initial pair
I20260910 06:20:35.382910 0x1fa65e140 incremental_pipeline.cc:492] Registering initial image pair #2 and #3
I20260910 06:20:35.383071 0x1fa65e140 incremental_pipeline.cc:510] Global bundle adjustment
I20260910 06:20:35.383121 0x1fa65e140 incremental_pipeline.cc:791] Discarding reconstruction due to bad initial pair
I20260910 06:20:35.383903 0x1fa65e140 incremental_pipeline.cc:492] Registering initial image pair #2 and #3
I20260910 06:20:35.384064 0x1fa65e140 incremental_pipeline.cc:510] Global bundle adjustment
I20260910 06:20:35.384113 0x1fa65e140 incremental_pipeline.cc:791] Discarding reconstruction due to bad initial pair
I20260910 06:20:35.385518 0x1fa65e140 incremental_pipeline.cc:492] Registering initial image pair #2 and #3
I20260910 06:20:35.385559 0x1fa65e140 incremental_pipeline.cc:791] Discarding reconstruction due to bad initial pair
I20260910 06:20:35.386426 0x1fa65e140 incremental_pipeline.cc:492] Registering initial image pair #2 and #3
I20260910 06:20:35.386586 0x1fa65e140 incremental_pipeline.cc:510] Global bundle adjustment
I20260910 06:20:35.386636 0x1fa65e140 incremental_pipeline.cc:791] Discarding reconstruction due to bad initial pair
I20260910 06:20:35.387538 0x1fa65e140 incremental_pipeline.cc:492] Registering initial image pair #2 and #3
I20260910 06:20:35.387699 0x1fa65e140 incremental_pipeline.cc:510] Global bundle adjustment
I20260910 06:20:35.387749 0x1fa65e140 incremental_pipeline.cc:791] Discarding reconstruction due to bad initial pair
I20260910 06:20:35.388548 0x1fa65e140 incremental_pipeline.cc:492] Registering initial image pair #2 and #3
I20260910 06:20:35.388709 0x1fa65e140 incremental_pipeline.cc:510] Global bundle adjustment
I20260910 06:20:35.388758 0x1fa65e140 incremental_pipeline.cc:791] Discarding reconstruction due to bad initial pair
I20260910 06:20:35.389555 0x1fa65e140 incremental_pipeline.cc:492] Registering initial image pair #2 and #3
I20260910 06:20:35.389716 0x1fa65e140 incremental_pipeline.cc:510] Global bundle adjustment
I20260910 06:20:35.389765 0x1fa65e140 incremental_pipeline.cc:791] Discarding reconstruction due to bad initial pair
I20260910 06:20:35.390579 0x1fa65e140 incremental_pipeline.cc:492] Registering initial image pair #2 and #3
I20260910 06:20:35.390753 0x1fa65e140 incremental_pipeline.cc:510] Global bundle adjustment
I20260910 06:20:35.390803 0x1fa65e140 incremental_pipeline.cc:791] Discarding reconstruction due to bad initial pair
I20260910 06:20:35.391674 0x1fa65e140 incremental_pipeline.cc:492] Registering initial image pair #2 and #3
I20260910 06:20:35.391835 0x1fa65e140 incremental_pipeline.cc:510] Global bundle adjustment
I20260910 06:20:35.391885 0x1fa65e140 incremental_pipeline.cc:791] Discarding reconstruction due to bad initial pair
I20260910 06:20:35.393150 0x1fa65e140 incremental_pipeline.cc:492] Registering initial image pair #2 and #3
I20260910 06:20:35.393304 0x1fa65e140 incremental_pipeline.cc:510] Global bundle adjustment
I20260910 06:20:35.393716 0x1fa65e140 incremental_pipeline.cc:791] Discarding reconstruction due to bad initial pair
I20260910 06:20:35.394541 0x1fa65e140 incremental_pipeline.cc:492] Registering initial image pair #2 and #3
I20260910 06:20:35.394703 0x1fa65e140 incremental_pipeline.cc:510] Global bundle adjustment
I20260910 06:20:35.394753 0x1fa65e140 incremental_pipeline.cc:791] Discarding reconstruction due to bad initial pair
I20260910 06:20:35.396191 0x1fa65e140 incremental_pipeline.cc:492] Registering initial image pair #2 and #3
I20260910 06:20:35.396232 0x1fa65e140 incremental_pipeline.cc:791] Discarding reconstruction due to bad initial pair
I20260910 06:20:35.397559 0x1fa65e140 incremental_pipeline.cc:492] Registering initial image pair #2 and #3
I20260910 06:20:35.397600 0x1fa65e140 incremental_pipeline.cc:791] Discarding reconstruction due to bad initial pair
I20260910 06:20:35.398397 0x1fa65e140 incremental_pipeline.cc:492] Registering initial image pair #2 and #3
I20260910 06:20:35.398557 0x1fa65e140 incremental_pipeline.cc:510] Global bundle adjustment
I20260910 06:20:35.398609 0x1fa65e140 incremental_pipeline.cc:791] Discarding reconstruction due to bad initial pair
I20260910 06:20:35.399428 0x1fa65e140 incremental_pipeline.cc:492] Registering initial image pair #2 and #3
I20260910 06:20:35.399587 0x1fa65e140 incremental_pipeline.cc:510] Global bundle adjustment
I20260910 06:20:35.399642 0x1fa65e140 incremental_pipeline.cc:791] Discarding reconstruction due to bad initial pair
I20260910 06:20:35.400866 0x1fa65e140 incremental_pipeline.cc:492] Registering initial image pair #2 and #3
I20260910 06:20:35.401026 0x1fa65e140 incremental_pipeline.cc:510] Global bundle adjustment
I20260910 06:20:35.401081 0x1fa65e140 incremental_pipeline.cc:791] Discarding reconstruction due to bad initial pair
I20260910 06:20:35.401892 0x1fa65e140 incremental_pipeline.cc:492] Registering initial image pair #2 and #3
I20260910 06:20:35.402056 0x1fa65e140 incremental_pipeline.cc:510] Global bundle adjustment
I20260910 06:20:35.402107 0x1fa65e140 incremental_pipeline.cc:791] Discarding reconstruction due to bad initial pair
I20260910 06:20:35.403109 0x1fa65e140 incremental_pipeline.cc:492] Registering initial image pair #2 and #3
I20260910 06:20:35.403270 0x1fa65e140 incremental_pipeline.cc:510] Global bundle adjustment
I20260910 06:20:35.403319 0x1fa65e140 incremental_pipeline.cc:791] Discarding reconstruction due to bad initial pair
I20260910 06:20:35.404610 0x1fa65e140 incremental_pipeline.cc:492] Registering initial image pair #2 and #3
I20260910 06:20:35.404772 0x1fa65e140 incremental_pipeline.cc:510] Global bundle adjustment
I20260910 06:20:35.404821 0x1fa65e140 incremental_pipeline.cc:791] Discarding reconstruction due to bad initial pair
I20260910 06:20:35.405602 0x1fa65e140 incremental_pipeline.cc:492] Registering initial image pair #2 and #3
I20260910 06:20:35.405763 0x1fa65e140 incremental_pipeline.cc:510] Global bundle adjustment
I20260910 06:20:35.405813 0x1fa65e140 incremental_pipeline.cc:791] Discarding reconstruction due to bad initial pair
I20260910 06:20:35.406580 0x1fa65e140 incremental_pipeline.cc:492] Registering initial image pair #2 and #3
I20260910 06:20:35.406743 0x1fa65e140 incremental_pipeline.cc:510] Global bundle adjustment
I20260910 06:20:35.406792 0x1fa65e140 incremental_pipeline.cc:791] Discarding reconstruction due to bad initial pair
I20260910 06:20:35.407526 0x1fa65e140 incremental_pipeline.cc:492] Registering initial image pair #2 and #3
I20260910 06:20:35.407685 0x1fa65e140 incremental_pipeline.cc:510] Global bundle adjustment
I20260910 06:20:35.407735 0x1fa65e140 incremental_pipeline.cc:791] Discarding reconstruction due to bad initial pair
I20260910 06:20:35.408602 0x1fa65e140 incremental_pipeline.cc:492] Registering initial image pair #2 and #3
I20260910 06:20:35.408764 0x1fa65e140 incremental_pipeline.cc:510] Global bundle adjustment
I20260910 06:20:35.408813 0x1fa65e140 incremental_pipeline.cc:791] Discarding reconstruction due to bad initial pair
I20260910 06:20:35.409587 0x1fa65e140 incremental_pipeline.cc:492] Registering initial image pair #2 and #3
I20260910 06:20:35.409748 0x1fa65e140 incremental_pipeline.cc:510] Global bundle adjustment
I20260910 06:20:35.409798 0x1fa65e140 incremental_pipeline.cc:791] Discarding reconstruction due to bad initial pair
I20260910 06:20:35.410569 0x1fa65e140 incremental_pipeline.cc:492] Registering initial image pair #2 and #3
I20260910 06:20:35.410730 0x1fa65e140 incremental_pipeline.cc:510] Global bundle adjustment
I20260910 06:20:35.410780 0x1fa65e140 incremental_pipeline.cc:791] Discarding reconstruction due to bad initial pair
I20260910 06:20:35.412061 0x1fa65e140 incremental_pipeline.cc:492] Registering initial image pair #2 and #3
I20260910 06:20:35.412215 0x1fa65e140 incremental_pipeline.cc:510] Global bundle adjustment
I20260910 06:20:35.412625 0x1fa65e140 incremental_pipeline.cc:791] Discarding reconstruction due to bad initial pair
I20260910 06:20:35.413718 0x1fa65e140 incremental_pipeline.cc:492] Registering initial image pair #2 and #3
I20260910 06:20:35.413881 0x1fa65e140 incremental_pipeline.cc:510] Global bundle adjustment
I20260910 06:20:35.413933 0x1fa65e140 incremental_pipeline.cc:791] Discarding reconstruction due to bad initial pair
I20260910 06:20:35.414744 0x1fa65e140 incremental_pipeline.cc:492] Registering initial image pair #2 and #3
I20260910 06:20:35.414906 0x1fa65e140 incremental_pipeline.cc:510] Global bundle adjustment
I20260910 06:20:35.414956 0x1fa65e140 incremental_pipeline.cc:791] Discarding reconstruction due to bad initial pair
I20260910 06:20:35.415735 0x1fa65e140 incremental_pipeline.cc:492] Registering initial image pair #2 and #3
I20260910 06:20:35.415896 0x1fa65e140 incremental_pipeline.cc:510] Global bundle adjustment
I20260910 06:20:35.415945 0x1fa65e140 incremental_pipeline.cc:791] Discarding reconstruction due to bad initial pair
I20260910 06:20:35.416750 0x1fa65e140 incremental_pipeline.cc:492] Registering initial image pair #2 and #3
I20260910 06:20:35.416916 0x1fa65e140 incremental_pipeline.cc:510] Global bundle adjustment
I20260910 06:20:35.416967 0x1fa65e140 incremental_pipeline.cc:791] Discarding reconstruction due to bad initial pair
I20260910 06:20:35.418310 0x1fa65e140 incremental_pipeline.cc:492] Registering initial image pair #2 and #3
I20260910 06:20:35.418351 0x1fa65e140 incremental_pipeline.cc:791] Discarding reconstruction due to bad initial pair
I20260910 06:20:35.419620 0x1fa65e140 incremental_pipeline.cc:492] Registering initial image pair #2 and #3
I20260910 06:20:35.419774 0x1fa65e140 incremental_pipeline.cc:510] Global bundle adjustment
I20260910 06:20:35.420190 0x1fa65e140 incremental_pipeline.cc:791] Discarding reconstruction due to bad initial pair
I20260910 06:20:35.421037 0x1fa65e140 incremental_pipeline.cc:492] Registering initial image pair #2 and #3
I20260910 06:20:35.421200 0x1fa65e140 incremental_pipeline.cc:510] Global bundle adjustment
I20260910 06:20:35.421252 0x1fa65e140 incremental_pipeline.cc:791] Discarding reconstruction due to bad initial pair
I20260910 06:20:35.421970 0x1fa65e140 incremental_pipeline.cc:492] Registering initial image pair #2 and #3
I20260910 06:20:35.422133 0x1fa65e140 incremental_pipeline.cc:510] Global bundle adjustment
I20260910 06:20:35.422182 0x1fa65e140 incremental_pipeline.cc:791] Discarding reconstruction due to bad initial pair
I20260910 06:20:35.422960 0x1fa65e140 incremental_pipeline.cc:492] Registering initial image pair #2 and #3
I20260910 06:20:35.423122 0x1fa65e140 incremental_pipeline.cc:510] Global bundle adjustment
I20260910 06:20:35.423172 0x1fa65e140 incremental_pipeline.cc:791] Discarding reconstruction due to bad initial pair
I20260910 06:20:35.424575 0x1fa65e140 incremental_pipeline.cc:492] Registering initial image pair #2 and #3
I20260910 06:20:35.424615 0x1fa65e140 incremental_pipeline.cc:791] Discarding reconstruction due to bad initial pair
I20260910 06:20:35.425384 0x1fa65e140 incremental_pipeline.cc:492] Registering initial image pair #2 and #3
I20260910 06:20:35.425546 0x1fa65e140 incremental_pipeline.cc:510] Global bundle adjustment
I20260910 06:20:35.425595 0x1fa65e140 incremental_pipeline.cc:791] Discarding reconstruction due to bad initial pair
I20260910 06:20:35.426424 0x1fa65e140 incremental_pipeline.cc:492] Registering initial image pair #2 and #3
I20260910 06:20:35.426584 0x1fa65e140 incremental_pipeline.cc:510] Global bundle adjustment
I20260910 06:20:35.426633 0x1fa65e140 incremental_pipeline.cc:791] Discarding reconstruction due to bad initial pair
I20260910 06:20:35.427427 0x1fa65e140 incremental_pipeline.cc:492] Registering initial image pair #2 and #3
I20260910 06:20:35.427588 0x1fa65e140 incremental_pipeline.cc:510] Global bundle adjustment
I20260910 06:20:35.427638 0x1fa65e140 incremental_pipeline.cc:791] Discarding reconstruction due to bad initial pair
I20260910 06:20:35.428461 0x1fa65e140 incremental_pipeline.cc:492] Registering initial image pair #2 and #3
I20260910 06:20:35.428622 0x1fa65e140 incremental_pipeline.cc:510] Global bundle adjustment
I20260910 06:20:35.428671 0x1fa65e140 incremental_pipeline.cc:791] Discarding reconstruction due to bad initial pair
I20260910 06:20:35.429959 0x1fa65e140 incremental_pipeline.cc:492] Registering initial image pair #2 and #3
I20260910 06:20:35.430113 0x1fa65e140 incremental_pipeline.cc:510] Global bundle adjustment
I20260910 06:20:35.430535 0x1fa65e140 incremental_pipeline.cc:791] Discarding reconstruction due to bad initial pair
I20260910 06:20:35.431451 0x1fa65e140 incremental_pipeline.cc:492] Registering initial image pair #2 and #3
I20260910 06:20:35.431612 0x1fa65e140 incremental_pipeline.cc:510] Global bundle adjustment
I20260910 06:20:35.431663 0x1fa65e140 incremental_pipeline.cc:791] Discarding reconstruction due to bad initial pair
I20260910 06:20:35.432436 0x1fa65e140 incremental_pipeline.cc:492] Registering initial image pair #2 and #3
I20260910 06:20:35.432596 0x1fa65e140 incremental_pipeline.cc:510] Global bundle adjustment
I20260910 06:20:35.432646 0x1fa65e140 incremental_pipeline.cc:791] Discarding reconstruction due to bad initial pair
I20260910 06:20:35.434009 0x1fa65e140 incremental_pipeline.cc:492] Registering initial image pair #2 and #3
I20260910 06:20:35.434050 0x1fa65e140 incremental_pipeline.cc:791] Discarding reconstruction due to bad initial pair
I20260910 06:20:35.434782 0x1fa65e140 incremental_pipeline.cc:492] Registering initial image pair #2 and #3
I20260910 06:20:35.434943 0x1fa65e140 incremental_pipeline.cc:510] Global bundle adjustment
I20260910 06:20:35.434993 0x1fa65e140 incremental_pipeline.cc:791] Discarding reconstruction due to bad initial pair
I20260910 06:20:35.436381 0x1fa65e140 incremental_pipeline.cc:492] Registering initial image pair #2 and #3
I20260910 06:20:35.436421 0x1fa65e140 incremental_pipeline.cc:791] Discarding reconstruction due to bad initial pair
I20260910 06:20:35.437249 0x1fa65e140 incremental_pipeline.cc:492] Registering initial image pair #2 and #3
I20260910 06:20:35.437410 0x1fa65e140 incremental_pipeline.cc:510] Global bundle adjustment
I20260910 06:20:35.437460 0x1fa65e140 incremental_pipeline.cc:791] Discarding reconstruction due to bad initial pair
I20260910 06:20:35.438276 0x1fa65e140 incremental_pipeline.cc:492] Registering initial image pair #2 and #3
I20260910 06:20:35.438437 0x1fa65e140 incremental_pipeline.cc:510] Global bundle adjustment
I20260910 06:20:35.438486 0x1fa65e140 incremental_pipeline.cc:791] Discarding reconstruction due to bad initial pair
I20260910 06:20:35.439229 0x1fa65e140 incremental_pipeline.cc:492] Registering initial image pair #2 and #3
I20260910 06:20:35.439390 0x1fa65e140 incremental_pipeline.cc:510] Global bundle adjustment
I20260910 06:20:35.439440 0x1fa65e140 incremental_pipeline.cc:791] Discarding reconstruction due to bad initial pair
I20260910 06:20:35.440295 0x1fa65e140 incremental_pipeline.cc:492] Registering initial image pair #2 and #3
I20260910 06:20:35.440456 0x1fa65e140 incremental_pipeline.cc:510] Global bundle adjustment
I20260910 06:20:35.440506 0x1fa65e140 incremental_pipeline.cc:791] Discarding reconstruction due to bad initial pair
I20260910 06:20:35.441313 0x1fa65e140 incremental_pipeline.cc:492] Registering initial image pair #2 and #3
I20260910 06:20:35.441488 0x1fa65e140 incremental_pipeline.cc:510] Global bundle adjustment
I20260910 06:20:35.441545 0x1fa65e140 incremental_pipeline.cc:791] Discarding reconstruction due to bad initial pair
I20260910 06:20:35.442340 0x1fa65e140 incremental_pipeline.cc:492] Registering initial image pair #2 and #3
I20260910 06:20:35.442502 0x1fa65e140 incremental_pipeline.cc:510] Global bundle adjustment
I20260910 06:20:35.442551 0x1fa65e140 incremental_pipeline.cc:791] Discarding reconstruction due to bad initial pair
I20260910 06:20:35.443441 0x1fa65e140 incremental_pipeline.cc:492] Registering initial image pair #2 and #3
I20260910 06:20:35.443602 0x1fa65e140 incremental_pipeline.cc:510] Global bundle adjustment
I20260910 06:20:35.443651 0x1fa65e140 incremental_pipeline.cc:791] Discarding reconstruction due to bad initial pair
I20260910 06:20:35.444945 0x1fa65e140 incremental_pipeline.cc:492] Registering initial image pair #2 and #3
I20260910 06:20:35.445097 0x1fa65e140 incremental_pipeline.cc:510] Global bundle adjustment
I20260910 06:20:35.445501 0x1fa65e140 incremental_pipeline.cc:791] Discarding reconstruction due to bad initial pair
I20260910 06:20:35.446277 0x1fa65e140 incremental_pipeline.cc:492] Registering initial image pair #2 and #3
I20260910 06:20:35.446441 0x1fa65e140 incremental_pipeline.cc:510] Global bundle adjustment
I20260910 06:20:35.446492 0x1fa65e140 incremental_pipeline.cc:791] Discarding reconstruction due to bad initial pair
I20260910 06:20:35.447306 0x1fa65e140 incremental_pipeline.cc:492] Registering initial image pair #2 and #3
I20260910 06:20:35.447469 0x1fa65e140 incremental_pipeline.cc:510] Global bundle adjustment
I20260910 06:20:35.447520 0x1fa65e140 incremental_pipeline.cc:791] Discarding reconstruction due to bad initial pair
I20260910 06:20:35.448342 0x1fa65e140 incremental_pipeline.cc:492] Registering initial image pair #2 and #3
I20260910 06:20:35.448508 0x1fa65e140 incremental_pipeline.cc:510] Global bundle adjustment
I20260910 06:20:35.448557 0x1fa65e140 incremental_pipeline.cc:791] Discarding reconstruction due to bad initial pair
I20260910 06:20:35.449413 0x1fa65e140 incremental_pipeline.cc:492] Registering initial image pair #2 and #3
I20260910 06:20:35.449574 0x1fa65e140 incremental_pipeline.cc:510] Global bundle adjustment
I20260910 06:20:35.449623 0x1fa65e140 incremental_pipeline.cc:791] Discarding reconstruction due to bad initial pair
I20260910 06:20:35.450474 0x1fa65e140 incremental_pipeline.cc:492] Registering initial image pair #2 and #3
I20260910 06:20:35.450635 0x1fa65e140 incremental_pipeline.cc:510] Global bundle adjustment
I20260910 06:20:35.450685 0x1fa65e140 incremental_pipeline.cc:791] Discarding reconstruction due to bad initial pair
I20260910 06:20:35.451563 0x1fa65e140 incremental_pipeline.cc:492] Registering initial image pair #2 and #3
I20260910 06:20:35.451722 0x1fa65e140 incremental_pipeline.cc:510] Global bundle adjustment
I20260910 06:20:35.451772 0x1fa65e140 incremental_pipeline.cc:791] Discarding reconstruction due to bad initial pair
I20260910 06:20:35.452637 0x1fa65e140 incremental_pipeline.cc:492] Registering initial image pair #2 and #3
I20260910 06:20:35.452797 0x1fa65e140 incremental_pipeline.cc:510] Global bundle adjustment
I20260910 06:20:35.452846 0x1fa65e140 incremental_pipeline.cc:791] Discarding reconstruction due to bad initial pair
I20260910 06:20:35.454146 0x1fa65e140 incremental_pipeline.cc:492] Registering initial image pair #2 and #3
I20260910 06:20:35.454300 0x1fa65e140 incremental_pipeline.cc:510] Global bundle adjustment
I20260910 06:20:35.454714 0x1fa65e140 incremental_pipeline.cc:791] Discarding reconstruction due to bad initial pair
I20260910 06:20:35.455950 0x1fa65e140 incremental_pipeline.cc:492] Registering initial image pair #2 and #3
I20260910 06:20:35.456111 0x1fa65e140 incremental_pipeline.cc:510] Global bundle adjustment
I20260910 06:20:35.456161 0x1fa65e140 incremental_pipeline.cc:791] Discarding reconstruction due to bad initial pair
I20260910 06:20:35.456914 0x1fa65e140 incremental_pipeline.cc:492] Registering initial image pair #2 and #3
I20260910 06:20:35.457075 0x1fa65e140 incremental_pipeline.cc:510] Global bundle adjustment
I20260910 06:20:35.457125 0x1fa65e140 incremental_pipeline.cc:791] Discarding reconstruction due to bad initial pair
I20260910 06:20:35.458432 0x1fa65e140 incremental_pipeline.cc:492] Registering initial image pair #2 and #3
I20260910 06:20:35.458586 0x1fa65e140 incremental_pipeline.cc:510] Global bundle adjustment
I20260910 06:20:35.458987 0x1fa65e140 incremental_pipeline.cc:791] Discarding reconstruction due to bad initial pair
I20260910 06:20:35.460351 0x1fa65e140 incremental_pipeline.cc:492] Registering initial image pair #2 and #3
I20260910 06:20:35.460392 0x1fa65e140 incremental_pipeline.cc:791] Discarding reconstruction due to bad initial pair
I20260910 06:20:35.461217 0x1fa65e140 incremental_pipeline.cc:492] Registering initial image pair #2 and #3
I20260910 06:20:35.461383 0x1fa65e140 incremental_pipeline.cc:510] Global bundle adjustment
I20260910 06:20:35.461433 0x1fa65e140 incremental_pipeline.cc:791] Discarding reconstruction due to bad initial pair
I20260910 06:20:35.462760 0x1fa65e140 incremental_pipeline.cc:492] Registering initial image pair #2 and #3
I20260910 06:20:35.462803 0x1fa65e140 incremental_pipeline.cc:791] Discarding reconstruction due to bad initial pair
I20260910 06:20:35.463591 0x1fa65e140 incremental_pipeline.cc:492] Registering initial image pair #2 and #3
I20260910 06:20:35.463753 0x1fa65e140 incremental_pipeline.cc:510] Global bundle adjustment
I20260910 06:20:35.463803 0x1fa65e140 incremental_pipeline.cc:791] Discarding reconstruction due to bad initial pair
I20260910 06:20:35.464960 0x1fa65e140 incremental_pipeline.cc:492] Registering initial image pair #2 and #3
I20260910 06:20:35.465123 0x1fa65e140 incremental_pipeline.cc:510] Global bundle adjustment
I20260910 06:20:35.465173 0x1fa65e140 incremental_pipeline.cc:791] Discarding reconstruction due to bad initial pair
I20260910 06:20:35.466472 0x1fa65e140 incremental_pipeline.cc:492] Registering initial image pair #2 and #3
I20260910 06:20:35.466513 0x1fa65e140 incremental_pipeline.cc:791] Discarding reconstruction due to bad initial pair
I20260910 06:20:35.467896 0x1fa65e140 incremental_pipeline.cc:492] Registering initial image pair #2 and #3
I20260910 06:20:35.467937 0x1fa65e140 incremental_pipeline.cc:791] Discarding reconstruction due to bad initial pair
I20260910 06:20:35.468689 0x1fa65e140 incremental_pipeline.cc:492] Registering initial image pair #2 and #3
I20260910 06:20:35.468850 0x1fa65e140 incremental_pipeline.cc:510] Global bundle adjustment
I20260910 06:20:35.468901 0x1fa65e140 incremental_pipeline.cc:791] Discarding reconstruction due to bad initial pair
I20260910 06:20:35.469663 0x1fa65e140 incremental_pipeline.cc:492] Registering initial image pair #2 and #3
I20260910 06:20:35.469824 0x1fa65e140 incremental_pipeline.cc:510] Global bundle adjustment
I20260910 06:20:35.469874 0x1fa65e140 incremental_pipeline.cc:791] Discarding reconstruction due to bad initial pair
I20260910 06:20:35.470637 0x1fa65e140 incremental_pipeline.cc:492] Registering initial image pair #2 and #3
I20260910 06:20:35.470799 0x1fa65e140 incremental_pipeline.cc:510] Global bundle adjustment
I20260910 06:20:35.470849 0x1fa65e140 incremental_pipeline.cc:791] Discarding reconstruction due to bad initial pair
I20260910 06:20:35.471623 0x1fa65e140 incremental_pipeline.cc:492] Registering initial image pair #2 and #3
I20260910 06:20:35.471784 0x1fa65e140 incremental_pipeline.cc:510] Global bundle adjustment
I20260910 06:20:35.471836 0x1fa65e140 incremental_pipeline.cc:791] Discarding reconstruction due to bad initial pair
I20260910 06:20:35.472677 0x1fa65e140 incremental_pipeline.cc:492] Registering initial image pair #2 and #3
I20260910 06:20:35.472838 0x1fa65e140 incremental_pipeline.cc:510] Global bundle adjustment
I20260910 06:20:35.472887 0x1fa65e140 incremental_pipeline.cc:791] Discarding reconstruction due to bad initial pair
I20260910 06:20:35.473800 0x1fa65e140 incremental_pipeline.cc:492] Registering initial image pair #2 and #3
I20260910 06:20:35.473961 0x1fa65e140 incremental_pipeline.cc:510] Global bundle adjustment
I20260910 06:20:35.474010 0x1fa65e140 incremental_pipeline.cc:791] Discarding reconstruction due to bad initial pair
I20260910 06:20:35.475386 0x1fa65e140 incremental_pipeline.cc:492] Registering initial image pair #2 and #3
I20260910 06:20:35.475427 0x1fa65e140 incremental_pipeline.cc:791] Discarding reconstruction due to bad initial pair
I20260910 06:20:35.476169 0x1fa65e140 incremental_pipeline.cc:492] Registering initial image pair #2 and #3
I20260910 06:20:35.476329 0x1fa65e140 incremental_pipeline.cc:510] Global bundle adjustment
I20260910 06:20:35.476379 0x1fa65e140 incremental_pipeline.cc:791] Discarding reconstruction due to bad initial pair
I20260910 06:20:35.477145 0x1fa65e140 incremental_pipeline.cc:492] Registering initial image pair #2 and #3
I20260910 06:20:35.477307 0x1fa65e140 incremental_pipeline.cc:510] Global bundle adjustment
I20260910 06:20:35.477357 0x1fa65e140 incremental_pipeline.cc:791] Discarding reconstruction due to bad initial pair
I20260910 06:20:35.478235 0x1fa65e140 incremental_pipeline.cc:492] Registering initial image pair #2 and #3
I20260910 06:20:35.478396 0x1fa65e140 incremental_pipeline.cc:510] Global bundle adjustment
I20260910 06:20:35.478445 0x1fa65e140 incremental_pipeline.cc:791] Discarding reconstruction due to bad initial pair
I20260910 06:20:35.479671 0x1fa65e140 incremental_pipeline.cc:492] Registering initial image pair #2 and #3
I20260910 06:20:35.479824 0x1fa65e140 incremental_pipeline.cc:510] Global bundle adjustment
I20260910 06:20:35.480233 0x1fa65e140 incremental_pipeline.cc:791] Discarding reconstruction due to bad initial pair
I20260910 06:20:35.481175 0x1fa65e140 incremental_pipeline.cc:492] Registering initial image pair #2 and #3
I20260910 06:20:35.481338 0x1fa65e140 incremental_pipeline.cc:510] Global bundle adjustment
I20260910 06:20:35.481395 0x1fa65e140 incremental_pipeline.cc:791] Discarding reconstruction due to bad initial pair
I20260910 06:20:35.482163 0x1fa65e140 incremental_pipeline.cc:492] Registering initial image pair #2 and #3
I20260910 06:20:35.482327 0x1fa65e140 incremental_pipeline.cc:510] Global bundle adjustment
I20260910 06:20:35.482377 0x1fa65e140 incremental_pipeline.cc:791] Discarding reconstruction due to bad initial pair
I20260910 06:20:35.483336 0x1fa65e140 incremental_pipeline.cc:492] Registering initial image pair #2 and #3
I20260910 06:20:35.483497 0x1fa65e140 incremental_pipeline.cc:510] Global bundle adjustment
I20260910 06:20:35.483547 0x1fa65e140 incremental_pipeline.cc:791] Discarding reconstruction due to bad initial pair
I20260910 06:20:35.484307 0x1fa65e140 incremental_pipeline.cc:492] Registering initial image pair #2 and #3
I20260910 06:20:35.484468 0x1fa65e140 incremental_pipeline.cc:510] Global bundle adjustment
I20260910 06:20:35.484518 0x1fa65e140 incremental_pipeline.cc:791] Discarding reconstruction due to bad initial pair
I20260910 06:20:35.485310 0x1fa65e140 incremental_pipeline.cc:492] Registering initial image pair #2 and #3
I20260910 06:20:35.485469 0x1fa65e140 incremental_pipeline.cc:510] Global bundle adjustment
I20260910 06:20:35.485523 0x1fa65e140 incremental_pipeline.cc:791] Discarding reconstruction due to bad initial pair
I20260910 06:20:35.486879 0x1fa65e140 incremental_pipeline.cc:492] Registering initial image pair #2 and #3
I20260910 06:20:35.487031 0x1fa65e140 incremental_pipeline.cc:510] Global bundle adjustment
I20260910 06:20:35.487432 0x1fa65e140 incremental_pipeline.cc:791] Discarding reconstruction due to bad initial pair
I20260910 06:20:35.488807 0x1fa65e140 incremental_pipeline.cc:492] Registering initial image pair #2 and #3
I20260910 06:20:35.488848 0x1fa65e140 incremental_pipeline.cc:791] Discarding reconstruction due to bad initial pair
I20260910 06:20:35.489598 0x1fa65e140 incremental_pipeline.cc:492] Registering initial image pair #2 and #3
I20260910 06:20:35.489762 0x1fa65e140 incremental_pipeline.cc:510] Global bundle adjustment
I20260910 06:20:35.489815 0x1fa65e140 incremental_pipeline.cc:791] Discarding reconstruction due to bad initial pair
I20260910 06:20:35.490591 0x1fa65e140 incremental_pipeline.cc:492] Registering initial image pair #2 and #3
I20260910 06:20:35.490752 0x1fa65e140 incremental_pipeline.cc:510] Global bundle adjustment
I20260910 06:20:35.490806 0x1fa65e140 incremental_pipeline.cc:791] Discarding reconstruction due to bad initial pair
I20260910 06:20:35.491559 0x1fa65e140 incremental_pipeline.cc:492] Registering initial image pair #2 and #3
I20260910 06:20:35.491723 0x1fa65e140 incremental_pipeline.cc:510] Global bundle adjustment
I20260910 06:20:35.491776 0x1fa65e140 incremental_pipeline.cc:791] Discarding reconstruction due to bad initial pair
I20260910 06:20:35.492630 0x1fa65e140 incremental_pipeline.cc:492] Registering initial image pair #2 and #3
I20260910 06:20:35.492791 0x1fa65e140 incremental_pipeline.cc:510] Global bundle adjustment
I20260910 06:20:35.492844 0x1fa65e140 incremental_pipeline.cc:791] Discarding reconstruction due to bad initial pair
I20260910 06:20:35.493724 0x1fa65e140 incremental_pipeline.cc:492] Registering initial image pair #2 and #3
I20260910 06:20:35.493885 0x1fa65e140 incremental_pipeline.cc:510] Global bundle adjustment
I20260910 06:20:35.493939 0x1fa65e140 incremental_pipeline.cc:791] Discarding reconstruction due to bad initial pair
I20260910 06:20:35.494820 0x1fa65e140 incremental_pipeline.cc:492] Registering initial image pair #2 and #3
I20260910 06:20:35.494982 0x1fa65e140 incremental_pipeline.cc:510] Global bundle adjustment
I20260910 06:20:35.495032 0x1fa65e140 incremental_pipeline.cc:791] Discarding reconstruction due to bad initial pair
I20260910 06:20:35.495811 0x1fa65e140 incremental_pipeline.cc:492] Registering initial image pair #2 and #3
I20260910 06:20:35.495970 0x1fa65e140 incremental_pipeline.cc:510] Global bundle adjustment
I20260910 06:20:35.496026 0x1fa65e140 incremental_pipeline.cc:791] Discarding reconstruction due to bad initial pair
I20260910 06:20:35.496840 0x1fa65e140 incremental_pipeline.cc:492] Registering initial image pair #2 and #3
I20260910 06:20:35.497001 0x1fa65e140 incremental_pipeline.cc:510] Global bundle adjustment
I20260910 06:20:35.497055 0x1fa65e140 incremental_pipeline.cc:791] Discarding reconstruction due to bad initial pair
I20260910 06:20:35.498421 0x1fa65e140 incremental_pipeline.cc:492] Registering initial image pair #2 and #3
I20260910 06:20:35.498464 0x1fa65e140 incremental_pipeline.cc:791] Discarding reconstruction due to bad initial pair
I20260910 06:20:35.499891 0x1fa65e140 incremental_pipeline.cc:492] Registering initial image pair #2 and #3
I20260910 06:20:35.499939 0x1fa65e140 incremental_pipeline.cc:791] Discarding reconstruction due to bad initial pair
I20260910 06:20:35.500745 0x1fa65e140 incremental_pipeline.cc:492] Registering initial image pair #2 and #3
I20260910 06:20:35.500904 0x1fa65e140 incremental_pipeline.cc:510] Global bundle adjustment
I20260910 06:20:35.500953 0x1fa65e140 incremental_pipeline.cc:791] Discarding reconstruction due to bad initial pair
I20260910 06:20:35.501748 0x1fa65e140 incremental_pipeline.cc:492] Registering initial image pair #2 and #3
I20260910 06:20:35.501910 0x1fa65e140 incremental_pipeline.cc:510] Global bundle adjustment
I20260910 06:20:35.501959 0x1fa65e140 incremental_pipeline.cc:791] Discarding reconstruction due to bad initial pair
I20260910 06:20:35.503321 0x1fa65e140 incremental_pipeline.cc:492] Registering initial image pair #2 and #3
I20260910 06:20:35.503363 0x1fa65e140 incremental_pipeline.cc:791] Discarding reconstruction due to bad initial pair
I20260910 06:20:35.503408 0x1fa65e140 timer.cc:90] Elapsed time: 0.016 [minutes]
[0;31mE20260910 06:20:35.503412 0x1fa65e140 sfm.cc:310] Failed to create any sparse model
[m