
I20260910 06:20:33.149590 0x1fa65e140 incremental_pipeline.cc:353] Loading database
I20260910 06:20:33.150101 0x1fa65e140 database_cache.cc:73] Loading rigs...
I20260910 06:20:33.150118 0x1fa65e140 database_cache.cc:83]  1 in 0.000s
I20260910 06:20:33.150121 0x1fa65e140 database_cache.cc:91] Loading cameras...
I20260910 06:20:33.150127 0x1fa65e140 database_cache.cc:109]  1 in 0.000s
I20260910 06:20:33.150130 0x1fa65e140 database_cache.cc:117] Loading frames...
I20260910 06:20:33.150142 0x1fa65e140 database_cache.cc:127]  4 in 0.000s
I20260910 06:20:33.150145 0x1fa65e140 database_cache.cc:135] Loading matches...
I20260910 06:20:33.150165 0x1fa65e140 database_cache.cc:140]  4 in 0.000s
I20260910 06:20:33.150168 0x1fa65e140 database_cache.cc:148] Loading images...
I20260910 06:20:33.150402 0x1fa65e140 database_cache.cc:245]  4 in 0.000s (connected 4, loaded 4)
I20260910 06:20:33.150406 0x1fa65e140 database_cache.cc:259] Loading pose priors...
I20260910 06:20:33.150410 0x1fa65e140 database_cache.cc:267]  0 in 0.000s
I20260910 06:20:33.150412 0x1fa65e140 database_cache.cc:275] Building correspondence graph...
I20260910 06:20:33.150483 0x1fa65e140 database_cache.cc:304]  in 0.000s (ignored 0)
I20260910 06:20:33.150485 0x1fa65e140 timer.cc:90] Elapsed time: 0.000 [minutes]
I20260910 06:20:33.151639 0x1fa65e140 incremental_pipeline.cc:487] => Provided pair is unsuitable for initialization.
I20260910 06:20:33.151642 0x1fa65e140 incremental_pipeline.cc:791] Discarding reconstruction due to bad initial pair
I20260910 06:20:33.152527 0x1fa65e140 incremental_pipeline.cc:487] => Provided pair is unsuitable for initialization.
I20260910 06:20:33.152530 0x1fa65e140 incremental_pipeline.cc:791] Discarding reconstruction due to bad initial pair
I20260910 06:20:33.153262 0x1fa65e140 incremental_pipeline.cc:487] => Provided pair is unsuitable for initialization.
I20260910 06:20:33.153265 0x1fa65e140 incremental_pipeline.cc:791] Discarding reconstruction due to bad initial pair
I20260910 06:20:33.154168 0x1fa65e140 incremental_pipeline.cc:487] => Provided pair is unsuitable for initialization.
I20260910 06:20:33.154170 0x1fa65e140 incremental_pipeline.cc:791] Discarding reconstruction due to bad initial pair
I20260910 06:20:33.155812 0x1fa65e140 incremental_pipeline.cc:487] => Provided pair is unsuitable for initialization.
I20260910 06:20:33.155816 0x1fa65e140 incremental_pipeline.cc:791] Discarding reconstruction due to bad initial pair
I20260910 06:20:33.156611 0x1fa65e140 incremental_pipeline.cc:487] => Provided pair is unsuitable for initialization.
I20260910 06:20:33.156614 0x1fa65e140 incremental_pipeline.cc:791] Discarding reconstruction due to bad initial pair
I20260910 06:20:33.157423 0x1fa65e140 incremental_pipeline.cc:487] => Provided pair is unsuitable for initialization.
I20260910 06:20:33.157425 0x1fa65e140 incremental_pipeline.cc:791] Discarding reconstruction due to bad initial pair
I20260910 06:20:33.158220 0x1fa65e140 incremental_pipeline.cc:487] => Provided pair is unsuitable for initialization.
I20260910 06:20:33.158223 0x1fa65e140 incremental_pipeline.cc:791] Discarding reconstruction due to bad initial pair
I20260910 06:20:33.158992 0x1fa65e140 incremental_pipeline.cc:487] => Provided pair is unsuitable for initialization.
I20260910 06:20:33.158994 0x1fa65e140 incremental_pipeline.cc:791] Discarding reconstruction due to bad initial pair
I20260910 06:20:33.159972 0x1fa65e140 incremental_pipeline.cc:487] => Provided pair is unsuitable for initialization.
I20260910 06:20:33.159978 0x1fa65e140 incremental_pipeline.cc:791] Discarding reconstruction due to bad initial pair
I20260910 06:20:33.160757 0x1fa65e140 incremental_pipeline.cc:487] => Provided pair is unsuitable for initialization.
I20260910 06:20:33.160759 0x1fa65e140 incremental_pipeline.cc:791] Discarding reconstruction due to bad initial pair
I20260910 06:20:33.161715 0x1fa65e140 incremental_pipeline.cc:487] => Provided pair is unsuitable for initialization.
I20260910 06:20:33.161717 0x1fa65e140 incremental_pipeline.cc:791] Discarding reconstruction due to bad initial pair
I20260910 06:20:33.162529 0x1fa65e140 incremental_pipeline.cc:487] => Provided pair is unsuitable for initialization.
I20260910 06:20:33.162539 0x1fa65e140 incremental_pipeline.cc:791] Discarding reconstruction due to bad initial pair
I20260910 06:20:33.163297 0x1fa65e140 incremental_pipeline.cc:487] => Provided pair is unsuitable for initialization.
I20260910 06:20:33.163300 0x1fa65e140 incremental_pipeline.cc:791] Discarding reconstruction due to bad initial pair
I20260910 06:20:33.164207 0x1fa65e140 incremental_pipeline.cc:487] => Provided pair is unsuitable for initialization.
I20260910 06:20:33.164209 0x1fa65e140 incremental_pipeline.cc:791] Discarding reconstruction due to bad initial pair
I20260910 06:20:33.165087 0x1fa65e140 incremental_pipeline.cc:487] => Provided pair is unsuitable for initialization.
I20260910 06:20:33.165090 0x1fa65e140 incremental_pipeline.cc:791] Discarding reconstruction due to bad initial pair
I20260910 06:20:33.166720 0x1fa65e140 incremental_pipeline.cc:487] => Provided pair is unsuitable for initialization.
I20260910 06:20:33.166722 0x1fa65e140 incremental_pipeline.cc:791] Discarding reconstruction due to bad initial pair
I20260910 06:20:33.167664 0x1fa65e140 incremental_pipeline.cc:487] => Provided pair is unsuitable for initialization.
I20260910 06:20:33.167667 0x1fa65e140 incremental_pipeline.cc:791] Discarding reconstruction due to bad initial pair
I20260910 06:20:33.169234 0x1fa65e140 incremental_pipeline.cc:487] => Provided pair is unsuitable for initialization.
I20260910 06:20:33.169237 0x1fa65e140 incremental_pipeline.cc:791] Discarding reconstruction due to bad initial pair
I20260910 06:20:33.170099 0x1fa65e140 incremental_pipeline.cc:487] => Provided pair is unsuitable for initialization.
I20260910 06:20:33.170101 0x1fa65e140 incremental_pipeline.cc:791] Discarding reconstruction due to bad initial pair
I20260910 06:20:33.172724 0x1fa65e140 incremental_pipeline.cc:487] => Provided pair is unsuitable for initialization.
I20260910 06:20:33.172726 0x1fa65e140 incremental_pipeline.cc:791] Discarding reconstruction due to bad initial pair
I20260910 06:20:33.173556 0x1fa65e140 incremental_pipeline.cc:487] => Provided pair is unsuitable for initialization.
I20260910 06:20:33.173559 0x1fa65e140 incremental_pipeline.cc:791] Discarding reconstruction due to bad initial pair
I20260910 06:20:33.174312 0x1fa65e140 incremental_pipeline.cc:487] => Provided pair is unsuitable for initialization.
I20260910 06:20:33.174314 0x1fa65e140 incremental_pipeline.cc:791] Discarding reconstruction due to bad initial pair
I20260910 06:20:33.175124 0x1fa65e140 incremental_pipeline.cc:487] => Provided pair is unsuitable for initialization.
I20260910 06:20:33.175126 0x1fa65e140 incremental_pipeline.cc:791] Discarding reconstruction due to bad initial pair
I20260910 06:20:33.175944 0x1fa65e140 incremental_pipeline.cc:487] => Provided pair is unsuitable for initialization.
I20260910 06:20:33.175946 0x1fa65e140 incremental_pipeline.cc:791] Discarding reconstruction due to bad initial pair
I20260910 06:20:33.176808 0x1fa65e140 incremental_pipeline.cc:487] => Provided pair is unsuitable for initialization.
I20260910 06:20:33.176811 0x1fa65e140 incremental_pipeline.cc:791] Discarding reconstruction due to bad initial pair
I20260910 06:20:33.177587 0x1fa65e140 incremental_pipeline.cc:487] => Provided pair is unsuitable for initialization.
I20260910 06:20:33.177589 0x1fa65e140 incremental_pipeline.cc:791] Discarding reconstruction due to bad initial pair
I20260910 06:20:33.178403 0x1fa65e140 incremental_pipeline.cc:487] => Provided pair is unsuitable for initialization.
I20260910 06:20:33.178405 0x1fa65e140 incremental_pipeline.cc:791] Discarding reconstruction due to bad initial pair
I20260910 06:20:33.179175 0x1fa65e140 incremental_pipeline.cc:487] => Provided pair is unsuitable for initialization.
I20260910 06:20:33.179178 0x1fa65e140 incremental_pipeline.cc:791] Discarding reconstruction due to bad initial pair
I20260910 06:20:33.179961 0x1fa65e140 incremental_pipeline.cc:487] => Provided pair is unsuitable for initialization.
I20260910 06:20:33.179964 0x1fa65e140 incremental_pipeline.cc:791] Discarding reconstruction due to bad initial pair
I20260910 06:20:33.180815 0x1fa65e140 incremental_pipeline.cc:487] => Provided pair is unsuitable for initialization.
I20260910 06:20:33.180818 0x1fa65e140 incremental_pipeline.cc:791] Discarding reconstruction due to bad initial pair
I20260910 06:20:33.181590 0x1fa65e140 incremental_pipeline.cc:487] => Provided pair is unsuitable for initialization.
I20260910 06:20:33.181592 0x1fa65e140 incremental_pipeline.cc:791] Discarding reconstruction due to bad initial pair
I20260910 06:20:33.182468 0x1fa65e140 incremental_pipeline.cc:487] => Provided pair is unsuitable for initialization.
I20260910 06:20:33.182471 0x1fa65e140 incremental_pipeline.cc:791] Discarding reconstruction due to bad initial pair
I20260910 06:20:33.183255 0x1fa65e140 incremental_pipeline.cc:487] => Provided pair is unsuitable for initialization.
I20260910 06:20:33.183257 0x1fa65e140 incremental_pipeline.cc:791] Discarding reconstruction due to bad initial pair
I20260910 06:20:33.184041 0x1fa65e140 incremental_pipeline.cc:487] => Provided pair is unsuitable for initialization.
I20260910 06:20:33.184044 0x1fa65e140 incremental_pipeline.cc:791] Discarding reconstruction due to bad initial pair
I20260910 06:20:33.184855 0x1fa65e140 incremental_pipeline.cc:487] => Provided pair is unsuitable for initialization.
I20260910 06:20:33.184858 0x1fa65e140 incremental_pipeline.cc:791] Discarding reconstruction due to bad initial pair
I20260910 06:20:33.185653 0x1fa65e140 incremental_pipeline.cc:487] => Provided pair is unsuitable for initialization.
I20260910 06:20:33.185656 0x1fa65e140 incremental_pipeline.cc:791] Discarding reconstruction due to bad initial pair
I20260910 06:20:33.186523 0x1fa65e140 incremental_pipeline.cc:487] => Provided pair is unsuitable for initialization.
I20260910 06:20:33.186526 0x1fa65e140 incremental_pipeline.cc:791] Discarding reconstruction due to bad initial pair
I20260910 06:20:33.188234 0x1fa65e140 incremental_pipeline.cc:487] => Provided pair is unsuitable for initialization.
I20260910 06:20:33.188236 0x1fa65e140 incremental_pipeline.cc:791] Discarding reconstruction due to bad initial pair
I20260910 06:20:33.189091 0x1fa65e140 incremental_pipeline.cc:487] => Provided pair is unsuitable for initialization.
I20260910 06:20:33.189093 0x1fa65e140 incremental_pipeline.cc:791] Discarding reconstruction due to bad initial pair
I20260910 06:20:33.189962 0x1fa65e140 incremental_pipeline.cc:487] => Provided pair is unsuitable for initialization.
I20260910 06:20:33.189964 0x1fa65e140 incremental_pipeline.cc:791] Discarding reconstruction due to bad initial pair
I20260910 06:20:33.191616 0x1fa65e140 incremental_pipeline.cc:487] => Provided pair is unsuitable for initialization.
I20260910 06:20:33.191618 0x1fa65e140 incremental_pipeline.cc:791] Discarding reconstruction due to bad initial pair
I20260910 06:20:33.192530 0x1fa65e140 incremental_pipeline.cc:487] => Provided pair is unsuitable for initialization.
I20260910 06:20:33.192532 0x1fa65e140 incremental_pipeline.cc:791] Discarding reconstruction due to bad initial pair
I20260910 06:20:33.194381 0x1fa65e140 incremental_pipeline.cc:487] => Provided pair is unsuitable for initialization.
I20260910 06:20:33.194383 0x1fa65e140 incremental_pipeline.cc:791] Discarding reconstruction due to bad initial pair
I20260910 06:20:33.195185 0x1fa65e140 incremental_pipeline.cc:487] => Provided pair is unsuitable for initialization.
I20260910 06:20:33.195187 0x1fa65e140 incremental_pipeline.cc:791] Discarding reconstruction due to bad initial pair
I20260910 06:20:33.196030 0x1fa65e140 incremental_pipeline.cc:487] => Provided pair is unsuitable for initialization.
I20260910 06:20:33.196033 0x1fa65e140 incremental_pipeline.cc:791] Discarding reconstruction due to bad initial pair
I20260910 06:20:33.196800 0x1fa65e140 incremental_pipeline.cc:487] => Provided pair is unsuitable for initialization.
I20260910 06:20:33.196803 0x1fa65e140 incremental_pipeline.cc:791] Discarding reconstruction due to bad initial pair
I20260910 06:20:33.197668 0x1fa65e140 incremental_pipeline.cc:487] => Provided pair is unsuitable for initialization.
I20260910 06:20:33.197675 0x1fa65e140 incremental_pipeline.cc:791] Discarding reconstruction due to bad initial pair
I20260910 06:20:33.198433 0x1fa65e140 incremental_pipeline.cc:487] => Provided pair is unsuitable for initialization.
I20260910 06:20:33.198436 0x1fa65e140 incremental_pipeline.cc:791] Discarding reconstruction due to bad initial pair
I20260910 06:20:33.199267 0x1fa65e140 incremental_pipeline.cc:487] => Provided pair is unsuitable for initialization.
I20260910 06:20:33.199269 0x1fa65e140 incremental_pipeline.cc:791] Discarding reconstruction due to bad initial pair
I20260910 06:20:33.200115 0x1fa65e140 incremental_pipeline.cc:487] => Provided pair is unsuitable for initialization.
I20260910 06:20:33.200120 0x1fa65e140 incremental_pipeline.cc:791] Discarding reconstruction due to bad initial pair
I20260910 06:20:33.201830 0x1fa65e140 incremental_pipeline.cc:487] => Provided pair is unsuitable for initialization.
I20260910 06:20:33.201833 0x1fa65e140 incremental_pipeline.cc:791] Discarding reconstruction due to bad initial pair
I20260910 06:20:33.202628 0x1fa65e140 incremental_pipeline.cc:487] => Provided pair is unsuitable for initialization.
I20260910 06:20:33.202631 0x1fa65e140 incremental_pipeline.cc:791] Discarding reconstruction due to bad initial pair
I20260910 06:20:33.203500 0x1fa65e140 incremental_pipeline.cc:487] => Provided pair is unsuitable for initialization.
I20260910 06:20:33.203502 0x1fa65e140 incremental_pipeline.cc:791] Discarding reconstruction due to bad initial pair
I20260910 06:20:33.204256 0x1fa65e140 incremental_pipeline.cc:487] => Provided pair is unsuitable for initialization.
I20260910 06:20:33.204259 0x1fa65e140 incremental_pipeline.cc:791] Discarding reconstruction due to bad initial pair
I20260910 06:20:33.205071 0x1fa65e140 incremental_pipeline.cc:487] => Provided pair is unsuitable for initialization.
I20260910 06:20:33.205073 0x1fa65e140 incremental_pipeline.cc:791] Discarding reconstruction due to bad initial pair
I20260910 06:20:33.205855 0x1fa65e140 incremental_pipeline.cc:487] => Provided pair is unsuitable for initialization.
I20260910 06:20:33.205858 0x1fa65e140 incremental_pipeline.cc:791] Discarding reconstruction due to bad initial pair
I20260910 06:20:33.206587 0x1fa65e140 incremental_pipeline.cc:487] => Provided pair is unsuitable for initialization.
I20260910 06:20:33.206589 0x1fa65e140 incremental_pipeline.cc:791] Discarding reconstruction due to bad initial pair
I20260910 06:20:33.207381 0x1fa65e140 incremental_pipeline.cc:487] => Provided pair is unsuitable for initialization.
I20260910 06:20:33.207383 0x1fa65e140 incremental_pipeline.cc:791] Discarding reconstruction due to bad initial pair
I20260910 06:20:33.208203 0x1fa65e140 incremental_pipeline.cc:487] => Provided pair is unsuitable for initialization.
I20260910 06:20:33.208206 0x1fa65e140 incremental_pipeline.cc:791] Discarding reconstruction due to bad initial pair
I20260910 06:20:33.209018 0x1fa65e140 incremental_pipeline.cc:487] => Provided pair is unsuitable for initialization.
I20260910 06:20:33.209021 0x1fa65e140 incremental_pipeline.cc:791] Discarding reconstruction due to bad initial pair
I20260910 06:20:33.209848 0x1fa65e140 incremental_pipeline.cc:487] => Provided pair is unsuitable for initialization.
I20260910 06:20:33.209851 0x1fa65e140 incremental_pipeline.cc:791] Discarding reconstruction due to bad initial pair
I20260910 06:20:33.210694 0x1fa65e140 incremental_pipeline.cc:487] => Provided pair is unsuitable for initialization.
I20260910 06:20:33.210697 0x1fa65e140 incremental_pipeline.cc:791] Discarding reconstruction due to bad initial pair
I20260910 06:20:33.211477 0x1fa65e140 incremental_pipeline.cc:487] => Provided pair is unsuitable for initialization.
I20260910 06:20:33.211480 0x1fa65e140 incremental_pipeline.cc:791] Discarding reconstruction due to bad initial pair
I20260910 06:20:33.212313 0x1fa65e140 incremental_pipeline.cc:487] => Provided pair is unsuitable for initialization.
I20260910 06:20:33.212315 0x1fa65e140 incremental_pipeline.cc:791] Discarding reconstruction due to bad initial pair
I20260910 06:20:33.213208 0x1fa65e140 incremental_pipeline.cc:487] => Provided pair is unsuitable for initialization.
I20260910 06:20:33.213210 0x1fa65e140 incremental_pipeline.cc:791] Discarding reconstruction due to bad initial pair
I20260910 06:20:33.214927 0x1fa65e140 incremental_pipeline.cc:487] => Provided pair is unsuitable for initialization.
I20260910 06:20:33.214929 0x1fa65e140 incremental_pipeline.cc:791] Discarding reconstruction due to bad initial pair
I20260910 06:20:33.215680 0x1fa65e140 incremental_pipeline.cc:487] => Provided pair is unsuitable for initialization.
I20260910 06:20:33.215683 0x1fa65e140 incremental_pipeline.cc:791] Discarding reconstruction due to bad initial pair
I20260910 06:20:33.216544 0x1fa65e140 incremental_pipeline.cc:487] => Provided pair is unsuitable for initialization.
I20260910 06:20:33.216547 0x1fa65e140 incremental_pipeline.cc:791] Discarding reconstruction due to bad initial pair
I20260910 06:20:33.217304 0x1fa65e140 incremental_pipeline.cc:487] => Provided pair is unsuitable for initialization.
I20260910 06:20:33.217307 0x1fa65e140 incremental_pipeline.cc:791] Discarding reconstruction due to bad initial pair
I20260910 06:20:33.218101 0x1fa65e140 incremental_pipeline.cc:487] => Provided pair is unsuitable for initialization.
I20260910 06:20:33.218103 0x1fa65e140 incremental_pipeline.cc:791] Discarding reconstruction due to bad initial pair
I20260910 06:20:33.218934 0x1fa65e140 incremental_pipeline.cc:487] => Provided pair is unsuitable for initialization.
I20260910 06:20:33.218936 0x1fa65e140 incremental_pipeline.cc:791] Discarding reconstruction due to bad initial pair
I20260910 06:20:33.219754 0x1fa65e140 incremental_pipeline.cc:487] => Provided pair is unsuitable for initialization.
I20260910 06:20:33.219756 0x1fa65e140 incremental_pipeline.cc:791] Discarding reconstruction due to bad initial pair
I20260910 06:20:33.220814 0x1fa65e140 incremental_pipeline.cc:487] => Provided pair is unsuitable for initialization.
I20260910 06:20:33.220816 0x1fa65e140 incremental_pipeline.cc:791] Discarding reconstruction due to bad initial pair
I20260910 06:20:33.221580 0x1fa65e140 incremental_pipeline.cc:487] => Provided pair is unsuitable for initialization.
I20260910 06:20:33.221582 0x1fa65e140 incremental_pipeline.cc:791] Discarding reconstruction due to bad initial pair
I20260910 06:20:33.222295 0x1fa65e140 incremental_pipeline.cc:487] => Provided pair is unsuitable for initialization.
I20260910 06:20:33.222297 0x1fa65e140 incremental_pipeline.cc:791] Discarding reconstruction due to bad initial pair
I20260910 06:20:33.223064 0x1fa65e140 incremental_pipeline.cc:487] => Provided pair is unsuitable for initialization.
I20260910 06:20:33.223066 0x1fa65e140 incremental_pipeline.cc:791] Discarding reconstruction due to bad initial pair
I20260910 06:20:33.223860 0x1fa65e140 incremental_pipeline.cc:487] => Provided pair is unsuitable for initialization.
I20260910 06:20:33.223862 0x1fa65e140 incremental_pipeline.cc:791] Discarding reconstruction due to bad initial pair
I20260910 06:20:33.224727 0x1fa65e140 incremental_pipeline.cc:487] => Provided pair is unsuitable for initialization.
I20260910 06:20:33.224729 0x1fa65e140 incremental_pipeline.cc:791] Discarding reconstruction due to bad initial pair
I20260910 06:20:33.225532 0x1fa65e140 incremental_pipeline.cc:487] => Provided pair is unsuitable for initialization.
I20260910 06:20:33.225534 0x1fa65e140 incremental_pipeline.cc:791] Discarding reconstruction due to bad initial pair
I20260910 06:20:33.227218 0x1fa65e140 incremental_pipeline.cc:487] => Provided pair is unsuitable for initialization.
I20260910 06:20:33.227221 0x1fa65e140 incremental_pipeline.cc:791] Discarding reconstruction due to bad initial pair
I20260910 06:20:33.228044 0x1fa65e140 incremental_pipeline.cc:487] => Provided pair is unsuitable for initialization.
I20260910 06:20:33.228046 0x1fa65e140 incremental_pipeline.cc:791] Discarding reconstruction due to bad initial pair
I20260910 06:20:33.228882 0x1fa65e140 incremental_pipeline.cc:487] => Provided pair is unsuitable for initialization.
I20260910 06:20:33.228890 0x1fa65e140 incremental_pipeline.cc:791] Discarding reconstruction due to bad initial pair
I20260910 06:20:33.230386 0x1fa65e140 incremental_pipeline.cc:487] => Provided pair is unsuitable for initialization.
I20260910 06:20:33.230389 0x1fa65e140 incremental_pipeline.cc:791] Discarding reconstruction due to bad initial pair
I20260910 06:20:33.231256 0x1fa65e140 incremental_pipeline.cc:487] => Provided pair is unsuitable for initialization.
I20260910 06:20:33.231258 0x1fa65e140 incremental_pipeline.cc:791] Discarding reconstruction due to bad initial pair
I20260910 06:20:33.232882 0x1fa65e140 incremental_pipeline.cc:487] => Provided pair is unsuitable for initialization.
I20260910 06:20:33.232884 0x1fa65e140 incremental_pipeline.cc:791] Discarding reconstruction due to bad initial pair
I20260910 06:20:33.233776 0x1fa65e140 incremental_pipeline.cc:487] => Provided pair is unsuitable for initialization.
I20260910 06:20:33.233778 0x1fa65e140 incremental_pipeline.cc:791] Discarding reconstruction due to bad initial pair
I20260910 06:20:33.234542 0x1fa65e140 incremental_pipeline.cc:487] => Provided pair is unsuitable for initialization.
I20260910 06:20:33.234545 0x1fa65e140 incremental_pipeline.cc:791] Discarding reconstruction due to bad initial pair
I20260910 06:20:33.235412 0x1fa65e140 incremental_pipeline.cc:487] => Provided pair is unsuitable for initialization.
I20260910 06:20:33.235415 0x1fa65e140 incremental_pipeline.cc:791] Discarding reconstruction due to bad initial pair
I20260910 06:20:33.236172 0x1fa65e140 incremental_pipeline.cc:487] => Provided pair is unsuitable for initialization.
I20260910 06:20:33.236173 0x1fa65e140 incremental_pipeline.cc:791] Discarding reconstruction due to bad initial pair
I20260910 06:20:33.236902 0x1fa65e140 incremental_pipeline.cc:487] => Provided pair is unsuitable for initialization.
I20260910 06:20:33.236906 0x1fa65e140 incremental_pipeline.cc:791] Discarding reconstruction due to bad initial pair
I20260910 06:20:33.237739 0x1fa65e140 incremental_pipeline.cc:487] => Provided pair is unsuitable for initialization.
I20260910 06:20:33.237741 0x1fa65e140 incremental_pipeline.cc:791] Discarding reconstruction due to bad initial pair
I20260910 06:20:33.238527 0x1fa65e140 incremental_pipeline.cc:487] => Provided pair is unsuitable for initialization.
I20260910 06:20:33.238529 0x1fa65e140 incremental_pipeline.cc:791] Discarding reconstruction due to bad initial pair
I20260910 06:20:33.239330 0x1fa65e140 incremental_pipeline.cc:487] => Provided pair is unsuitable for initialization.
I20260910 06:20:33.239333 0x1fa65e140 incremental_pipeline.cc:791] Discarding reconstruction due to bad initial pair
I20260910 06:20:33.240191 0x1fa65e140 incremental_pipeline.cc:487] => Provided pair is unsuitable for initialization.
I20260910 06:20:33.240194 0x1fa65e140 incremental_pipeline.cc:791] Discarding reconstruction due to bad initial pair
I20260910 06:20:33.241057 0x1fa65e140 incremental_pipeline.cc:487] => Provided pair is unsuitable for initialization.
I20260910 06:20:33.241059 0x1fa65e140 incremental_pipeline.cc:791] Discarding reconstruction due to bad initial pair
I20260910 06:20:33.241929 0x1fa65e140 incremental_pipeline.cc:487] => Provided pair is unsuitable for initialization.
I20260910 06:20:33.241931 0x1fa65e140 incremental_pipeline.cc:791] Discarding reconstruction due to bad initial pair
I20260910 06:20:33.242713 0x1fa65e140 incremental_pipeline.cc:487] => Provided pair is unsuitable for initialization.
I20260910 06:20:33.242716 0x1fa65e140 incremental_pipeline.cc:791] Discarding reconstruction due to bad initial pair
I20260910 06:20:33.243565 0x1fa65e140 incremental_pipeline.cc:487] => Provided pair is unsuitable for initialization.
I20260910 06:20:33.243568 0x1fa65e140 incremental_pipeline.cc:791] Discarding reconstruction due to bad initial pair
I20260910 06:20:33.244376 0x1fa65e140 incremental_pipeline.cc:487] => Provided pair is unsuitable for initialization.
I20260910 06:20:33.244384 0x1fa65e140 incremental_pipeline.cc:791] Discarding reconstruction due to bad initial pair
I20260910 06:20:33.246032 0x1fa65e140 incremental_pipeline.cc:487] => Provided pair is unsuitable for initialization.
I20260910 06:20:33.246034 0x1fa65e140 incremental_pipeline.cc:791] Discarding reconstruction due to bad initial pair
I20260910 06:20:33.246877 0x1fa65e140 incremental_pipeline.cc:487] => Provided pair is unsuitable for initialization.
I20260910 06:20:33.246880 0x1fa65e140 incremental_pipeline.cc:791] Discarding reconstruction due to bad initial pair
I20260910 06:20:33.248597 0x1fa65e140 incremental_pipeline.cc:487] => Provided pair is unsuitable for initialization.
I20260910 06:20:33.248599 0x1fa65e140 incremental_pipeline.cc:791] Discarding reconstruction due to bad initial pair
I20260910 06:20:33.249383 0x1fa65e140 incremental_pipeline.cc:487] => Provided pair is unsuitable for initialization.
I20260910 06:20:33.249387 0x1fa65e140 incremental_pipeline.cc:791] Discarding reconstruction due to bad initial pair
I20260910 06:20:33.250213 0x1fa65e140 incremental_pipeline.cc:487] => Provided pair is unsuitable for initialization.
I20260910 06:20:33.250216 0x1fa65e140 incremental_pipeline.cc:791] Discarding reconstruction due to bad initial pair
I20260910 06:20:33.250992 0x1fa65e140 incremental_pipeline.cc:487] => Provided pair is unsuitable for initialization.
I20260910 06:20:33.250994 0x1fa65e140 incremental_pipeline.cc:791] Discarding reconstruction due to bad initial pair
I20260910 06:20:33.252525 0x1fa65e140 incremental_pipeline.cc:487] => Provided pair is unsuitable for initialization.
I20260910 06:20:33.252528 0x1fa65e140 incremental_pipeline.cc:791] Discarding reconstruction due to bad initial pair
I20260910 06:20:33.253261 0x1fa65e140 incremental_pipeline.cc:487] => Provided pair is unsuitable for initialization.
I20260910 06:20:33.253263 0x1fa65e140 incremental_pipeline.cc:791] Discarding reconstruction due to bad initial pair
I20260910 06:20:33.255361 0x1fa65e140 incremental_pipeline.cc:487] => Provided pair is unsuitable for initialization.
I20260910 06:20:33.255364 0x1fa65e140 incremental_pipeline.cc:791] Discarding reconstruction due to bad initial pair
I20260910 06:20:33.256139 0x1fa65e140 incremental_pipeline.cc:487] => Provided pair is unsuitable for initialization.
I20260910 06:20:33.256141 0x1fa65e140 incremental_pipeline.cc:791] Discarding reconstruction due to bad initial pair
I20260910 06:20:33.256940 0x1fa65e140 incremental_pipeline.cc:487] => Provided pair is unsuitable for initialization.
I20260910 06:20:33.256943 0x1fa65e140 incremental_pipeline.cc:791] Discarding reconstruction due to bad initial pair
I20260910 06:20:33.259015 0x1fa65e140 incremental_pipeline.cc:487] => Provided pair is unsuitable for initialization.
I20260910 06:20:33.259018 0x1fa65e140 incremental_pipeline.cc:791] Discarding reconstruction due to bad initial pair
I20260910 06:20:33.260731 0x1fa65e140 incremental_pipeline.cc:487] => Provided pair is unsuitable for initialization.
I20260910 06:20:33.260734 0x1fa65e140 incremental_pipeline.cc:791] Discarding reconstruction due to bad initial pair
I20260910 06:20:33.261481 0x1fa65e140 incremental_pipeline.cc:487] => Provided pair is unsuitable for initialization.
I20260910 06:20:33.261482 0x1fa65e140 incremental_pipeline.cc:791] Discarding reconstruction due to bad initial pair
I20260910 06:20:33.262360 0x1fa65e140 incremental_pipeline.cc:487] => Provided pair is unsuitable for initialization.
I20260910 06:20:33.262362 0x1fa65e140 incremental_pipeline.cc:791] Discarding reconstruction due to bad initial pair
I20260910 06:20:33.263223 0x1fa65e140 incremental_pipeline.cc:487] => Provided pair is unsuitable for initialization.
I20260910 06:20:33.263226 0x1fa65e140 incremental_pipeline.cc:791] Discarding reconstruction due to bad initial pair
I20260910 06:20:33.264070 0x1fa65e140 incremental_pipeline.cc:487] => Provided pair is unsuitable for initialization.
I20260910 06:20:33.264073 0x1fa65e140 incremental_pipeline.cc:791] Discarding reconstruction due to bad initial pair
I20260910 06:20:33.264887 0x1fa65e140 incremental_pipeline.cc:487] => Provided pair is unsuitable for initialization.
I20260910 06:20:33.264890 0x1fa65e140 incremental_pipeline.cc:791] Discarding reconstruction due to bad initial pair
I20260910 06:20:33.265774 0x1fa65e140 incremental_pipeline.cc:487] => Provided pair is unsuitable for initialization.
I20260910 06:20:33.265777 0x1fa65e140 incremental_pipeline.cc:791] Discarding reconstruction due to bad initial pair
I20260910 06:20:33.266503 0x1fa65e140 incremental_pipeline.cc:487] => Provided pair is unsuitable for initialization.
I20260910 06:20:33.266506 0x1fa65e140 incremental_pipeline.cc:791] Discarding reconstruction due to bad initial pair
I20260910 06:20:33.267303 0x1fa65e140 incremental_pipeline.cc:487] => Provided pair is unsuitable for initialization.
I20260910 06:20:33.267305 0x1fa65e140 incremental_pipeline.cc:791] Discarding reconstruction due to bad initial pair
I20260910 06:20:33.268076 0x1fa65e140 incremental_pipeline.cc:487] => Provided pair is unsuitable for initialization.
I20260910 06:20:33.268078 0x1fa65e140 incremental_pipeline.cc:791] Discarding reconstruction due to bad initial pair
I20260910 06:20:33.269029 0x1fa65e140 incremental_pipeline.cc:487] => Provided pair is unsuitable for initialization.
I20260910 06:20:33.269031 0x1fa65e140 incremental_pipeline.cc:791] Discarding reconstruction due to bad initial pair
I20260910 06:20:33.269785 0x1fa65e140 incremental_pipeline.cc:487] => Provided pair is unsuitable for initialization.
I20260910 06:20:33.269787 0x1fa65e140 incremental_pipeline.cc:791] Discarding reconstruction due to bad initial pair
I20260910 06:20:33.270661 0x1fa65e140 incremental_pipeline.cc:487] => Provided pair is unsuitable for initialization.
I20260910 06:20:33.270663 0x1fa65e140 incremental_pipeline.cc:791] Discarding reconstruction due to bad initial pair
I20260910 06:20:33.271495 0x1fa65e140 incremental_pipeline.cc:487] => Provided pair is unsuitable for initialization.
I20260910 06:20:33.271498 0x1fa65e140 incremental_pipeline.cc:791] Discarding reconstruction due to bad initial pair
I20260910 06:20:33.272260 0x1fa65e140 incremental_pipeline.cc:487] => Provided pair is unsuitable for initialization.
I20260910 06:20:33.272262 0x1fa65e140 incremental_pipeline.cc:791] Discarding reconstruction due to bad initial pair
I20260910 06:20:33.273948 0x1fa65e140 incremental_pipeline.cc:487] => Provided pair is unsuitable for initialization.
I20260910 06:20:33.273951 0x1fa65e140 incremental_pipeline.cc:791] Discarding reconstruction due to bad initial pair
I20260910 06:20:33.274764 0x1fa65e140 incremental_pipeline.cc:487] => Provided pair is unsuitable for initialization.
I20260910 06:20:33.274766 0x1fa65e140 incremental_pipeline.cc:791] Discarding reconstruction due to bad initial pair
I20260910 06:20:33.275539 0x1fa65e140 incremental_pipeline.cc:487] => Provided pair is unsuitable for initialization.
I20260910 06:20:33.275541 0x1fa65e140 incremental_pipeline.cc:791] Discarding reconstruction due to bad initial pair
I20260910 06:20:33.276321 0x1fa65e140 incremental_pipeline.cc:487] => Provided pair is unsuitable for initialization.
I20260910 06:20:33.276324 0x1fa65e140 incremental_pipeline.cc:791] Discarding reconstruction due to bad initial pair
I20260910 06:20:33.277134 0x1fa65e140 incremental_pipeline.cc:487] => Provided pair is unsuitable for initialization.
I20260910 06:20:33.277137 0x1fa65e140 incremental_pipeline.cc:791] Discarding reconstruction due to bad initial pair
I20260910 06:20:33.277965 0x1fa65e140 incremental_pipeline.cc:487] => Provided pair is unsuitable for initialization.
I20260910 06:20:33.277968 0x1fa65e140 incremental_pipeline.cc:791] Discarding reconstruction due to bad initial pair
I20260910 06:20:33.278863 0x1fa65e140 incremental_pipeline.cc:487] => Provided pair is unsuitable for initialization.
I20260910 06:20:33.278865 0x1fa65e140 incremental_pipeline.cc:791] Discarding reconstruction due to bad initial pair
I20260910 06:20:33.279580 0x1fa65e140 incremental_pipeline.cc:487] => Provided pair is unsuitable for initialization.
I20260910 06:20:33.279587 0x1fa65e140 incremental_pipeline.cc:791] Discarding reconstruction due to bad initial pair
I20260910 06:20:33.280379 0x1fa65e140 incremental_pipeline.cc:487] => Provided pair is unsuitable for initialization.
I20260910 06:20:33.280381 0x1fa65e140 incremental_pipeline.cc:791] Discarding reconstruction due to bad initial pair
I20260910 06:20:33.281170 0x1fa65e140 incremental_pipeline.cc:487] => Provided pair is unsuitable for initialization.
I20260910 06:20:33.281173 0x1fa65e140 incremental_pipeline.cc:791] Discarding reconstruction due to bad initial pair
I20260910 06:20:33.281974 0x1fa65e140 incremental_pipeline.cc:487] => Provided pair is unsuitable for initialization.
I20260910 06:20:33.281978 0x1fa65e140 incremental_pipeline.cc:791] Discarding reconstruction due to bad initial pair
I20260910 06:20:33.283650 0x1fa65e140 incremental_pipeline.cc:487] => Provided pair is unsuitable for initialization.
I20260910 06:20:33.283653 0x1fa65e140 incremental_pipeline.cc:791] Discarding reconstruction due to bad initial pair
I20260910 06:20:33.285457 0x1fa65e140 incremental_pipeline.cc:487] => Provided pair is unsuitable for initialization.
I20260910 06:20:33.285460 0x1fa65e140 incremental_pipeline.cc:791] Discarding reconstruction due to bad initial pair
I20260910 06:20:33.286238 0x1fa65e140 incremental_pipeline.cc:487] => Provided pair is unsuitable for initialization.
I20260910 06:20:33.286240 0x1fa65e140 incremental_pipeline.cc:791] Discarding reconstruction due to bad initial pair
I20260910 06:20:33.287289 0x1fa65e140 incremental_pipeline.cc:487] => Provided pair is unsuitable for initialization.
I20260910 06:20:33.287292 0x1fa65e140 incremental_pipeline.cc:791] Discarding reconstruction due to bad initial pair
I20260910 06:20:33.288211 0x1fa65e140 incremental_pipeline.cc:487] => Provided pair is unsuitable for initialization.
I20260910 06:20:33.288214 0x1fa65e140 incremental_pipeline.cc:791] Discarding reconstruction due to bad initial pair
I20260910 06:20:33.289807 0x1fa65e140 incremental_pipeline.cc:487] => Provided pair is unsuitable for initialization.
I20260910 06:20:33.289810 0x1fa65e140 incremental_pipeline.cc:791] Discarding reconstruction due to bad initial pair
I20260910 06:20:33.290652 0x1fa65e140 incremental_pipeline.cc:487] => Provided pair is unsuitable for initialization.
I20260910 06:20:33.290657 0x1fa65e140 incremental_pipeline.cc:791] Discarding reconstruction due to bad initial pair
I20260910 06:20:33.292333 0x1fa65e140 incremental_pipeline.cc:487] => Provided pair is unsuitable for initialization.
I20260910 06:20:33.292336 0x1fa65e140 incremental_pipeline.cc:791] Discarding reconstruction due to bad initial pair
I20260910 06:20:33.293113 0x1fa65e140 incremental_pipeline.cc:487] => Provided pair is unsuitable for initialization.
I20260910 06:20:33.293118 0x1fa65e140 incremental_pipeline.cc:791] Discarding reconstruction due to bad initial pair
I20260910 06:20:33.293854 0x1fa65e140 incremental_pipeline.cc:487] => Provided pair is unsuitable for initialization.
I20260910 06:20:33.293856 0x1fa65e140 incremental_pipeline.cc:791] Discarding reconstruction due to bad initial pair
I20260910 06:20:33.294681 0x1fa65e140 incremental_pipeline.cc:487] => Provided pair is unsuitable for initialization.
I20260910 06:20:33.294684 0x1fa65e140 incremental_pipeline.cc:791] Discarding reconstruction due to bad initial pair
I20260910 06:20:33.295426 0x1fa65e140 incremental_pipeline.cc:487] => Provided pair is unsuitable for initialization.
I20260910 06:20:33.295429 0x1fa65e140 incremental_pipeline.cc:791] Discarding reconstruction due to bad initial pair
I20260910 06:20:33.296272 0x1fa65e140 incremental_pipeline.cc:487] => Provided pair is unsuitable for initialization.
I20260910 06:20:33.296274 0x1fa65e140 incremental_pipeline.cc:791] Discarding reconstruction due to bad initial pair
I20260910 06:20:33.297071 0x1fa65e140 incremental_pipeline.cc:487] => Provided pair is unsuitable for initialization.
I20260910 06:20:33.297073 0x1fa65e140 incremental_pipeline.cc:791] Discarding reconstruction due to bad initial pair
I20260910 06:20:33.297993 0x1fa65e140 incremental_pipeline.cc:487] => Provided pair is unsuitable for initialization.
I20260910 06:20:33.297995 0x1fa65e140 incremental_pipeline.cc:791] Discarding reconstruction due to bad initial pair
I20260910 06:20:33.298770 0x1fa65e140 incremental_pipeline.cc:487] => Provided pair is unsuitable for initialization.
I20260910 06:20:33.298773 0x1fa65e140 incremental_pipeline.cc:791] Discarding reconstruction due to bad initial pair
I20260910 06:20:33.299587 0x1fa65e140 incremental_pipeline.cc:487] => Provided pair is unsuitable for initialization.
I20260910 06:20:33.299589 0x1fa65e140 incremental_pipeline.cc:791] Discarding reconstruction due to bad initial pair
I20260910 06:20:33.300485 0x1fa65e140 incremental_pipeline.cc:487] => Provided pair is unsuitable for initialization.
I20260910 06:20:33.300488 0x1fa65e140 incremental_pipeline.cc:791] Discarding reconstruction due to bad initial pair
I20260910 06:20:33.301298 0x1fa65e140 incremental_pipeline.cc:487] => Provided pair is unsuitable for initialization.
I20260910 06:20:33.301301 0x1fa65e140 incremental_pipeline.cc:791] Discarding reconstruction due to bad initial pair
I20260910 06:20:33.302104 0x1fa65e140 incremental_pipeline.cc:487] => Provided pair is unsuitable for initialization.
I20260910 06:20:33.302106 0x1fa65e140 incremental_pipeline.cc:791] Discarding reconstruction due to bad initial pair
I20260910 06:20:33.302997 0x1fa65e140 incremental_pipeline.cc:487] => Provided pair is unsuitable for initialization.
I20260910 06:20:33.302999 0x1fa65e140 incremental_pipeline.cc:791] Discarding reconstruction due to bad initial pair
I20260910 06:20:33.303742 0x1fa65e140 incremental_pipeline.cc:487] => Provided pair is unsuitable for initialization.
I20260910 06:20:33.303744 0x1fa65e140 incremental_pipeline.cc:791] Discarding reconstruction due to bad initial pair
I20260910 06:20:33.304548 0x1fa65e140 incremental_pipeline.cc:487] => Provided pair is unsuitable for initialization.
I20260910 06:20:33.304551 0x1fa65e140 incremental_pipeline.cc:791] Discarding reconstruction due to bad initial pair
I20260910 06:20:33.305407 0x1fa65e140 incremental_pipeline.cc:487] => Provided pair is unsuitable for initialization.
I20260910 06:20:33.305408 0x1fa65e140 incremental_pipeline.cc:791] Discarding reconstruction due to bad initial pair
I20260910 06:20:33.306138 0x1fa65e140 incremental_pipeline.cc:487] => Provided pair is unsuitable for initialization.
I20260910 06:20:33.306141 0x1fa65e140 incremental_pipeline.cc:791] Discarding reconstruction due to bad initial pair
I20260910 06:20:33.306935 0x1fa65e140 incremental_pipeline.cc:487] => Provided pair is unsuitable for initialization.
I20260910 06:20:33.306938 0x1fa65e140 incremental_pipeline.cc:791] Discarding reconstruction due to bad initial pair
I20260910 06:20:33.307734 0x1fa65e140 incremental_pipeline.cc:487] => Provided pair is unsuitable for initialization.
I20260910 06:20:33.307736 0x1fa65e140 incremental_pipeline.cc:791] Discarding reconstruction due to bad initial pair
I20260910 06:20:33.308500 0x1fa65e140 incremental_pipeline.cc:487] => Provided pair is unsuitable for initialization.
I20260910 06:20:33.308502 0x1fa65e140 incremental_pipeline.cc:791] Discarding reconstruction due to bad initial pair
I20260910 06:20:33.310139 0x1fa65e140 incremental_pipeline.cc:487] => Provided pair is unsuitable for initialization.
I20260910 06:20:33.310142 0x1fa65e140 incremental_pipeline.cc:791] Discarding reconstruction due to bad initial pair
I20260910 06:20:33.310888 0x1fa65e140 incremental_pipeline.cc:487] => Provided pair is unsuitable for initialization.
I20260910 06:20:33.310890 0x1fa65e140 incremental_pipeline.cc:791] Discarding reconstruction due to bad initial pair
I20260910 06:20:33.311679 0x1fa65e140 incremental_pipeline.cc:487] => Provided pair is unsuitable for initialization.
I20260910 06:20:33.311681 0x1fa65e140 incremental_pipeline.cc:791] Discarding reconstruction due to bad initial pair
I20260910 06:20:33.313320 0x1fa65e140 incremental_pipeline.cc:487] => Provided pair is unsuitable for initialization.
I20260910 06:20:33.313327 0x1fa65e140 incremental_pipeline.cc:791] Discarding reconstruction due to bad initial pair
I20260910 06:20:33.314129 0x1fa65e140 incremental_pipeline.cc:487] => Provided pair is unsuitable for initialization.
I20260910 06:20:33.314131 0x1fa65e140 incremental_pipeline.cc:791] Discarding reconstruction due to bad initial pair
I20260910 06:20:33.314980 0x1fa65e140 incremental_pipeline.cc:487] => Provided pair is unsuitable for initialization.
I20260910 06:20:33.314982 0x1fa65e140 incremental_pipeline.cc:791] Discarding reconstruction due to bad initial pair
I20260910 06:20:33.315854 0x1fa65e140 incremental_pipeline.cc:487] => Provided pair is unsuitable for initialization.
I20260910 06:20:33.315856 0x1fa65e140 incremental_pipeline.cc:791] Discarding reconstruction due to bad initial pair
I20260910 06:20:33.316577 0x1fa65e140 incremental_pipeline.cc:487] => Provided pair is unsuitable for initialization.
I20260910 06:20:33.316580 0x1fa65e140 incremental_pipeline.cc:791] Discarding reconstruction due to bad initial pair
I20260910 06:20:33.317403 0x1fa65e140 incremental_pipeline.cc:487] => Provided pair is unsuitable for initialization.
I20260910 06:20:33.317405 0x1fa65e140 incremental_pipeline.cc:791] Discarding reconstruction due to bad initial pair
I20260910 06:20:33.318170 0x1fa65e140 incremental_pipeline.cc:487] => Provided pair is unsuitable for initialization.
I20260910 06:20:33.318174 0x1fa65e140 incremental_pipeline.cc:791] Discarding reconstruction due to bad initial pair
I20260910 06:20:33.319883 0x1fa65e140 incremental_pipeline.cc:487] => Provided pair is unsuitable for initialization.
I20260910 06:20:33.319886 0x1fa65e140 incremental_pipeline.cc:791] Discarding reconstruction due to bad initial pair
I20260910 06:20:33.320640 0x1fa65e140 incremental_pipeline.cc:487] => Provided pair is unsuitable for initialization.
I20260910 06:20:33.320642 0x1fa65e140 incremental_pipeline.cc:791] Discarding reconstruction due to bad initial pair
I20260910 06:20:33.322327 0x1fa65e140 incremental_pipeline.cc:487] => Provided pair is unsuitable for initialization.
I20260910 06:20:33.322330 0x1fa65e140 incremental_pipeline.cc:791] Discarding reconstruction due to bad initial pair
I20260910 06:20:33.323952 0x1fa65e140 incremental_pipeline.cc:487] => Provided pair is unsuitable for initialization.
I20260910 06:20:33.323955 0x1fa65e140 incremental_pipeline.cc:791] Discarding reconstruction due to bad initial pair
I20260910 06:20:33.324867 0x1fa65e140 incremental_pipeline.cc:487] => Provided pair is unsuitable for initialization.
I20260910 06:20:33.324870 0x1fa65e140 incremental_pipeline.cc:791] Discarding reconstruction due to bad initial pair
I20260910 06:20:33.325701 0x1fa65e140 incremental_pipeline.cc:487] => Provided pair is unsuitable for initialization.
I20260910 06:20:33.325704 0x1fa65e140 incremental_pipeline.cc:791] Discarding reconstruction due to bad initial pair
I20260910 06:20:33.326519 0x1fa65e140 incremental_pipeline.cc:487] => Provided pair is unsuitable for initialization.
I20260910 06:20:33.326520 0x1fa65e140 incremental_pipeline.cc:791] Discarding reconstruction due to bad initial pair
I20260910 06:20:33.327351 0x1fa65e140 incremental_pipeline.cc:487] => Provided pair is unsuitable for initialization.
I20260910 06:20:33.327354 0x1fa65e140 incremental_pipeline.cc:791] Discarding reconstruction due to bad initial pair
I20260910 06:20:33.328104 0x1fa65e140 incremental_pipeline.cc:487] => Provided pair is unsuitable for initialization.
I20260910 06:20:33.328107 0x1fa65e140 incremental_pipeline.cc:791] Discarding reconstruction due to bad initial pair
I20260910 06:20:33.328867 0x1fa65e140 incremental_pipeline.cc:487] => Provided pair is unsuitable for initialization.
I20260910 06:20:33.328869 0x1fa65e140 incremental_pipeline.cc:791] Discarding reconstruction due to bad initial pair
I20260910 06:20:33.330396 0x1fa65e140 incremental_pipeline.cc:487] => Provided pair is unsuitable for initialization.
I20260910 06:20:33.330398 0x1fa65e140 incremental_pipeline.cc:791] Discarding reconstruction due to bad initial pair
I20260910 06:20:33.331191 0x1fa65e140 incremental_pipeline.cc:487] => Provided pair is unsuitable for initialization.
I20260910 06:20:33.331196 0x1fa65e140 incremental_pipeline.cc:791] Discarding reconstruction due to bad initial pair
I20260910 06:20:33.332746 0x1fa65e140 incremental_pipeline.cc:487] => Provided pair is unsuitable for initialization.
I20260910 06:20:33.332748 0x1fa65e140 incremental_pipeline.cc:791] Discarding reconstruction due to bad initial pair
I20260910 06:20:33.333599 0x1fa65e140 incremental_pipeline.cc:487] => Provided pair is unsuitable for initialization.
I20260910 06:20:33.333601 0x1fa65e140 incremental_pipeline.cc:791] Discarding reconstruction due to bad initial pair
I20260910 06:20:33.334437 0x1fa65e140 incremental_pipeline.cc:487] => Provided pair is unsuitable for initialization.
I20260910 06:20:33.334439 0x1fa65e140 incremental_pipeline.cc:791] Discarding reconstruction due to bad initial pair
I20260910 06:20:33.335317 0x1fa65e140 incremental_pipeline.cc:487] => Provided pair is unsuitable for initialization.
I20260910 06:20:33.335320 0x1fa65e140 incremental_pipeline.cc:791] Discarding reconstruction due to bad initial pair
I20260910 06:20:33.336140 0x1fa65e140 incremental_pipeline.cc:487] => Provided pair is unsuitable for initialization.
I20260910 06:20:33.336143 0x1fa65e140 incremental_pipeline.cc:791] Discarding reconstruction due to bad initial pair
I20260910 06:20:33.337807 0x1fa65e140 incremental_pipeline.cc:487] => Provided pair is unsuitable for initialization.
I20260910 06:20:33.337809 0x1fa65e140 incremental_pipeline.cc:791] Discarding reconstruction due to bad initial pair
I20260910 06:20:33.338757 0x1fa65e140 incremental_pipeline.cc:487] => Provided pair is unsuitable for initialization.
I20260910 06:20:33.338760 0x1fa65e140 incremental_pipeline.cc:791] Discarding reconstruction due to bad initial pair
I20260910 06:20:33.339543 0x1fa65e140 incremental_pipeline.cc:487] => Provided pair is unsuitable for initialization.
I20260910 06:20:33.339546 0x1fa65e140 incremental_pipeline.cc:791] Discarding reconstruction due to bad initial pair
I20260910 06:20:33.341239 0x1fa65e140 incremental_pipeline.cc:487] => Provided pair is unsuitable for initialization.
I20260910 06:20:33.341242 0x1fa65e140 incremental_pipeline.cc:791] Discarding reconstruction due to bad initial pair
I20260910 06:20:33.342922 0x1fa65e140 incremental_pipeline.cc:487] => Provided pair is unsuitable for initialization.
I20260910 06:20:33.342925 0x1fa65e140 incremental_pipeline.cc:791] Discarding reconstruction due to bad initial pair
I20260910 06:20:33.344592 0x1fa65e140 incremental_pipeline.cc:487] => Provided pair is unsuitable for initialization.
I20260910 06:20:33.344595 0x1fa65e140 incremental_pipeline.cc:791] Discarding reconstruction due to bad initial pair
I20260910 06:20:33.345360 0x1fa65e140 incremental_pipeline.cc:487] => Provided pair is unsuitable for initialization.
I20260910 06:20:33.345363 0x1fa65e140 incremental_pipeline.cc:791] Discarding reconstruction due to bad initial pair
I20260910 06:20:33.345366 0x1fa65e140 incremental_pipeline.cc:429] => Relaxing the initialization constraints.
I20260910 06:20:33.346188 0x1fa65e140 incremental_pipeline.cc:492] Registering initial image pair #3 and #4
I20260910 06:20:33.346377 0x1fa65e140 incremental_pipeline.cc:510] Global bundle adjustment
I20260910 06:20:33.346920 0x1fa65e140 incremental_pipeline.cc:791] Discarding reconstruction due to bad initial pair
I20260910 06:20:33.348618 0x1fa65e140 incremental_pipeline.cc:487] => Provided pair is unsuitable for initialization.
I20260910 06:20:33.348620 0x1fa65e140 incremental_pipeline.cc:791] Discarding reconstruction due to bad initial pair
I20260910 06:20:33.350273 0x1fa65e140 incremental_pipeline.cc:487] => Provided pair is unsuitable for initialization.
I20260910 06:20:33.350276 0x1fa65e140 incremental_pipeline.cc:791] Discarding reconstruction due to bad initial pair
I20260910 06:20:33.351115 0x1fa65e140 incremental_pipeline.cc:492] Registering initial image pair #3 and #4
I20260910 06:20:33.351283 0x1fa65e140 incremental_pipeline.cc:510] Global bundle adjustment
I20260910 06:20:33.351577 0x1fa65e140 incremental_pipeline.cc:791] Discarding reconstruction due to bad initial pair
I20260910 06:20:33.352540 0x1fa65e140 incremental_pipeline.cc:487] => Provided pair is unsuitable for initialization.
I20260910 06:20:33.352542 0x1fa65e140 incremental_pipeline.cc:791] Discarding reconstruction due to bad initial pair
I20260910 06:20:33.353412 0x1fa65e140 incremental_pipeline.cc:492] Registering initial image pair #3 and #4
I20260910 06:20:33.353573 0x1fa65e140 incremental_pipeline.cc:510] Global bundle adjustment
I20260910 06:20:33.353865 0x1fa65e140 incremental_pipeline.cc:791] Discarding reconstruction due to bad initial pair
I20260910 06:20:33.356521 0x1fa65e140 incremental_pipeline.cc:487] => Provided pair is unsuitable for initialization.
I20260910 06:20:33.356524 0x1fa65e140 incremental_pipeline.cc:791] Discarding reconstruction due to bad initial pair
I20260910 06:20:33.357274 0x1fa65e140 incremental_pipeline.cc:487] => Provided pair is unsuitable for initialization.
I20260910 06:20:33.357277 0x1fa65e140 incremental_pipeline.cc:791] Discarding reconstruction due to bad initial pair
I20260910 06:20:33.358046 0x1fa65e140 incremental_pipeline.cc:492] Registering initial image pair #3 and #4
I20260910 06:20:33.358205 0x1fa65e140 incremental_pipeline.cc:510] Global bundle adjustment
I20260910 06:20:33.358494 0x1fa65e140 incremental_pipeline.cc:791] Discarding reconstruction due to bad initial pair
I20260910 06:20:33.360238 0x1fa65e140 incremental_pipeline.cc:487] => Provided pair is unsuitable for initialization.
I20260910 06:20:33.360243 0x1fa65e140 incremental_pipeline.cc:791] Discarding reconstruction due to bad initial pair
I20260910 06:20:33.361074 0x1fa65e140 incremental_pipeline.cc:487] => Provided pair is unsuitable for initialization.
I20260910 06:20:33.361076 0x1fa65e140 incremental_pipeline.cc:791] Discarding reconstruction due to bad initial pair
I20260910 06:20:33.361955 0x1fa65e140 incremental_pipeline.cc:492] Registering initial image pair #3 and #4
I20260910 06:20:33.362113 0x1fa65e140 incremental_pipeline.cc:510] Global bundle adjustment
I20260910 06:20:33.362400 0x1fa65e140 incremental_pipeline.cc:791] Discarding reconstruction due to bad initial pair
I20260910 06:20:33.363284 0x1fa65e140 incremental_pipeline.cc:492] Registering initial image pair #3 and #4
I20260910 06:20:33.363440 0x1fa65e140 incremental_pipeline.cc:510] Global bundle adjustment
I20260910 06:20:33.363726 0x1fa65e140 incremental_pipeline.cc:791] Discarding reconstruction due to bad initial pair
I20260910 06:20:33.364537 0x1fa65e140 incremental_pipeline.cc:487] => Provided pair is unsuitable for initialization.
I20260910 06:20:33.364539 0x1fa65e140 incremental_pipeline.cc:791] Discarding reconstruction due to bad initial pair
I20260910 06:20:33.366216 0x1fa65e140 incremental_pipeline.cc:492] Registering initial image pair #3 and #4
I20260910 06:20:33.366256 0x1fa65e140 incremental_pipeline.cc:791] Discarding reconstruction due to bad initial pair
I20260910 06:20:33.368065 0x1fa65e140 incremental_pipeline.cc:487] => Provided pair is unsuitable for initialization.
I20260910 06:20:33.368068 0x1fa65e140 incremental_pipeline.cc:791] Discarding reconstruction due to bad initial pair
I20260910 06:20:33.368893 0x1fa65e140 incremental_pipeline.cc:487] => Provided pair is unsuitable for initialization.
I20260910 06:20:33.368895 0x1fa65e140 incremental_pipeline.cc:791] Discarding reconstruction due to bad initial pair
I20260910 06:20:33.369704 0x1fa65e140 incremental_pipeline.cc:487] => Provided pair is unsuitable for initialization.
I20260910 06:20:33.369707 0x1fa65e140 incremental_pipeline.cc:791] Discarding reconstruction due to bad initial pair
I20260910 06:20:33.370492 0x1fa65e140 incremental_pipeline.cc:487] => Provided pair is unsuitable for initialization.
I20260910 06:20:33.370497 0x1fa65e140 incremental_pipeline.cc:791] Discarding reconstruction due to bad initial pair
I20260910 06:20:33.372168 0x1fa65e140 incremental_pipeline.cc:487] => Provided pair is unsuitable for initialization.
I20260910 06:20:33.372170 0x1fa65e140 incremental_pipeline.cc:791] Discarding reconstruction due to bad initial pair
I20260910 06:20:33.372922 0x1fa65e140 incremental_pipeline.cc:487] => Provided pair is unsuitable for initialization.
I20260910 06:20:33.372925 0x1fa65e140 incremental_pipeline.cc:791] Discarding reconstruction due to bad initial pair
I20260910 06:20:33.373691 0x1fa65e140 incremental_pipeline.cc:487] => Provided pair is unsuitable for initialization.
I20260910 06:20:33.373693 0x1fa65e140 incremental_pipeline.cc:791] Discarding reconstruction due to bad initial pair
I20260910 06:20:33.375370 0x1fa65e140 incremental_pipeline.cc:487] => Provided pair is unsuitable for initialization.
I20260910 06:20:33.375372 0x1fa65e140 incremental_pipeline.cc:791] Discarding reconstruction due to bad initial pair
I20260910 06:20:33.377089 0x1fa65e140 incremental_pipeline.cc:487] => Provided pair is unsuitable for initialization.
I20260910 06:20:33.377092 0x1fa65e140 incremental_pipeline.cc:791] Discarding reconstruction due to bad initial pair
I20260910 06:20:33.377974 0x1fa65e140 incremental_pipeline.cc:492] Registering initial image pair #3 and #4
I20260910 06:20:33.378134 0x1fa65e140 incremental_pipeline.cc:510] Global bundle adjustment
I20260910 06:20:33.378421 0x1fa65e140 incremental_pipeline.cc:791] Discarding reconstruction due to bad initial pair
I20260910 06:20:33.379233 0x1fa65e140 incremental_pipeline.cc:492] Registering initial image pair #3 and #4
I20260910 06:20:33.379389 0x1fa65e140 incremental_pipeline.cc:510] Global bundle adjustment
I20260910 06:20:33.379674 0x1fa65e140 incremental_pipeline.cc:791] Discarding reconstruction due to bad initial pair
I20260910 06:20:33.381464 0x1fa65e140 incremental_pipeline.cc:487] => Provided pair is unsuitable for initialization.
I20260910 06:20:33.381466 0x1fa65e140 incremental_pipeline.cc:791] Discarding reconstruction due to bad initial pair
I20260910 06:20:33.382272 0x1fa65e140 incremental_pipeline.cc:492] Registering initial image pair #3 and #4
I20260910 06:20:33.382430 0x1fa65e140 incremental_pipeline.cc:510] Global bundle adjustment
I20260910 06:20:33.382715 0x1fa65e140 incremental_pipeline.cc:791] Discarding reconstruction due to bad initial pair
I20260910 06:20:33.383518 0x1fa65e140 incremental_pipeline.cc:492] Registering initial image pair #3 and #4
I20260910 06:20:33.383675 0x1fa65e140 incremental_pipeline.cc:510] Global bundle adjustment
I20260910 06:20:33.383957 0x1fa65e140 incremental_pipeline.cc:791] Discarding reconstruction due to bad initial pair
I20260910 06:20:33.385032 0x1fa65e140 incremental_pipeline.cc:492] Registering initial image pair #3 and #4
I20260910 06:20:33.385188 0x1fa65e140 incremental_pipeline.cc:510] Global bundle adjustment
I20260910 06:20:33.385473 0x1fa65e140 incremental_pipeline.cc:791] Discarding reconstruction due to bad initial pair
I20260910 06:20:33.386316 0x1fa65e140 incremental_pipeline.cc:492] Registering initial image pair #3 and #4
I20260910 06:20:33.386474 0x1fa65e140 incremental_pipeline.cc:510] Global bundle adjustment
I20260910 06:20:33.386757 0x1fa65e140 incremental_pipeline.cc:791] Discarding reconstruction due to bad initial pair
I20260910 06:20:33.388967 0x1fa65e140 incremental_pipeline.cc:487] => Provided pair is unsuitable for initialization.
I20260910 06:20:33.388970 0x1fa65e140 incremental_pipeline.cc:791] Discarding reconstruction due to bad initial pair
I20260910 06:20:33.389846 0x1fa65e140 incremental_pipeline.cc:492] Registering initial image pair #3 and #4
I20260910 06:20:33.390006 0x1fa65e140 incremental_pipeline.cc:510] Global bundle adjustment
I20260910 06:20:33.390295 0x1fa65e140 incremental_pipeline.cc:791] Discarding reconstruction due to bad initial pair
I20260910 06:20:33.391109 0x1fa65e140 incremental_pipeline.cc:487] => Provided pair is unsuitable for initialization.
I20260910 06:20:33.391111 0x1fa65e140 incremental_pipeline.cc:791] Discarding reconstruction due to bad initial pair
I20260910 06:20:33.391866 0x1fa65e140 incremental_pipeline.cc:487] => Provided pair is unsuitable for initialization.
I20260910 06:20:33.391869 0x1fa65e140 incremental_pipeline.cc:791] Discarding reconstruction due to bad initial pair
I20260910 06:20:33.393116 0x1fa65e140 incremental_pipeline.cc:487] => Provided pair is unsuitable for initialization.
I20260910 06:20:33.393119 0x1fa65e140 incremental_pipeline.cc:791] Discarding reconstruction due to bad initial pair
I20260910 06:20:33.394770 0x1fa65e140 incremental_pipeline.cc:487] => Provided pair is unsuitable for initialization.
I20260910 06:20:33.394772 0x1fa65e140 incremental_pipeline.cc:791] Discarding reconstruction due to bad initial pair
I20260910 06:20:33.396540 0x1fa65e140 incremental_pipeline.cc:487] => Provided pair is unsuitable for initialization.
I20260910 06:20:33.396542 0x1fa65e140 incremental_pipeline.cc:791] Discarding reconstruction due to bad initial pair
I20260910 06:20:33.397375 0x1fa65e140 incremental_pipeline.cc:492] Registering initial image pair #3 and #4
I20260910 06:20:33.397531 0x1fa65e140 incremental_pipeline.cc:510] Global bundle adjustment
I20260910 06:20:33.397813 0x1fa65e140 incremental_pipeline.cc:791] Discarding reconstruction due to bad initial pair
I20260910 06:20:33.398719 0x1fa65e140 incremental_pipeline.cc:492] Registering initial image pair #3 and #4
I20260910 06:20:33.398874 0x1fa65e140 incremental_pipeline.cc:510] Global bundle adjustment
I20260910 06:20:33.399159 0x1fa65e140 incremental_pipeline.cc:791] Discarding reconstruction due to bad initial pair
I20260910 06:20:33.400771 0x1fa65e140 incremental_pipeline.cc:487] => Provided pair is unsuitable for initialization.
I20260910 06:20:33.400774 0x1fa65e140 incremental_pipeline.cc:791] Discarding reconstruction due to bad initial pair
I20260910 06:20:33.402429 0x1fa65e140 incremental_pipeline.cc:492] Registering initial image pair #3 and #4
I20260910 06:20:33.402464 0x1fa65e140 incremental_pipeline.cc:791] Discarding reconstruction due to bad initial pair
I20260910 06:20:33.404212 0x1fa65e140 incremental_pipeline.cc:487] => Provided pair is unsuitable for initialization.
I20260910 06:20:33.404215 0x1fa65e140 incremental_pipeline.cc:791] Discarding reconstruction due to bad initial pair
I20260910 06:20:33.405075 0x1fa65e140 incremental_pipeline.cc:492] Registering initial image pair #3 and #4
I20260910 06:20:33.405231 0x1fa65e140 incremental_pipeline.cc:510] Global bundle adjustment
I20260910 06:20:33.405512 0x1fa65e140 incremental_pipeline.cc:791] Discarding reconstruction due to bad initial pair
I20260910 06:20:33.406349 0x1fa65e140 incremental_pipeline.cc:492] Registering initial image pair #3 and #4
I20260910 06:20:33.406508 0x1fa65e140 incremental_pipeline.cc:510] Global bundle adjustment
I20260910 06:20:33.406791 0x1fa65e140 incremental_pipeline.cc:791] Discarding reconstruction due to bad initial pair
I20260910 06:20:33.407682 0x1fa65e140 incremental_pipeline.cc:487] => Provided pair is unsuitable for initialization.
I20260910 06:20:33.407684 0x1fa65e140 incremental_pipeline.cc:791] Discarding reconstruction due to bad initial pair
I20260910 06:20:33.408544 0x1fa65e140 incremental_pipeline.cc:492] Registering initial image pair #3 and #4
I20260910 06:20:33.408702 0x1fa65e140 incremental_pipeline.cc:510] Global bundle adjustment
I20260910 06:20:33.408987 0x1fa65e140 incremental_pipeline.cc:791] Discarding reconstruction due to bad initial pair
I20260910 06:20:33.409946 0x1fa65e140 incremental_pipeline.cc:487] => Provided pair is unsuitable for initialization.
I20260910 06:20:33.409948 0x1fa65e140 incremental_pipeline.cc:791] Discarding reconstruction due to bad initial pair
I20260910 06:20:33.410788 0x1fa65e140 incremental_pipeline.cc:492] Registering initial image pair #3 and #4
I20260910 06:20:33.410944 0x1fa65e140 incremental_pipeline.cc:510] Global bundle adjustment
I20260910 06:20:33.411227 0x1fa65e140 incremental_pipeline.cc:791] Discarding reconstruction due to bad initial pair
I20260910 06:20:33.412121 0x1fa65e140 incremental_pipeline.cc:492] Registering initial image pair #3 and #4
I20260910 06:20:33.412287 0x1fa65e140 incremental_pipeline.cc:510] Global bundle adjustment
I20260910 06:20:33.412569 0x1fa65e140 incremental_pipeline.cc:791] Discarding reconstruction due to bad initial pair
I20260910 06:20:33.413404 0x1fa65e140 incremental_pipeline.cc:492] Registering initial image pair #3 and #4
I20260910 06:20:33.413562 0x1fa65e140 incremental_pipeline.cc:510] Global bundle adjustment
I20260910 06:20:33.413846 0x1fa65e140 incremental_pipeline.cc:791] Discarding reconstruction due to bad initial pair
I20260910 06:20:33.414767 0x1fa65e140 incremental_pipeline.cc:492] Registering initial image pair #3 and #4
I20260910 06:20:33.414923 0x1fa65e140 incremental_pipeline.cc:510] Global bundle adjustment
I20260910 06:20:33.415207 0x1fa65e140 incremental_pipeline.cc:791] Discarding reconstruction due to bad initial pair
I20260910 06:20:33.416928 0x1fa65e140 incremental_pipeline.cc:487] => Provided pair is unsuitable for initialization.
I20260910 06:20:33.416930 0x1fa65e140 incremental_pipeline.cc:791] Discarding reconstruction due to bad initial pair
I20260910 06:20:33.417801 0x1fa65e140 incremental_pipeline.cc:492] Registering initial image pair #3 and #4
I20260910 06:20:33.417957 0x1fa65e140 incremental_pipeline.cc:510] Global bundle adjustment
I20260910 06:20:33.418243 0x1fa65e140 incremental_pipeline.cc:791] Discarding reconstruction due to bad initial pair
I20260910 06:20:33.419006 0x1fa65e140 incremental_pipeline.cc:487] => Provided pair is unsuitable for initialization.
I20260910 06:20:33.419009 0x1fa65e140 incremental_pipeline.cc:791] Discarding reconstruction due to bad initial pair
I20260910 06:20:33.419901 0x1fa65e140 incremental_pipeline.cc:492] Registering initial image pair #3 and #4
I20260910 06:20:33.420058 0x1fa65e140 incremental_pipeline.cc:510] Global bundle adjustment
I20260910 06:20:33.420342 0x1fa65e140 incremental_pipeline.cc:791] Discarding reconstruction due to bad initial pair
I20260910 06:20:33.421210 0x1fa65e140 incremental_pipeline.cc:492] Registering initial image pair #3 and #4
I20260910 06:20:33.421369 0x1fa65e140 incremental_pipeline.cc:510] Global bundle adjustment
I20260910 06:20:33.421654 0x1fa65e140 incremental_pipeline.cc:791] Discarding reconstruction due to bad initial pair
I20260910 06:20:33.423383 0x1fa65e140 incremental_pipeline.cc:487] => Provided pair is unsuitable for initialization.
I20260910 06:20:33.423386 0x1fa65e140 incremental_pipeline.cc:791] Discarding reconstruction due to bad initial pair
I20260910 06:20:33.424134 0x1fa65e140 incremental_pipeline.cc:492] Registering initial image pair #3 and #4
I20260910 06:20:33.424293 0x1fa65e140 incremental_pipeline.cc:510] Global bundle adjustment
I20260910 06:20:33.424582 0x1fa65e140 incremental_pipeline.cc:791] Discarding reconstruction due to bad initial pair
I20260910 06:20:33.425532 0x1fa65e140 incremental_pipeline.cc:492] Registering initial image pair #3 and #4
I20260910 06:20:33.425690 0x1fa65e140 incremental_pipeline.cc:510] Global bundle adjustment
I20260910 06:20:33.425975 0x1fa65e140 incremental_pipeline.cc:791] Discarding reconstruction due to bad initial pair
I20260910 06:20:33.426941 0x1fa65e140 incremental_pipeline.cc:492] Registering initial image pair #3 and #4
I20260910 06:20:33.427099 0x1fa65e140 incremental_pipeline.cc:510] Global bundle adjustment
I20260910 06:20:33.427381 0x1fa65e140 incremental_pipeline.cc:791] Discarding reconstruction due to bad initial pair
I20260910 06:20:33.428607 0x1fa65e140 incremental_pipeline.cc:487] => Provided pair is unsuitable for initialization.
I20260910 06:20:33.428610 0x1fa65e140 incremental_pipeline.cc:791] Discarding reconstruction due to bad initial pair
I20260910 06:20:33.430247 0x1fa65e140 incremental_pipeline.cc:487] => Provided pair is unsuitable for initialization.
I20260910 06:20:33.430249 0x1fa65e140 incremental_pipeline.cc:791] Discarding reconstruction due to bad initial pair
I20260910 06:20:33.431872 0x1fa65e140 incremental_pipeline.cc:487] => Provided pair is unsuitable for initialization.
I20260910 06:20:33.431874 0x1fa65e140 incremental_pipeline.cc:791] Discarding reconstruction due to bad initial pair
I20260910 06:20:33.433522 0x1fa65e140 incremental_pipeline.cc:487] => Provided pair is unsuitable for initialization.
I20260910 06:20:33.433525 0x1fa65e140 incremental_pipeline.cc:791] Discarding reconstruction due to bad initial pair
I20260910 06:20:33.434337 0x1fa65e140 incremental_pipeline.cc:487] => Provided pair is unsuitable for initialization.
I20260910 06:20:33.434340 0x1fa65e140 incremental_pipeline.cc:791] Discarding reconstruction due to bad initial pair
I20260910 06:20:33.435125 0x1fa65e140 incremental_pipeline.cc:487] => Provided pair is unsuitable for initialization.
I20260910 06:20:33.435128 0x1fa65e140 incremental_pipeline.cc:791] Discarding reconstruction due to bad initial pair
I20260910 06:20:33.435984 0x1fa65e140 incremental_pipeline.cc:492] Registering initial image pair #3 and #4
I20260910 06:20:33.436143 0x1fa65e140 incremental_pipeline.cc:510] Global bundle adjustment
I20260910 06:20:33.436428 0x1fa65e140 incremental_pipeline.cc:791] Discarding reconstruction due to bad initial pair
I20260910 06:20:33.437258 0x1fa65e140 incremental_pipeline.cc:492] Registering initial image pair #3 and #4
I20260910 06:20:33.437414 0x1fa65e140 incremental_pipeline.cc:510] Global bundle adjustment
I20260910 06:20:33.437698 0x1fa65e140 incremental_pipeline.cc:791] Discarding reconstruction due to bad initial pair
I20260910 06:20:33.438600 0x1fa65e140 incremental_pipeline.cc:487] => Provided pair is unsuitable for initialization.
I20260910 06:20:33.438603 0x1fa65e140 incremental_pipeline.cc:791] Discarding reconstruction due to bad initial pair
I20260910 06:20:33.439384 0x1fa65e140 incremental_pipeline.cc:487] => Provided pair is unsuitable for initialization.
I20260910 06:20:33.439386 0x1fa65e140 incremental_pipeline.cc:791] Discarding reconstruction due to bad initial pair
I20260910 06:20:33.440160 0x1fa65e140 incremental_pipeline.cc:492] Registering initial image pair #3 and #4
I20260910 06:20:33.440316 0x1fa65e140 incremental_pipeline.cc:510] Global bundle adjustment
I20260910 06:20:33.440601 0x1fa65e140 incremental_pipeline.cc:791] Discarding reconstruction due to bad initial pair
I20260910 06:20:33.441528 0x1fa65e140 incremental_pipeline.cc:492] Registering initial image pair #3 and #4
I20260910 06:20:33.441686 0x1fa65e140 incremental_pipeline.cc:510] Global bundle adjustment
I20260910 06:20:33.441969 0x1fa65e140 incremental_pipeline.cc:791] Discarding reconstruction due to bad initial pair
I20260910 06:20:33.442843 0x1fa65e140 incremental_pipeline.cc:487] => Provided pair is unsuitable for initialization.
I20260910 06:20:33.442846 0x1fa65e140 incremental_pipeline.cc:791] Discarding reconstruction due to bad initial pair
I20260910 06:20:33.444571 0x1fa65e140 incremental_pipeline.cc:487] => Provided pair is unsuitable for initialization.
I20260910 06:20:33.444574 0x1fa65e140 incremental_pipeline.cc:791] Discarding reconstruction due to bad initial pair
I20260910 06:20:33.445268 0x1fa65e140 incremental_pipeline.cc:487] => Provided pair is unsuitable for initialization.
I20260910 06:20:33.445270 0x1fa65e140 incremental_pipeline.cc:791] Discarding reconstruction due to bad initial pair
I20260910 06:20:33.446061 0x1fa65e140 incremental_pipeline.cc:487] => Provided pair is unsuitable for initialization.
I20260910 06:20:33.446063 0x1fa65e140 incremental_pipeline.cc:791] Discarding reconstruction due to bad initial pair
I20260910 06:20:33.446909 0x1fa65e140 incremental_pipeline.cc:487] => Provided pair is unsuitable for initialization.
I20260910 06:20:33.446912 0x1fa65e140 incremental_pipeline.cc:791] Discarding reconstruction due to bad initial pair
I20260910 06:20:33.448295 0x1fa65e140 incremental_pipeline.cc:492] Registering initial image pair #3 and #4
I20260910 06:20:33.448454 0x1fa65e140 incremental_pipeline.cc:510] Global bundle adjustment
I20260910 06:20:33.448737 0x1fa65e140 incremental_pipeline.cc:791] Discarding reconstruction due to bad initial pair
I20260910 06:20:33.449657 0x1fa65e140 incremental_pipeline.cc:492] Registering initial image pair #3 and #4
I20260910 06:20:33.449819 0x1fa65e140 incremental_pipeline.cc:510] Global bundle adjustment
I20260910 06:20:33.450105 0x1fa65e140 incremental_pipeline.cc:791] Discarding reconstruction due to bad initial pair
I20260910 06:20:33.451295 0x1fa65e140 incremental_pipeline.cc:487] => Provided pair is unsuitable for initialization.
I20260910 06:20:33.451297 0x1fa65e140 incremental_pipeline.cc:791] Discarding reconstruction due to bad initial pair
I20260910 06:20:33.452104 0x1fa65e140 incremental_pipeline.cc:492] Registering initial image pair #3 and #4
I20260910 06:20:33.452265 0x1fa65e140 incremental_pipeline.cc:510] Global bundle adjustment
I20260910 06:20:33.452551 0x1fa65e140 incremental_pipeline.cc:791] Discarding reconstruction due to bad initial pair
I20260910 06:20:33.453533 0x1fa65e140 incremental_pipeline.cc:492] Registering initial image pair #3 and #4
I20260910 06:20:33.453691 0x1fa65e140 incremental_pipeline.cc:510] Global bundle adjustment
I20260910 06:20:33.453974 0x1fa65e140 incremental_pipeline.cc:791] Discarding reconstruction due to bad initial pair
I20260910 06:20:33.454743 0x1fa65e140 incremental_pipeline.cc:492] Registering initial image pair #3 and #4
I20260910 06:20:33.454901 0x1fa65e140 incremental_pipeline.cc:510] Global bundle adjustment
I20260910 06:20:33.455185 0x1fa65e140 incremental_pipeline.cc:791] Discarding reconstruction due to bad initial pair
I20260910 06:20:33.456118 0x1fa65e140 incremental_pipeline.cc:492] Registering initial image pair #3 and #4
I20260910 06:20:33.456275 0x1fa65e140 incremental_pipeline.cc:510] Global bundle adjustment
I20260910 06:20:33.456555 0x1fa65e140 incremental_pipeline.cc:791] Discarding reconstruction due to bad initial pair
I20260910 06:20:33.458263 0x1fa65e140 incremental_pipeline.cc:487] => Provided pair is unsuitable for initialization.
I20260910 06:20:33.458266 0x1fa65e140 incremental_pipeline.cc:791] Discarding reconstruction due to bad initial pair
I20260910 06:20:33.459030 0x1fa65e140 incremental_pipeline.cc:487] => Provided pair is unsuitable for initialization.
I20260910 06:20:33.459032 0x1fa65e140 incremental_pipeline.cc:791] Discarding reconstruction due to bad initial pair
I20260910 06:20:33.460691 0x1fa65e140 incremental_pipeline.cc:487] => Provided pair is unsuitable for initialization.
I20260910 06:20:33.460693 0x1fa65e140 incremental_pipeline.cc:791] Discarding reconstruction due to bad initial pair
I20260910 06:20:33.461491 0x1fa65e140 incremental_pipeline.cc:492] Registering initial image pair #3 and #4
I20260910 06:20:33.461649 0x1fa65e140 incremental_pipeline.cc:510] Global bundle adjustment
I20260910 06:20:33.461939 0x1fa65e140 incremental_pipeline.cc:791] Discarding reconstruction due to bad initial pair
I20260910 06:20:33.462776 0x1fa65e140 incremental_pipeline.cc:487] => Provided pair is unsuitable for initialization.
I20260910 06:20:33.462779 0x1fa65e140 incremental_pipeline.cc:791] Discarding reconstruction due to bad initial pair
I20260910 06:20:33.463635 0x1fa65e140 incremental_pipeline.cc:487] => Provided pair is unsuitable for initialization.
I20260910 06:20:33.463637 0x1fa65e140 incremental_pipeline.cc:791] Discarding reconstruction due to bad initial pair
I20260910 06:20:33.464458 0x1fa65e140 incremental_pipeline.cc:487] => Provided pair is unsuitable for initialization.
I20260910 06:20:33.464461 0x1fa65e140 incremental_pipeline.cc:791] Discarding reconstruction due to bad initial pair
I20260910 06:20:33.466021 0x1fa65e140 incremental_pipeline.cc:492] Registering initial image pair #3 and #4
I20260910 06:20:33.466059 0x1fa65e140 incremental_pipeline.cc:791] Discarding reconstruction due to bad initial pair
I20260910 06:20:33.466882 0x1fa65e140 incremental_pipeline.cc:492] Registering initial image pair #3 and #4
I20260910 06:20:33.467043 0x1fa65e140 incremental_pipeline.cc:510] Global bundle adjustment
I20260910 06:20:33.467327 0x1fa65e140 incremental_pipeline.cc:791] Discarding reconstruction due to bad initial pair
I20260910 06:20:33.468192 0x1fa65e140 incremental_pipeline.cc:492] Registering initial image pair #3 and #4
I20260910 06:20:33.468352 0x1fa65e140 incremental_pipeline.cc:510] Global bundle adjustment
I20260910 06:20:33.468633 0x1fa65e140 incremental_pipeline.cc:791] Discarding reconstruction due to bad initial pair
I20260910 06:20:33.469510 0x1fa65e140 incremental_pipeline.cc:487] => Provided pair is unsuitable for initialization.
I20260910 06:20:33.469513 0x1fa65e140 incremental_pipeline.cc:791] Discarding reconstruction due to bad initial pair
I20260910 06:20:33.470390 0x1fa65e140 incremental_pipeline.cc:487] => Provided pair is unsuitable for initialization.
I20260910 06:20:33.470395 0x1fa65e140 incremental_pipeline.cc:791] Discarding reconstruction due to bad initial pair
I20260910 06:20:33.472055 0x1fa65e140 incremental_pipeline.cc:487] => Provided pair is unsuitable for initialization.
I20260910 06:20:33.472058 0x1fa65e140 incremental_pipeline.cc:791] Discarding reconstruction due to bad initial pair
I20260910 06:20:33.472850 0x1fa65e140 incremental_pipeline.cc:487] => Provided pair is unsuitable for initialization.
I20260910 06:20:33.472853 0x1fa65e140 incremental_pipeline.cc:791] Discarding reconstruction due to bad initial pair
I20260910 06:20:33.473675 0x1fa65e140 incremental_pipeline.cc:492] Registering initial image pair #3 and #4
I20260910 06:20:33.473842 0x1fa65e140 incremental_pipeline.cc:510] Global bundle adjustment
I20260910 06:20:33.474126 0x1fa65e140 incremental_pipeline.cc:791] Discarding reconstruction due to bad initial pair
I20260910 06:20:33.474984 0x1fa65e140 incremental_pipeline.cc:492] Registering initial image pair #3 and #4
I20260910 06:20:33.475144 0x1fa65e140 incremental_pipeline.cc:510] Global bundle adjustment
I20260910 06:20:33.475427 0x1fa65e140 incremental_pipeline.cc:791] Discarding reconstruction due to bad initial pair
I20260910 06:20:33.477129 0x1fa65e140 incremental_pipeline.cc:487] => Provided pair is unsuitable for initialization.
I20260910 06:20:33.477132 0x1fa65e140 incremental_pipeline.cc:791] Discarding reconstruction due to bad initial pair
I20260910 06:20:33.477895 0x1fa65e140 incremental_pipeline.cc:492] Registering initial image pair #3 and #4
I20260910 06:20:33.478053 0x1fa65e140 incremental_pipeline.cc:510] Global bundle adjustment
I20260910 06:20:33.478338 0x1fa65e140 incremental_pipeline.cc:791] Discarding reconstruction due to bad initial pair
I20260910 06:20:33.479146 0x1fa65e140 incremental_pipeline.cc:492] Registering initial image pair #3 and #4
I20260910 06:20:33.479302 0x1fa65e140 incremental_pipeline.cc:510] Global bundle adjustment
I20260910 06:20:33.479587 0x1fa65e140 incremental_pipeline.cc:791] Discarding reconstruction due to bad initial pair
I20260910 06:20:33.480416 0x1fa65e140 incremental_pipeline.cc:492] Registering initial image pair #3 and #4
I20260910 06:20:33.480571 0x1fa65e140 incremental_pipeline.cc:510] Global bundle adjustment
I20260910 06:20:33.480857 0x1fa65e140 incremental_pipeline.cc:791] Discarding reconstruction due to bad initial pair
I20260910 06:20:33.481728 0x1fa65e140 incremental_pipeline.cc:492] Registering initial image pair #3 and #4
I20260910 06:20:33.481885 0x1fa65e140 incremental_pipeline.cc:510] Global bundle adjustment
I20260910 06:20:33.482165 0x1fa65e140 incremental_pipeline.cc:791] Discarding reconstruction due to bad initial pair
I20260910 06:20:33.483014 0x1fa65e140 incremental_pipeline.cc:492] Registering initial image pair #3 and #4
I20260910 06:20:33.483172 0x1fa65e140 incremental_pipeline.cc:510] Global bundle adjustment
I20260910 06:20:33.483454 0x1fa65e140 incremental_pipeline.cc:791] Discarding reconstruction due to bad initial pair
I20260910 06:20:33.485208 0x1fa65e140 incremental_pipeline.cc:487] => Provided pair is unsuitable for initialization.
I20260910 06:20:33.485211 0x1fa65e140 incremental_pipeline.cc:791] Discarding reconstruction due to bad initial pair
I20260910 06:20:33.486036 0x1fa65e140 incremental_pipeline.cc:487] => Provided pair is unsuitable for initialization.
I20260910 06:20:33.486038 0x1fa65e140 incremental_pipeline.cc:791] Discarding reconstruction due to bad initial pair
I20260910 06:20:33.487707 0x1fa65e140 incremental_pipeline.cc:487] => Provided pair is unsuitable for initialization.
I20260910 06:20:33.487709 0x1fa65e140 incremental_pipeline.cc:791] Discarding reconstruction due to bad initial pair
I20260910 06:20:33.488575 0x1fa65e140 incremental_pipeline.cc:487] => Provided pair is unsuitable for initialization.
I20260910 06:20:33.488577 0x1fa65e140 incremental_pipeline.cc:791] Discarding reconstruction due to bad initial pair
I20260910 06:20:33.489301 0x1fa65e140 incremental_pipeline.cc:487] => Provided pair is unsuitable for initialization.
I20260910 06:20:33.489304 0x1fa65e140 incremental_pipeline.cc:791] Discarding reconstruction due to bad initial pair
I20260910 06:20:33.490889 0x1fa65e140 incremental_pipeline.cc:487] => Provided pair is unsuitable for initialization.
I20260910 06:20:33.490892 0x1fa65e140 incremental_pipeline.cc:791] Discarding reconstruction due to bad initial pair
I20260910 06:20:33.491677 0x1fa65e140 incremental_pipeline.cc:492] Registering initial image pair #3 and #4
I20260910 06:20:33.491837 0x1fa65e140 incremental_pipeline.cc:510] Global bundle adjustment
I20260910 06:20:33.492121 0x1fa65e140 incremental_pipeline.cc:791] Discarding reconstruction due to bad initial pair
I20260910 06:20:33.493073 0x1fa65e140 incremental_pipeline.cc:492] Registering initial image pair #3 and #4
I20260910 06:20:33.493235 0x1fa65e140 incremental_pipeline.cc:510] Global bundle adjustment
I20260910 06:20:33.493520 0x1fa65e140 incremental_pipeline.cc:791] Discarding reconstruction due to bad initial pair
I20260910 06:20:33.494377 0x1fa65e140 incremental_pipeline.cc:487] => Provided pair is unsuitable for initialization.
I20260910 06:20:33.494380 0x1fa65e140 incremental_pipeline.cc:791] Discarding reconstruction due to bad initial pair
I20260910 06:20:33.496045 0x1fa65e140 incremental_pipeline.cc:487] => Provided pair is unsuitable for initialization.
I20260910 06:20:33.496048 0x1fa65e140 incremental_pipeline.cc:791] Discarding reconstruction due to bad initial pair
I20260910 06:20:33.496920 0x1fa65e140 incremental_pipeline.cc:492] Registering initial image pair #3 and #4
I20260910 06:20:33.497078 0x1fa65e140 incremental_pipeline.cc:510] Global bundle adjustment
I20260910 06:20:33.497362 0x1fa65e140 incremental_pipeline.cc:791] Discarding reconstruction due to bad initial pair
I20260910 06:20:33.498149 0x1fa65e140 incremental_pipeline.cc:487] => Provided pair is unsuitable for initialization.
I20260910 06:20:33.498152 0x1fa65e140 incremental_pipeline.cc:791] Discarding reconstruction due to bad initial pair
I20260910 06:20:33.498961 0x1fa65e140 incremental_pipeline.cc:487] => Provided pair is unsuitable for initialization.
I20260910 06:20:33.498964 0x1fa65e140 incremental_pipeline.cc:791] Discarding reconstruction due to bad initial pair
I20260910 06:20:33.499837 0x1fa65e140 incremental_pipeline.cc:487] => Provided pair is unsuitable for initialization.
I20260910 06:20:33.499841 0x1fa65e140 incremental_pipeline.cc:791] Discarding reconstruction due to bad initial pair
I20260910 06:20:33.500670 0x1fa65e140 incremental_pipeline.cc:492] Registering initial image pair #3 and #4
I20260910 06:20:33.500829 0x1fa65e140 incremental_pipeline.cc:510] Global bundle adjustment
I20260910 06:20:33.501112 0x1fa65e140 incremental_pipeline.cc:791] Discarding reconstruction due to bad initial pair
I20260910 06:20:33.502810 0x1fa65e140 incremental_pipeline.cc:487] => Provided pair is unsuitable for initialization.
I20260910 06:20:33.502812 0x1fa65e140 incremental_pipeline.cc:791] Discarding reconstruction due to bad initial pair
I20260910 06:20:33.503623 0x1fa65e140 incremental_pipeline.cc:487] => Provided pair is unsuitable for initialization.
I20260910 06:20:33.503625 0x1fa65e140 incremental_pipeline.cc:791] Discarding reconstruction due to bad initial pair
I20260910 06:20:33.504410 0x1fa65e140 incremental_pipeline.cc:487] => Provided pair is unsuitable for initialization.
I20260910 06:20:33.504413 0x1fa65e140 incremental_pipeline.cc:791] Discarding reconstruction due to bad initial pair
I20260910 06:20:33.505198 0x1fa65e140 incremental_pipeline.cc:492] Registering initial image pair #3 and #4
I20260910 06:20:33.505354 0x1fa65e140 incremental_pipeline.cc:510] Global bundle adjustment
I20260910 06:20:33.505640 0x1fa65e140 incremental_pipeline.cc:791] Discarding reconstruction due to bad initial pair
I20260910 06:20:33.506528 0x1fa65e140 incremental_pipeline.cc:492] Registering initial image pair #3 and #4
I20260910 06:20:33.506684 0x1fa65e140 incremental_pipeline.cc:510] Global bundle adjustment
I20260910 06:20:33.506973 0x1fa65e140 incremental_pipeline.cc:791] Discarding reconstruction due to bad initial pair
I20260910 06:20:33.508792 0x1fa65e140 incremental_pipeline.cc:487] => Provided pair is unsuitable for initialization.
I20260910 06:20:33.508795 0x1fa65e140 incremental_pipeline.cc:791] Discarding reconstruction due to bad initial pair
I20260910 06:20:33.509607 0x1fa65e140 incremental_pipeline.cc:492] Registering initial image pair #3 and #4
I20260910 06:20:33.509762 0x1fa65e140 incremental_pipeline.cc:510] Global bundle adjustment
I20260910 06:20:33.510049 0x1fa65e140 incremental_pipeline.cc:791] Discarding reconstruction due to bad initial pair
I20260910 06:20:33.510885 0x1fa65e140 incremental_pipeline.cc:492] Registering initial image pair #3 and #4
I20260910 06:20:33.511044 0x1fa65e140 incremental_pipeline.cc:510] Global bundle adjustment
I20260910 06:20:33.511328 0x1fa65e140 incremental_pipeline.cc:791] Discarding reconstruction due to bad initial pair
I20260910 06:20:33.512240 0x1fa65e140 incremental_pipeline.cc:492] Registering initial image pair #3 and #4
I20260910 06:20:33.512397 0x1fa65e140 incremental_pipeline.cc:510] Global bundle adjustment
I20260910 06:20:33.512682 0x1fa65e140 incremental_pipeline.cc:791] Discarding reconstruction due to bad initial pair
I20260910 06:20:33.513637 0x1fa65e140 incremental_pipeline.cc:492] Registering initial image pair #3 and #4
I20260910 06:20:33.513793 0x1fa65e140 incremental_pipeline.cc:510] Global bundle adjustment
I20260910 06:20:33.514076 0x1fa65e140 incremental_pipeline.cc:791] Discarding reconstruction due to bad initial pair
I20260910 06:20:33.514992 0x1fa65e140 incremental_pipeline.cc:492] Registering initial image pair #3 and #4
I20260910 06:20:33.515148 0x1fa65e140 incremental_pipeline.cc:510] Global bundle adjustment
I20260910 06:20:33.515431 0x1fa65e140 incremental_pipeline.cc:791] Discarding reconstruction due to bad initial pair
I20260910 06:20:33.516314 0x1fa65e140 incremental_pipeline.cc:492] Registering initial image pair #3 and #4
I20260910 06:20:33.516472 0x1fa65e140 incremental_pipeline.cc:510] Global bundle adjustment
I20260910 06:20:33.516759 0x1fa65e140 incremental_pipeline.cc:791] Discarding reconstruction due to bad initial pair
I20260910 06:20:33.517637 0x1fa65e140 incremental_pipeline.cc:492] Registering initial image pair #3 and #4
I20260910 06:20:33.517795 0x1fa65e140 incremental_pipeline.cc:510] Global bundle adjustment
I20260910 06:20:33.518076 0x1fa65e140 incremental_pipeline.cc:791] Discarding reconstruction due to bad initial pair
I20260910 06:20:33.518921 0x1fa65e140 incremental_pipeline.cc:492] Registering initial image pair #3 and #4
I20260910 06:20:33.519077 0x1fa65e140 incremental_pipeline.cc:510] Global bundle adjustment
I20260910 06:20:33.519361 0x1fa65e140 incremental_pipeline.cc:791] Discarding reconstruction due to bad initial pair
I20260910 06:20:33.521094 0x1fa65e140 incremental_pipeline.cc:487] => Provided pair is unsuitable for initialization.
I20260910 06:20:33.521097 0x1fa65e140 incremental_pipeline.cc:791] Discarding reconstruction due to bad initial pair
I20260910 06:20:33.522850 0x1fa65e140 incremental_pipeline.cc:487] => Provided pair is unsuitable for initialization.
I20260910 06:20:33.522853 0x1fa65e140 incremental_pipeline.cc:791] Discarding reconstruction due to bad initial pair
I20260910 06:20:33.523634 0x1fa65e140 incremental_pipeline.cc:492] Registering initial image pair #3 and #4
I20260910 06:20:33.523793 0x1fa65e140 incremental_pipeline.cc:510] Global bundle adjustment
I20260910 06:20:33.524077 0x1fa65e140 incremental_pipeline.cc:791] Discarding reconstruction due to bad initial pair
I20260910 06:20:33.524957 0x1fa65e140 incremental_pipeline.cc:487] => Provided pair is unsuitable for initialization.
I20260910 06:20:33.524959 0x1fa65e140 incremental_pipeline.cc:791] Discarding reconstruction due to bad initial pair
I20260910 06:20:33.525772 0x1fa65e140 incremental_pipeline.cc:487] => Provided pair is unsuitable for initialization.
I20260910 06:20:33.525774 0x1fa65e140 incremental_pipeline.cc:791] Discarding reconstruction due to bad initial pair
I20260910 06:20:33.526594 0x1fa65e140 incremental_pipeline.cc:487] => Provided pair is unsuitable for initialization.
I20260910 06:20:33.526597 0x1fa65e140 incremental_pipeline.cc:791] Discarding reconstruction due to bad initial pair
I20260910 06:20:33.528276 0x1fa65e140 incremental_pipeline.cc:492] Registering initial image pair #3 and #4
I20260910 06:20:33.528312 0x1fa65e140 incremental_pipeline.cc:791] Discarding reconstruction due to bad initial pair
I20260910 06:20:33.530081 0x1fa65e140 incremental_pipeline.cc:487] => Provided pair is unsuitable for initialization.
I20260910 06:20:33.530083 0x1fa65e140 incremental_pipeline.cc:791] Discarding reconstruction due to bad initial pair
I20260910 06:20:33.531037 0x1fa65e140 incremental_pipeline.cc:492] Registering initial image pair #3 and #4
I20260910 06:20:33.531194 0x1fa65e140 incremental_pipeline.cc:510] Global bundle adjustment
I20260910 06:20:33.531479 0x1fa65e140 incremental_pipeline.cc:791] Discarding reconstruction due to bad initial pair
I20260910 06:20:33.532463 0x1fa65e140 incremental_pipeline.cc:492] Registering initial image pair #3 and #4
I20260910 06:20:33.532621 0x1fa65e140 incremental_pipeline.cc:510] Global bundle adjustment
I20260910 06:20:33.532918 0x1fa65e140 incremental_pipeline.cc:791] Discarding reconstruction due to bad initial pair
I20260910 06:20:33.533776 0x1fa65e140 incremental_pipeline.cc:487] => Provided pair is unsuitable for initialization.
I20260910 06:20:33.533779 0x1fa65e140 incremental_pipeline.cc:791] Discarding reconstruction due to bad initial pair
I20260910 06:20:33.534609 0x1fa65e140 incremental_pipeline.cc:487] => Provided pair is unsuitable for initialization.
I20260910 06:20:33.534611 0x1fa65e140 incremental_pipeline.cc:791] Discarding reconstruction due to bad initial pair
I20260910 06:20:33.536385 0x1fa65e140 incremental_pipeline.cc:487] => Provided pair is unsuitable for initialization.
I20260910 06:20:33.536387 0x1fa65e140 incremental_pipeline.cc:791] Discarding reconstruction due to bad initial pair
I20260910 06:20:33.538054 0x1fa65e140 incremental_pipeline.cc:487] => Provided pair is unsuitable for initialization.
I20260910 06:20:33.538056 0x1fa65e140 incremental_pipeline.cc:791] Discarding reconstruction due to bad initial pair
I20260910 06:20:33.538838 0x1fa65e140 incremental_pipeline.cc:487] => Provided pair is unsuitable for initialization.
I20260910 06:20:33.538840 0x1fa65e140 incremental_pipeline.cc:791] Discarding reconstruction due to bad initial pair
I20260910 06:20:33.539612 0x1fa65e140 incremental_pipeline.cc:492] Registering initial image pair #3 and #4
I20260910 06:20:33.539770 0x1fa65e140 incremental_pipeline.cc:510] Global bundle adjustment
I20260910 06:20:33.540056 0x1fa65e140 incremental_pipeline.cc:791] Discarding reconstruction due to bad initial pair
I20260910 06:20:33.540958 0x1fa65e140 incremental_pipeline.cc:492] Registering initial image pair #3 and #4
I20260910 06:20:33.541116 0x1fa65e140 incremental_pipeline.cc:510] Global bundle adjustment
I20260910 06:20:33.541399 0x1fa65e140 incremental_pipeline.cc:791] Discarding reconstruction due to bad initial pair
I20260910 06:20:33.542277 0x1fa65e140 incremental_pipeline.cc:492] Registering initial image pair #3 and #4
I20260910 06:20:33.542435 0x1fa65e140 incremental_pipeline.cc:510] Global bundle adjustment
I20260910 06:20:33.542717 0x1fa65e140 incremental_pipeline.cc:791] Discarding reconstruction due to bad initial pair
I20260910 06:20:33.543592 0x1fa65e140 incremental_pipeline.cc:492] Registering initial image pair #3 and #4
I20260910 06:20:33.543755 0x1fa65e140 incremental_pipeline.cc:510] Global bundle adjustment
I20260910 06:20:33.544041 0x1fa65e140 incremental_pipeline.cc:791] Discarding reconstruction due to bad initial pair
I20260910 06:20:33.544923 0x1fa65e140 incremental_pipeline.cc:492] Registering initial image pair #3 and #4
I20260910 06:20:33.545078 0x1fa65e140 incremental_pipeline.cc:510] Global bundle adjustment
I20260910 06:20:33.545363 0x1fa65e140 incremental_pipeline.cc:791] Discarding reconstruction due to bad initial pair
I20260910 06:20:33.546201 0x1fa65e140 incremental_pipeline.cc:492] Registering initial image pair #3 and #4
I20260910 06:20:33.546359 0x1fa65e140 incremental_pipeline.cc:510] Global bundle adjustment
I20260910 06:20:33.546644 0x1fa65e140 incremental_pipeline.cc:791] Discarding reconstruction due to bad initial pair
I20260910 06:20:33.547449 0x1fa65e140 incremental_pipeline.cc:492] Registering initial image pair #3 and #4
I20260910 06:20:33.547606 0x1fa65e140 incremental_pipeline.cc:510] Global bundle adjustment
I20260910 06:20:33.547888 0x1fa65e140 incremental_pipeline.cc:791] Discarding reconstruction due to bad initial pair
I20260910 06:20:33.548747 0x1fa65e140 incremental_pipeline.cc:487] => Provided pair is unsuitable for initialization.
I20260910 06:20:33.548750 0x1fa65e140 incremental_pipeline.cc:791] Discarding reconstruction due to bad initial pair
I20260910 06:20:33.549562 0x1fa65e140 incremental_pipeline.cc:487] => Provided pair is unsuitable for initialization.
I20260910 06:20:33.549564 0x1fa65e140 incremental_pipeline.cc:791] Discarding reconstruction due to bad initial pair
I20260910 06:20:33.550398 0x1fa65e140 incremental_pipeline.cc:487] => Provided pair is unsuitable for initialization.
I20260910 06:20:33.550400 0x1fa65e140 incremental_pipeline.cc:791] Discarding reconstruction due to bad initial pair
I20260910 06:20:33.551083 0x1fa65e140 incremental_pipeline.cc:487] => Provided pair is unsuitable for initialization.
I20260910 06:20:33.551086 0x1fa65e140 incremental_pipeline.cc:791] Discarding reconstruction due to bad initial pair
I20260910 06:20:33.551973 0x1fa65e140 incremental_pipeline.cc:492] Registering initial image pair #3 and #4
I20260910 06:20:33.552130 0x1fa65e140 incremental_pipeline.cc:510] Global bundle adjustment
I20260910 06:20:33.552414 0x1fa65e140 incremental_pipeline.cc:791] Discarding reconstruction due to bad initial pair
I20260910 06:20:33.554091 0x1fa65e140 incremental_pipeline.cc:492] Registering initial image pair #3 and #4
I20260910 06:20:33.554128 0x1fa65e140 incremental_pipeline.cc:791] Discarding reconstruction due to bad initial pair
I20260910 06:20:33.554927 0x1fa65e140 incremental_pipeline.cc:487] => Provided pair is unsuitable for initialization.
I20260910 06:20:33.554929 0x1fa65e140 incremental_pipeline.cc:791] Discarding reconstruction due to bad initial pair
I20260910 06:20:33.555877 0x1fa65e140 incremental_pipeline.cc:487] => Provided pair is unsuitable for initialization.
I20260910 06:20:33.555879 0x1fa65e140 incremental_pipeline.cc:791] Discarding reconstruction due to bad initial pair
I20260910 06:20:33.556777 0x1fa65e140 incremental_pipeline.cc:492] Registering initial image pair #3 and #4
I20260910 06:20:33.556939 0x1fa65e140 incremental_pipeline.cc:510] Global bundle adjustment
I20260910 06:20:33.557228 0x1fa65e140 incremental_pipeline.cc:791] Discarding reconstruction due to bad initial pair
I20260910 06:20:33.558222 0x1fa65e140 incremental_pipeline.cc:487] => Provided pair is unsuitable for initialization.
I20260910 06:20:33.558225 0x1fa65e140 incremental_pipeline.cc:791] Discarding reconstruction due to bad initial pair
I20260910 06:20:33.559943 0x1fa65e140 incremental_pipeline.cc:487] => Provided pair is unsuitable for initialization.
I20260910 06:20:33.559945 0x1fa65e140 incremental_pipeline.cc:791] Discarding reconstruction due to bad initial pair
I20260910 06:20:33.560753 0x1fa65e140 incremental_pipeline.cc:492] Registering initial image pair #3 and #4
I20260910 06:20:33.560913 0x1fa65e140 incremental_pipeline.cc:510] Global bundle adjustment
I20260910 06:20:33.561213 0x1fa65e140 incremental_pipeline.cc:791] Discarding reconstruction due to bad initial pair
I20260910 06:20:33.562795 0x1fa65e140 incremental_pipeline.cc:492] Registering initial image pair #3 and #4
I20260910 06:20:33.562832 0x1fa65e140 incremental_pipeline.cc:791] Discarding reconstruction due to bad initial pair
I20260910 06:20:33.563776 0x1fa65e140 incremental_pipeline.cc:492] Registering initial image pair #3 and #4
I20260910 06:20:33.563937 0x1fa65e140 incremental_pipeline.cc:510] Global bundle adjustment
I20260910 06:20:33.564231 0x1fa65e140 incremental_pipeline.cc:791] Discarding reconstruction due to bad initial pair
I20260910 06:20:33.565054 0x1fa65e140 incremental_pipeline.cc:492] Registering initial image pair #3 and #4
I20260910 06:20:33.565215 0x1fa65e140 incremental_pipeline.cc:510] Global bundle adjustment
I20260910 06:20:33.565506 0x1fa65e140 incremental_pipeline.cc:791] Discarding reconstruction due to bad initial pair
I20260910 06:20:33.566381 0x1fa65e140 incremental_pipeline.cc:487] => Provided pair is unsuitable for initialization.
I20260910 06:20:33.566384 0x1fa65e140 incremental_pipeline.cc:791] Discarding reconstruction due to bad initial pair
I20260910 06:20:33.567247 0x1fa65e140 incremental_pipeline.cc:492] Registering initial image pair #3 and #4
I20260910 06:20:33.567406 0x1fa65e140 incremental_pipeline.cc:510] Global bundle adjustment
I20260910 06:20:33.567697 0x1fa65e140 incremental_pipeline.cc:791] Discarding reconstruction due to bad initial pair
I20260910 06:20:33.568540 0x1fa65e140 incremental_pipeline.cc:492] Registering initial image pair #3 and #4
I20260910 06:20:33.568698 0x1fa65e140 incremental_pipeline.cc:510] Global bundle adjustment
I20260910 06:20:33.568981 0x1fa65e140 incremental_pipeline.cc:791] Discarding reconstruction due to bad initial pair
I20260910 06:20:33.569813 0x1fa65e140 incremental_pipeline.cc:487] => Provided pair is unsuitable for initialization.
I20260910 06:20:33.569815 0x1fa65e140 incremental_pipeline.cc:791] Discarding reconstruction due to bad initial pair
I20260910 06:20:33.570623 0x1fa65e140 incremental_pipeline.cc:492] Registering initial image pair #3 and #4
I20260910 06:20:33.570780 0x1fa65e140 incremental_pipeline.cc:510] Global bundle adjustment
I20260910 06:20:33.571064 0x1fa65e140 incremental_pipeline.cc:791] Discarding reconstruction due to bad initial pair
I20260910 06:20:33.571931 0x1fa65e140 incremental_pipeline.cc:492] Registering initial image pair #3 and #4
I20260910 06:20:33.572087 0x1fa65e140 incremental_pipeline.cc:510] Global bundle adjustment
I20260910 06:20:33.572376 0x1fa65e140 incremental_pipeline.cc:791] Discarding reconstruction due to bad initial pair
I20260910 06:20:33.573242 0x1fa65e140 incremental_pipeline.cc:492] Registering initial image pair #3 and #4
I20260910 06:20:33.573405 0x1fa65e140 incremental_pipeline.cc:510] Global bundle adjustment
I20260910 06:20:33.573692 0x1fa65e140 incremental_pipeline.cc:791] Discarding reconstruction due to bad initial pair
I20260910 06:20:33.574540 0x1fa65e140 incremental_pipeline.cc:492] Registering initial image pair #3 and #4
I20260910 06:20:33.574697 0x1fa65e140 incremental_pipeline.cc:510] Global bundle adjustment
I20260910 06:20:33.574980 0x1fa65e140 incremental_pipeline.cc:791] Discarding reconstruction due to bad initial pair
I20260910 06:20:33.575771 0x1fa65e140 incremental_pipeline.cc:487] => Provided pair is unsuitable for initialization.
I20260910 06:20:33.575774 0x1fa65e140 incremental_pipeline.cc:791] Discarding reconstruction due to bad initial pair
I20260910 06:20:33.576582 0x1fa65e140 incremental_pipeline.cc:487] => Provided pair is unsuitable for initialization.
I20260910 06:20:33.576585 0x1fa65e140 incremental_pipeline.cc:791] Discarding reconstruction due to bad initial pair
I20260910 06:20:33.577552 0x1fa65e140 incremental_pipeline.cc:487] => Provided pair is unsuitable for initialization.
I20260910 06:20:33.577554 0x1fa65e140 incremental_pipeline.cc:791] Discarding reconstruction due to bad initial pair
I20260910 06:20:33.578377 0x1fa65e140 incremental_pipeline.cc:492] Registering initial image pair #3 and #4
I20260910 06:20:33.578542 0x1fa65e140 incremental_pipeline.cc:510] Global bundle adjustment
I20260910 06:20:33.578822 0x1fa65e140 incremental_pipeline.cc:791] Discarding reconstruction due to bad initial pair
I20260910 06:20:33.580116 0x1fa65e140 incremental_pipeline.cc:487] => Provided pair is unsuitable for initialization.
I20260910 06:20:33.580118 0x1fa65e140 incremental_pipeline.cc:791] Discarding reconstruction due to bad initial pair
I20260910 06:20:33.581005 0x1fa65e140 incremental_pipeline.cc:492] Registering initial image pair #3 and #4
I20260910 06:20:33.581163 0x1fa65e140 incremental_pipeline.cc:510] Global bundle adjustment
I20260910 06:20:33.581445 0x1fa65e140 incremental_pipeline.cc:791] Discarding reconstruction due to bad initial pair
I20260910 06:20:33.582242 0x1fa65e140 incremental_pipeline.cc:492] Registering initial image pair #3 and #4
I20260910 06:20:33.582400 0x1fa65e140 incremental_pipeline.cc:510] Global bundle adjustment
I20260910 06:20:33.582681 0x1fa65e140 incremental_pipeline.cc:791] Discarding reconstruction due to bad initial pair
I20260910 06:20:33.583543 0x1fa65e140 incremental_pipeline.cc:492] Registering initial image pair #3 and #4
I20260910 06:20:33.583701 0x1fa65e140 incremental_pipeline.cc:510] Global bundle adjustment
I20260910 06:20:33.583981 0x1fa65e140 incremental_pipeline.cc:791] Discarding reconstruction due to bad initial pair
I20260910 06:20:33.584849 0x1fa65e140 incremental_pipeline.cc:492] Registering initial image pair #3 and #4
I20260910 06:20:33.585008 0x1fa65e140 incremental_pipeline.cc:510] Global bundle adjustment
I20260910 06:20:33.585291 0x1fa65e140 incremental_pipeline.cc:791] Discarding reconstruction due to bad initial pair
I20260910 06:20:33.586343 0x1fa65e140 incremental_pipeline.cc:492] Registering initial image pair #3 and #4
I20260910 06:20:33.586501 0x1fa65e140 incremental_pipeline.cc:510] Global bundle adjustment
I20260910 06:20:33.586782 0x1fa65e140 incremental_pipeline.cc:791] Discarding reconstruction due to bad initial pair
I20260910 06:20:33.587621 0x1fa65e140 incremental_pipeline.cc:487] => Provided pair is unsuitable for initialization.
I20260910 06:20:33.587625 0x1fa65e140 incremental_pipeline.cc:791] Discarding reconstruction due to bad initial pair
I20260910 06:20:33.588470 0x1fa65e140 incremental_pipeline.cc:492] Registering initial image pair #3 and #4
I20260910 06:20:33.588631 0x1fa65e140 incremental_pipeline.cc:510] Global bundle adjustment
I20260910 06:20:33.588916 0x1fa65e140 incremental_pipeline.cc:791] Discarding reconstruction due to bad initial pair
I20260910 06:20:33.589798 0x1fa65e140 incremental_pipeline.cc:487] => Provided pair is unsuitable for initialization.
I20260910 06:20:33.589801 0x1fa65e140 incremental_pipeline.cc:791] Discarding reconstruction due to bad initial pair
I20260910 06:20:33.590601 0x1fa65e140 incremental_pipeline.cc:492] Registering initial image pair #3 and #4
I20260910 06:20:33.590762 0x1fa65e140 incremental_pipeline.cc:510] Global bundle adjustment
I20260910 06:20:33.591046 0x1fa65e140 incremental_pipeline.cc:791] Discarding reconstruction due to bad initial pair
I20260910 06:20:33.591896 0x1fa65e140 incremental_pipeline.cc:487] => Provided pair is unsuitable for initialization.
I20260910 06:20:33.591899 0x1fa65e140 incremental_pipeline.cc:791] Discarding reconstruction due to bad initial pair
I20260910 06:20:33.592697 0x1fa65e140 incremental_pipeline.cc:487] => Provided pair is unsuitable for initialization.
I20260910 06:20:33.592699 0x1fa65e140 incremental_pipeline.cc:791] Discarding reconstruction due to bad initial pair
I20260910 06:20:33.593460 0x1fa65e140 incremental_pipeline.cc:487] => Provided pair is unsuitable for initialization.
I20260910 06:20:33.593462 0x1fa65e140 incremental_pipeline.cc:791] Discarding reconstruction due to bad initial pair
I20260910 06:20:33.594239 0x1fa65e140 incremental_pipeline.cc:487] => Provided pair is unsuitable for initialization.
I20260910 06:20:33.594241 0x1fa65e140 incremental_pipeline.cc:791] Discarding reconstruction due to bad initial pair
I20260910 06:20:33.595020 0x1fa65e140 incremental_pipeline.cc:492] Registering initial image pair #3 and #4
I20260910 06:20:33.595182 0x1fa65e140 incremental_pipeline.cc:510] Global bundle adjustment
I20260910 06:20:33.595469 0x1fa65e140 incremental_pipeline.cc:791] Discarding reconstruction due to bad initial pair
I20260910 06:20:33.595516 0x1fa65e140 incremental_pipeline.cc:442] => Relaxing the initialization constraints.
I20260910 06:20:33.596270 0x1fa65e140 incremental_pipeline.cc:492] Registering initial image pair #3 and #4
I20260910 06:20:33.596427 0x1fa65e140 incremental_pipeline.cc:510] Global bundle adjustment
I20260910 06:20:33.596495 0x1fa65e140 incremental_pipeline.cc:791] Discarding reconstruction due to bad initial pair
I20260910 06:20:33.597327 0x1fa65e140 incremental_pipeline.cc:492] Registering initial image pair #3 and #4
I20260910 06:20:33.597484 0x1fa65e140 incremental_pipeline.cc:510] Global bundle adjustment
I20260910 06:20:33.597553 0x1fa65e140 incremental_pipeline.cc:791] Discarding reconstruction due to bad initial pair
I20260910 06:20:33.598429 0x1fa65e140 incremental_pipeline.cc:492] Registering initial image pair #3 and #4
I20260910 06:20:33.598591 0x1fa65e140 incremental_pipeline.cc:510] Global bundle adjustment
I20260910 06:20:33.598880 0x1fa65e140 incremental_pipeline.cc:791] Discarding reconstruction due to bad initial pair
I20260910 06:20:33.599823 0x1fa65e140 incremental_pipeline.cc:492] Registering initial image pair #3 and #4
I20260910 06:20:33.599980 0x1fa65e140 incremental_pipeline.cc:510] Global bundle adjustment
I20260910 06:20:33.600274 0x1fa65e140 incremental_pipeline.cc:791] Discarding reconstruction due to bad initial pair
I20260910 06:20:33.601926 0x1fa65e140 incremental_pipeline.cc:487] => Provided pair is unsuitable for initialization.
I20260910 06:20:33.601928 0x1fa65e140 incremental_pipeline.cc:791] Discarding reconstruction due to bad initial pair
I20260910 06:20:33.603572 0x1fa65e140 incremental_pipeline.cc:492] Registering initial image pair #3 and #4
I20260910 06:20:33.603610 0x1fa65e140 incremental_pipeline.cc:791] Discarding reconstruction due to bad initial pair
I20260910 06:20:33.604449 0x1fa65e140 incremental_pipeline.cc:492] Registering initial image pair #3 and #4
I20260910 06:20:33.604605 0x1fa65e140 incremental_pipeline.cc:510] Global bundle adjustment
I20260910 06:20:33.604887 0x1fa65e140 incremental_pipeline.cc:791] Discarding reconstruction due to bad initial pair
I20260910 06:20:33.605858 0x1fa65e140 incremental_pipeline.cc:492] Registering initial image pair #3 and #4
I20260910 06:20:33.606020 0x1fa65e140 incremental_pipeline.cc:510] Global bundle adjustment
I20260910 06:20:33.606304 0x1fa65e140 incremental_pipeline.cc:791] Discarding reconstruction due to bad initial pair
I20260910 06:20:33.608053 0x1fa65e140 incremental_pipeline.cc:492] Registering initial image pair #3 and #4
I20260910 06:20:33.608090 0x1fa65e140 incremental_pipeline.cc:791] Discarding reconstruction due to bad initial pair
I20260910 06:20:33.608934 0x1fa65e140 incremental_pipeline.cc:492] Registering initial image pair #3 and #4
I20260910 06:20:33.609089 0x1fa65e140 incremental_pipeline.cc:510] Global bundle adjustment
I20260910 06:20:33.609371 0x1fa65e140 incremental_pipeline.cc:791] Discarding reconstruction due to bad initial pair
I20260910 06:20:33.610205 0x1fa65e140 incremental_pipeline.cc:492] Registering initial image pair #3 and #4
I20260910 06:20:33.610364 0x1fa65e140 incremental_pipeline.cc:510] Global bundle adjustment
I20260910 06:20:33.610645 0x1fa65e140 incremental_pipeline.cc:791] Discarding reconstruction due to bad initial pair
I20260910 06:20:33.612341 0x1fa65e140 incremental_pipeline.cc:487] => Provided pair is unsuitable for initialization.
I20260910 06:20:33.612343 0x1fa65e140 incremental_pipeline.cc:791] Discarding reconstruction due to bad initial pair
I20260910 06:20:33.613139 0x1fa65e140 incremental_pipeline.cc:492] Registering initial image pair #3 and #4
I20260910 06:20:33.613302 0x1fa65e140 incremental_pipeline.cc:510] Global bundle adjustment
I20260910 06:20:33.613596 0x1fa65e140 incremental_pipeline.cc:791] Discarding reconstruction due to bad initial pair
I20260910 06:20:33.614440 0x1fa65e140 incremental_pipeline.cc:492] Registering initial image pair #3 and #4
I20260910 06:20:33.614596 0x1fa65e140 incremental_pipeline.cc:510] Global bundle adjustment
I20260910 06:20:33.614667 0x1fa65e140 incremental_pipeline.cc:791] Discarding reconstruction due to bad initial pair
I20260910 06:20:33.615538 0x1fa65e140 incremental_pipeline.cc:492] Registering initial image pair #3 and #4
I20260910 06:20:33.615701 0x1fa65e140 incremental_pipeline.cc:510] Global bundle adjustment
I20260910 06:20:33.615771 0x1fa65e140 incremental_pipeline.cc:791] Discarding reconstruction due to bad initial pair
I20260910 06:20:33.616653 0x1fa65e140 incremental_pipeline.cc:492] Registering initial image pair #3 and #4
I20260910 06:20:33.616811 0x1fa65e140 incremental_pipeline.cc:510] Global bundle adjustment
I20260910 06:20:33.617099 0x1fa65e140 incremental_pipeline.cc:791] Discarding reconstruction due to bad initial pair
I20260910 06:20:33.618035 0x1fa65e140 incremental_pipeline.cc:492] Registering initial image pair #3 and #4
I20260910 06:20:33.618191 0x1fa65e140 incremental_pipeline.cc:510] Global bundle adjustment
I20260910 06:20:33.618478 0x1fa65e140 incremental_pipeline.cc:791] Discarding reconstruction due to bad initial pair
I20260910 06:20:33.619317 0x1fa65e140 incremental_pipeline.cc:492] Registering initial image pair #3 and #4
I20260910 06:20:33.619474 0x1fa65e140 incremental_pipeline.cc:510] Global bundle adjustment
I20260910 06:20:33.619544 0x1fa65e140 incremental_pipeline.cc:791] Discarding reconstruction due to bad initial pair
I20260910 06:20:33.620336 0x1fa65e140 incremental_pipeline.cc:492] Registering initial image pair #3 and #4
I20260910 06:20:33.620494 0x1fa65e140 incremental_pipeline.cc:510] Global bundle adjustment
I20260910 06:20:33.620779 0x1fa65e140 incremental_pipeline.cc:791] Discarding reconstruction due to bad initial pair
I20260910 06:20:33.621676 0x1fa65e140 incremental_pipeline.cc:492] Registering initial image pair #3 and #4
I20260910 06:20:33.621834 0x1fa65e140 incremental_pipeline.cc:510] Global bundle adjustment
I20260910 06:20:33.622117 0x1fa65e140 incremental_pipeline.cc:791] Discarding reconstruction due to bad initial pair
I20260910 06:20:33.623011 0x1fa65e140 incremental_pipeline.cc:492] Registering initial image pair #3 and #4
I20260910 06:20:33.623166 0x1fa65e140 incremental_pipeline.cc:510] Global bundle adjustment
I20260910 06:20:33.623452 0x1fa65e140 incremental_pipeline.cc:791] Discarding reconstruction due to bad initial pair
I20260910 06:20:33.624292 0x1fa65e140 incremental_pipeline.cc:492] Registering initial image pair #3 and #4
I20260910 06:20:33.624450 0x1fa65e140 incremental_pipeline.cc:510] Global bundle adjustment
I20260910 06:20:33.624732 0x1fa65e140 incremental_pipeline.cc:791] Discarding reconstruction due to bad initial pair
I20260910 06:20:33.625546 0x1fa65e140 incremental_pipeline.cc:492] Registering initial image pair #3 and #4
I20260910 06:20:33.625702 0x1fa65e140 incremental_pipeline.cc:510] Global bundle adjustment
I20260910 06:20:33.625774 0x1fa65e140 incremental_pipeline.cc:791] Discarding reconstruction due to bad initial pair
I20260910 06:20:33.626689 0x1fa65e140 incremental_pipeline.cc:492] Registering initial image pair #3 and #4
I20260910 06:20:33.626847 0x1fa65e140 incremental_pipeline.cc:510] Global bundle adjustment
I20260910 06:20:33.627127 0x1fa65e140 incremental_pipeline.cc:791] Discarding reconstruction due to bad initial pair
I20260910 06:20:33.629416 0x1fa65e140 incremental_pipeline.cc:487] => Provided pair is unsuitable for initialization.
I20260910 06:20:33.629418 0x1fa65e140 incremental_pipeline.cc:791] Discarding reconstruction due to bad initial pair
I20260910 06:20:33.631080 0x1fa65e140 incremental_pipeline.cc:487] => Provided pair is unsuitable for initialization.
I20260910 06:20:33.631082 0x1fa65e140 incremental_pipeline.cc:791] Discarding reconstruction due to bad initial pair
I20260910 06:20:33.633766 0x1fa65e140 incremental_pipeline.cc:487] => Provided pair is unsuitable for initialization.
I20260910 06:20:33.633769 0x1fa65e140 incremental_pipeline.cc:791] Discarding reconstruction due to bad initial pair
I20260910 06:20:33.635382 0x1fa65e140 incremental_pipeline.cc:487] => Provided pair is unsuitable for initialization.
I20260910 06:20:33.635385 0x1fa65e140 incremental_pipeline.cc:791] Discarding reconstruction due to bad initial pair
I20260910 06:20:33.636270 0x1fa65e140 incremental_pipeline.cc:492] Registering initial image pair #3 and #4
I20260910 06:20:33.636428 0x1fa65e140 incremental_pipeline.cc:510] Global bundle adjustment
I20260910 06:20:33.636498 0x1fa65e140 incremental_pipeline.cc:791] Discarding reconstruction due to bad initial pair
I20260910 06:20:33.637374 0x1fa65e140 incremental_pipeline.cc:492] Registering initial image pair #3 and #4
I20260910 06:20:33.637532 0x1fa65e140 incremental_pipeline.cc:510] Global bundle adjustment
I20260910 06:20:33.637599 0x1fa65e140 incremental_pipeline.cc:791] Discarding reconstruction due to bad initial pair
I20260910 06:20:33.639276 0x1fa65e140 incremental_pipeline.cc:487] => Provided pair is unsuitable for initialization.
I20260910 06:20:33.639278 0x1fa65e140 incremental_pipeline.cc:791] Discarding reconstruction due to bad initial pair
I20260910 06:20:33.640109 0x1fa65e140 incremental_pipeline.cc:492] Registering initial image pair #3 and #4
I20260910 06:20:33.640264 0x1fa65e140 incremental_pipeline.cc:510] Global bundle adjustment
I20260910 06:20:33.640334 0x1fa65e140 incremental_pipeline.cc:791] Discarding reconstruction due to bad initial pair
I20260910 06:20:33.642085 0x1fa65e140 incremental_pipeline.cc:492] Registering initial image pair #3 and #4
I20260910 06:20:33.642125 0x1fa65e140 incremental_pipeline.cc:791] Discarding reconstruction due to bad initial pair
I20260910 06:20:33.642946 0x1fa65e140 incremental_pipeline.cc:492] Registering initial image pair #3 and #4
I20260910 06:20:33.643107 0x1fa65e140 incremental_pipeline.cc:510] Global bundle adjustment
I20260910 06:20:33.643177 0x1fa65e140 incremental_pipeline.cc:791] Discarding reconstruction due to bad initial pair
I20260910 06:20:33.644079 0x1fa65e140 incremental_pipeline.cc:492] Registering initial image pair #3 and #4
I20260910 06:20:33.644237 0x1fa65e140 incremental_pipeline.cc:510] Global bundle adjustment
I20260910 06:20:33.644307 0x1fa65e140 incremental_pipeline.cc:791] Discarding reconstruction due to bad initial pair
I20260910 06:20:33.645205 0x1fa65e140 incremental_pipeline.cc:492] Registering initial image pair #3 and #4
I20260910 06:20:33.645364 0x1fa65e140 incremental_pipeline.cc:510] Global bundle adjustment
I20260910 06:20:33.645645 0x1fa65e140 incremental_pipeline.cc:791] Discarding reconstruction due to bad initial pair
I20260910 06:20:33.647440 0x1fa65e140 incremental_pipeline.cc:487] => Provided pair is unsuitable for initialization.
I20260910 06:20:33.647442 0x1fa65e140 incremental_pipeline.cc:791] Discarding reconstruction due to bad initial pair
I20260910 06:20:33.648261 0x1fa65e140 incremental_pipeline.cc:492] Registering initial image pair #3 and #4
I20260910 06:20:33.648420 0x1fa65e140 incremental_pipeline.cc:510] Global bundle adjustment
I20260910 06:20:33.648705 0x1fa65e140 incremental_pipeline.cc:791] Discarding reconstruction due to bad initial pair
I20260910 06:20:33.649688 0x1fa65e140 incremental_pipeline.cc:492] Registering initial image pair #3 and #4
I20260910 06:20:33.649849 0x1fa65e140 incremental_pipeline.cc:510] Global bundle adjustment
I20260910 06:20:33.650136 0x1fa65e140 incremental_pipeline.cc:791] Discarding reconstruction due to bad initial pair
I20260910 06:20:33.651226 0x1fa65e140 incremental_pipeline.cc:492] Registering initial image pair #3 and #4
I20260910 06:20:33.651384 0x1fa65e140 incremental_pipeline.cc:510] Global bundle adjustment
I20260910 06:20:33.651667 0x1fa65e140 incremental_pipeline.cc:791] Discarding reconstruction due to bad initial pair
I20260910 06:20:33.652475 0x1fa65e140 incremental_pipeline.cc:492] Registering initial image pair #3 and #4
I20260910 06:20:33.652639 0x1fa65e140 incremental_pipeline.cc:510] Global bundle adjustment
I20260910 06:20:33.652709 0x1fa65e140 incremental_pipeline.cc:791] Discarding reconstruction due to bad initial pair
I20260910 06:20:33.654439 0x1fa65e140 incremental_pipeline.cc:487] => Provided pair is unsuitable for initialization.
I20260910 06:20:33.654442 0x1fa65e140 incremental_pipeline.cc:791] Discarding reconstruction due to bad initial pair
I20260910 06:20:33.655258 0x1fa65e140 incremental_pipeline.cc:492] Registering initial image pair #3 and #4
I20260910 06:20:33.655415 0x1fa65e140 incremental_pipeline.cc:510] Global bundle adjustment
I20260910 06:20:33.655483 0x1fa65e140 incremental_pipeline.cc:791] Discarding reconstruction due to bad initial pair
I20260910 06:20:33.656406 0x1fa65e140 incremental_pipeline.cc:492] Registering initial image pair #3 and #4
I20260910 06:20:33.656565 0x1fa65e140 incremental_pipeline.cc:510] Global bundle adjustment
I20260910 06:20:33.656851 0x1fa65e140 incremental_pipeline.cc:791] Discarding reconstruction due to bad initial pair
I20260910 06:20:33.657646 0x1fa65e140 incremental_pipeline.cc:492] Registering initial image pair #3 and #4
I20260910 06:20:33.657809 0x1fa65e140 incremental_pipeline.cc:510] Global bundle adjustment
I20260910 06:20:33.657878 0x1fa65e140 incremental_pipeline.cc:791] Discarding reconstruction due to bad initial pair
I20260910 06:20:33.658797 0x1fa65e140 incremental_pipeline.cc:492] Registering initial image pair #3 and #4
I20260910 06:20:33.658958 0x1fa65e140 incremental_pipeline.cc:510] Global bundle adjustment
I20260910 06:20:33.659244 0x1fa65e140 incremental_pipeline.cc:791] Discarding reconstruction due to bad initial pair
I20260910 06:20:33.660145 0x1fa65e140 incremental_pipeline.cc:492] Registering initial image pair #3 and #4
I20260910 06:20:33.660300 0x1fa65e140 incremental_pipeline.cc:510] Global bundle adjustment
I20260910 06:20:33.660590 0x1fa65e140 incremental_pipeline.cc:791] Discarding reconstruction due to bad initial pair
I20260910 06:20:33.661404 0x1fa65e140 incremental_pipeline.cc:492] Registering initial image pair #3 and #4
I20260910 06:20:33.661560 0x1fa65e140 incremental_pipeline.cc:510] Global bundle adjustment
I20260910 06:20:33.661629 0x1fa65e140 incremental_pipeline.cc:791] Discarding reconstruction due to bad initial pair
I20260910 06:20:33.664249 0x1fa65e140 incremental_pipeline.cc:487] => Provided pair is unsuitable for initialization.
I20260910 06:20:33.664251 0x1fa65e140 incremental_pipeline.cc:791] Discarding reconstruction due to bad initial pair
I20260910 06:20:33.665065 0x1fa65e140 incremental_pipeline.cc:492] Registering initial image pair #3 and #4
I20260910 06:20:33.665223 0x1fa65e140 incremental_pipeline.cc:510] Global bundle adjustment
I20260910 06:20:33.665505 0x1fa65e140 incremental_pipeline.cc:791] Discarding reconstruction due to bad initial pair
I20260910 06:20:33.666405 0x1fa65e140 incremental_pipeline.cc:492] Registering initial image pair #3 and #4
I20260910 06:20:33.666563 0x1fa65e140 incremental_pipeline.cc:510] Global bundle adjustment
I20260910 06:20:33.666634 0x1fa65e140 incremental_pipeline.cc:791] Discarding reconstruction due to bad initial pair
I20260910 06:20:33.667514 0x1fa65e140 incremental_pipeline.cc:492] Registering initial image pair #3 and #4
I20260910 06:20:33.667670 0x1fa65e140 incremental_pipeline.cc:510] Global bundle adjustment
I20260910 06:20:33.667957 0x1fa65e140 incremental_pipeline.cc:791] Discarding reconstruction due to bad initial pair
I20260910 06:20:33.668742 0x1fa65e140 incremental_pipeline.cc:492] Registering initial image pair #3 and #4
I20260910 06:20:33.668900 0x1fa65e140 incremental_pipeline.cc:510] Global bundle adjustment
I20260910 06:20:33.668969 0x1fa65e140 incremental_pipeline.cc:791] Discarding reconstruction due to bad initial pair
I20260910 06:20:33.669771 0x1fa65e140 incremental_pipeline.cc:492] Registering initial image pair #3 and #4
I20260910 06:20:33.669927 0x1fa65e140 incremental_pipeline.cc:510] Global bundle adjustment
I20260910 06:20:33.670004 0x1fa65e140 incremental_pipeline.cc:791] Discarding reconstruction due to bad initial pair
I20260910 06:20:33.670860 0x1fa65e140 incremental_pipeline.cc:492] Registering initial image pair #3 and #4
I20260910 06:20:33.671017 0x1fa65e140 incremental_pipeline.cc:510] Global bundle adjustment
I20260910 06:20:33.671086 0x1fa65e140 incremental_pipeline.cc:791] Discarding reconstruction due to bad initial pair
I20260910 06:20:33.671921 0x1fa65e140 incremental_pipeline.cc:492] Registering initial image pair #3 and #4
I20260910 06:20:33.672081 0x1fa65e140 incremental_pipeline.cc:510] Global bundle adjustment
I20260910 06:20:33.672151 0x1fa65e140 incremental_pipeline.cc:791] Discarding reconstruction due to bad initial pair
I20260910 06:20:33.672922 0x1fa65e140 incremental_pipeline.cc:492] Registering initial image pair #3 and #4
I20260910 06:20:33.673081 0x1fa65e140 incremental_pipeline.cc:510] Global bundle adjustment
I20260910 06:20:33.673147 0x1fa65e140 incremental_pipeline.cc:791] Discarding reconstruction due to bad initial pair
I20260910 06:20:33.674108 0x1fa65e140 incremental_pipeline.cc:492] Registering initial image pair #3 and #4
I20260910 06:20:33.674266 0x1fa65e140 incremental_pipeline.cc:510] Global bundle adjustment
I20260910 06:20:33.674552 0x1fa65e140 incremental_pipeline.cc:791] Discarding reconstruction due to bad initial pair
I20260910 06:20:33.675404 0x1fa65e140 incremental_pipeline.cc:492] Registering initial image pair #3 and #4
I20260910 06:20:33.675562 0x1fa65e140 incremental_pipeline.cc:510] Global bundle adjustment
I20260910 06:20:33.675630 0x1fa65e140 incremental_pipeline.cc:791] Discarding reconstruction due to bad initial pair
I20260910 06:20:33.676455 0x1fa65e140 incremental_pipeline.cc:492] Registering initial image pair #3 and #4
I20260910 06:20:33.676612 0x1fa65e140 incremental_pipeline.cc:510] Global bundle adjustment
I20260910 06:20:33.676895 0x1fa65e140 incremental_pipeline.cc:791] Discarding reconstruction due to bad initial pair
I20260910 06:20:33.678655 0x1fa65e140 incremental_pipeline.cc:487] => Provided pair is unsuitable for initialization.
I20260910 06:20:33.678658 0x1fa65e140 incremental_pipeline.cc:791] Discarding reconstruction due to bad initial pair
I20260910 06:20:33.679471 0x1fa65e140 incremental_pipeline.cc:492] Registering initial image pair #3 and #4
I20260910 06:20:33.679629 0x1fa65e140 incremental_pipeline.cc:510] Global bundle adjustment
I20260910 06:20:33.679912 0x1fa65e140 incremental_pipeline.cc:791] Discarding reconstruction due to bad initial pair
I20260910 06:20:33.680746 0x1fa65e140 incremental_pipeline.cc:492] Registering initial image pair #3 and #4
I20260910 06:20:33.680905 0x1fa65e140 incremental_pipeline.cc:510] Global bundle adjustment
I20260910 06:20:33.680975 0x1fa65e140 incremental_pipeline.cc:791] Discarding reconstruction due to bad initial pair
I20260910 06:20:33.681804 0x1fa65e140 incremental_pipeline.cc:492] Registering initial image pair #3 and #4
I20260910 06:20:33.681962 0x1fa65e140 incremental_pipeline.cc:510] Global bundle adjustment
I20260910 06:20:33.682244 0x1fa65e140 incremental_pipeline.cc:791] Discarding reconstruction due to bad initial pair
I20260910 06:20:33.683098 0x1fa65e140 incremental_pipeline.cc:492] Registering initial image pair #3 and #4
I20260910 06:20:33.683257 0x1fa65e140 incremental_pipeline.cc:510] Global bundle adjustment
I20260910 06:20:33.683543 0x1fa65e140 incremental_pipeline.cc:791] Discarding reconstruction due to bad initial pair
I20260910 06:20:33.685284 0x1fa65e140 incremental_pipeline.cc:487] => Provided pair is unsuitable for initialization.
I20260910 06:20:33.685287 0x1fa65e140 incremental_pipeline.cc:791] Discarding reconstruction due to bad initial pair
I20260910 06:20:33.686049 0x1fa65e140 incremental_pipeline.cc:492] Registering initial image pair #3 and #4
I20260910 06:20:33.686208 0x1fa65e140 incremental_pipeline.cc:510] Global bundle adjustment
I20260910 06:20:33.686275 0x1fa65e140 incremental_pipeline.cc:791] Discarding reconstruction due to bad initial pair
I20260910 06:20:33.688206 0x1fa65e140 incremental_pipeline.cc:492] Registering initial image pair #3 and #4
I20260910 06:20:33.688367 0x1fa65e140 incremental_pipeline.cc:510] Global bundle adjustment
I20260910 06:20:33.688650 0x1fa65e140 incremental_pipeline.cc:791] Discarding reconstruction due to bad initial pair
I20260910 06:20:33.689534 0x1fa65e140 incremental_pipeline.cc:492] Registering initial image pair #3 and #4
I20260910 06:20:33.689692 0x1fa65e140 incremental_pipeline.cc:510] Global bundle adjustment
I20260910 06:20:33.689761 0x1fa65e140 incremental_pipeline.cc:791] Discarding reconstruction due to bad initial pair
I20260910 06:20:33.690863 0x1fa65e140 incremental_pipeline.cc:492] Registering initial image pair #3 and #4
I20260910 06:20:33.691018 0x1fa65e140 incremental_pipeline.cc:510] Global bundle adjustment
I20260910 06:20:33.691085 0x1fa65e140 incremental_pipeline.cc:791] Discarding reconstruction due to bad initial pair
I20260910 06:20:33.691959 0x1fa65e140 incremental_pipeline.cc:492] Registering initial image pair #3 and #4
I20260910 06:20:33.692119 0x1fa65e140 incremental_pipeline.cc:510] Global bundle adjustment
I20260910 06:20:33.692404 0x1fa65e140 incremental_pipeline.cc:791] Discarding reconstruction due to bad initial pair
I20260910 06:20:33.693272 0x1fa65e140 incremental_pipeline.cc:492] Registering initial image pair #3 and #4
I20260910 06:20:33.693431 0x1fa65e140 incremental_pipeline.cc:510] Global bundle adjustment
I20260910 06:20:33.693502 0x1fa65e140 incremental_pipeline.cc:791] Discarding reconstruction due to bad initial pair
I20260910 06:20:33.694360 0x1fa65e140 incremental_pipeline.cc:492] Registering initial image pair #3 and #4
I20260910 06:20:33.694518 0x1fa65e140 incremental_pipeline.cc:510] Global bundle adjustment
I20260910 06:20:33.694800 0x1fa65e140 incremental_pipeline.cc:791] Discarding reconstruction due to bad initial pair
I20260910 06:20:33.696522 0x1fa65e140 incremental_pipeline.cc:487] => Provided pair is unsuitable for initialization.
I20260910 06:20:33.696525 0x1fa65e140 incremental_pipeline.cc:791] Discarding reconstruction due to bad initial pair
I20260910 06:20:33.697237 0x1fa65e140 incremental_pipeline.cc:492] Registering initial image pair #3 and #4
I20260910 06:20:33.697397 0x1fa65e140 incremental_pipeline.cc:510] Global bundle adjustment
I20260910 06:20:33.697467 0x1fa65e140 incremental_pipeline.cc:791] Discarding reconstruction due to bad initial pair
I20260910 06:20:33.698254 0x1fa65e140 incremental_pipeline.cc:492] Registering initial image pair #3 and #4
I20260910 06:20:33.698411 0x1fa65e140 incremental_pipeline.cc:510] Global bundle adjustment
I20260910 06:20:33.698479 0x1fa65e140 incremental_pipeline.cc:791] Discarding reconstruction due to bad initial pair
I20260910 06:20:33.699506 0x1fa65e140 incremental_pipeline.cc:492] Registering initial image pair #3 and #4
I20260910 06:20:33.699666 0x1fa65e140 incremental_pipeline.cc:510] Global bundle adjustment
I20260910 06:20:33.699953 0x1fa65e140 incremental_pipeline.cc:791] Discarding reconstruction due to bad initial pair
I20260910 06:20:33.700775 0x1fa65e140 incremental_pipeline.cc:492] Registering initial image pair #3 and #4
I20260910 06:20:33.700933 0x1fa65e140 incremental_pipeline.cc:510] Global bundle adjustment
I20260910 06:20:33.701003 0x1fa65e140 incremental_pipeline.cc:791] Discarding reconstruction due to bad initial pair
I20260910 06:20:33.701943 0x1fa65e140 incremental_pipeline.cc:492] Registering initial image pair #3 and #4
I20260910 06:20:33.702099 0x1fa65e140 incremental_pipeline.cc:510] Global bundle adjustment
I20260910 06:20:33.702381 0x1fa65e140 incremental_pipeline.cc:791] Discarding reconstruction due to bad initial pair
I20260910 06:20:33.703262 0x1fa65e140 incremental_pipeline.cc:492] Registering initial image pair #3 and #4
I20260910 06:20:33.703420 0x1fa65e140 incremental_pipeline.cc:510] Global bundle adjustment
I20260910 06:20:33.703703 0x1fa65e140 incremental_pipeline.cc:791] Discarding reconstruction due to bad initial pair
I20260910 06:20:33.705306 0x1fa65e140 incremental_pipeline.cc:487] => Provided pair is unsuitable for initialization.
I20260910 06:20:33.705313 0x1fa65e140 incremental_pipeline.cc:791] Discarding reconstruction due to bad initial pair
I20260910 06:20:33.706222 0x1fa65e140 incremental_pipeline.cc:492] Registering initial image pair #3 and #4
I20260910 06:20:33.706382 0x1fa65e140 incremental_pipeline.cc:510] Global bundle adjustment
I20260910 06:20:33.706663 0x1fa65e140 incremental_pipeline.cc:791] Discarding reconstruction due to bad initial pair
I20260910 06:20:33.708682 0x1fa65e140 incremental_pipeline.cc:492] Registering initial image pair #3 and #4
I20260910 06:20:33.708722 0x1fa65e140 incremental_pipeline.cc:791] Discarding reconstruction due to bad initial pair
I20260910 06:20:33.709594 0x1fa65e140 incremental_pipeline.cc:492] Registering initial image pair #3 and #4
I20260910 06:20:33.709752 0x1fa65e140 incremental_pipeline.cc:510] Global bundle adjustment
I20260910 06:20:33.710036 0x1fa65e140 incremental_pipeline.cc:791] Discarding reconstruction due to bad initial pair
I20260910 06:20:33.710846 0x1fa65e140 incremental_pipeline.cc:492] Registering initial image pair #3 and #4
I20260910 06:20:33.711004 0x1fa65e140 incremental_pipeline.cc:510] Global bundle adjustment
I20260910 06:20:33.711288 0x1fa65e140 incremental_pipeline.cc:791] Discarding reconstruction due to bad initial pair
I20260910 06:20:33.712810 0x1fa65e140 incremental_pipeline.cc:487] => Provided pair is unsuitable for initialization.
I20260910 06:20:33.712813 0x1fa65e140 incremental_pipeline.cc:791] Discarding reconstruction due to bad initial pair
I20260910 06:20:33.713665 0x1fa65e140 incremental_pipeline.cc:492] Registering initial image pair #3 and #4
I20260910 06:20:33.713821 0x1fa65e140 incremental_pipeline.cc:510] Global bundle adjustment
I20260910 06:20:33.714101 0x1fa65e140 incremental_pipeline.cc:791] Discarding reconstruction due to bad initial pair
I20260910 06:20:33.714910 0x1fa65e140 incremental_pipeline.cc:492] Registering initial image pair #3 and #4
I20260910 06:20:33.715069 0x1fa65e140 incremental_pipeline.cc:510] Global bundle adjustment
I20260910 06:20:33.715348 0x1fa65e140 incremental_pipeline.cc:791] Discarding reconstruction due to bad initial pair
I20260910 06:20:33.716153 0x1fa65e140 incremental_pipeline.cc:492] Registering initial image pair #3 and #4
I20260910 06:20:33.716313 0x1fa65e140 incremental_pipeline.cc:510] Global bundle adjustment
I20260910 06:20:33.716611 0x1fa65e140 incremental_pipeline.cc:791] Discarding reconstruction due to bad initial pair
I20260910 06:20:33.717526 0x1fa65e140 incremental_pipeline.cc:492] Registering initial image pair #3 and #4
I20260910 06:20:33.717683 0x1fa65e140 incremental_pipeline.cc:510] Global bundle adjustment
I20260910 06:20:33.717963 0x1fa65e140 incremental_pipeline.cc:791] Discarding reconstruction due to bad initial pair
I20260910 06:20:33.718774 0x1fa65e140 incremental_pipeline.cc:492] Registering initial image pair #3 and #4
I20260910 06:20:33.718932 0x1fa65e140 incremental_pipeline.cc:510] Global bundle adjustment
I20260910 06:20:33.719213 0x1fa65e140 incremental_pipeline.cc:791] Discarding reconstruction due to bad initial pair
I20260910 06:20:33.720243 0x1fa65e140 incremental_pipeline.cc:492] Registering initial image pair #3 and #4
I20260910 06:20:33.720404 0x1fa65e140 incremental_pipeline.cc:510] Global bundle adjustment
I20260910 06:20:33.720688 0x1fa65e140 incremental_pipeline.cc:791] Discarding reconstruction due to bad initial pair
I20260910 06:20:33.721577 0x1fa65e140 incremental_pipeline.cc:492] Registering initial image pair #3 and #4
I20260910 06:20:33.721733 0x1fa65e140 incremental_pipeline.cc:510] Global bundle adjustment
I20260910 06:20:33.721803 0x1fa65e140 incremental_pipeline.cc:791] Discarding reconstruction due to bad initial pair
I20260910 06:20:33.722676 0x1fa65e140 incremental_pipeline.cc:492] Registering initial image pair #3 and #4
I20260910 06:20:33.722835 0x1fa65e140 incremental_pipeline.cc:510] Global bundle adjustment
I20260910 06:20:33.723119 0x1fa65e140 incremental_pipeline.cc:791] Discarding reconstruction due to bad initial pair
I20260910 06:20:33.724094 0x1fa65e140 incremental_pipeline.cc:492] Registering initial image pair #3 and #4
I20260910 06:20:33.724252 0x1fa65e140 incremental_pipeline.cc:510] Global bundle adjustment
I20260910 06:20:33.724536 0x1fa65e140 incremental_pipeline.cc:791] Discarding reconstruction due to bad initial pair
I20260910 06:20:33.725449 0x1fa65e140 incremental_pipeline.cc:492] Registering initial image pair #3 and #4
I20260910 06:20:33.725607 0x1fa65e140 incremental_pipeline.cc:510] Global bundle adjustment
I20260910 06:20:33.725888 0x1fa65e140 incremental_pipeline.cc:791] Discarding reconstruction due to bad initial pair
I20260910 06:20:33.726769 0x1fa65e140 incremental_pipeline.cc:492] Registering initial image pair #3 and #4
I20260910 06:20:33.726927 0x1fa65e140 incremental_pipeline.cc:510] Global bundle adjustment
I20260910 06:20:33.727208 0x1fa65e140 incremental_pipeline.cc:791] Discarding reconstruction due to bad initial pair
I20260910 06:20:33.728096 0x1fa65e140 incremental_pipeline.cc:492] Registering initial image pair #3 and #4
I20260910 06:20:33.728252 0x1fa65e140 incremental_pipeline.cc:510] Global bundle adjustment
I20260910 06:20:33.728535 0x1fa65e140 incremental_pipeline.cc:791] Discarding reconstruction due to bad initial pair
I20260910 06:20:33.729308 0x1fa65e140 incremental_pipeline.cc:492] Registering initial image pair #3 and #4
I20260910 06:20:33.729466 0x1fa65e140 incremental_pipeline.cc:510] Global bundle adjustment
I20260910 06:20:33.729535 0x1fa65e140 incremental_pipeline.cc:791] Discarding reconstruction due to bad initial pair
I20260910 06:20:33.730412 0x1fa65e140 incremental_pipeline.cc:492] Registering initial image pair #3 and #4
I20260910 06:20:33.730570 0x1fa65e140 incremental_pipeline.cc:510] Global bundle adjustment
I20260910 06:20:33.730856 0x1fa65e140 incremental_pipeline.cc:791] Discarding reconstruction due to bad initial pair
I20260910 06:20:33.731716 0x1fa65e140 incremental_pipeline.cc:492] Registering initial image pair #3 and #4
I20260910 06:20:33.731874 0x1fa65e140 incremental_pipeline.cc:510] Global bundle adjustment
I20260910 06:20:33.731943 0x1fa65e140 incremental_pipeline.cc:791] Discarding reconstruction due to bad initial pair
I20260910 06:20:33.732791 0x1fa65e140 incremental_pipeline.cc:492] Registering initial image pair #3 and #4
I20260910 06:20:33.732949 0x1fa65e140 incremental_pipeline.cc:510] Global bundle adjustment
I20260910 06:20:33.733016 0x1fa65e140 incremental_pipeline.cc:791] Discarding reconstruction due to bad initial pair
I20260910 06:20:33.733850 0x1fa65e140 incremental_pipeline.cc:492] Registering initial image pair #3 and #4
I20260910 06:20:33.734009 0x1fa65e140 incremental_pipeline.cc:510] Global bundle adjustment
I20260910 06:20:33.734292 0x1fa65e140 incremental_pipeline.cc:791] Discarding reconstruction due to bad initial pair
I20260910 06:20:33.735169 0x1fa65e140 incremental_pipeline.cc:492] Registering initial image pair #3 and #4
I20260910 06:20:33.735327 0x1fa65e140 incremental_pipeline.cc:510] Global bundle adjustment
I20260910 06:20:33.735396 0x1fa65e140 incremental_pipeline.cc:791] Discarding reconstruction due to bad initial pair
I20260910 06:20:33.736130 0x1fa65e140 incremental_pipeline.cc:492] Registering initial image pair #3 and #4
I20260910 06:20:33.736285 0x1fa65e140 incremental_pipeline.cc:510] Global bundle adjustment
I20260910 06:20:33.736354 0x1fa65e140 incremental_pipeline.cc:791] Discarding reconstruction due to bad initial pair
I20260910 06:20:33.737267 0x1fa65e140 incremental_pipeline.cc:492] Registering initial image pair #3 and #4
I20260910 06:20:33.737427 0x1fa65e140 incremental_pipeline.cc:510] Global bundle adjustment
I20260910 06:20:33.737709 0x1fa65e140 incremental_pipeline.cc:791] Discarding reconstruction due to bad initial pair
I20260910 06:20:33.738476 0x1fa65e140 incremental_pipeline.cc:492] Registering initial image pair #3 and #4
I20260910 06:20:33.738634 0x1fa65e140 incremental_pipeline.cc:510] Global bundle adjustment
I20260910 06:20:33.738916 0x1fa65e140 incremental_pipeline.cc:791] Discarding reconstruction due to bad initial pair
I20260910 06:20:33.740671 0x1fa65e140 incremental_pipeline.cc:492] Registering initial image pair #3 and #4
I20260910 06:20:33.740713 0x1fa65e140 incremental_pipeline.cc:791] Discarding reconstruction due to bad initial pair
I20260910 06:20:33.742370 0x1fa65e140 incremental_pipeline.cc:492] Registering initial image pair #3 and #4
I20260910 06:20:33.742408 0x1fa65e140 incremental_pipeline.cc:791] Discarding reconstruction due to bad initial pair
I20260910 06:20:33.743240 0x1fa65e140 incremental_pipeline.cc:492] Registering initial image pair #3 and #4
I20260910 06:20:33.743397 0x1fa65e140 incremental_pipeline.cc:510] Global bundle adjustment
I20260910 06:20:33.743680 0x1fa65e140 incremental_pipeline.cc:791] Discarding reconstruction due to bad initial pair
I20260910 06:20:33.745374 0x1fa65e140 incremental_pipeline.cc:487] => Provided pair is unsuitable for initialization.
I20260910 06:20:33.745376 0x1fa65e140 incremental_pipeline.cc:791] Discarding reconstruction due to bad initial pair
I20260910 06:20:33.746281 0x1fa65e140 incremental_pipeline.cc:492] Registering initial image pair #3 and #4
I20260910 06:20:33.746440 0x1fa65e140 incremental_pipeline.cc:510] Global bundle adjustment
I20260910 06:20:33.746721 0x1fa65e140 incremental_pipeline.cc:791] Discarding reconstruction due to bad initial pair
I20260910 06:20:33.747627 0x1fa65e140 incremental_pipeline.cc:492] Registering initial image pair #3 and #4
I20260910 06:20:33.747783 0x1fa65e140 incremental_pipeline.cc:510] Global bundle adjustment
I20260910 06:20:33.748065 0x1fa65e140 incremental_pipeline.cc:791] Discarding reconstruction due to bad initial pair
I20260910 06:20:33.748851 0x1fa65e140 incremental_pipeline.cc:492] Registering initial image pair #3 and #4
I20260910 06:20:33.749007 0x1fa65e140 incremental_pipeline.cc:510] Global bundle adjustment
I20260910 06:20:33.749077 0x1fa65e140 incremental_pipeline.cc:791] Discarding reconstruction due to bad initial pair
I20260910 06:20:33.749930 0x1fa65e140 incremental_pipeline.cc:492] Registering initial image pair #3 and #4
I20260910 06:20:33.750094 0x1fa65e140 incremental_pipeline.cc:510] Global bundle adjustment
I20260910 06:20:33.750163 0x1fa65e140 incremental_pipeline.cc:791] Discarding reconstruction due to bad initial pair
I20260910 06:20:33.750984 0x1fa65e140 incremental_pipeline.cc:492] Registering initial image pair #3 and #4
I20260910 06:20:33.751146 0x1fa65e140 incremental_pipeline.cc:510] Global bundle adjustment
I20260910 06:20:33.751215 0x1fa65e140 incremental_pipeline.cc:791] Discarding reconstruction due to bad initial pair
I20260910 06:20:33.752940 0x1fa65e140 incremental_pipeline.cc:487] => Provided pair is unsuitable for initialization.
I20260910 06:20:33.752942 0x1fa65e140 incremental_pipeline.cc:791] Discarding reconstruction due to bad initial pair
I20260910 06:20:33.753710 0x1fa65e140 incremental_pipeline.cc:492] Registering initial image pair #3 and #4
I20260910 06:20:33.753868 0x1fa65e140 incremental_pipeline.cc:510] Global bundle adjustment
I20260910 06:20:33.754154 0x1fa65e140 incremental_pipeline.cc:791] Discarding reconstruction due to bad initial pair
I20260910 06:20:33.755011 0x1fa65e140 incremental_pipeline.cc:492] Registering initial image pair #3 and #4
I20260910 06:20:33.755166 0x1fa65e140 incremental_pipeline.cc:510] Global bundle adjustment
I20260910 06:20:33.755450 0x1fa65e140 incremental_pipeline.cc:791] Discarding reconstruction due to bad initial pair
I20260910 06:20:33.757064 0x1fa65e140 incremental_pipeline.cc:487] => Provided pair is unsuitable for initialization.
I20260910 06:20:33.757067 0x1fa65e140 incremental_pipeline.cc:791] Discarding reconstruction due to bad initial pair
I20260910 06:20:33.757854 0x1fa65e140 incremental_pipeline.cc:492] Registering initial image pair #3 and #4
I20260910 06:20:33.758012 0x1fa65e140 incremental_pipeline.cc:510] Global bundle adjustment
I20260910 06:20:33.758082 0x1fa65e140 incremental_pipeline.cc:791] Discarding reconstruction due to bad initial pair
I20260910 06:20:33.759733 0x1fa65e140 incremental_pipeline.cc:487] => Provided pair is unsuitable for initialization.
I20260910 06:20:33.759739 0x1fa65e140 incremental_pipeline.cc:791] Discarding reconstruction due to bad initial pair
I20260910 06:20:33.761434 0x1fa65e140 incremental_pipeline.cc:487] => Provided pair is unsuitable for initialization.
I20260910 06:20:33.761437 0x1fa65e140 incremental_pipeline.cc:791] Discarding reconstruction due to bad initial pair
I20260910 06:20:33.762275 0x1fa65e140 incremental_pipeline.cc:492] Registering initial image pair #3 and #4
I20260910 06:20:33.762434 0x1fa65e140 incremental_pipeline.cc:510] Global bundle adjustment
I20260910 06:20:33.762501 0x1fa65e140 incremental_pipeline.cc:791] Discarding reconstruction due to bad initial pair
I20260910 06:20:33.763287 0x1fa65e140 incremental_pipeline.cc:492] Registering initial image pair #3 and #4
I20260910 06:20:33.763445 0x1fa65e140 incremental_pipeline.cc:510] Global bundle adjustment
I20260910 06:20:33.763514 0x1fa65e140 incremental_pipeline.cc:791] Discarding reconstruction due to bad initial pair
I20260910 06:20:33.764398 0x1fa65e140 incremental_pipeline.cc:492] Registering initial image pair #3 and #4
I20260910 06:20:33.764555 0x1fa65e140 incremental_pipeline.cc:510] Global bundle adjustment
I20260910 06:20:33.764836 0x1fa65e140 incremental_pipeline.cc:791] Discarding reconstruction due to bad initial pair
I20260910 06:20:33.765603 0x1fa65e140 incremental_pipeline.cc:492] Registering initial image pair #3 and #4
I20260910 06:20:33.765761 0x1fa65e140 incremental_pipeline.cc:510] Global bundle adjustment
I20260910 06:20:33.765831 0x1fa65e140 incremental_pipeline.cc:791] Discarding reconstruction due to bad initial pair
I20260910 06:20:33.766841 0x1fa65e140 incremental_pipeline.cc:492] Registering initial image pair #3 and #4
I20260910 06:20:33.766999 0x1fa65e140 incremental_pipeline.cc:510] Global bundle adjustment
I20260910 06:20:33.767283 0x1fa65e140 incremental_pipeline.cc:791] Discarding reconstruction due to bad initial pair
I20260910 06:20:33.768147 0x1fa65e140 incremental_pipeline.cc:492] Registering initial image pair #3 and #4
I20260910 06:20:33.768305 0x1fa65e140 incremental_pipeline.cc:510] Global bundle adjustment
I20260910 06:20:33.768590 0x1fa65e140 incremental_pipeline.cc:791] Discarding reconstruction due to bad initial pair
I20260910 06:20:33.769453 0x1fa65e140 incremental_pipeline.cc:492] Registering initial image pair #3 and #4
I20260910 06:20:33.769611 0x1fa65e140 incremental_pipeline.cc:510] Global bundle adjustment
I20260910 06:20:33.769892 0x1fa65e140 incremental_pipeline.cc:791] Discarding reconstruction due to bad initial pair
I20260910 06:20:33.770795 0x1fa65e140 incremental_pipeline.cc:492] Registering initial image pair #3 and #4
I20260910 06:20:33.770951 0x1fa65e140 incremental_pipeline.cc:510] Global bundle adjustment
I20260910 06:20:33.771020 0x1fa65e140 incremental_pipeline.cc:791] Discarding reconstruction due to bad initial pair
I20260910 06:20:33.772763 0x1fa65e140 incremental_pipeline.cc:492] Registering initial image pair #3 and #4
I20260910 06:20:33.772799 0x1fa65e140 incremental_pipeline.cc:791] Discarding reconstruction due to bad initial pair
I20260910 06:20:33.774493 0x1fa65e140 incremental_pipeline.cc:487] => Provided pair is unsuitable for initialization.
I20260910 06:20:33.774496 0x1fa65e140 incremental_pipeline.cc:791] Discarding reconstruction due to bad initial pair
I20260910 06:20:33.776179 0x1fa65e140 incremental_pipeline.cc:487] => Provided pair is unsuitable for initialization.
I20260910 06:20:33.776182 0x1fa65e140 incremental_pipeline.cc:791] Discarding reconstruction due to bad initial pair
I20260910 06:20:33.777840 0x1fa65e140 incremental_pipeline.cc:487] => Provided pair is unsuitable for initialization.
I20260910 06:20:33.777842 0x1fa65e140 incremental_pipeline.cc:791] Discarding reconstruction due to bad initial pair
I20260910 06:20:33.779477 0x1fa65e140 incremental_pipeline.cc:487] => Provided pair is unsuitable for initialization.
I20260910 06:20:33.779479 0x1fa65e140 incremental_pipeline.cc:791] Discarding reconstruction due to bad initial pair
I20260910 06:20:33.780416 0x1fa65e140 incremental_pipeline.cc:492] Registering initial image pair #3 and #4
I20260910 06:20:33.780575 0x1fa65e140 incremental_pipeline.cc:510] Global bundle adjustment
I20260910 06:20:33.780857 0x1fa65e140 incremental_pipeline.cc:791] Discarding reconstruction due to bad initial pair
I20260910 06:20:33.782578 0x1fa65e140 incremental_pipeline.cc:487] => Provided pair is unsuitable for initialization.
I20260910 06:20:33.782580 0x1fa65e140 incremental_pipeline.cc:791] Discarding reconstruction due to bad initial pair
I20260910 06:20:33.784242 0x1fa65e140 incremental_pipeline.cc:487] => Provided pair is unsuitable for initialization.
I20260910 06:20:33.784244 0x1fa65e140 incremental_pipeline.cc:791] Discarding reconstruction due to bad initial pair
I20260910 06:20:33.785135 0x1fa65e140 incremental_pipeline.cc:492] Registering initial image pair #3 and #4
I20260910 06:20:33.785291 0x1fa65e140 incremental_pipeline.cc:510] Global bundle adjustment
I20260910 06:20:33.785577 0x1fa65e140 incremental_pipeline.cc:791] Discarding reconstruction due to bad initial pair
I20260910 06:20:33.787297 0x1fa65e140 incremental_pipeline.cc:487] => Provided pair is unsuitable for initialization.
I20260910 06:20:33.787302 0x1fa65e140 incremental_pipeline.cc:791] Discarding reconstruction due to bad initial pair
I20260910 06:20:33.788895 0x1fa65e140 incremental_pipeline.cc:492] Registering initial image pair #3 and #4
I20260910 06:20:33.788930 0x1fa65e140 incremental_pipeline.cc:791] Discarding reconstruction due to bad initial pair
I20260910 06:20:33.789797 0x1fa65e140 incremental_pipeline.cc:492] Registering initial image pair #3 and #4
I20260910 06:20:33.789953 0x1fa65e140 incremental_pipeline.cc:510] Global bundle adjustment
I20260910 06:20:33.790022 0x1fa65e140 incremental_pipeline.cc:791] Discarding reconstruction due to bad initial pair
I20260910 06:20:33.790848 0x1fa65e140 incremental_pipeline.cc:492] Registering initial image pair #3 and #4
I20260910 06:20:33.791006 0x1fa65e140 incremental_pipeline.cc:510] Global bundle adjustment
I20260910 06:20:33.791075 0x1fa65e140 incremental_pipeline.cc:791] Discarding reconstruction due to bad initial pair
I20260910 06:20:33.791846 0x1fa65e140 incremental_pipeline.cc:492] Registering initial image pair #3 and #4
I20260910 06:20:33.792007 0x1fa65e140 incremental_pipeline.cc:510] Global bundle adjustment
I20260910 06:20:33.792077 0x1fa65e140 incremental_pipeline.cc:791] Discarding reconstruction due to bad initial pair
I20260910 06:20:33.792887 0x1fa65e140 incremental_pipeline.cc:492] Registering initial image pair #3 and #4
I20260910 06:20:33.793045 0x1fa65e140 incremental_pipeline.cc:510] Global bundle adjustment
I20260910 06:20:33.793113 0x1fa65e140 incremental_pipeline.cc:791] Discarding reconstruction due to bad initial pair
I20260910 06:20:33.794783 0x1fa65e140 incremental_pipeline.cc:492] Registering initial image pair #3 and #4
I20260910 06:20:33.794939 0x1fa65e140 incremental_pipeline.cc:510] Global bundle adjustment
I20260910 06:20:33.795220 0x1fa65e140 incremental_pipeline.cc:791] Discarding reconstruction due to bad initial pair
I20260910 06:20:33.796062 0x1fa65e140 incremental_pipeline.cc:492] Registering initial image pair #3 and #4
I20260910 06:20:33.796220 0x1fa65e140 incremental_pipeline.cc:510] Global bundle adjustment
I20260910 06:20:33.796289 0x1fa65e140 incremental_pipeline.cc:791] Discarding reconstruction due to bad initial pair
I20260910 06:20:33.797132 0x1fa65e140 incremental_pipeline.cc:492] Registering initial image pair #3 and #4
I20260910 06:20:33.797288 0x1fa65e140 incremental_pipeline.cc:510] Global bundle adjustment
I20260910 06:20:33.797572 0x1fa65e140 incremental_pipeline.cc:791] Discarding reconstruction due to bad initial pair
I20260910 06:20:33.799229 0x1fa65e140 incremental_pipeline.cc:487] => Provided pair is unsuitable for initialization.
I20260910 06:20:33.799231 0x1fa65e140 incremental_pipeline.cc:791] Discarding reconstruction due to bad initial pair
I20260910 06:20:33.800016 0x1fa65e140 incremental_pipeline.cc:492] Registering initial image pair #3 and #4
I20260910 06:20:33.800182 0x1fa65e140 incremental_pipeline.cc:510] Global bundle adjustment
I20260910 06:20:33.800467 0x1fa65e140 incremental_pipeline.cc:791] Discarding reconstruction due to bad initial pair
I20260910 06:20:33.801279 0x1fa65e140 incremental_pipeline.cc:492] Registering initial image pair #3 and #4
I20260910 06:20:33.801437 0x1fa65e140 incremental_pipeline.cc:510] Global bundle adjustment
I20260910 06:20:33.801717 0x1fa65e140 incremental_pipeline.cc:791] Discarding reconstruction due to bad initial pair
I20260910 06:20:33.802509 0x1fa65e140 incremental_pipeline.cc:492] Registering initial image pair #3 and #4
I20260910 06:20:33.802667 0x1fa65e140 incremental_pipeline.cc:510] Global bundle adjustment
I20260910 06:20:33.802735 0x1fa65e140 incremental_pipeline.cc:791] Discarding reconstruction due to bad initial pair
I20260910 06:20:33.803694 0x1fa65e140 incremental_pipeline.cc:492] Registering initial image pair #3 and #4
I20260910 06:20:33.803850 0x1fa65e140 incremental_pipeline.cc:510] Global bundle adjustment
I20260910 06:20:33.804132 0x1fa65e140 incremental_pipeline.cc:791] Discarding reconstruction due to bad initial pair
I20260910 06:20:33.805039 0x1fa65e140 incremental_pipeline.cc:492] Registering initial image pair #3 and #4
I20260910 06:20:33.805195 0x1fa65e140 incremental_pipeline.cc:510] Global bundle adjustment
I20260910 06:20:33.805479 0x1fa65e140 incremental_pipeline.cc:791] Discarding reconstruction due to bad initial pair
I20260910 06:20:33.807195 0x1fa65e140 incremental_pipeline.cc:487] => Provided pair is unsuitable for initialization.
I20260910 06:20:33.807197 0x1fa65e140 incremental_pipeline.cc:791] Discarding reconstruction due to bad initial pair
I20260910 06:20:33.807985 0x1fa65e140 incremental_pipeline.cc:492] Registering initial image pair #3 and #4
I20260910 06:20:33.808143 0x1fa65e140 incremental_pipeline.cc:510] Global bundle adjustment
I20260910 06:20:33.808425 0x1fa65e140 incremental_pipeline.cc:791] Discarding reconstruction due to bad initial pair
I20260910 06:20:33.809191 0x1fa65e140 incremental_pipeline.cc:492] Registering initial image pair #3 and #4
I20260910 06:20:33.809348 0x1fa65e140 incremental_pipeline.cc:510] Global bundle adjustment
I20260910 06:20:33.809418 0x1fa65e140 incremental_pipeline.cc:791] Discarding reconstruction due to bad initial pair
I20260910 06:20:33.810242 0x1fa65e140 incremental_pipeline.cc:492] Registering initial image pair #3 and #4
I20260910 06:20:33.810402 0x1fa65e140 incremental_pipeline.cc:510] Global bundle adjustment
I20260910 06:20:33.810686 0x1fa65e140 incremental_pipeline.cc:791] Discarding reconstruction due to bad initial pair
I20260910 06:20:33.811608 0x1fa65e140 incremental_pipeline.cc:492] Registering initial image pair #3 and #4
I20260910 06:20:33.811764 0x1fa65e140 incremental_pipeline.cc:510] Global bundle adjustment
I20260910 06:20:33.812047 0x1fa65e140 incremental_pipeline.cc:791] Discarding reconstruction due to bad initial pair
I20260910 06:20:33.812983 0x1fa65e140 incremental_pipeline.cc:492] Registering initial image pair #3 and #4
I20260910 06:20:33.813140 0x1fa65e140 incremental_pipeline.cc:510] Global bundle adjustment
I20260910 06:20:33.813423 0x1fa65e140 incremental_pipeline.cc:791] Discarding reconstruction due to bad initial pair
I20260910 06:20:33.814448 0x1fa65e140 incremental_pipeline.cc:492] Registering initial image pair #3 and #4
I20260910 06:20:33.814607 0x1fa65e140 incremental_pipeline.cc:510] Global bundle adjustment
I20260910 06:20:33.814888 0x1fa65e140 incremental_pipeline.cc:791] Discarding reconstruction due to bad initial pair
I20260910 06:20:33.815737 0x1fa65e140 incremental_pipeline.cc:492] Registering initial image pair #3 and #4
I20260910 06:20:33.815895 0x1fa65e140 incremental_pipeline.cc:510] Global bundle adjustment
I20260910 06:20:33.816176 0x1fa65e140 incremental_pipeline.cc:791] Discarding reconstruction due to bad initial pair
I20260910 06:20:33.817814 0x1fa65e140 incremental_pipeline.cc:492] Registering initial image pair #3 and #4
I20260910 06:20:33.817854 0x1fa65e140 incremental_pipeline.cc:791] Discarding reconstruction due to bad initial pair
I20260910 06:20:33.818680 0x1fa65e140 incremental_pipeline.cc:492] Registering initial image pair #3 and #4
I20260910 06:20:33.818840 0x1fa65e140 incremental_pipeline.cc:510] Global bundle adjustment
I20260910 06:20:33.818909 0x1fa65e140 incremental_pipeline.cc:791] Discarding reconstruction due to bad initial pair
I20260910 06:20:33.820669 0x1fa65e140 incremental_pipeline.cc:492] Registering initial image pair #3 and #4
I20260910 06:20:33.820707 0x1fa65e140 incremental_pipeline.cc:791] Discarding reconstruction due to bad initial pair
I20260910 06:20:33.822362 0x1fa65e140 incremental_pipeline.cc:492] Registering initial image pair #3 and #4
I20260910 06:20:33.822400 0x1fa65e140 incremental_pipeline.cc:791] Discarding reconstruction due to bad initial pair
I20260910 06:20:33.823191 0x1fa65e140 incremental_pipeline.cc:492] Registering initial image pair #3 and #4
I20260910 06:20:33.823349 0x1fa65e140 incremental_pipeline.cc:510] Global bundle adjustment
I20260910 06:20:33.823418 0x1fa65e140 incremental_pipeline.cc:791] Discarding reconstruction due to bad initial pair
I20260910 06:20:33.824245 0x1fa65e140 incremental_pipeline.cc:492] Registering initial image pair #3 and #4
I20260910 06:20:33.824410 0x1fa65e140 incremental_pipeline.cc:510] Global bundle adjustment
I20260910 06:20:33.824694 0x1fa65e140 incremental_pipeline.cc:791] Discarding reconstruction due to bad initial pair
I20260910 06:20:33.825462 0x1fa65e140 incremental_pipeline.cc:492] Registering initial image pair #3 and #4
I20260910 06:20:33.825619 0x1fa65e140 incremental_pipeline.cc:510] Global bundle adjustment
I20260910 06:20:33.825689 0x1fa65e140 incremental_pipeline.cc:791] Discarding reconstruction due to bad initial pair
I20260910 06:20:33.826535 0x1fa65e140 incremental_pipeline.cc:492] Registering initial image pair #3 and #4
I20260910 06:20:33.826692 0x1fa65e140 incremental_pipeline.cc:510] Global bundle adjustment
I20260910 06:20:33.826762 0x1fa65e140 incremental_pipeline.cc:791] Discarding reconstruction due to bad initial pair
I20260910 06:20:33.827602 0x1fa65e140 incremental_pipeline.cc:492] Registering initial image pair #3 and #4
I20260910 06:20:33.827760 0x1fa65e140 incremental_pipeline.cc:510] Global bundle adjustment
I20260910 06:20:33.828043 0x1fa65e140 incremental_pipeline.cc:791] Discarding reconstruction due to bad initial pair
I20260910 06:20:33.828948 0x1fa65e140 incremental_pipeline.cc:492] Registering initial image pair #3 and #4
I20260910 06:20:33.829105 0x1fa65e140 incremental_pipeline.cc:510] Global bundle adjustment
I20260910 06:20:33.829395 0x1fa65e140 incremental_pipeline.cc:791] Discarding reconstruction due to bad initial pair
I20260910 06:20:33.830175 0x1fa65e140 incremental_pipeline.cc:492] Registering initial image pair #3 and #4
I20260910 06:20:33.830331 0x1fa65e140 incremental_pipeline.cc:510] Global bundle adjustment
I20260910 06:20:33.830400 0x1fa65e140 incremental_pipeline.cc:791] Discarding reconstruction due to bad initial pair
I20260910 06:20:33.831300 0x1fa65e140 incremental_pipeline.cc:492] Registering initial image pair #3 and #4
I20260910 06:20:33.831460 0x1fa65e140 incremental_pipeline.cc:510] Global bundle adjustment
I20260910 06:20:33.831744 0x1fa65e140 incremental_pipeline.cc:791] Discarding reconstruction due to bad initial pair
I20260910 06:20:33.832613 0x1fa65e140 incremental_pipeline.cc:492] Registering initial image pair #3 and #4
I20260910 06:20:33.832768 0x1fa65e140 incremental_pipeline.cc:510] Global bundle adjustment
I20260910 06:20:33.832837 0x1fa65e140 incremental_pipeline.cc:791] Discarding reconstruction due to bad initial pair
I20260910 06:20:33.834521 0x1fa65e140 incremental_pipeline.cc:487] => Provided pair is unsuitable for initialization.
I20260910 06:20:33.834523 0x1fa65e140 incremental_pipeline.cc:791] Discarding reconstruction due to bad initial pair
I20260910 06:20:33.835340 0x1fa65e140 incremental_pipeline.cc:492] Registering initial image pair #3 and #4
I20260910 06:20:33.835502 0x1fa65e140 incremental_pipeline.cc:510] Global bundle adjustment
I20260910 06:20:33.835785 0x1fa65e140 incremental_pipeline.cc:791] Discarding reconstruction due to bad initial pair
I20260910 06:20:33.836603 0x1fa65e140 incremental_pipeline.cc:492] Registering initial image pair #3 and #4
I20260910 06:20:33.836764 0x1fa65e140 incremental_pipeline.cc:510] Global bundle adjustment
I20260910 06:20:33.837047 0x1fa65e140 incremental_pipeline.cc:791] Discarding reconstruction due to bad initial pair
I20260910 06:20:33.837826 0x1fa65e140 incremental_pipeline.cc:492] Registering initial image pair #3 and #4
I20260910 06:20:33.837982 0x1fa65e140 incremental_pipeline.cc:510] Global bundle adjustment
I20260910 06:20:33.838049 0x1fa65e140 incremental_pipeline.cc:791] Discarding reconstruction due to bad initial pair
I20260910 06:20:33.839753 0x1fa65e140 incremental_pipeline.cc:487] => Provided pair is unsuitable for initialization.
I20260910 06:20:33.839756 0x1fa65e140 incremental_pipeline.cc:791] Discarding reconstruction due to bad initial pair
I20260910 06:20:33.840570 0x1fa65e140 incremental_pipeline.cc:492] Registering initial image pair #3 and #4
I20260910 06:20:33.840728 0x1fa65e140 incremental_pipeline.cc:510] Global bundle adjustment
I20260910 06:20:33.841011 0x1fa65e140 incremental_pipeline.cc:791] Discarding reconstruction due to bad initial pair
I20260910 06:20:33.842777 0x1fa65e140 incremental_pipeline.cc:492] Registering initial image pair #3 and #4
I20260910 06:20:33.842813 0x1fa65e140 incremental_pipeline.cc:791] Discarding reconstruction due to bad initial pair
I20260910 06:20:33.844581 0x1fa65e140 incremental_pipeline.cc:487] => Provided pair is unsuitable for initialization.
I20260910 06:20:33.844583 0x1fa65e140 incremental_pipeline.cc:791] Discarding reconstruction due to bad initial pair
I20260910 06:20:33.845350 0x1fa65e140 incremental_pipeline.cc:492] Registering initial image pair #3 and #4
I20260910 06:20:33.845506 0x1fa65e140 incremental_pipeline.cc:510] Global bundle adjustment
I20260910 06:20:33.845575 0x1fa65e140 incremental_pipeline.cc:791] Discarding reconstruction due to bad initial pair
I20260910 06:20:33.846453 0x1fa65e140 incremental_pipeline.cc:492] Registering initial image pair #3 and #4
I20260910 06:20:33.846612 0x1fa65e140 incremental_pipeline.cc:510] Global bundle adjustment
I20260910 06:20:33.846894 0x1fa65e140 incremental_pipeline.cc:791] Discarding reconstruction due to bad initial pair
I20260910 06:20:33.848197 0x1fa65e140 incremental_pipeline.cc:492] Registering initial image pair #3 and #4
I20260910 06:20:33.848356 0x1fa65e140 incremental_pipeline.cc:510] Global bundle adjustment
I20260910 06:20:33.848637 0x1fa65e140 incremental_pipeline.cc:791] Discarding reconstruction due to bad initial pair
I20260910 06:20:33.849513 0x1fa65e140 incremental_pipeline.cc:492] Registering initial image pair #3 and #4
I20260910 06:20:33.849669 0x1fa65e140 incremental_pipeline.cc:510] Global bundle adjustment
I20260910 06:20:33.849956 0x1fa65e140 incremental_pipeline.cc:791] Discarding reconstruction due to bad initial pair
I20260910 06:20:33.850735 0x1fa65e140 incremental_pipeline.cc:492] Registering initial image pair #3 and #4
I20260910 06:20:33.850894 0x1fa65e140 incremental_pipeline.cc:510] Global bundle adjustment
I20260910 06:20:33.850964 0x1fa65e140 incremental_pipeline.cc:791] Discarding reconstruction due to bad initial pair
I20260910 06:20:33.851782 0x1fa65e140 incremental_pipeline.cc:492] Registering initial image pair #3 and #4
I20260910 06:20:33.851937 0x1fa65e140 incremental_pipeline.cc:510] Global bundle adjustment
I20260910 06:20:33.852220 0x1fa65e140 incremental_pipeline.cc:791] Discarding reconstruction due to bad initial pair
I20260910 06:20:33.853005 0x1fa65e140 incremental_pipeline.cc:492] Registering initial image pair #3 and #4
I20260910 06:20:33.853160 0x1fa65e140 incremental_pipeline.cc:510] Global bundle adjustment
I20260910 06:20:33.853227 0x1fa65e140 incremental_pipeline.cc:791] Discarding reconstruction due to bad initial pair
I20260910 06:20:33.854052 0x1fa65e140 incremental_pipeline.cc:492] Registering initial image pair #3 and #4
I20260910 06:20:33.854214 0x1fa65e140 incremental_pipeline.cc:510] Global bundle adjustment
I20260910 06:20:33.854497 0x1fa65e140 incremental_pipeline.cc:791] Discarding reconstruction due to bad initial pair
I20260910 06:20:33.856246 0x1fa65e140 incremental_pipeline.cc:487] => Provided pair is unsuitable for initialization.
I20260910 06:20:33.856250 0x1fa65e140 incremental_pipeline.cc:791] Discarding reconstruction due to bad initial pair
I20260910 06:20:33.857809 0x1fa65e140 incremental_pipeline.cc:492] Registering initial image pair #3 and #4
I20260910 06:20:33.857845 0x1fa65e140 incremental_pipeline.cc:791] Discarding reconstruction due to bad initial pair
I20260910 06:20:33.859236 0x1fa65e140 incremental_pipeline.cc:487] => Provided pair is unsuitable for initialization.
I20260910 06:20:33.859239 0x1fa65e140 incremental_pipeline.cc:791] Discarding reconstruction due to bad initial pair
I20260910 06:20:33.860003 0x1fa65e140 incremental_pipeline.cc:492] Registering initial image pair #3 and #4
I20260910 06:20:33.860163 0x1fa65e140 incremental_pipeline.cc:510] Global bundle adjustment
I20260910 06:20:33.860445 0x1fa65e140 incremental_pipeline.cc:791] Discarding reconstruction due to bad initial pair
I20260910 06:20:33.861275 0x1fa65e140 incremental_pipeline.cc:492] Registering initial image pair #3 and #4
I20260910 06:20:33.861435 0x1fa65e140 incremental_pipeline.cc:510] Global bundle adjustment
I20260910 06:20:33.861720 0x1fa65e140 incremental_pipeline.cc:791] Discarding reconstruction due to bad initial pair
I20260910 06:20:33.862650 0x1fa65e140 incremental_pipeline.cc:492] Registering initial image pair #3 and #4
I20260910 06:20:33.862809 0x1fa65e140 incremental_pipeline.cc:510] Global bundle adjustment
I20260910 06:20:33.863091 0x1fa65e140 incremental_pipeline.cc:791] Discarding reconstruction due to bad initial pair
I20260910 06:20:33.863958 0x1fa65e140 incremental_pipeline.cc:492] Registering initial image pair #3 and #4
I20260910 06:20:33.864117 0x1fa65e140 incremental_pipeline.cc:510] Global bundle adjustment
I20260910 06:20:33.864403 0x1fa65e140 incremental_pipeline.cc:791] Discarding reconstruction due to bad initial pair
I20260910 06:20:33.866095 0x1fa65e140 incremental_pipeline.cc:487] => Provided pair is unsuitable for initialization.
I20260910 06:20:33.866098 0x1fa65e140 incremental_pipeline.cc:791] Discarding reconstruction due to bad initial pair
I20260910 06:20:33.866101 0x1fa65e140 incremental_pipeline.cc:429] => Relaxing the initialization constraints.
I20260910 06:20:33.867684 0x1fa65e140 incremental_pipeline.cc:492] Registering initial image pair #3 and #4
I20260910 06:20:33.867840 0x1fa65e140 incremental_pipeline.cc:510] Global bundle adjustment
I20260910 06:20:33.868125 0x1fa65e140 incremental_pipeline.cc:791] Discarding reconstruction due to bad initial pair
I20260910 06:20:33.869424 0x1fa65e140 incremental_pipeline.cc:492] Registering initial image pair #3 and #4
I20260910 06:20:33.869580 0x1fa65e140 incremental_pipeline.cc:510] Global bundle adjustment
I20260910 06:20:33.869652 0x1fa65e140 incremental_pipeline.cc:791] Discarding reconstruction due to bad initial pair
I20260910 06:20:33.870466 0x1fa65e140 incremental_pipeline.cc:492] Registering initial image pair #3 and #4
I20260910 06:20:33.870624 0x1fa65e140 incremental_pipeline.cc:510] Global bundle adjustment
I20260910 06:20:33.870693 0x1fa65e140 incremental_pipeline.cc:791] Discarding reconstruction due to bad initial pair
I20260910 06:20:33.872140 0x1fa65e140 incremental_pipeline.cc:492] Registering initial image pair #3 and #4
I20260910 06:20:33.872298 0x1fa65e140 incremental_pipeline.cc:510] Global bundle adjustment
I20260910 06:20:33.872580 0x1fa65e140 incremental_pipeline.cc:791] Discarding reconstruction due to bad initial pair
I20260910 06:20:33.873506 0x1fa65e140 incremental_pipeline.cc:492] Registering initial image pair #3 and #4
I20260910 06:20:33.873664 0x1fa65e140 incremental_pipeline.cc:510] Global bundle adjustment
I20260910 06:20:33.873943 0x1fa65e140 incremental_pipeline.cc:791] Discarding reconstruction due to bad initial pair
I20260910 06:20:33.874848 0x1fa65e140 incremental_pipeline.cc:492] Registering initial image pair #3 and #4
I20260910 06:20:33.875006 0x1fa65e140 incremental_pipeline.cc:510] Global bundle adjustment
I20260910 06:20:33.875288 0x1fa65e140 incremental_pipeline.cc:791] Discarding reconstruction due to bad initial pair
I20260910 06:20:33.876150 0x1fa65e140 incremental_pipeline.cc:492] Registering initial image pair #3 and #4
I20260910 06:20:33.876308 0x1fa65e140 incremental_pipeline.cc:510] Global bundle adjustment
I20260910 06:20:33.876386 0x1fa65e140 incremental_pipeline.cc:791] Discarding reconstruction due to bad initial pair
I20260910 06:20:33.877255 0x1fa65e140 incremental_pipeline.cc:492] Registering initial image pair #3 and #4
I20260910 06:20:33.877413 0x1fa65e140 incremental_pipeline.cc:510] Global bundle adjustment
I20260910 06:20:33.877483 0x1fa65e140 incremental_pipeline.cc:791] Discarding reconstruction due to bad initial pair
I20260910 06:20:33.878268 0x1fa65e140 incremental_pipeline.cc:492] Registering initial image pair #3 and #4
I20260910 06:20:33.878426 0x1fa65e140 incremental_pipeline.cc:510] Global bundle adjustment
I20260910 06:20:33.878494 0x1fa65e140 incremental_pipeline.cc:791] Discarding reconstruction due to bad initial pair
I20260910 06:20:33.879328 0x1fa65e140 incremental_pipeline.cc:492] Registering initial image pair #3 and #4
I20260910 06:20:33.879484 0x1fa65e140 incremental_pipeline.cc:510] Global bundle adjustment
I20260910 06:20:33.879767 0x1fa65e140 incremental_pipeline.cc:791] Discarding reconstruction due to bad initial pair
I20260910 06:20:33.880683 0x1fa65e140 incremental_pipeline.cc:492] Registering initial image pair #3 and #4
I20260910 06:20:33.880842 0x1fa65e140 incremental_pipeline.cc:510] Global bundle adjustment
I20260910 06:20:33.881130 0x1fa65e140 incremental_pipeline.cc:791] Discarding reconstruction due to bad initial pair
I20260910 06:20:33.881871 0x1fa65e140 incremental_pipeline.cc:492] Registering initial image pair #3 and #4
I20260910 06:20:33.882032 0x1fa65e140 incremental_pipeline.cc:510] Global bundle adjustment
I20260910 06:20:33.882101 0x1fa65e140 incremental_pipeline.cc:791] Discarding reconstruction due to bad initial pair
I20260910 06:20:33.883845 0x1fa65e140 incremental_pipeline.cc:487] => Provided pair is unsuitable for initialization.
I20260910 06:20:33.883848 0x1fa65e140 incremental_pipeline.cc:791] Discarding reconstruction due to bad initial pair
I20260910 06:20:33.884773 0x1fa65e140 incremental_pipeline.cc:492] Registering initial image pair #3 and #4
I20260910 06:20:33.884931 0x1fa65e140 incremental_pipeline.cc:510] Global bundle adjustment
I20260910 06:20:33.885001 0x1fa65e140 incremental_pipeline.cc:791] Discarding reconstruction due to bad initial pair
I20260910 06:20:33.885863 0x1fa65e140 incremental_pipeline.cc:492] Registering initial image pair #3 and #4
I20260910 06:20:33.886022 0x1fa65e140 incremental_pipeline.cc:510] Global bundle adjustment
I20260910 06:20:33.886305 0x1fa65e140 incremental_pipeline.cc:791] Discarding reconstruction due to bad initial pair
I20260910 06:20:33.887212 0x1fa65e140 incremental_pipeline.cc:492] Registering initial image pair #3 and #4
I20260910 06:20:33.887372 0x1fa65e140 incremental_pipeline.cc:510] Global bundle adjustment
I20260910 06:20:33.887658 0x1fa65e140 incremental_pipeline.cc:791] Discarding reconstruction due to bad initial pair
I20260910 06:20:33.888516 0x1fa65e140 incremental_pipeline.cc:492] Registering initial image pair #3 and #4
I20260910 06:20:33.888674 0x1fa65e140 incremental_pipeline.cc:510] Global bundle adjustment
I20260910 06:20:33.888744 0x1fa65e140 incremental_pipeline.cc:791] Discarding reconstruction due to bad initial pair
I20260910 06:20:33.889583 0x1fa65e140 incremental_pipeline.cc:492] Registering initial image pair #3 and #4
I20260910 06:20:33.889741 0x1fa65e140 incremental_pipeline.cc:510] Global bundle adjustment
I20260910 06:20:33.889808 0x1fa65e140 incremental_pipeline.cc:791] Discarding reconstruction due to bad initial pair
I20260910 06:20:33.890688 0x1fa65e140 incremental_pipeline.cc:492] Registering initial image pair #3 and #4
I20260910 06:20:33.890850 0x1fa65e140 incremental_pipeline.cc:510] Global bundle adjustment
I20260910 06:20:33.891132 0x1fa65e140 incremental_pipeline.cc:791] Discarding reconstruction due to bad initial pair
I20260910 06:20:33.892129 0x1fa65e140 incremental_pipeline.cc:492] Registering initial image pair #3 and #4
I20260910 06:20:33.892284 0x1fa65e140 incremental_pipeline.cc:510] Global bundle adjustment
I20260910 06:20:33.892570 0x1fa65e140 incremental_pipeline.cc:791] Discarding reconstruction due to bad initial pair
I20260910 06:20:33.893335 0x1fa65e140 incremental_pipeline.cc:492] Registering initial image pair #3 and #4
I20260910 06:20:33.893495 0x1fa65e140 incremental_pipeline.cc:510] Global bundle adjustment
I20260910 06:20:33.893782 0x1fa65e140 incremental_pipeline.cc:791] Discarding reconstruction due to bad initial pair
I20260910 06:20:33.894656 0x1fa65e140 incremental_pipeline.cc:492] Registering initial image pair #3 and #4
I20260910 06:20:33.894813 0x1fa65e140 incremental_pipeline.cc:510] Global bundle adjustment
I20260910 06:20:33.895097 0x1fa65e140 incremental_pipeline.cc:791] Discarding reconstruction due to bad initial pair
I20260910 06:20:33.896021 0x1fa65e140 incremental_pipeline.cc:492] Registering initial image pair #3 and #4
I20260910 06:20:33.896179 0x1fa65e140 incremental_pipeline.cc:510] Global bundle adjustment
I20260910 06:20:33.896249 0x1fa65e140 incremental_pipeline.cc:791] Discarding reconstruction due to bad initial pair
I20260910 06:20:33.898043 0x1fa65e140 incremental_pipeline.cc:492] Registering initial image pair #3 and #4
I20260910 06:20:33.898199 0x1fa65e140 incremental_pipeline.cc:510] Global bundle adjustment
I20260910 06:20:33.898488 0x1fa65e140 incremental_pipeline.cc:791] Discarding reconstruction due to bad initial pair
I20260910 06:20:33.900182 0x1fa65e140 incremental_pipeline.cc:487] => Provided pair is unsuitable for initialization.
I20260910 06:20:33.900185 0x1fa65e140 incremental_pipeline.cc:791] Discarding reconstruction due to bad initial pair
I20260910 06:20:33.900968 0x1fa65e140 incremental_pipeline.cc:492] Registering initial image pair #3 and #4
I20260910 06:20:33.901126 0x1fa65e140 incremental_pipeline.cc:510] Global bundle adjustment
I20260910 06:20:33.901195 0x1fa65e140 incremental_pipeline.cc:791] Discarding reconstruction due to bad initial pair
I20260910 06:20:33.902017 0x1fa65e140 incremental_pipeline.cc:492] Registering initial image pair #3 and #4
I20260910 06:20:33.902174 0x1fa65e140 incremental_pipeline.cc:510] Global bundle adjustment
I20260910 06:20:33.902458 0x1fa65e140 incremental_pipeline.cc:791] Discarding reconstruction due to bad initial pair
I20260910 06:20:33.903422 0x1fa65e140 incremental_pipeline.cc:492] Registering initial image pair #3 and #4
I20260910 06:20:33.903580 0x1fa65e140 incremental_pipeline.cc:510] Global bundle adjustment
I20260910 06:20:33.903863 0x1fa65e140 incremental_pipeline.cc:791] Discarding reconstruction due to bad initial pair
I20260910 06:20:33.904676 0x1fa65e140 incremental_pipeline.cc:492] Registering initial image pair #3 and #4
I20260910 06:20:33.904832 0x1fa65e140 incremental_pipeline.cc:510] Global bundle adjustment
I20260910 06:20:33.904900 0x1fa65e140 incremental_pipeline.cc:791] Discarding reconstruction due to bad initial pair
I20260910 06:20:33.905799 0x1fa65e140 incremental_pipeline.cc:492] Registering initial image pair #3 and #4
I20260910 06:20:33.905958 0x1fa65e140 incremental_pipeline.cc:510] Global bundle adjustment
I20260910 06:20:33.906247 0x1fa65e140 incremental_pipeline.cc:791] Discarding reconstruction due to bad initial pair
I20260910 06:20:33.907148 0x1fa65e140 incremental_pipeline.cc:492] Registering initial image pair #3 and #4
I20260910 06:20:33.907305 0x1fa65e140 incremental_pipeline.cc:510] Global bundle adjustment
I20260910 06:20:33.907591 0x1fa65e140 incremental_pipeline.cc:791] Discarding reconstruction due to bad initial pair
I20260910 06:20:33.908499 0x1fa65e140 incremental_pipeline.cc:492] Registering initial image pair #3 and #4
I20260910 06:20:33.908661 0x1fa65e140 incremental_pipeline.cc:510] Global bundle adjustment
I20260910 06:20:33.908944 0x1fa65e140 incremental_pipeline.cc:791] Discarding reconstruction due to bad initial pair
I20260910 06:20:33.910725 0x1fa65e140 incremental_pipeline.cc:487] => Provided pair is unsuitable for initialization.
I20260910 06:20:33.910727 0x1fa65e140 incremental_pipeline.cc:791] Discarding reconstruction due to bad initial pair
I20260910 06:20:33.912066 0x1fa65e140 incremental_pipeline.cc:492] Registering initial image pair #3 and #4
I20260910 06:20:33.912225 0x1fa65e140 incremental_pipeline.cc:510] Global bundle adjustment
I20260910 06:20:33.912514 0x1fa65e140 incremental_pipeline.cc:791] Discarding reconstruction due to bad initial pair
I20260910 06:20:33.913349 0x1fa65e140 incremental_pipeline.cc:492] Registering initial image pair #3 and #4
I20260910 06:20:33.913510 0x1fa65e140 incremental_pipeline.cc:510] Global bundle adjustment
I20260910 06:20:33.913795 0x1fa65e140 incremental_pipeline.cc:791] Discarding reconstruction due to bad initial pair
I20260910 06:20:33.914984 0x1fa65e140 incremental_pipeline.cc:492] Registering initial image pair #3 and #4
I20260910 06:20:33.915143 0x1fa65e140 incremental_pipeline.cc:510] Global bundle adjustment
I20260910 06:20:33.915428 0x1fa65e140 incremental_pipeline.cc:791] Discarding reconstruction due to bad initial pair
I20260910 06:20:33.917175 0x1fa65e140 incremental_pipeline.cc:492] Registering initial image pair #3 and #4
I20260910 06:20:33.917332 0x1fa65e140 incremental_pipeline.cc:510] Global bundle adjustment
I20260910 06:20:33.917405 0x1fa65e140 incremental_pipeline.cc:791] Discarding reconstruction due to bad initial pair
I20260910 06:20:33.919718 0x1fa65e140 incremental_pipeline.cc:487] => Provided pair is unsuitable for initialization.
I20260910 06:20:33.919720 0x1fa65e140 incremental_pipeline.cc:791] Discarding reconstruction due to bad initial pair
I20260910 06:20:33.920509 0x1fa65e140 incremental_pipeline.cc:492] Registering initial image pair #3 and #4
I20260910 06:20:33.920668 0x1fa65e140 incremental_pipeline.cc:510] Global bundle adjustment
I20260910 06:20:33.920735 0x1fa65e140 incremental_pipeline.cc:791] Discarding reconstruction due to bad initial pair
I20260910 06:20:33.921643 0x1fa65e140 incremental_pipeline.cc:492] Registering initial image pair #3 and #4
I20260910 06:20:33.921801 0x1fa65e140 incremental_pipeline.cc:510] Global bundle adjustment
I20260910 06:20:33.921870 0x1fa65e140 incremental_pipeline.cc:791] Discarding reconstruction due to bad initial pair
I20260910 06:20:33.922776 0x1fa65e140 incremental_pipeline.cc:492] Registering initial image pair #3 and #4
I20260910 06:20:33.922933 0x1fa65e140 incremental_pipeline.cc:510] Global bundle adjustment
I20260910 06:20:33.923216 0x1fa65e140 incremental_pipeline.cc:791] Discarding reconstruction due to bad initial pair
I20260910 06:20:33.923987 0x1fa65e140 incremental_pipeline.cc:492] Registering initial image pair #3 and #4
I20260910 06:20:33.924143 0x1fa65e140 incremental_pipeline.cc:510] Global bundle adjustment
I20260910 06:20:33.924213 0x1fa65e140 incremental_pipeline.cc:791] Discarding reconstruction due to bad initial pair
I20260910 06:20:33.925041 0x1fa65e140 incremental_pipeline.cc:492] Registering initial image pair #3 and #4
I20260910 06:20:33.925197 0x1fa65e140 incremental_pipeline.cc:510] Global bundle adjustment
I20260910 06:20:33.925267 0x1fa65e140 incremental_pipeline.cc:791] Discarding reconstruction due to bad initial pair
I20260910 06:20:33.926092 0x1fa65e140 incremental_pipeline.cc:492] Registering initial image pair #3 and #4
I20260910 06:20:33.926248 0x1fa65e140 incremental_pipeline.cc:510] Global bundle adjustment
I20260910 06:20:33.926317 0x1fa65e140 incremental_pipeline.cc:791] Discarding reconstruction due to bad initial pair
I20260910 06:20:33.928049 0x1fa65e140 incremental_pipeline.cc:492] Registering initial image pair #3 and #4
I20260910 06:20:33.928205 0x1fa65e140 incremental_pipeline.cc:510] Global bundle adjustment
I20260910 06:20:33.928279 0x1fa65e140 incremental_pipeline.cc:791] Discarding reconstruction due to bad initial pair
I20260910 06:20:33.929120 0x1fa65e140 incremental_pipeline.cc:492] Registering initial image pair #3 and #4
I20260910 06:20:33.929278 0x1fa65e140 incremental_pipeline.cc:510] Global bundle adjustment
I20260910 06:20:33.929347 0x1fa65e140 incremental_pipeline.cc:791] Discarding reconstruction due to bad initial pair
I20260910 06:20:33.930162 0x1fa65e140 incremental_pipeline.cc:492] Registering initial image pair #3 and #4
I20260910 06:20:33.930323 0x1fa65e140 incremental_pipeline.cc:510] Global bundle adjustment
I20260910 06:20:33.930392 0x1fa65e140 incremental_pipeline.cc:791] Discarding reconstruction due to bad initial pair
I20260910 06:20:33.931312 0x1fa65e140 incremental_pipeline.cc:492] Registering initial image pair #3 and #4
I20260910 06:20:33.931470 0x1fa65e140 incremental_pipeline.cc:510] Global bundle adjustment
I20260910 06:20:33.931753 0x1fa65e140 incremental_pipeline.cc:791] Discarding reconstruction due to bad initial pair
I20260910 06:20:33.932690 0x1fa65e140 incremental_pipeline.cc:492] Registering initial image pair #3 and #4
I20260910 06:20:33.932849 0x1fa65e140 incremental_pipeline.cc:510] Global bundle adjustment
I20260910 06:20:33.933135 0x1fa65e140 incremental_pipeline.cc:791] Discarding reconstruction due to bad initial pair
I20260910 06:20:33.933999 0x1fa65e140 incremental_pipeline.cc:492] Registering initial image pair #3 and #4
I20260910 06:20:33.934157 0x1fa65e140 incremental_pipeline.cc:510] Global bundle adjustment
I20260910 06:20:33.934440 0x1fa65e140 incremental_pipeline.cc:791] Discarding reconstruction due to bad initial pair
I20260910 06:20:33.936139 0x1fa65e140 incremental_pipeline.cc:492] Registering initial image pair #3 and #4
I20260910 06:20:33.936297 0x1fa65e140 incremental_pipeline.cc:510] Global bundle adjustment
I20260910 06:20:33.936585 0x1fa65e140 incremental_pipeline.cc:791] Discarding reconstruction due to bad initial pair
I20260910 06:20:33.937574 0x1fa65e140 incremental_pipeline.cc:492] Registering initial image pair #3 and #4
I20260910 06:20:33.937734 0x1fa65e140 incremental_pipeline.cc:510] Global bundle adjustment
I20260910 06:20:33.938015 0x1fa65e140 incremental_pipeline.cc:791] Discarding reconstruction due to bad initial pair
I20260910 06:20:33.938840 0x1fa65e140 incremental_pipeline.cc:492] Registering initial image pair #3 and #4
I20260910 06:20:33.938998 0x1fa65e140 incremental_pipeline.cc:510] Global bundle adjustment
I20260910 06:20:33.939282 0x1fa65e140 incremental_pipeline.cc:791] Discarding reconstruction due to bad initial pair
I20260910 06:20:33.941102 0x1fa65e140 incremental_pipeline.cc:492] Registering initial image pair #3 and #4
I20260910 06:20:33.941140 0x1fa65e140 incremental_pipeline.cc:791] Discarding reconstruction due to bad initial pair
I20260910 06:20:33.941936 0x1fa65e140 incremental_pipeline.cc:492] Registering initial image pair #3 and #4
I20260910 06:20:33.942094 0x1fa65e140 incremental_pipeline.cc:510] Global bundle adjustment
I20260910 06:20:33.942164 0x1fa65e140 incremental_pipeline.cc:791] Discarding reconstruction due to bad initial pair
I20260910 06:20:33.942996 0x1fa65e140 incremental_pipeline.cc:492] Registering initial image pair #3 and #4
I20260910 06:20:33.943154 0x1fa65e140 incremental_pipeline.cc:510] Global bundle adjustment
I20260910 06:20:33.943221 0x1fa65e140 incremental_pipeline.cc:791] Discarding reconstruction due to bad initial pair
I20260910 06:20:33.944978 0x1fa65e140 incremental_pipeline.cc:487] => Provided pair is unsuitable for initialization.
I20260910 06:20:33.944981 0x1fa65e140 incremental_pipeline.cc:791] Discarding reconstruction due to bad initial pair
I20260910 06:20:33.945763 0x1fa65e140 incremental_pipeline.cc:492] Registering initial image pair #3 and #4
I20260910 06:20:33.945919 0x1fa65e140 incremental_pipeline.cc:510] Global bundle adjustment
I20260910 06:20:33.945988 0x1fa65e140 incremental_pipeline.cc:791] Discarding reconstruction due to bad initial pair
I20260910 06:20:33.947744 0x1fa65e140 incremental_pipeline.cc:487] => Provided pair is unsuitable for initialization.
I20260910 06:20:33.947746 0x1fa65e140 incremental_pipeline.cc:791] Discarding reconstruction due to bad initial pair
I20260910 06:20:33.948561 0x1fa65e140 incremental_pipeline.cc:492] Registering initial image pair #3 and #4
I20260910 06:20:33.948718 0x1fa65e140 incremental_pipeline.cc:510] Global bundle adjustment
I20260910 06:20:33.948788 0x1fa65e140 incremental_pipeline.cc:791] Discarding reconstruction due to bad initial pair
I20260910 06:20:33.949624 0x1fa65e140 incremental_pipeline.cc:492] Registering initial image pair #3 and #4
I20260910 06:20:33.949780 0x1fa65e140 incremental_pipeline.cc:510] Global bundle adjustment
I20260910 06:20:33.950068 0x1fa65e140 incremental_pipeline.cc:791] Discarding reconstruction due to bad initial pair
I20260910 06:20:33.950870 0x1fa65e140 incremental_pipeline.cc:492] Registering initial image pair #3 and #4
I20260910 06:20:33.951029 0x1fa65e140 incremental_pipeline.cc:510] Global bundle adjustment
I20260910 06:20:33.951096 0x1fa65e140 incremental_pipeline.cc:791] Discarding reconstruction due to bad initial pair
I20260910 06:20:33.952803 0x1fa65e140 incremental_pipeline.cc:487] => Provided pair is unsuitable for initialization.
I20260910 06:20:33.952806 0x1fa65e140 incremental_pipeline.cc:791] Discarding reconstruction due to bad initial pair
I20260910 06:20:33.953607 0x1fa65e140 incremental_pipeline.cc:492] Registering initial image pair #3 and #4
I20260910 06:20:33.953765 0x1fa65e140 incremental_pipeline.cc:510] Global bundle adjustment
I20260910 06:20:33.954050 0x1fa65e140 incremental_pipeline.cc:791] Discarding reconstruction due to bad initial pair
I20260910 06:20:33.954990 0x1fa65e140 incremental_pipeline.cc:492] Registering initial image pair #3 and #4
I20260910 06:20:33.955147 0x1fa65e140 incremental_pipeline.cc:510] Global bundle adjustment
I20260910 06:20:33.955430 0x1fa65e140 incremental_pipeline.cc:791] Discarding reconstruction due to bad initial pair
I20260910 06:20:33.957053 0x1fa65e140 incremental_pipeline.cc:487] => Provided pair is unsuitable for initialization.
I20260910 06:20:33.957056 0x1fa65e140 incremental_pipeline.cc:791] Discarding reconstruction due to bad initial pair
I20260910 06:20:33.957890 0x1fa65e140 incremental_pipeline.cc:492] Registering initial image pair #3 and #4
I20260910 06:20:33.958049 0x1fa65e140 incremental_pipeline.cc:510] Global bundle adjustment
I20260910 06:20:33.958117 0x1fa65e140 incremental_pipeline.cc:791] Discarding reconstruction due to bad initial pair
I20260910 06:20:33.959827 0x1fa65e140 incremental_pipeline.cc:487] => Provided pair is unsuitable for initialization.
I20260910 06:20:33.959830 0x1fa65e140 incremental_pipeline.cc:791] Discarding reconstruction due to bad initial pair
I20260910 06:20:33.960634 0x1fa65e140 incremental_pipeline.cc:492] Registering initial image pair #3 and #4
I20260910 06:20:33.960792 0x1fa65e140 incremental_pipeline.cc:510] Global bundle adjustment
I20260910 06:20:33.961073 0x1fa65e140 incremental_pipeline.cc:791] Discarding reconstruction due to bad initial pair
I20260910 06:20:33.962545 0x1fa65e140 incremental_pipeline.cc:492] Registering initial image pair #3 and #4
I20260910 06:20:33.962705 0x1fa65e140 incremental_pipeline.cc:510] Global bundle adjustment
I20260910 06:20:33.962773 0x1fa65e140 incremental_pipeline.cc:791] Discarding reconstruction due to bad initial pair
I20260910 06:20:33.964534 0x1fa65e140 incremental_pipeline.cc:492] Registering initial image pair #3 and #4
I20260910 06:20:33.964693 0x1fa65e140 incremental_pipeline.cc:510] Global bundle adjustment
I20260910 06:20:33.964762 0x1fa65e140 incremental_pipeline.cc:791] Discarding reconstruction due to bad initial pair
I20260910 06:20:33.966452 0x1fa65e140 incremental_pipeline.cc:487] => Provided pair is unsuitable for initialization.
I20260910 06:20:33.966455 0x1fa65e140 incremental_pipeline.cc:791] Discarding reconstruction due to bad initial pair
I20260910 06:20:33.967280 0x1fa65e140 incremental_pipeline.cc:492] Registering initial image pair #3 and #4
I20260910 06:20:33.967442 0x1fa65e140 incremental_pipeline.cc:510] Global bundle adjustment
I20260910 06:20:33.967725 0x1fa65e140 incremental_pipeline.cc:791] Discarding reconstruction due to bad initial pair
I20260910 06:20:33.968636 0x1fa65e140 incremental_pipeline.cc:492] Registering initial image pair #3 and #4
I20260910 06:20:33.968792 0x1fa65e140 incremental_pipeline.cc:510] Global bundle adjustment
I20260910 06:20:33.969073 0x1fa65e140 incremental_pipeline.cc:791] Discarding reconstruction due to bad initial pair
I20260910 06:20:33.969939 0x1fa65e140 incremental_pipeline.cc:492] Registering initial image pair #3 and #4
I20260910 06:20:33.970096 0x1fa65e140 incremental_pipeline.cc:510] Global bundle adjustment
I20260910 06:20:33.970380 0x1fa65e140 incremental_pipeline.cc:791] Discarding reconstruction due to bad initial pair
I20260910 06:20:33.971276 0x1fa65e140 incremental_pipeline.cc:492] Registering initial image pair #3 and #4
I20260910 06:20:33.971432 0x1fa65e140 incremental_pipeline.cc:510] Global bundle adjustment
I20260910 06:20:33.971714 0x1fa65e140 incremental_pipeline.cc:791] Discarding reconstruction due to bad initial pair
I20260910 06:20:33.972550 0x1fa65e140 incremental_pipeline.cc:492] Registering initial image pair #3 and #4
I20260910 06:20:33.972712 0x1fa65e140 incremental_pipeline.cc:510] Global bundle adjustment
I20260910 06:20:33.972996 0x1fa65e140 incremental_pipeline.cc:791] Discarding reconstruction due to bad initial pair
I20260910 06:20:33.973894 0x1fa65e140 incremental_pipeline.cc:492] Registering initial image pair #3 and #4
I20260910 06:20:33.974052 0x1fa65e140 incremental_pipeline.cc:510] Global bundle adjustment
I20260910 06:20:33.974332 0x1fa65e140 incremental_pipeline.cc:791] Discarding reconstruction due to bad initial pair
I20260910 06:20:33.975979 0x1fa65e140 incremental_pipeline.cc:487] => Provided pair is unsuitable for initialization.
I20260910 06:20:33.975981 0x1fa65e140 incremental_pipeline.cc:791] Discarding reconstruction due to bad initial pair
I20260910 06:20:33.976871 0x1fa65e140 incremental_pipeline.cc:492] Registering initial image pair #3 and #4
I20260910 06:20:33.977027 0x1fa65e140 incremental_pipeline.cc:510] Global bundle adjustment
I20260910 06:20:33.977313 0x1fa65e140 incremental_pipeline.cc:791] Discarding reconstruction due to bad initial pair
I20260910 06:20:33.978054 0x1fa65e140 incremental_pipeline.cc:492] Registering initial image pair #3 and #4
I20260910 06:20:33.978213 0x1fa65e140 incremental_pipeline.cc:510] Global bundle adjustment
I20260910 06:20:33.978282 0x1fa65e140 incremental_pipeline.cc:791] Discarding reconstruction due to bad initial pair
I20260910 06:20:33.980859 0x1fa65e140 incremental_pipeline.cc:487] => Provided pair is unsuitable for initialization.
I20260910 06:20:33.980862 0x1fa65e140 incremental_pipeline.cc:791] Discarding reconstruction due to bad initial pair
I20260910 06:20:33.981624 0x1fa65e140 incremental_pipeline.cc:492] Registering initial image pair #3 and #4
I20260910 06:20:33.981782 0x1fa65e140 incremental_pipeline.cc:510] Global bundle adjustment
I20260910 06:20:33.981852 0x1fa65e140 incremental_pipeline.cc:791] Discarding reconstruction due to bad initial pair
I20260910 06:20:33.982761 0x1fa65e140 incremental_pipeline.cc:492] Registering initial image pair #3 and #4
I20260910 06:20:33.982917 0x1fa65e140 incremental_pipeline.cc:510] Global bundle adjustment
I20260910 06:20:33.983198 0x1fa65e140 incremental_pipeline.cc:791] Discarding reconstruction due to bad initial pair
I20260910 06:20:33.984223 0x1fa65e140 incremental_pipeline.cc:492] Registering initial image pair #3 and #4
I20260910 06:20:33.984387 0x1fa65e140 incremental_pipeline.cc:510] Global bundle adjustment
I20260910 06:20:33.984670 0x1fa65e140 incremental_pipeline.cc:791] Discarding reconstruction due to bad initial pair
I20260910 06:20:33.985555 0x1fa65e140 incremental_pipeline.cc:492] Registering initial image pair #3 and #4
I20260910 06:20:33.985712 0x1fa65e140 incremental_pipeline.cc:510] Global bundle adjustment
I20260910 06:20:33.985788 0x1fa65e140 incremental_pipeline.cc:791] Discarding reconstruction due to bad initial pair
I20260910 06:20:33.986634 0x1fa65e140 incremental_pipeline.cc:492] Registering initial image pair #3 and #4
I20260910 06:20:33.986790 0x1fa65e140 incremental_pipeline.cc:510] Global bundle adjustment
I20260910 06:20:33.987073 0x1fa65e140 incremental_pipeline.cc:791] Discarding reconstruction due to bad initial pair
I20260910 06:20:33.987915 0x1fa65e140 incremental_pipeline.cc:492] Registering initial image pair #3 and #4
I20260910 06:20:33.988073 0x1fa65e140 incremental_pipeline.cc:510] Global bundle adjustment
I20260910 06:20:33.988142 0x1fa65e140 incremental_pipeline.cc:791] Discarding reconstruction due to bad initial pair
I20260910 06:20:33.988956 0x1fa65e140 incremental_pipeline.cc:492] Registering initial image pair #3 and #4
I20260910 06:20:33.989111 0x1fa65e140 incremental_pipeline.cc:510] Global bundle adjustment
I20260910 06:20:33.989181 0x1fa65e140 incremental_pipeline.cc:791] Discarding reconstruction due to bad initial pair
I20260910 06:20:33.990080 0x1fa65e140 incremental_pipeline.cc:492] Registering initial image pair #3 and #4
I20260910 06:20:33.990240 0x1fa65e140 incremental_pipeline.cc:510] Global bundle adjustment
I20260910 06:20:33.990523 0x1fa65e140 incremental_pipeline.cc:791] Discarding reconstruction due to bad initial pair
I20260910 06:20:33.992295 0x1fa65e140 incremental_pipeline.cc:487] => Provided pair is unsuitable for initialization.
I20260910 06:20:33.992298 0x1fa65e140 incremental_pipeline.cc:791] Discarding reconstruction due to bad initial pair
I20260910 06:20:33.993984 0x1fa65e140 incremental_pipeline.cc:487] => Provided pair is unsuitable for initialization.
I20260910 06:20:33.993989 0x1fa65e140 incremental_pipeline.cc:791] Discarding reconstruction due to bad initial pair
I20260910 06:20:33.994721 0x1fa65e140 incremental_pipeline.cc:492] Registering initial image pair #3 and #4
I20260910 06:20:33.994879 0x1fa65e140 incremental_pipeline.cc:510] Global bundle adjustment
I20260910 06:20:33.995165 0x1fa65e140 incremental_pipeline.cc:791] Discarding reconstruction due to bad initial pair
I20260910 06:20:33.996948 0x1fa65e140 incremental_pipeline.cc:487] => Provided pair is unsuitable for initialization.
I20260910 06:20:33.996951 0x1fa65e140 incremental_pipeline.cc:791] Discarding reconstruction due to bad initial pair
I20260910 06:20:33.997892 0x1fa65e140 incremental_pipeline.cc:492] Registering initial image pair #3 and #4
I20260910 06:20:33.998050 0x1fa65e140 incremental_pipeline.cc:510] Global bundle adjustment
I20260910 06:20:33.998330 0x1fa65e140 incremental_pipeline.cc:791] Discarding reconstruction due to bad initial pair
I20260910 06:20:34.000130 0x1fa65e140 incremental_pipeline.cc:487] => Provided pair is unsuitable for initialization.
I20260910 06:20:34.000133 0x1fa65e140 incremental_pipeline.cc:791] Discarding reconstruction due to bad initial pair
I20260910 06:20:34.002133 0x1fa65e140 incremental_pipeline.cc:487] => Provided pair is unsuitable for initialization.
I20260910 06:20:34.002136 0x1fa65e140 incremental_pipeline.cc:791] Discarding reconstruction due to bad initial pair
I20260910 06:20:34.003801 0x1fa65e140 incremental_pipeline.cc:487] => Provided pair is unsuitable for initialization.
I20260910 06:20:34.003804 0x1fa65e140 incremental_pipeline.cc:791] Discarding reconstruction due to bad initial pair
I20260910 06:20:34.004636 0x1fa65e140 incremental_pipeline.cc:492] Registering initial image pair #3 and #4
I20260910 06:20:34.004795 0x1fa65e140 incremental_pipeline.cc:510] Global bundle adjustment
I20260910 06:20:34.004867 0x1fa65e140 incremental_pipeline.cc:791] Discarding reconstruction due to bad initial pair
I20260910 06:20:34.005779 0x1fa65e140 incremental_pipeline.cc:492] Registering initial image pair #3 and #4
I20260910 06:20:34.005935 0x1fa65e140 incremental_pipeline.cc:510] Global bundle adjustment
I20260910 06:20:34.006223 0x1fa65e140 incremental_pipeline.cc:791] Discarding reconstruction due to bad initial pair
I20260910 06:20:34.007382 0x1fa65e140 incremental_pipeline.cc:492] Registering initial image pair #3 and #4
I20260910 06:20:34.007536 0x1fa65e140 incremental_pipeline.cc:510] Global bundle adjustment
I20260910 06:20:34.008075 0x1fa65e140 incremental_pipeline.cc:791] Discarding reconstruction due to bad initial pair
I20260910 06:20:34.009011 0x1fa65e140 incremental_pipeline.cc:492] Registering initial image pair #3 and #4
I20260910 06:20:34.009169 0x1fa65e140 incremental_pipeline.cc:510] Global bundle adjustment
I20260910 06:20:34.009247 0x1fa65e140 incremental_pipeline.cc:791] Discarding reconstruction due to bad initial pair
I20260910 06:20:34.010494 0x1fa65e140 incremental_pipeline.cc:492] Registering initial image pair #3 and #4
I20260910 06:20:34.010664 0x1fa65e140 incremental_pipeline.cc:510] Global bundle adjustment
I20260910 06:20:34.010953 0x1fa65e140 incremental_pipeline.cc:791] Discarding reconstruction due to bad initial pair
I20260910 06:20:34.011805 0x1fa65e140 incremental_pipeline.cc:492] Registering initial image pair #3 and #4
I20260910 06:20:34.011963 0x1fa65e140 incremental_pipeline.cc:510] Global bundle adjustment
I20260910 06:20:34.012247 0x1fa65e140 incremental_pipeline.cc:791] Discarding reconstruction due to bad initial pair
I20260910 06:20:34.013067 0x1fa65e140 incremental_pipeline.cc:492] Registering initial image pair #3 and #4
I20260910 06:20:34.013225 0x1fa65e140 incremental_pipeline.cc:510] Global bundle adjustment
I20260910 06:20:34.013293 0x1fa65e140 incremental_pipeline.cc:791] Discarding reconstruction due to bad initial pair
I20260910 06:20:34.014251 0x1fa65e140 incremental_pipeline.cc:492] Registering initial image pair #3 and #4
I20260910 06:20:34.014407 0x1fa65e140 incremental_pipeline.cc:510] Global bundle adjustment
I20260910 06:20:34.014477 0x1fa65e140 incremental_pipeline.cc:791] Discarding reconstruction due to bad initial pair
I20260910 06:20:34.015303 0x1fa65e140 incremental_pipeline.cc:492] Registering initial image pair #3 and #4
I20260910 06:20:34.015458 0x1fa65e140 incremental_pipeline.cc:510] Global bundle adjustment
I20260910 06:20:34.015745 0x1fa65e140 incremental_pipeline.cc:791] Discarding reconstruction due to bad initial pair
I20260910 06:20:34.016603 0x1fa65e140 incremental_pipeline.cc:492] Registering initial image pair #3 and #4
I20260910 06:20:34.016759 0x1fa65e140 incremental_pipeline.cc:510] Global bundle adjustment
I20260910 06:20:34.017041 0x1fa65e140 incremental_pipeline.cc:791] Discarding reconstruction due to bad initial pair
I20260910 06:20:34.017910 0x1fa65e140 incremental_pipeline.cc:492] Registering initial image pair #3 and #4
I20260910 06:20:34.018067 0x1fa65e140 incremental_pipeline.cc:510] Global bundle adjustment
I20260910 06:20:34.018135 0x1fa65e140 incremental_pipeline.cc:791] Discarding reconstruction due to bad initial pair
I20260910 06:20:34.019874 0x1fa65e140 incremental_pipeline.cc:487] => Provided pair is unsuitable for initialization.
I20260910 06:20:34.019876 0x1fa65e140 incremental_pipeline.cc:791] Discarding reconstruction due to bad initial pair
I20260910 06:20:34.020629 0x1fa65e140 incremental_pipeline.cc:492] Registering initial image pair #3 and #4
I20260910 06:20:34.020787 0x1fa65e140 incremental_pipeline.cc:510] Global bundle adjustment
I20260910 06:20:34.020855 0x1fa65e140 incremental_pipeline.cc:791] Discarding reconstruction due to bad initial pair
I20260910 06:20:34.021850 0x1fa65e140 incremental_pipeline.cc:492] Registering initial image pair #3 and #4
I20260910 06:20:34.022006 0x1fa65e140 incremental_pipeline.cc:510] Global bundle adjustment
I20260910 06:20:34.022290 0x1fa65e140 incremental_pipeline.cc:791] Discarding reconstruction due to bad initial pair
I20260910 06:20:34.023070 0x1fa65e140 incremental_pipeline.cc:492] Registering initial image pair #3 and #4
I20260910 06:20:34.023228 0x1fa65e140 incremental_pipeline.cc:510] Global bundle adjustment
I20260910 06:20:34.023296 0x1fa65e140 incremental_pipeline.cc:791] Discarding reconstruction due to bad initial pair
I20260910 06:20:34.024251 0x1fa65e140 incremental_pipeline.cc:492] Registering initial image pair #3 and #4
I20260910 06:20:34.024413 0x1fa65e140 incremental_pipeline.cc:510] Global bundle adjustment
I20260910 06:20:34.024699 0x1fa65e140 incremental_pipeline.cc:791] Discarding reconstruction due to bad initial pair
I20260910 06:20:34.025678 0x1fa65e140 incremental_pipeline.cc:492] Registering initial image pair #3 and #4
I20260910 06:20:34.025836 0x1fa65e140 incremental_pipeline.cc:510] Global bundle adjustment
I20260910 06:20:34.026122 0x1fa65e140 incremental_pipeline.cc:791] Discarding reconstruction due to bad initial pair
I20260910 06:20:34.027091 0x1fa65e140 incremental_pipeline.cc:492] Registering initial image pair #3 and #4
I20260910 06:20:34.027250 0x1fa65e140 incremental_pipeline.cc:510] Global bundle adjustment
I20260910 06:20:34.027532 0x1fa65e140 incremental_pipeline.cc:791] Discarding reconstruction due to bad initial pair
I20260910 06:20:34.029250 0x1fa65e140 incremental_pipeline.cc:487] => Provided pair is unsuitable for initialization.
I20260910 06:20:34.029253 0x1fa65e140 incremental_pipeline.cc:791] Discarding reconstruction due to bad initial pair
I20260910 06:20:34.029987 0x1fa65e140 incremental_pipeline.cc:492] Registering initial image pair #3 and #4
I20260910 06:20:34.030145 0x1fa65e140 incremental_pipeline.cc:510] Global bundle adjustment
I20260910 06:20:34.030215 0x1fa65e140 incremental_pipeline.cc:791] Discarding reconstruction due to bad initial pair
I20260910 06:20:34.031965 0x1fa65e140 incremental_pipeline.cc:487] => Provided pair is unsuitable for initialization.
I20260910 06:20:34.031968 0x1fa65e140 incremental_pipeline.cc:791] Discarding reconstruction due to bad initial pair
I20260910 06:20:34.032749 0x1fa65e140 incremental_pipeline.cc:492] Registering initial image pair #3 and #4
I20260910 06:20:34.032907 0x1fa65e140 incremental_pipeline.cc:510] Global bundle adjustment
I20260910 06:20:34.032977 0x1fa65e140 incremental_pipeline.cc:791] Discarding reconstruction due to bad initial pair
I20260910 06:20:34.034773 0x1fa65e140 incremental_pipeline.cc:487] => Provided pair is unsuitable for initialization.
I20260910 06:20:34.034776 0x1fa65e140 incremental_pipeline.cc:791] Discarding reconstruction due to bad initial pair
I20260910 06:20:34.035573 0x1fa65e140 incremental_pipeline.cc:492] Registering initial image pair #3 and #4
I20260910 06:20:34.035730 0x1fa65e140 incremental_pipeline.cc:510] Global bundle adjustment
I20260910 06:20:34.035800 0x1fa65e140 incremental_pipeline.cc:791] Discarding reconstruction due to bad initial pair
I20260910 06:20:34.036642 0x1fa65e140 incremental_pipeline.cc:492] Registering initial image pair #3 and #4
I20260910 06:20:34.036801 0x1fa65e140 incremental_pipeline.cc:510] Global bundle adjustment
I20260910 06:20:34.037087 0x1fa65e140 incremental_pipeline.cc:791] Discarding reconstruction due to bad initial pair
I20260910 06:20:34.037841 0x1fa65e140 incremental_pipeline.cc:492] Registering initial image pair #3 and #4
I20260910 06:20:34.037999 0x1fa65e140 incremental_pipeline.cc:510] Global bundle adjustment
I20260910 06:20:34.038069 0x1fa65e140 incremental_pipeline.cc:791] Discarding reconstruction due to bad initial pair
I20260910 06:20:34.039766 0x1fa65e140 incremental_pipeline.cc:487] => Provided pair is unsuitable for initialization.
I20260910 06:20:34.039769 0x1fa65e140 incremental_pipeline.cc:791] Discarding reconstruction due to bad initial pair
I20260910 06:20:34.041435 0x1fa65e140 incremental_pipeline.cc:487] => Provided pair is unsuitable for initialization.
I20260910 06:20:34.041438 0x1fa65e140 incremental_pipeline.cc:791] Discarding reconstruction due to bad initial pair
I20260910 06:20:34.043133 0x1fa65e140 incremental_pipeline.cc:487] => Provided pair is unsuitable for initialization.
I20260910 06:20:34.043136 0x1fa65e140 incremental_pipeline.cc:791] Discarding reconstruction due to bad initial pair
I20260910 06:20:34.044831 0x1fa65e140 incremental_pipeline.cc:487] => Provided pair is unsuitable for initialization.
I20260910 06:20:34.044833 0x1fa65e140 incremental_pipeline.cc:791] Discarding reconstruction due to bad initial pair
I20260910 06:20:34.045571 0x1fa65e140 incremental_pipeline.cc:492] Registering initial image pair #3 and #4
I20260910 06:20:34.045731 0x1fa65e140 incremental_pipeline.cc:510] Global bundle adjustment
I20260910 06:20:34.045802 0x1fa65e140 incremental_pipeline.cc:791] Discarding reconstruction due to bad initial pair
I20260910 06:20:34.046773 0x1fa65e140 incremental_pipeline.cc:492] Registering initial image pair #3 and #4
I20260910 06:20:34.046931 0x1fa65e140 incremental_pipeline.cc:510] Global bundle adjustment
I20260910 06:20:34.046999 0x1fa65e140 incremental_pipeline.cc:791] Discarding reconstruction due to bad initial pair
I20260910 06:20:34.047916 0x1fa65e140 incremental_pipeline.cc:492] Registering initial image pair #3 and #4
I20260910 06:20:34.048074 0x1fa65e140 incremental_pipeline.cc:510] Global bundle adjustment
I20260910 06:20:34.048146 0x1fa65e140 incremental_pipeline.cc:791] Discarding reconstruction due to bad initial pair
I20260910 06:20:34.049840 0x1fa65e140 incremental_pipeline.cc:487] => Provided pair is unsuitable for initialization.
I20260910 06:20:34.049842 0x1fa65e140 incremental_pipeline.cc:791] Discarding reconstruction due to bad initial pair
I20260910 06:20:34.050783 0x1fa65e140 incremental_pipeline.cc:492] Registering initial image pair #3 and #4
I20260910 06:20:34.050940 0x1fa65e140 incremental_pipeline.cc:510] Global bundle adjustment
I20260910 06:20:34.051221 0x1fa65e140 incremental_pipeline.cc:791] Discarding reconstruction due to bad initial pair
I20260910 06:20:34.052846 0x1fa65e140 incremental_pipeline.cc:487] => Provided pair is unsuitable for initialization.
I20260910 06:20:34.052848 0x1fa65e140 incremental_pipeline.cc:791] Discarding reconstruction due to bad initial pair
I20260910 06:20:34.053567 0x1fa65e140 incremental_pipeline.cc:492] Registering initial image pair #3 and #4
I20260910 06:20:34.053725 0x1fa65e140 incremental_pipeline.cc:510] Global bundle adjustment
I20260910 06:20:34.053795 0x1fa65e140 incremental_pipeline.cc:791] Discarding reconstruction due to bad initial pair
I20260910 06:20:34.054696 0x1fa65e140 incremental_pipeline.cc:492] Registering initial image pair #3 and #4
I20260910 06:20:34.054855 0x1fa65e140 incremental_pipeline.cc:510] Global bundle adjustment
I20260910 06:20:34.055140 0x1fa65e140 incremental_pipeline.cc:791] Discarding reconstruction due to bad initial pair
I20260910 06:20:34.057849 0x1fa65e140 incremental_pipeline.cc:487] => Provided pair is unsuitable for initialization.
I20260910 06:20:34.057852 0x1fa65e140 incremental_pipeline.cc:791] Discarding reconstruction due to bad initial pair
I20260910 06:20:34.059353 0x1fa65e140 incremental_pipeline.cc:492] Registering initial image pair #3 and #4
I20260910 06:20:34.059389 0x1fa65e140 incremental_pipeline.cc:791] Discarding reconstruction due to bad initial pair
I20260910 06:20:34.060235 0x1fa65e140 incremental_pipeline.cc:492] Registering initial image pair #3 and #4
I20260910 06:20:34.060396 0x1fa65e140 incremental_pipeline.cc:510] Global bundle adjustment
I20260910 06:20:34.060680 0x1fa65e140 incremental_pipeline.cc:791] Discarding reconstruction due to bad initial pair
I20260910 06:20:34.061591 0x1fa65e140 incremental_pipeline.cc:492] Registering initial image pair #3 and #4
I20260910 06:20:34.061750 0x1fa65e140 incremental_pipeline.cc:510] Global bundle adjustment
I20260910 06:20:34.062031 0x1fa65e140 incremental_pipeline.cc:791] Discarding reconstruction due to bad initial pair
I20260910 06:20:34.062887 0x1fa65e140 incremental_pipeline.cc:492] Registering initial image pair #3 and #4
I20260910 06:20:34.063048 0x1fa65e140 incremental_pipeline.cc:510] Global bundle adjustment
I20260910 06:20:34.063117 0x1fa65e140 incremental_pipeline.cc:791] Discarding reconstruction due to bad initial pair
I20260910 06:20:34.063993 0x1fa65e140 incremental_pipeline.cc:492] Registering initial image pair #3 and #4
I20260910 06:20:34.064151 0x1fa65e140 incremental_pipeline.cc:510] Global bundle adjustment
I20260910 06:20:34.064437 0x1fa65e140 incremental_pipeline.cc:791] Discarding reconstruction due to bad initial pair
I20260910 06:20:34.066144 0x1fa65e140 incremental_pipeline.cc:487] => Provided pair is unsuitable for initialization.
I20260910 06:20:34.066146 0x1fa65e140 incremental_pipeline.cc:791] Discarding reconstruction due to bad initial pair
I20260910 06:20:34.067782 0x1fa65e140 incremental_pipeline.cc:487] => Provided pair is unsuitable for initialization.
I20260910 06:20:34.067784 0x1fa65e140 incremental_pipeline.cc:791] Discarding reconstruction due to bad initial pair
I20260910 06:20:34.068689 0x1fa65e140 incremental_pipeline.cc:492] Registering initial image pair #3 and #4
I20260910 06:20:34.068849 0x1fa65e140 incremental_pipeline.cc:510] Global bundle adjustment
I20260910 06:20:34.069131 0x1fa65e140 incremental_pipeline.cc:791] Discarding reconstruction due to bad initial pair
I20260910 06:20:34.070113 0x1fa65e140 incremental_pipeline.cc:492] Registering initial image pair #3 and #4
I20260910 06:20:34.070269 0x1fa65e140 incremental_pipeline.cc:510] Global bundle adjustment
I20260910 06:20:34.070552 0x1fa65e140 incremental_pipeline.cc:791] Discarding reconstruction due to bad initial pair
I20260910 06:20:34.071447 0x1fa65e140 incremental_pipeline.cc:492] Registering initial image pair #3 and #4
I20260910 06:20:34.071605 0x1fa65e140 incremental_pipeline.cc:510] Global bundle adjustment
I20260910 06:20:34.071889 0x1fa65e140 incremental_pipeline.cc:791] Discarding reconstruction due to bad initial pair
I20260910 06:20:34.072836 0x1fa65e140 incremental_pipeline.cc:492] Registering initial image pair #3 and #4
I20260910 06:20:34.072992 0x1fa65e140 incremental_pipeline.cc:510] Global bundle adjustment
I20260910 06:20:34.073278 0x1fa65e140 incremental_pipeline.cc:791] Discarding reconstruction due to bad initial pair
I20260910 06:20:34.074106 0x1fa65e140 incremental_pipeline.cc:492] Registering initial image pair #3 and #4
I20260910 06:20:34.074262 0x1fa65e140 incremental_pipeline.cc:510] Global bundle adjustment
I20260910 06:20:34.074546 0x1fa65e140 incremental_pipeline.cc:791] Discarding reconstruction due to bad initial pair
I20260910 06:20:34.076283 0x1fa65e140 incremental_pipeline.cc:492] Registering initial image pair #3 and #4
I20260910 06:20:34.076320 0x1fa65e140 incremental_pipeline.cc:791] Discarding reconstruction due to bad initial pair
I20260910 06:20:34.078003 0x1fa65e140 incremental_pipeline.cc:487] => Provided pair is unsuitable for initialization.
I20260910 06:20:34.078006 0x1fa65e140 incremental_pipeline.cc:791] Discarding reconstruction due to bad initial pair
I20260910 06:20:34.078900 0x1fa65e140 incremental_pipeline.cc:492] Registering initial image pair #3 and #4
I20260910 06:20:34.079057 0x1fa65e140 incremental_pipeline.cc:510] Global bundle adjustment
I20260910 06:20:34.079341 0x1fa65e140 incremental_pipeline.cc:791] Discarding reconstruction due to bad initial pair
I20260910 06:20:34.080121 0x1fa65e140 incremental_pipeline.cc:492] Registering initial image pair #3 and #4
I20260910 06:20:34.080282 0x1fa65e140 incremental_pipeline.cc:510] Global bundle adjustment
I20260910 06:20:34.080349 0x1fa65e140 incremental_pipeline.cc:791] Discarding reconstruction due to bad initial pair
I20260910 06:20:34.081212 0x1fa65e140 incremental_pipeline.cc:492] Registering initial image pair #3 and #4
I20260910 06:20:34.081371 0x1fa65e140 incremental_pipeline.cc:510] Global bundle adjustment
I20260910 06:20:34.081657 0x1fa65e140 incremental_pipeline.cc:791] Discarding reconstruction due to bad initial pair
I20260910 06:20:34.082462 0x1fa65e140 incremental_pipeline.cc:492] Registering initial image pair #3 and #4
I20260910 06:20:34.082618 0x1fa65e140 incremental_pipeline.cc:510] Global bundle adjustment
I20260910 06:20:34.082904 0x1fa65e140 incremental_pipeline.cc:791] Discarding reconstruction due to bad initial pair
I20260910 06:20:34.083782 0x1fa65e140 incremental_pipeline.cc:492] Registering initial image pair #3 and #4
I20260910 06:20:34.083938 0x1fa65e140 incremental_pipeline.cc:510] Global bundle adjustment
I20260910 06:20:34.084219 0x1fa65e140 incremental_pipeline.cc:791] Discarding reconstruction due to bad initial pair
I20260910 06:20:34.085047 0x1fa65e140 incremental_pipeline.cc:492] Registering initial image pair #3 and #4
I20260910 06:20:34.085205 0x1fa65e140 incremental_pipeline.cc:510] Global bundle adjustment
I20260910 06:20:34.085485 0x1fa65e140 incremental_pipeline.cc:791] Discarding reconstruction due to bad initial pair
I20260910 06:20:34.086354 0x1fa65e140 incremental_pipeline.cc:492] Registering initial image pair #3 and #4
I20260910 06:20:34.086509 0x1fa65e140 incremental_pipeline.cc:510] Global bundle adjustment
I20260910 06:20:34.086793 0x1fa65e140 incremental_pipeline.cc:791] Discarding reconstruction due to bad initial pair
I20260910 06:20:34.088504 0x1fa65e140 incremental_pipeline.cc:492] Registering initial image pair #3 and #4
I20260910 06:20:34.088660 0x1fa65e140 incremental_pipeline.cc:510] Global bundle adjustment
I20260910 06:20:34.088942 0x1fa65e140 incremental_pipeline.cc:791] Discarding reconstruction due to bad initial pair
I20260910 06:20:34.089773 0x1fa65e140 incremental_pipeline.cc:492] Registering initial image pair #3 and #4
I20260910 06:20:34.089929 0x1fa65e140 incremental_pipeline.cc:510] Global bundle adjustment
I20260910 06:20:34.090214 0x1fa65e140 incremental_pipeline.cc:791] Discarding reconstruction due to bad initial pair
I20260910 06:20:34.091893 0x1fa65e140 incremental_pipeline.cc:487] => Provided pair is unsuitable for initialization.
I20260910 06:20:34.091896 0x1fa65e140 incremental_pipeline.cc:791] Discarding reconstruction due to bad initial pair
I20260910 06:20:34.093540 0x1fa65e140 incremental_pipeline.cc:487] => Provided pair is unsuitable for initialization.
I20260910 06:20:34.093543 0x1fa65e140 incremental_pipeline.cc:791] Discarding reconstruction due to bad initial pair
I20260910 06:20:34.094341 0x1fa65e140 incremental_pipeline.cc:492] Registering initial image pair #3 and #4
I20260910 06:20:34.094499 0x1fa65e140 incremental_pipeline.cc:510] Global bundle adjustment
I20260910 06:20:34.094781 0x1fa65e140 incremental_pipeline.cc:791] Discarding reconstruction due to bad initial pair
I20260910 06:20:34.095610 0x1fa65e140 incremental_pipeline.cc:492] Registering initial image pair #3 and #4
I20260910 06:20:34.095770 0x1fa65e140 incremental_pipeline.cc:510] Global bundle adjustment
I20260910 06:20:34.095840 0x1fa65e140 incremental_pipeline.cc:791] Discarding reconstruction due to bad initial pair
I20260910 06:20:34.096755 0x1fa65e140 incremental_pipeline.cc:492] Registering initial image pair #3 and #4
I20260910 06:20:34.096913 0x1fa65e140 incremental_pipeline.cc:510] Global bundle adjustment
I20260910 06:20:34.096981 0x1fa65e140 incremental_pipeline.cc:791] Discarding reconstruction due to bad initial pair
I20260910 06:20:34.097841 0x1fa65e140 incremental_pipeline.cc:492] Registering initial image pair #3 and #4
I20260910 06:20:34.098002 0x1fa65e140 incremental_pipeline.cc:510] Global bundle adjustment
I20260910 06:20:34.098285 0x1fa65e140 incremental_pipeline.cc:791] Discarding reconstruction due to bad initial pair
I20260910 06:20:34.099177 0x1fa65e140 incremental_pipeline.cc:492] Registering initial image pair #3 and #4
I20260910 06:20:34.099335 0x1fa65e140 incremental_pipeline.cc:510] Global bundle adjustment
I20260910 06:20:34.099618 0x1fa65e140 incremental_pipeline.cc:791] Discarding reconstruction due to bad initial pair
I20260910 06:20:34.100595 0x1fa65e140 incremental_pipeline.cc:492] Registering initial image pair #3 and #4
I20260910 06:20:34.100761 0x1fa65e140 incremental_pipeline.cc:510] Global bundle adjustment
I20260910 06:20:34.100832 0x1fa65e140 incremental_pipeline.cc:791] Discarding reconstruction due to bad initial pair
I20260910 06:20:34.101802 0x1fa65e140 incremental_pipeline.cc:492] Registering initial image pair #3 and #4
I20260910 06:20:34.101958 0x1fa65e140 incremental_pipeline.cc:510] Global bundle adjustment
I20260910 06:20:34.102246 0x1fa65e140 incremental_pipeline.cc:791] Discarding reconstruction due to bad initial pair
I20260910 06:20:34.103108 0x1fa65e140 incremental_pipeline.cc:492] Registering initial image pair #3 and #4
I20260910 06:20:34.103263 0x1fa65e140 incremental_pipeline.cc:510] Global bundle adjustment
I20260910 06:20:34.103552 0x1fa65e140 incremental_pipeline.cc:791] Discarding reconstruction due to bad initial pair
I20260910 06:20:34.104420 0x1fa65e140 incremental_pipeline.cc:492] Registering initial image pair #3 and #4
I20260910 06:20:34.104577 0x1fa65e140 incremental_pipeline.cc:510] Global bundle adjustment
I20260910 06:20:34.104865 0x1fa65e140 incremental_pipeline.cc:791] Discarding reconstruction due to bad initial pair
I20260910 06:20:34.105817 0x1fa65e140 incremental_pipeline.cc:492] Registering initial image pair #3 and #4
I20260910 06:20:34.105977 0x1fa65e140 incremental_pipeline.cc:510] Global bundle adjustment
I20260910 06:20:34.106259 0x1fa65e140 incremental_pipeline.cc:791] Discarding reconstruction due to bad initial pair
I20260910 06:20:34.107967 0x1fa65e140 incremental_pipeline.cc:492] Registering initial image pair #3 and #4
I20260910 06:20:34.108005 0x1fa65e140 incremental_pipeline.cc:791] Discarding reconstruction due to bad initial pair
I20260910 06:20:34.108882 0x1fa65e140 incremental_pipeline.cc:492] Registering initial image pair #3 and #4
I20260910 06:20:34.109043 0x1fa65e140 incremental_pipeline.cc:510] Global bundle adjustment
I20260910 06:20:34.109326 0x1fa65e140 incremental_pipeline.cc:791] Discarding reconstruction due to bad initial pair
I20260910 06:20:34.110228 0x1fa65e140 incremental_pipeline.cc:492] Registering initial image pair #3 and #4
I20260910 06:20:34.110385 0x1fa65e140 incremental_pipeline.cc:510] Global bundle adjustment
I20260910 06:20:34.110671 0x1fa65e140 incremental_pipeline.cc:791] Discarding reconstruction due to bad initial pair
I20260910 06:20:34.111526 0x1fa65e140 incremental_pipeline.cc:492] Registering initial image pair #3 and #4
I20260910 06:20:34.111681 0x1fa65e140 incremental_pipeline.cc:510] Global bundle adjustment
I20260910 06:20:34.111963 0x1fa65e140 incremental_pipeline.cc:791] Discarding reconstruction due to bad initial pair
I20260910 06:20:34.112776 0x1fa65e140 incremental_pipeline.cc:492] Registering initial image pair #3 and #4
I20260910 06:20:34.112936 0x1fa65e140 incremental_pipeline.cc:510] Global bundle adjustment
I20260910 06:20:34.113004 0x1fa65e140 incremental_pipeline.cc:791] Discarding reconstruction due to bad initial pair
I20260910 06:20:34.113845 0x1fa65e140 incremental_pipeline.cc:492] Registering initial image pair #3 and #4
I20260910 06:20:34.114004 0x1fa65e140 incremental_pipeline.cc:510] Global bundle adjustment
I20260910 06:20:34.114072 0x1fa65e140 incremental_pipeline.cc:791] Discarding reconstruction due to bad initial pair
I20260910 06:20:34.114974 0x1fa65e140 incremental_pipeline.cc:492] Registering initial image pair #3 and #4
I20260910 06:20:34.115130 0x1fa65e140 incremental_pipeline.cc:510] Global bundle adjustment
I20260910 06:20:34.115411 0x1fa65e140 incremental_pipeline.cc:791] Discarding reconstruction due to bad initial pair
I20260910 06:20:34.116219 0x1fa65e140 incremental_pipeline.cc:492] Registering initial image pair #3 and #4
I20260910 06:20:34.116377 0x1fa65e140 incremental_pipeline.cc:510] Global bundle adjustment
I20260910 06:20:34.116664 0x1fa65e140 incremental_pipeline.cc:791] Discarding reconstruction due to bad initial pair
I20260910 06:20:34.118387 0x1fa65e140 incremental_pipeline.cc:487] => Provided pair is unsuitable for initialization.
I20260910 06:20:34.118390 0x1fa65e140 incremental_pipeline.cc:791] Discarding reconstruction due to bad initial pair
I20260910 06:20:34.119221 0x1fa65e140 incremental_pipeline.cc:492] Registering initial image pair #3 and #4
I20260910 06:20:34.119379 0x1fa65e140 incremental_pipeline.cc:510] Global bundle adjustment
I20260910 06:20:34.119664 0x1fa65e140 incremental_pipeline.cc:791] Discarding reconstruction due to bad initial pair
I20260910 06:20:34.120485 0x1fa65e140 incremental_pipeline.cc:492] Registering initial image pair #3 and #4
I20260910 06:20:34.120648 0x1fa65e140 incremental_pipeline.cc:510] Global bundle adjustment
I20260910 06:20:34.120932 0x1fa65e140 incremental_pipeline.cc:791] Discarding reconstruction due to bad initial pair
I20260910 06:20:34.121837 0x1fa65e140 incremental_pipeline.cc:492] Registering initial image pair #3 and #4
I20260910 06:20:34.121993 0x1fa65e140 incremental_pipeline.cc:510] Global bundle adjustment
I20260910 06:20:34.122276 0x1fa65e140 incremental_pipeline.cc:791] Discarding reconstruction due to bad initial pair
I20260910 06:20:34.123972 0x1fa65e140 incremental_pipeline.cc:487] => Provided pair is unsuitable for initialization.
I20260910 06:20:34.123975 0x1fa65e140 incremental_pipeline.cc:791] Discarding reconstruction due to bad initial pair
I20260910 06:20:34.124870 0x1fa65e140 incremental_pipeline.cc:492] Registering initial image pair #3 and #4
I20260910 06:20:34.125032 0x1fa65e140 incremental_pipeline.cc:510] Global bundle adjustment
I20260910 06:20:34.125313 0x1fa65e140 incremental_pipeline.cc:791] Discarding reconstruction due to bad initial pair
I20260910 06:20:34.126174 0x1fa65e140 incremental_pipeline.cc:492] Registering initial image pair #3 and #4
I20260910 06:20:34.126332 0x1fa65e140 incremental_pipeline.cc:510] Global bundle adjustment
I20260910 06:20:34.126613 0x1fa65e140 incremental_pipeline.cc:791] Discarding reconstruction due to bad initial pair
I20260910 06:20:34.127573 0x1fa65e140 incremental_pipeline.cc:492] Registering initial image pair #3 and #4
I20260910 06:20:34.127731 0x1fa65e140 incremental_pipeline.cc:510] Global bundle adjustment
I20260910 06:20:34.127799 0x1fa65e140 incremental_pipeline.cc:791] Discarding reconstruction due to bad initial pair
I20260910 06:20:34.129751 0x1fa65e140 incremental_pipeline.cc:487] => Provided pair is unsuitable for initialization.
I20260910 06:20:34.129754 0x1fa65e140 incremental_pipeline.cc:791] Discarding reconstruction due to bad initial pair
I20260910 06:20:34.130617 0x1fa65e140 incremental_pipeline.cc:492] Registering initial image pair #3 and #4
I20260910 06:20:34.130775 0x1fa65e140 incremental_pipeline.cc:510] Global bundle adjustment
I20260910 06:20:34.131062 0x1fa65e140 incremental_pipeline.cc:791] Discarding reconstruction due to bad initial pair
I20260910 06:20:34.131901 0x1fa65e140 incremental_pipeline.cc:492] Registering initial image pair #3 and #4
I20260910 06:20:34.132059 0x1fa65e140 incremental_pipeline.cc:510] Global bundle adjustment
I20260910 06:20:34.132344 0x1fa65e140 incremental_pipeline.cc:791] Discarding reconstruction due to bad initial pair
I20260910 06:20:34.133198 0x1fa65e140 incremental_pipeline.cc:492] Registering initial image pair #3 and #4
I20260910 06:20:34.133356 0x1fa65e140 incremental_pipeline.cc:510] Global bundle adjustment
I20260910 06:20:34.133640 0x1fa65e140 incremental_pipeline.cc:791] Discarding reconstruction due to bad initial pair
I20260910 06:20:34.134698 0x1fa65e140 incremental_pipeline.cc:492] Registering initial image pair #3 and #4
I20260910 06:20:34.134856 0x1fa65e140 incremental_pipeline.cc:510] Global bundle adjustment
I20260910 06:20:34.135139 0x1fa65e140 incremental_pipeline.cc:791] Discarding reconstruction due to bad initial pair
I20260910 06:20:34.135939 0x1fa65e140 incremental_pipeline.cc:492] Registering initial image pair #3 and #4
I20260910 06:20:34.136099 0x1fa65e140 incremental_pipeline.cc:510] Global bundle adjustment
I20260910 06:20:34.136169 0x1fa65e140 incremental_pipeline.cc:791] Discarding reconstruction due to bad initial pair
I20260910 06:20:34.136993 0x1fa65e140 incremental_pipeline.cc:492] Registering initial image pair #3 and #4
I20260910 06:20:34.137151 0x1fa65e140 incremental_pipeline.cc:510] Global bundle adjustment
I20260910 06:20:34.137434 0x1fa65e140 incremental_pipeline.cc:791] Discarding reconstruction due to bad initial pair
I20260910 06:20:34.138376 0x1fa65e140 incremental_pipeline.cc:492] Registering initial image pair #3 and #4
I20260910 06:20:34.138537 0x1fa65e140 incremental_pipeline.cc:510] Global bundle adjustment
I20260910 06:20:34.138820 0x1fa65e140 incremental_pipeline.cc:791] Discarding reconstruction due to bad initial pair
I20260910 06:20:34.140646 0x1fa65e140 incremental_pipeline.cc:487] => Provided pair is unsuitable for initialization.
I20260910 06:20:34.140653 0x1fa65e140 incremental_pipeline.cc:791] Discarding reconstruction due to bad initial pair
I20260910 06:20:34.142522 0x1fa65e140 incremental_pipeline.cc:487] => Provided pair is unsuitable for initialization.
I20260910 06:20:34.142524 0x1fa65e140 incremental_pipeline.cc:791] Discarding reconstruction due to bad initial pair
I20260910 06:20:34.144151 0x1fa65e140 incremental_pipeline.cc:487] => Provided pair is unsuitable for initialization.
I20260910 06:20:34.144156 0x1fa65e140 incremental_pipeline.cc:791] Discarding reconstruction due to bad initial pair
I20260910 06:20:34.144946 0x1fa65e140 incremental_pipeline.cc:492] Registering initial image pair #3 and #4
I20260910 06:20:34.145105 0x1fa65e140 incremental_pipeline.cc:510] Global bundle adjustment
I20260910 06:20:34.145173 0x1fa65e140 incremental_pipeline.cc:791] Discarding reconstruction due to bad initial pair
I20260910 06:20:34.145220 0x1fa65e140 incremental_pipeline.cc:442] => Relaxing the initialization constraints.
I20260910 06:20:34.146029 0x1fa65e140 incremental_pipeline.cc:492] Registering initial image pair #3 and #4
I20260910 06:20:34.146186 0x1fa65e140 incremental_pipeline.cc:510] Global bundle adjustment
I20260910 06:20:34.146525 0x1fa65e140 incremental_pipeline.cc:791] Discarding reconstruction due to bad initial pair
I20260910 06:20:34.147372 0x1fa65e140 incremental_pipeline.cc:492] Registering initial image pair #3 and #4
I20260910 06:20:34.147529 0x1fa65e140 incremental_pipeline.cc:510] Global bundle adjustment
I20260910 06:20:34.147833 0x1fa65e140 incremental_pipeline.cc:791] Discarding reconstruction due to bad initial pair
I20260910 06:20:34.148767 0x1fa65e140 incremental_pipeline.cc:492] Registering initial image pair #3 and #4
I20260910 06:20:34.148925 0x1fa65e140 incremental_pipeline.cc:510] Global bundle adjustment
I20260910 06:20:34.149262 0x1fa65e140 incremental_pipeline.cc:791] Discarding reconstruction due to bad initial pair
I20260910 06:20:34.150087 0x1fa65e140 incremental_pipeline.cc:492] Registering initial image pair #3 and #4
I20260910 06:20:34.150247 0x1fa65e140 incremental_pipeline.cc:510] Global bundle adjustment
I20260910 06:20:34.150584 0x1fa65e140 incremental_pipeline.cc:791] Discarding reconstruction due to bad initial pair
I20260910 06:20:34.151359 0x1fa65e140 incremental_pipeline.cc:492] Registering initial image pair #3 and #4
I20260910 06:20:34.151517 0x1fa65e140 incremental_pipeline.cc:510] Global bundle adjustment
I20260910 06:20:34.151823 0x1fa65e140 incremental_pipeline.cc:791] Discarding reconstruction due to bad initial pair
I20260910 06:20:34.153596 0x1fa65e140 incremental_pipeline.cc:487] => Provided pair is unsuitable for initialization.
I20260910 06:20:34.153599 0x1fa65e140 incremental_pipeline.cc:791] Discarding reconstruction due to bad initial pair
I20260910 06:20:34.154351 0x1fa65e140 incremental_pipeline.cc:492] Registering initial image pair #3 and #4
I20260910 06:20:34.154507 0x1fa65e140 incremental_pipeline.cc:510] Global bundle adjustment
I20260910 06:20:34.154848 0x1fa65e140 incremental_pipeline.cc:791] Discarding reconstruction due to bad initial pair
I20260910 06:20:34.155674 0x1fa65e140 incremental_pipeline.cc:492] Registering initial image pair #3 and #4
I20260910 06:20:34.155831 0x1fa65e140 incremental_pipeline.cc:510] Global bundle adjustment
I20260910 06:20:34.156137 0x1fa65e140 incremental_pipeline.cc:791] Discarding reconstruction due to bad initial pair
I20260910 06:20:34.157067 0x1fa65e140 incremental_pipeline.cc:492] Registering initial image pair #3 and #4
I20260910 06:20:34.157222 0x1fa65e140 incremental_pipeline.cc:510] Global bundle adjustment
I20260910 06:20:34.157525 0x1fa65e140 incremental_pipeline.cc:791] Discarding reconstruction due to bad initial pair
I20260910 06:20:34.158512 0x1fa65e140 incremental_pipeline.cc:492] Registering initial image pair #3 and #4
I20260910 06:20:34.158673 0x1fa65e140 incremental_pipeline.cc:510] Global bundle adjustment
I20260910 06:20:34.158976 0x1fa65e140 incremental_pipeline.cc:791] Discarding reconstruction due to bad initial pair
I20260910 06:20:34.160789 0x1fa65e140 incremental_pipeline.cc:487] => Provided pair is unsuitable for initialization.
I20260910 06:20:34.160792 0x1fa65e140 incremental_pipeline.cc:791] Discarding reconstruction due to bad initial pair
I20260910 06:20:34.161612 0x1fa65e140 incremental_pipeline.cc:492] Registering initial image pair #3 and #4
I20260910 06:20:34.161768 0x1fa65e140 incremental_pipeline.cc:510] Global bundle adjustment
I20260910 06:20:34.162100 0x1fa65e140 incremental_pipeline.cc:791] Discarding reconstruction due to bad initial pair
I20260910 06:20:34.162882 0x1fa65e140 incremental_pipeline.cc:492] Registering initial image pair #3 and #4
I20260910 06:20:34.163039 0x1fa65e140 incremental_pipeline.cc:510] Global bundle adjustment
I20260910 06:20:34.163345 0x1fa65e140 incremental_pipeline.cc:791] Discarding reconstruction due to bad initial pair
I20260910 06:20:34.164174 0x1fa65e140 incremental_pipeline.cc:492] Registering initial image pair #3 and #4
I20260910 06:20:34.164331 0x1fa65e140 incremental_pipeline.cc:510] Global bundle adjustment
I20260910 06:20:34.164633 0x1fa65e140 incremental_pipeline.cc:791] Discarding reconstruction due to bad initial pair
I20260910 06:20:34.166276 0x1fa65e140 incremental_pipeline.cc:492] Registering initial image pair #3 and #4
I20260910 06:20:34.166432 0x1fa65e140 incremental_pipeline.cc:510] Global bundle adjustment
I20260910 06:20:34.166771 0x1fa65e140 incremental_pipeline.cc:791] Discarding reconstruction due to bad initial pair
I20260910 06:20:34.167696 0x1fa65e140 incremental_pipeline.cc:492] Registering initial image pair #3 and #4
I20260910 06:20:34.167856 0x1fa65e140 incremental_pipeline.cc:510] Global bundle adjustment
I20260910 06:20:34.168159 0x1fa65e140 incremental_pipeline.cc:791] Discarding reconstruction due to bad initial pair
I20260910 06:20:34.169089 0x1fa65e140 incremental_pipeline.cc:492] Registering initial image pair #3 and #4
I20260910 06:20:34.169246 0x1fa65e140 incremental_pipeline.cc:510] Global bundle adjustment
I20260910 06:20:34.169581 0x1fa65e140 incremental_pipeline.cc:791] Discarding reconstruction due to bad initial pair
I20260910 06:20:34.170532 0x1fa65e140 incremental_pipeline.cc:492] Registering initial image pair #3 and #4
I20260910 06:20:34.170686 0x1fa65e140 incremental_pipeline.cc:510] Global bundle adjustment
I20260910 06:20:34.171022 0x1fa65e140 incremental_pipeline.cc:791] Discarding reconstruction due to bad initial pair
I20260910 06:20:34.171899 0x1fa65e140 incremental_pipeline.cc:492] Registering initial image pair #3 and #4
I20260910 06:20:34.172058 0x1fa65e140 incremental_pipeline.cc:510] Global bundle adjustment
I20260910 06:20:34.172391 0x1fa65e140 incremental_pipeline.cc:791] Discarding reconstruction due to bad initial pair
I20260910 06:20:34.173291 0x1fa65e140 incremental_pipeline.cc:492] Registering initial image pair #3 and #4
I20260910 06:20:34.173450 0x1fa65e140 incremental_pipeline.cc:510] Global bundle adjustment
I20260910 06:20:34.173754 0x1fa65e140 incremental_pipeline.cc:791] Discarding reconstruction due to bad initial pair
I20260910 06:20:34.174660 0x1fa65e140 incremental_pipeline.cc:492] Registering initial image pair #3 and #4
I20260910 06:20:34.174814 0x1fa65e140 incremental_pipeline.cc:510] Global bundle adjustment
I20260910 06:20:34.175155 0x1fa65e140 incremental_pipeline.cc:791] Discarding reconstruction due to bad initial pair
I20260910 06:20:34.177516 0x1fa65e140 incremental_pipeline.cc:487] => Provided pair is unsuitable for initialization.
I20260910 06:20:34.177519 0x1fa65e140 incremental_pipeline.cc:791] Discarding reconstruction due to bad initial pair
I20260910 06:20:34.178382 0x1fa65e140 incremental_pipeline.cc:492] Registering initial image pair #3 and #4
I20260910 06:20:34.178536 0x1fa65e140 incremental_pipeline.cc:510] Global bundle adjustment
I20260910 06:20:34.178870 0x1fa65e140 incremental_pipeline.cc:791] Discarding reconstruction due to bad initial pair
I20260910 06:20:34.179687 0x1fa65e140 incremental_pipeline.cc:492] Registering initial image pair #3 and #4
I20260910 06:20:34.179844 0x1fa65e140 incremental_pipeline.cc:510] Global bundle adjustment
I20260910 06:20:34.180189 0x1fa65e140 incremental_pipeline.cc:791] Discarding reconstruction due to bad initial pair
I20260910 06:20:34.181048 0x1fa65e140 incremental_pipeline.cc:492] Registering initial image pair #3 and #4
I20260910 06:20:34.181205 0x1fa65e140 incremental_pipeline.cc:510] Global bundle adjustment
I20260910 06:20:34.181510 0x1fa65e140 incremental_pipeline.cc:791] Discarding reconstruction due to bad initial pair
I20260910 06:20:34.182374 0x1fa65e140 incremental_pipeline.cc:492] Registering initial image pair #3 and #4
I20260910 06:20:34.182531 0x1fa65e140 incremental_pipeline.cc:510] Global bundle adjustment
I20260910 06:20:34.182868 0x1fa65e140 incremental_pipeline.cc:791] Discarding reconstruction due to bad initial pair
I20260910 06:20:34.183707 0x1fa65e140 incremental_pipeline.cc:492] Registering initial image pair #3 and #4
I20260910 06:20:34.183863 0x1fa65e140 incremental_pipeline.cc:510] Global bundle adjustment
I20260910 06:20:34.184196 0x1fa65e140 incremental_pipeline.cc:791] Discarding reconstruction due to bad initial pair
I20260910 06:20:34.185394 0x1fa65e140 incremental_pipeline.cc:492] Registering initial image pair #3 and #4
I20260910 06:20:34.185549 0x1fa65e140 incremental_pipeline.cc:510] Global bundle adjustment
I20260910 06:20:34.185852 0x1fa65e140 incremental_pipeline.cc:791] Discarding reconstruction due to bad initial pair
I20260910 06:20:34.187513 0x1fa65e140 incremental_pipeline.cc:492] Registering initial image pair #3 and #4
I20260910 06:20:34.187556 0x1fa65e140 incremental_pipeline.cc:791] Discarding reconstruction due to bad initial pair
I20260910 06:20:34.188760 0x1fa65e140 incremental_pipeline.cc:492] Registering initial image pair #3 and #4
I20260910 06:20:34.188917 0x1fa65e140 incremental_pipeline.cc:510] Global bundle adjustment
I20260910 06:20:34.189217 0x1fa65e140 incremental_pipeline.cc:791] Discarding reconstruction due to bad initial pair
I20260910 06:20:34.190063 0x1fa65e140 incremental_pipeline.cc:492] Registering initial image pair #3 and #4
I20260910 06:20:34.190217 0x1fa65e140 incremental_pipeline.cc:510] Global bundle adjustment
I20260910 06:20:34.190552 0x1fa65e140 incremental_pipeline.cc:791] Discarding reconstruction due to bad initial pair
I20260910 06:20:34.191501 0x1fa65e140 incremental_pipeline.cc:492] Registering initial image pair #3 and #4
I20260910 06:20:34.191655 0x1fa65e140 incremental_pipeline.cc:510] Global bundle adjustment
I20260910 06:20:34.191998 0x1fa65e140 incremental_pipeline.cc:791] Discarding reconstruction due to bad initial pair
I20260910 06:20:34.192889 0x1fa65e140 incremental_pipeline.cc:492] Registering initial image pair #3 and #4
I20260910 06:20:34.193046 0x1fa65e140 incremental_pipeline.cc:510] Global bundle adjustment
I20260910 06:20:34.193377 0x1fa65e140 incremental_pipeline.cc:791] Discarding reconstruction due to bad initial pair
I20260910 06:20:34.195158 0x1fa65e140 incremental_pipeline.cc:487] => Provided pair is unsuitable for initialization.
I20260910 06:20:34.195160 0x1fa65e140 incremental_pipeline.cc:791] Discarding reconstruction due to bad initial pair
I20260910 06:20:34.196012 0x1fa65e140 incremental_pipeline.cc:492] Registering initial image pair #3 and #4
I20260910 06:20:34.196169 0x1fa65e140 incremental_pipeline.cc:510] Global bundle adjustment
I20260910 06:20:34.196499 0x1fa65e140 incremental_pipeline.cc:791] Discarding reconstruction due to bad initial pair
I20260910 06:20:34.198275 0x1fa65e140 incremental_pipeline.cc:492] Registering initial image pair #3 and #4
I20260910 06:20:34.198433 0x1fa65e140 incremental_pipeline.cc:510] Global bundle adjustment
I20260910 06:20:34.198737 0x1fa65e140 incremental_pipeline.cc:791] Discarding reconstruction due to bad initial pair
I20260910 06:20:34.199789 0x1fa65e140 incremental_pipeline.cc:492] Registering initial image pair #3 and #4
I20260910 06:20:34.199945 0x1fa65e140 incremental_pipeline.cc:510] Global bundle adjustment
I20260910 06:20:34.200286 0x1fa65e140 incremental_pipeline.cc:791] Discarding reconstruction due to bad initial pair
I20260910 06:20:34.201339 0x1fa65e140 incremental_pipeline.cc:492] Registering initial image pair #3 and #4
I20260910 06:20:34.201495 0x1fa65e140 incremental_pipeline.cc:510] Global bundle adjustment
I20260910 06:20:34.201832 0x1fa65e140 incremental_pipeline.cc:791] Discarding reconstruction due to bad initial pair
I20260910 06:20:34.202749 0x1fa65e140 incremental_pipeline.cc:492] Registering initial image pair #3 and #4
I20260910 06:20:34.202912 0x1fa65e140 incremental_pipeline.cc:510] Global bundle adjustment
I20260910 06:20:34.203248 0x1fa65e140 incremental_pipeline.cc:791] Discarding reconstruction due to bad initial pair
I20260910 06:20:34.204104 0x1fa65e140 incremental_pipeline.cc:492] Registering initial image pair #3 and #4
I20260910 06:20:34.204261 0x1fa65e140 incremental_pipeline.cc:510] Global bundle adjustment
I20260910 06:20:34.204595 0x1fa65e140 incremental_pipeline.cc:791] Discarding reconstruction due to bad initial pair
I20260910 06:20:34.205488 0x1fa65e140 incremental_pipeline.cc:492] Registering initial image pair #3 and #4
I20260910 06:20:34.205644 0x1fa65e140 incremental_pipeline.cc:510] Global bundle adjustment
I20260910 06:20:34.205979 0x1fa65e140 incremental_pipeline.cc:791] Discarding reconstruction due to bad initial pair
I20260910 06:20:34.206793 0x1fa65e140 incremental_pipeline.cc:492] Registering initial image pair #3 and #4
I20260910 06:20:34.206950 0x1fa65e140 incremental_pipeline.cc:510] Global bundle adjustment
I20260910 06:20:34.207253 0x1fa65e140 incremental_pipeline.cc:791] Discarding reconstruction due to bad initial pair
I20260910 06:20:34.208026 0x1fa65e140 incremental_pipeline.cc:492] Registering initial image pair #3 and #4
I20260910 06:20:34.208183 0x1fa65e140 incremental_pipeline.cc:510] Global bundle adjustment
I20260910 06:20:34.208489 0x1fa65e140 incremental_pipeline.cc:791] Discarding reconstruction due to bad initial pair
I20260910 06:20:34.209385 0x1fa65e140 incremental_pipeline.cc:492] Registering initial image pair #3 and #4
I20260910 06:20:34.209542 0x1fa65e140 incremental_pipeline.cc:510] Global bundle adjustment
I20260910 06:20:34.209879 0x1fa65e140 incremental_pipeline.cc:791] Discarding reconstruction due to bad initial pair
I20260910 06:20:34.211580 0x1fa65e140 incremental_pipeline.cc:487] => Provided pair is unsuitable for initialization.
I20260910 06:20:34.211582 0x1fa65e140 incremental_pipeline.cc:791] Discarding reconstruction due to bad initial pair
I20260910 06:20:34.212431 0x1fa65e140 incremental_pipeline.cc:492] Registering initial image pair #3 and #4
I20260910 06:20:34.212590 0x1fa65e140 incremental_pipeline.cc:510] Global bundle adjustment
I20260910 06:20:34.212921 0x1fa65e140 incremental_pipeline.cc:791] Discarding reconstruction due to bad initial pair
I20260910 06:20:34.213760 0x1fa65e140 incremental_pipeline.cc:492] Registering initial image pair #3 and #4
I20260910 06:20:34.213915 0x1fa65e140 incremental_pipeline.cc:510] Global bundle adjustment
I20260910 06:20:34.214246 0x1fa65e140 incremental_pipeline.cc:791] Discarding reconstruction due to bad initial pair
I20260910 06:20:34.215941 0x1fa65e140 incremental_pipeline.cc:487] => Provided pair is unsuitable for initialization.
I20260910 06:20:34.215944 0x1fa65e140 incremental_pipeline.cc:791] Discarding reconstruction due to bad initial pair
I20260910 06:20:34.216750 0x1fa65e140 incremental_pipeline.cc:492] Registering initial image pair #3 and #4
I20260910 06:20:34.216906 0x1fa65e140 incremental_pipeline.cc:510] Global bundle adjustment
I20260910 06:20:34.217238 0x1fa65e140 incremental_pipeline.cc:791] Discarding reconstruction due to bad initial pair
I20260910 06:20:34.218057 0x1fa65e140 incremental_pipeline.cc:492] Registering initial image pair #3 and #4
I20260910 06:20:34.218212 0x1fa65e140 incremental_pipeline.cc:510] Global bundle adjustment
I20260910 06:20:34.218518 0x1fa65e140 incremental_pipeline.cc:791] Discarding reconstruction due to bad initial pair
I20260910 06:20:34.219349 0x1fa65e140 incremental_pipeline.cc:492] Registering initial image pair #3 and #4
I20260910 06:20:34.219511 0x1fa65e140 incremental_pipeline.cc:510] Global bundle adjustment
I20260910 06:20:34.219846 0x1fa65e140 incremental_pipeline.cc:791] Discarding reconstruction due to bad initial pair
I20260910 06:20:34.220791 0x1fa65e140 incremental_pipeline.cc:492] Registering initial image pair #3 and #4
I20260910 06:20:34.220945 0x1fa65e140 incremental_pipeline.cc:510] Global bundle adjustment
I20260910 06:20:34.221280 0x1fa65e140 incremental_pipeline.cc:791] Discarding reconstruction due to bad initial pair
I20260910 06:20:34.222037 0x1fa65e140 incremental_pipeline.cc:492] Registering initial image pair #3 and #4
I20260910 06:20:34.222192 0x1fa65e140 incremental_pipeline.cc:510] Global bundle adjustment
I20260910 06:20:34.222496 0x1fa65e140 incremental_pipeline.cc:791] Discarding reconstruction due to bad initial pair
I20260910 06:20:34.224127 0x1fa65e140 incremental_pipeline.cc:487] => Provided pair is unsuitable for initialization.
I20260910 06:20:34.224130 0x1fa65e140 incremental_pipeline.cc:791] Discarding reconstruction due to bad initial pair
I20260910 06:20:34.224843 0x1fa65e140 incremental_pipeline.cc:492] Registering initial image pair #3 and #4
I20260910 06:20:34.224999 0x1fa65e140 incremental_pipeline.cc:510] Global bundle adjustment
I20260910 06:20:34.225335 0x1fa65e140 incremental_pipeline.cc:791] Discarding reconstruction due to bad initial pair
I20260910 06:20:34.226275 0x1fa65e140 incremental_pipeline.cc:492] Registering initial image pair #3 and #4
I20260910 06:20:34.226432 0x1fa65e140 incremental_pipeline.cc:510] Global bundle adjustment
I20260910 06:20:34.226768 0x1fa65e140 incremental_pipeline.cc:791] Discarding reconstruction due to bad initial pair
I20260910 06:20:34.228502 0x1fa65e140 incremental_pipeline.cc:487] => Provided pair is unsuitable for initialization.
I20260910 06:20:34.228505 0x1fa65e140 incremental_pipeline.cc:791] Discarding reconstruction due to bad initial pair
I20260910 06:20:34.229342 0x1fa65e140 incremental_pipeline.cc:492] Registering initial image pair #3 and #4
I20260910 06:20:34.229502 0x1fa65e140 incremental_pipeline.cc:510] Global bundle adjustment
I20260910 06:20:34.229806 0x1fa65e140 incremental_pipeline.cc:791] Discarding reconstruction due to bad initial pair
I20260910 06:20:34.231575 0x1fa65e140 incremental_pipeline.cc:487] => Provided pair is unsuitable for initialization.
I20260910 06:20:34.231577 0x1fa65e140 incremental_pipeline.cc:791] Discarding reconstruction due to bad initial pair
I20260910 06:20:34.232357 0x1fa65e140 incremental_pipeline.cc:492] Registering initial image pair #3 and #4
I20260910 06:20:34.232514 0x1fa65e140 incremental_pipeline.cc:510] Global bundle adjustment
I20260910 06:20:34.232850 0x1fa65e140 incremental_pipeline.cc:791] Discarding reconstruction due to bad initial pair
I20260910 06:20:34.234561 0x1fa65e140 incremental_pipeline.cc:492] Registering initial image pair #3 and #4
I20260910 06:20:34.234601 0x1fa65e140 incremental_pipeline.cc:791] Discarding reconstruction due to bad initial pair
I20260910 06:20:34.235450 0x1fa65e140 incremental_pipeline.cc:492] Registering initial image pair #3 and #4
I20260910 06:20:34.235604 0x1fa65e140 incremental_pipeline.cc:510] Global bundle adjustment
I20260910 06:20:34.235943 0x1fa65e140 incremental_pipeline.cc:791] Discarding reconstruction due to bad initial pair
I20260910 06:20:34.236713 0x1fa65e140 incremental_pipeline.cc:492] Registering initial image pair #3 and #4
I20260910 06:20:34.236870 0x1fa65e140 incremental_pipeline.cc:510] Global bundle adjustment
I20260910 06:20:34.237175 0x1fa65e140 incremental_pipeline.cc:791] Discarding reconstruction due to bad initial pair
I20260910 06:20:34.237974 0x1fa65e140 incremental_pipeline.cc:492] Registering initial image pair #3 and #4
I20260910 06:20:34.238133 0x1fa65e140 incremental_pipeline.cc:510] Global bundle adjustment
I20260910 06:20:34.238471 0x1fa65e140 incremental_pipeline.cc:791] Discarding reconstruction due to bad initial pair
I20260910 06:20:34.239296 0x1fa65e140 incremental_pipeline.cc:492] Registering initial image pair #3 and #4
I20260910 06:20:34.239462 0x1fa65e140 incremental_pipeline.cc:510] Global bundle adjustment
I20260910 06:20:34.239767 0x1fa65e140 incremental_pipeline.cc:791] Discarding reconstruction due to bad initial pair
I20260910 06:20:34.241510 0x1fa65e140 incremental_pipeline.cc:487] => Provided pair is unsuitable for initialization.
I20260910 06:20:34.241512 0x1fa65e140 incremental_pipeline.cc:791] Discarding reconstruction due to bad initial pair
I20260910 06:20:34.242395 0x1fa65e140 incremental_pipeline.cc:492] Registering initial image pair #3 and #4
I20260910 06:20:34.242552 0x1fa65e140 incremental_pipeline.cc:510] Global bundle adjustment
I20260910 06:20:34.242889 0x1fa65e140 incremental_pipeline.cc:791] Discarding reconstruction due to bad initial pair
I20260910 06:20:34.243714 0x1fa65e140 incremental_pipeline.cc:492] Registering initial image pair #3 and #4
I20260910 06:20:34.243875 0x1fa65e140 incremental_pipeline.cc:510] Global bundle adjustment
I20260910 06:20:34.244179 0x1fa65e140 incremental_pipeline.cc:791] Discarding reconstruction due to bad initial pair
I20260910 06:20:34.244968 0x1fa65e140 incremental_pipeline.cc:492] Registering initial image pair #3 and #4
I20260910 06:20:34.245123 0x1fa65e140 incremental_pipeline.cc:510] Global bundle adjustment
I20260910 06:20:34.245428 0x1fa65e140 incremental_pipeline.cc:791] Discarding reconstruction due to bad initial pair
I20260910 06:20:34.246416 0x1fa65e140 incremental_pipeline.cc:492] Registering initial image pair #3 and #4
I20260910 06:20:34.246572 0x1fa65e140 incremental_pipeline.cc:510] Global bundle adjustment
I20260910 06:20:34.246908 0x1fa65e140 incremental_pipeline.cc:791] Discarding reconstruction due to bad initial pair
I20260910 06:20:34.247795 0x1fa65e140 incremental_pipeline.cc:492] Registering initial image pair #3 and #4
I20260910 06:20:34.247950 0x1fa65e140 incremental_pipeline.cc:510] Global bundle adjustment
I20260910 06:20:34.248284 0x1fa65e140 incremental_pipeline.cc:791] Discarding reconstruction due to bad initial pair
I20260910 06:20:34.249219 0x1fa65e140 incremental_pipeline.cc:492] Registering initial image pair #3 and #4
I20260910 06:20:34.249374 0x1fa65e140 incremental_pipeline.cc:510] Global bundle adjustment
I20260910 06:20:34.249708 0x1fa65e140 incremental_pipeline.cc:791] Discarding reconstruction due to bad initial pair
I20260910 06:20:34.251267 0x1fa65e140 incremental_pipeline.cc:492] Registering initial image pair #3 and #4
I20260910 06:20:34.251421 0x1fa65e140 incremental_pipeline.cc:510] Global bundle adjustment
I20260910 06:20:34.251751 0x1fa65e140 incremental_pipeline.cc:791] Discarding reconstruction due to bad initial pair
I20260910 06:20:34.252523 0x1fa65e140 incremental_pipeline.cc:492] Registering initial image pair #3 and #4
I20260910 06:20:34.252679 0x1fa65e140 incremental_pipeline.cc:510] Global bundle adjustment
I20260910 06:20:34.253009 0x1fa65e140 incremental_pipeline.cc:791] Discarding reconstruction due to bad initial pair
I20260910 06:20:34.254755 0x1fa65e140 incremental_pipeline.cc:487] => Provided pair is unsuitable for initialization.
I20260910 06:20:34.254757 0x1fa65e140 incremental_pipeline.cc:791] Discarding reconstruction due to bad initial pair
I20260910 06:20:34.255569 0x1fa65e140 incremental_pipeline.cc:492] Registering initial image pair #3 and #4
I20260910 06:20:34.255726 0x1fa65e140 incremental_pipeline.cc:510] Global bundle adjustment
I20260910 06:20:34.256059 0x1fa65e140 incremental_pipeline.cc:791] Discarding reconstruction due to bad initial pair
I20260910 06:20:34.256941 0x1fa65e140 incremental_pipeline.cc:492] Registering initial image pair #3 and #4
I20260910 06:20:34.257103 0x1fa65e140 incremental_pipeline.cc:510] Global bundle adjustment
I20260910 06:20:34.257406 0x1fa65e140 incremental_pipeline.cc:791] Discarding reconstruction due to bad initial pair
I20260910 06:20:34.258218 0x1fa65e140 incremental_pipeline.cc:492] Registering initial image pair #3 and #4
I20260910 06:20:34.258378 0x1fa65e140 incremental_pipeline.cc:510] Global bundle adjustment
I20260910 06:20:34.258682 0x1fa65e140 incremental_pipeline.cc:791] Discarding reconstruction due to bad initial pair
I20260910 06:20:34.259564 0x1fa65e140 incremental_pipeline.cc:492] Registering initial image pair #3 and #4
I20260910 06:20:34.259722 0x1fa65e140 incremental_pipeline.cc:510] Global bundle adjustment
I20260910 06:20:34.260059 0x1fa65e140 incremental_pipeline.cc:791] Discarding reconstruction due to bad initial pair
I20260910 06:20:34.260837 0x1fa65e140 incremental_pipeline.cc:492] Registering initial image pair #3 and #4
I20260910 06:20:34.260994 0x1fa65e140 incremental_pipeline.cc:510] Global bundle adjustment
I20260910 06:20:34.261296 0x1fa65e140 incremental_pipeline.cc:791] Discarding reconstruction due to bad initial pair
I20260910 06:20:34.262140 0x1fa65e140 incremental_pipeline.cc:492] Registering initial image pair #3 and #4
I20260910 06:20:34.262300 0x1fa65e140 incremental_pipeline.cc:510] Global bundle adjustment
I20260910 06:20:34.262608 0x1fa65e140 incremental_pipeline.cc:791] Discarding reconstruction due to bad initial pair
I20260910 06:20:34.263423 0x1fa65e140 incremental_pipeline.cc:492] Registering initial image pair #3 and #4
I20260910 06:20:34.263578 0x1fa65e140 incremental_pipeline.cc:510] Global bundle adjustment
I20260910 06:20:34.263885 0x1fa65e140 incremental_pipeline.cc:791] Discarding reconstruction due to bad initial pair
I20260910 06:20:34.264849 0x1fa65e140 incremental_pipeline.cc:492] Registering initial image pair #3 and #4
I20260910 06:20:34.265005 0x1fa65e140 incremental_pipeline.cc:510] Global bundle adjustment
I20260910 06:20:34.265350 0x1fa65e140 incremental_pipeline.cc:791] Discarding reconstruction due to bad initial pair
I20260910 06:20:34.267713 0x1fa65e140 incremental_pipeline.cc:487] => Provided pair is unsuitable for initialization.
I20260910 06:20:34.267715 0x1fa65e140 incremental_pipeline.cc:791] Discarding reconstruction due to bad initial pair
I20260910 06:20:34.268615 0x1fa65e140 incremental_pipeline.cc:492] Registering initial image pair #3 and #4
I20260910 06:20:34.268772 0x1fa65e140 incremental_pipeline.cc:510] Global bundle adjustment
I20260910 06:20:34.269079 0x1fa65e140 incremental_pipeline.cc:791] Discarding reconstruction due to bad initial pair
I20260910 06:20:34.269918 0x1fa65e140 incremental_pipeline.cc:492] Registering initial image pair #3 and #4
I20260910 06:20:34.270078 0x1fa65e140 incremental_pipeline.cc:510] Global bundle adjustment
I20260910 06:20:34.270413 0x1fa65e140 incremental_pipeline.cc:791] Discarding reconstruction due to bad initial pair
I20260910 06:20:34.271285 0x1fa65e140 incremental_pipeline.cc:492] Registering initial image pair #3 and #4
I20260910 06:20:34.271439 0x1fa65e140 incremental_pipeline.cc:510] Global bundle adjustment
I20260910 06:20:34.271774 0x1fa65e140 incremental_pipeline.cc:791] Discarding reconstruction due to bad initial pair
I20260910 06:20:34.272682 0x1fa65e140 incremental_pipeline.cc:492] Registering initial image pair #3 and #4
I20260910 06:20:34.272839 0x1fa65e140 incremental_pipeline.cc:510] Global bundle adjustment
I20260910 06:20:34.273175 0x1fa65e140 incremental_pipeline.cc:791] Discarding reconstruction due to bad initial pair
I20260910 06:20:34.274072 0x1fa65e140 incremental_pipeline.cc:492] Registering initial image pair #3 and #4
I20260910 06:20:34.274229 0x1fa65e140 incremental_pipeline.cc:510] Global bundle adjustment
I20260910 06:20:34.274532 0x1fa65e140 incremental_pipeline.cc:791] Discarding reconstruction due to bad initial pair
I20260910 06:20:34.275360 0x1fa65e140 incremental_pipeline.cc:492] Registering initial image pair #3 and #4
I20260910 06:20:34.275517 0x1fa65e140 incremental_pipeline.cc:510] Global bundle adjustment
I20260910 06:20:34.275855 0x1fa65e140 incremental_pipeline.cc:791] Discarding reconstruction due to bad initial pair
I20260910 06:20:34.276659 0x1fa65e140 incremental_pipeline.cc:492] Registering initial image pair #3 and #4
I20260910 06:20:34.276815 0x1fa65e140 incremental_pipeline.cc:510] Global bundle adjustment
I20260910 06:20:34.277154 0x1fa65e140 incremental_pipeline.cc:791] Discarding reconstruction due to bad initial pair
I20260910 06:20:34.278020 0x1fa65e140 incremental_pipeline.cc:492] Registering initial image pair #3 and #4
I20260910 06:20:34.278178 0x1fa65e140 incremental_pipeline.cc:510] Global bundle adjustment
I20260910 06:20:34.278484 0x1fa65e140 incremental_pipeline.cc:791] Discarding reconstruction due to bad initial pair
I20260910 06:20:34.280239 0x1fa65e140 incremental_pipeline.cc:487] => Provided pair is unsuitable for initialization.
I20260910 06:20:34.280244 0x1fa65e140 incremental_pipeline.cc:791] Discarding reconstruction due to bad initial pair
I20260910 06:20:34.281023 0x1fa65e140 incremental_pipeline.cc:492] Registering initial image pair #3 and #4
I20260910 06:20:34.281179 0x1fa65e140 incremental_pipeline.cc:510] Global bundle adjustment
I20260910 06:20:34.281518 0x1fa65e140 incremental_pipeline.cc:791] Discarding reconstruction due to bad initial pair
I20260910 06:20:34.282428 0x1fa65e140 incremental_pipeline.cc:492] Registering initial image pair #3 and #4
I20260910 06:20:34.282584 0x1fa65e140 incremental_pipeline.cc:510] Global bundle adjustment
I20260910 06:20:34.282919 0x1fa65e140 incremental_pipeline.cc:791] Discarding reconstruction due to bad initial pair
I20260910 06:20:34.284589 0x1fa65e140 incremental_pipeline.cc:492] Registering initial image pair #3 and #4
I20260910 06:20:34.284624 0x1fa65e140 incremental_pipeline.cc:791] Discarding reconstruction due to bad initial pair
I20260910 06:20:34.285497 0x1fa65e140 incremental_pipeline.cc:492] Registering initial image pair #3 and #4
I20260910 06:20:34.285654 0x1fa65e140 incremental_pipeline.cc:510] Global bundle adjustment
I20260910 06:20:34.285989 0x1fa65e140 incremental_pipeline.cc:791] Discarding reconstruction due to bad initial pair
I20260910 06:20:34.287658 0x1fa65e140 incremental_pipeline.cc:487] => Provided pair is unsuitable for initialization.
I20260910 06:20:34.287661 0x1fa65e140 incremental_pipeline.cc:791] Discarding reconstruction due to bad initial pair
I20260910 06:20:34.288498 0x1fa65e140 incremental_pipeline.cc:492] Registering initial image pair #3 and #4
I20260910 06:20:34.288661 0x1fa65e140 incremental_pipeline.cc:510] Global bundle adjustment
I20260910 06:20:34.288994 0x1fa65e140 incremental_pipeline.cc:791] Discarding reconstruction due to bad initial pair
I20260910 06:20:34.289872 0x1fa65e140 incremental_pipeline.cc:492] Registering initial image pair #3 and #4
I20260910 06:20:34.290032 0x1fa65e140 incremental_pipeline.cc:510] Global bundle adjustment
I20260910 06:20:34.290367 0x1fa65e140 incremental_pipeline.cc:791] Discarding reconstruction due to bad initial pair
I20260910 06:20:34.291189 0x1fa65e140 incremental_pipeline.cc:492] Registering initial image pair #3 and #4
I20260910 06:20:34.291349 0x1fa65e140 incremental_pipeline.cc:510] Global bundle adjustment
I20260910 06:20:34.291653 0x1fa65e140 incremental_pipeline.cc:791] Discarding reconstruction due to bad initial pair
I20260910 06:20:34.292404 0x1fa65e140 incremental_pipeline.cc:492] Registering initial image pair #3 and #4
I20260910 06:20:34.292562 0x1fa65e140 incremental_pipeline.cc:510] Global bundle adjustment
I20260910 06:20:34.292895 0x1fa65e140 incremental_pipeline.cc:791] Discarding reconstruction due to bad initial pair
I20260910 06:20:34.293798 0x1fa65e140 incremental_pipeline.cc:492] Registering initial image pair #3 and #4
I20260910 06:20:34.293958 0x1fa65e140 incremental_pipeline.cc:510] Global bundle adjustment
I20260910 06:20:34.294293 0x1fa65e140 incremental_pipeline.cc:791] Discarding reconstruction due to bad initial pair
I20260910 06:20:34.296795 0x1fa65e140 incremental_pipeline.cc:487] => Provided pair is unsuitable for initialization.
I20260910 06:20:34.296798 0x1fa65e140 incremental_pipeline.cc:791] Discarding reconstruction due to bad initial pair
I20260910 06:20:34.297672 0x1fa65e140 incremental_pipeline.cc:492] Registering initial image pair #3 and #4
I20260910 06:20:34.297829 0x1fa65e140 incremental_pipeline.cc:510] Global bundle adjustment
I20260910 06:20:34.298161 0x1fa65e140 incremental_pipeline.cc:791] Discarding reconstruction due to bad initial pair
I20260910 06:20:34.298962 0x1fa65e140 incremental_pipeline.cc:492] Registering initial image pair #3 and #4
I20260910 06:20:34.299117 0x1fa65e140 incremental_pipeline.cc:510] Global bundle adjustment
I20260910 06:20:34.299420 0x1fa65e140 incremental_pipeline.cc:791] Discarding reconstruction due to bad initial pair
I20260910 06:20:34.301151 0x1fa65e140 incremental_pipeline.cc:492] Registering initial image pair #3 and #4
I20260910 06:20:34.301186 0x1fa65e140 incremental_pipeline.cc:791] Discarding reconstruction due to bad initial pair
I20260910 06:20:34.303463 0x1fa65e140 incremental_pipeline.cc:487] => Provided pair is unsuitable for initialization.
I20260910 06:20:34.303466 0x1fa65e140 incremental_pipeline.cc:791] Discarding reconstruction due to bad initial pair
I20260910 06:20:34.305104 0x1fa65e140 incremental_pipeline.cc:487] => Provided pair is unsuitable for initialization.
I20260910 06:20:34.305107 0x1fa65e140 incremental_pipeline.cc:791] Discarding reconstruction due to bad initial pair
I20260910 06:20:34.305948 0x1fa65e140 incremental_pipeline.cc:492] Registering initial image pair #3 and #4
I20260910 06:20:34.306105 0x1fa65e140 incremental_pipeline.cc:510] Global bundle adjustment
I20260910 06:20:34.306444 0x1fa65e140 incremental_pipeline.cc:791] Discarding reconstruction due to bad initial pair
I20260910 06:20:34.308149 0x1fa65e140 incremental_pipeline.cc:487] => Provided pair is unsuitable for initialization.
I20260910 06:20:34.308151 0x1fa65e140 incremental_pipeline.cc:791] Discarding reconstruction due to bad initial pair
I20260910 06:20:34.308995 0x1fa65e140 incremental_pipeline.cc:492] Registering initial image pair #3 and #4
I20260910 06:20:34.309151 0x1fa65e140 incremental_pipeline.cc:510] Global bundle adjustment
I20260910 06:20:34.309486 0x1fa65e140 incremental_pipeline.cc:791] Discarding reconstruction due to bad initial pair
I20260910 06:20:34.310224 0x1fa65e140 incremental_pipeline.cc:492] Registering initial image pair #3 and #4
I20260910 06:20:34.310382 0x1fa65e140 incremental_pipeline.cc:510] Global bundle adjustment
I20260910 06:20:34.310686 0x1fa65e140 incremental_pipeline.cc:791] Discarding reconstruction due to bad initial pair
I20260910 06:20:34.312470 0x1fa65e140 incremental_pipeline.cc:487] => Provided pair is unsuitable for initialization.
I20260910 06:20:34.312472 0x1fa65e140 incremental_pipeline.cc:791] Discarding reconstruction due to bad initial pair
I20260910 06:20:34.313271 0x1fa65e140 incremental_pipeline.cc:492] Registering initial image pair #3 and #4
I20260910 06:20:34.313429 0x1fa65e140 incremental_pipeline.cc:510] Global bundle adjustment
I20260910 06:20:34.313765 0x1fa65e140 incremental_pipeline.cc:791] Discarding reconstruction due to bad initial pair
I20260910 06:20:34.314597 0x1fa65e140 incremental_pipeline.cc:492] Registering initial image pair #3 and #4
I20260910 06:20:34.314751 0x1fa65e140 incremental_pipeline.cc:510] Global bundle adjustment
I20260910 06:20:34.315085 0x1fa65e140 incremental_pipeline.cc:791] Discarding reconstruction due to bad initial pair
I20260910 06:20:34.316038 0x1fa65e140 incremental_pipeline.cc:492] Registering initial image pair #3 and #4
I20260910 06:20:34.316195 0x1fa65e140 incremental_pipeline.cc:510] Global bundle adjustment
I20260910 06:20:34.316501 0x1fa65e140 incremental_pipeline.cc:791] Discarding reconstruction due to bad initial pair
I20260910 06:20:34.317348 0x1fa65e140 incremental_pipeline.cc:492] Registering initial image pair #3 and #4
I20260910 06:20:34.317504 0x1fa65e140 incremental_pipeline.cc:510] Global bundle adjustment
I20260910 06:20:34.317840 0x1fa65e140 incremental_pipeline.cc:791] Discarding reconstruction due to bad initial pair
I20260910 06:20:34.318690 0x1fa65e140 incremental_pipeline.cc:492] Registering initial image pair #3 and #4
I20260910 06:20:34.318847 0x1fa65e140 incremental_pipeline.cc:510] Global bundle adjustment
I20260910 06:20:34.319184 0x1fa65e140 incremental_pipeline.cc:791] Discarding reconstruction due to bad initial pair
I20260910 06:20:34.319955 0x1fa65e140 incremental_pipeline.cc:492] Registering initial image pair #3 and #4
I20260910 06:20:34.320114 0x1fa65e140 incremental_pipeline.cc:510] Global bundle adjustment
I20260910 06:20:34.320448 0x1fa65e140 incremental_pipeline.cc:791] Discarding reconstruction due to bad initial pair
I20260910 06:20:34.321296 0x1fa65e140 incremental_pipeline.cc:492] Registering initial image pair #3 and #4
I20260910 06:20:34.321453 0x1fa65e140 incremental_pipeline.cc:510] Global bundle adjustment
I20260910 06:20:34.321790 0x1fa65e140 incremental_pipeline.cc:791] Discarding reconstruction due to bad initial pair
I20260910 06:20:34.323534 0x1fa65e140 incremental_pipeline.cc:487] => Provided pair is unsuitable for initialization.
I20260910 06:20:34.323537 0x1fa65e140 incremental_pipeline.cc:791] Discarding reconstruction due to bad initial pair
I20260910 06:20:34.324419 0x1fa65e140 incremental_pipeline.cc:492] Registering initial image pair #3 and #4
I20260910 06:20:34.324575 0x1fa65e140 incremental_pipeline.cc:510] Global bundle adjustment
I20260910 06:20:34.324909 0x1fa65e140 incremental_pipeline.cc:791] Discarding reconstruction due to bad initial pair
I20260910 06:20:34.325688 0x1fa65e140 incremental_pipeline.cc:492] Registering initial image pair #3 and #4
I20260910 06:20:34.325844 0x1fa65e140 incremental_pipeline.cc:510] Global bundle adjustment
I20260910 06:20:34.326184 0x1fa65e140 incremental_pipeline.cc:791] Discarding reconstruction due to bad initial pair
I20260910 06:20:34.327824 0x1fa65e140 incremental_pipeline.cc:487] => Provided pair is unsuitable for initialization.
I20260910 06:20:34.327827 0x1fa65e140 incremental_pipeline.cc:791] Discarding reconstruction due to bad initial pair
I20260910 06:20:34.329624 0x1fa65e140 incremental_pipeline.cc:487] => Provided pair is unsuitable for initialization.
I20260910 06:20:34.329626 0x1fa65e140 incremental_pipeline.cc:791] Discarding reconstruction due to bad initial pair
I20260910 06:20:34.331224 0x1fa65e140 incremental_pipeline.cc:492] Registering initial image pair #3 and #4
I20260910 06:20:34.331259 0x1fa65e140 incremental_pipeline.cc:791] Discarding reconstruction due to bad initial pair
I20260910 06:20:34.332918 0x1fa65e140 incremental_pipeline.cc:492] Registering initial image pair #3 and #4
I20260910 06:20:34.333074 0x1fa65e140 incremental_pipeline.cc:510] Global bundle adjustment
I20260910 06:20:34.333407 0x1fa65e140 incremental_pipeline.cc:791] Discarding reconstruction due to bad initial pair
I20260910 06:20:34.334188 0x1fa65e140 incremental_pipeline.cc:492] Registering initial image pair #3 and #4
I20260910 06:20:34.334345 0x1fa65e140 incremental_pipeline.cc:510] Global bundle adjustment
I20260910 06:20:34.334652 0x1fa65e140 incremental_pipeline.cc:791] Discarding reconstruction due to bad initial pair
I20260910 06:20:34.335555 0x1fa65e140 incremental_pipeline.cc:492] Registering initial image pair #3 and #4
I20260910 06:20:34.335711 0x1fa65e140 incremental_pipeline.cc:510] Global bundle adjustment
I20260910 06:20:34.336047 0x1fa65e140 incremental_pipeline.cc:791] Discarding reconstruction due to bad initial pair
I20260910 06:20:34.337682 0x1fa65e140 incremental_pipeline.cc:492] Registering initial image pair #3 and #4
I20260910 06:20:34.337715 0x1fa65e140 incremental_pipeline.cc:791] Discarding reconstruction due to bad initial pair
I20260910 06:20:34.339449 0x1fa65e140 incremental_pipeline.cc:487] => Provided pair is unsuitable for initialization.
I20260910 06:20:34.339451 0x1fa65e140 incremental_pipeline.cc:791] Discarding reconstruction due to bad initial pair
I20260910 06:20:34.340379 0x1fa65e140 incremental_pipeline.cc:492] Registering initial image pair #3 and #4
I20260910 06:20:34.340534 0x1fa65e140 incremental_pipeline.cc:510] Global bundle adjustment
I20260910 06:20:34.340869 0x1fa65e140 incremental_pipeline.cc:791] Discarding reconstruction due to bad initial pair
I20260910 06:20:34.341721 0x1fa65e140 incremental_pipeline.cc:492] Registering initial image pair #3 and #4
I20260910 06:20:34.341879 0x1fa65e140 incremental_pipeline.cc:510] Global bundle adjustment
I20260910 06:20:34.342182 0x1fa65e140 incremental_pipeline.cc:791] Discarding reconstruction due to bad initial pair
I20260910 06:20:34.343033 0x1fa65e140 incremental_pipeline.cc:492] Registering initial image pair #3 and #4
I20260910 06:20:34.343191 0x1fa65e140 incremental_pipeline.cc:510] Global bundle adjustment
I20260910 06:20:34.343496 0x1fa65e140 incremental_pipeline.cc:791] Discarding reconstruction due to bad initial pair
I20260910 06:20:34.344417 0x1fa65e140 incremental_pipeline.cc:492] Registering initial image pair #3 and #4
I20260910 06:20:34.344573 0x1fa65e140 incremental_pipeline.cc:510] Global bundle adjustment
I20260910 06:20:34.344909 0x1fa65e140 incremental_pipeline.cc:791] Discarding reconstruction due to bad initial pair
I20260910 06:20:34.345940 0x1fa65e140 incremental_pipeline.cc:492] Registering initial image pair #3 and #4
I20260910 06:20:34.346096 0x1fa65e140 incremental_pipeline.cc:510] Global bundle adjustment
I20260910 06:20:34.346432 0x1fa65e140 incremental_pipeline.cc:791] Discarding reconstruction due to bad initial pair
I20260910 06:20:34.347280 0x1fa65e140 incremental_pipeline.cc:492] Registering initial image pair #3 and #4
I20260910 06:20:34.347435 0x1fa65e140 incremental_pipeline.cc:510] Global bundle adjustment
I20260910 06:20:34.347765 0x1fa65e140 incremental_pipeline.cc:791] Discarding reconstruction due to bad initial pair
I20260910 06:20:34.348667 0x1fa65e140 incremental_pipeline.cc:492] Registering initial image pair #3 and #4
I20260910 06:20:34.348824 0x1fa65e140 incremental_pipeline.cc:510] Global bundle adjustment
I20260910 06:20:34.349157 0x1fa65e140 incremental_pipeline.cc:791] Discarding reconstruction due to bad initial pair
I20260910 06:20:34.350980 0x1fa65e140 incremental_pipeline.cc:487] => Provided pair is unsuitable for initialization.
I20260910 06:20:34.350982 0x1fa65e140 incremental_pipeline.cc:791] Discarding reconstruction due to bad initial pair
I20260910 06:20:34.353594 0x1fa65e140 incremental_pipeline.cc:487] => Provided pair is unsuitable for initialization.
I20260910 06:20:34.353596 0x1fa65e140 incremental_pipeline.cc:791] Discarding reconstruction due to bad initial pair
I20260910 06:20:34.354435 0x1fa65e140 incremental_pipeline.cc:492] Registering initial image pair #3 and #4
I20260910 06:20:34.354591 0x1fa65e140 incremental_pipeline.cc:510] Global bundle adjustment
I20260910 06:20:34.354926 0x1fa65e140 incremental_pipeline.cc:791] Discarding reconstruction due to bad initial pair
I20260910 06:20:34.355936 0x1fa65e140 incremental_pipeline.cc:492] Registering initial image pair #3 and #4
I20260910 06:20:34.356092 0x1fa65e140 incremental_pipeline.cc:510] Global bundle adjustment
I20260910 06:20:34.356431 0x1fa65e140 incremental_pipeline.cc:791] Discarding reconstruction due to bad initial pair
I20260910 06:20:34.357390 0x1fa65e140 incremental_pipeline.cc:492] Registering initial image pair #3 and #4
I20260910 06:20:34.357544 0x1fa65e140 incremental_pipeline.cc:510] Global bundle adjustment
I20260910 06:20:34.357878 0x1fa65e140 incremental_pipeline.cc:791] Discarding reconstruction due to bad initial pair
I20260910 06:20:34.358706 0x1fa65e140 incremental_pipeline.cc:492] Registering initial image pair #3 and #4
I20260910 06:20:34.358862 0x1fa65e140 incremental_pipeline.cc:510] Global bundle adjustment
I20260910 06:20:34.359195 0x1fa65e140 incremental_pipeline.cc:791] Discarding reconstruction due to bad initial pair
I20260910 06:20:34.360025 0x1fa65e140 incremental_pipeline.cc:492] Registering initial image pair #3 and #4
I20260910 06:20:34.360182 0x1fa65e140 incremental_pipeline.cc:510] Global bundle adjustment
I20260910 06:20:34.360489 0x1fa65e140 incremental_pipeline.cc:791] Discarding reconstruction due to bad initial pair
I20260910 06:20:34.362130 0x1fa65e140 incremental_pipeline.cc:492] Registering initial image pair #3 and #4
I20260910 06:20:34.362287 0x1fa65e140 incremental_pipeline.cc:510] Global bundle adjustment
I20260910 06:20:34.362622 0x1fa65e140 incremental_pipeline.cc:791] Discarding reconstruction due to bad initial pair
I20260910 06:20:34.363464 0x1fa65e140 incremental_pipeline.cc:492] Registering initial image pair #3 and #4
I20260910 06:20:34.363621 0x1fa65e140 incremental_pipeline.cc:510] Global bundle adjustment
I20260910 06:20:34.363958 0x1fa65e140 incremental_pipeline.cc:791] Discarding reconstruction due to bad initial pair
I20260910 06:20:34.364733 0x1fa65e140 incremental_pipeline.cc:492] Registering initial image pair #3 and #4
I20260910 06:20:34.364890 0x1fa65e140 incremental_pipeline.cc:510] Global bundle adjustment
I20260910 06:20:34.365194 0x1fa65e140 incremental_pipeline.cc:791] Discarding reconstruction due to bad initial pair
I20260910 06:20:34.366915 0x1fa65e140 incremental_pipeline.cc:487] => Provided pair is unsuitable for initialization.
I20260910 06:20:34.366918 0x1fa65e140 incremental_pipeline.cc:791] Discarding reconstruction due to bad initial pair
I20260910 06:20:34.367701 0x1fa65e140 incremental_pipeline.cc:492] Registering initial image pair #3 and #4
I20260910 06:20:34.367858 0x1fa65e140 incremental_pipeline.cc:510] Global bundle adjustment
I20260910 06:20:34.368164 0x1fa65e140 incremental_pipeline.cc:791] Discarding reconstruction due to bad initial pair
I20260910 06:20:34.369928 0x1fa65e140 incremental_pipeline.cc:487] => Provided pair is unsuitable for initialization.
I20260910 06:20:34.369931 0x1fa65e140 incremental_pipeline.cc:791] Discarding reconstruction due to bad initial pair
I20260910 06:20:34.370723 0x1fa65e140 incremental_pipeline.cc:492] Registering initial image pair #3 and #4
I20260910 06:20:34.370879 0x1fa65e140 incremental_pipeline.cc:510] Global bundle adjustment
I20260910 06:20:34.371181 0x1fa65e140 incremental_pipeline.cc:791] Discarding reconstruction due to bad initial pair
I20260910 06:20:34.372872 0x1fa65e140 incremental_pipeline.cc:487] => Provided pair is unsuitable for initialization.
I20260910 06:20:34.372874 0x1fa65e140 incremental_pipeline.cc:791] Discarding reconstruction due to bad initial pair
I20260910 06:20:34.373784 0x1fa65e140 incremental_pipeline.cc:492] Registering initial image pair #3 and #4
I20260910 06:20:34.373940 0x1fa65e140 incremental_pipeline.cc:510] Global bundle adjustment
I20260910 06:20:34.374277 0x1fa65e140 incremental_pipeline.cc:791] Discarding reconstruction due to bad initial pair
I20260910 06:20:34.375148 0x1fa65e140 incremental_pipeline.cc:492] Registering initial image pair #3 and #4
I20260910 06:20:34.375305 0x1fa65e140 incremental_pipeline.cc:510] Global bundle adjustment
I20260910 06:20:34.375641 0x1fa65e140 incremental_pipeline.cc:791] Discarding reconstruction due to bad initial pair
I20260910 06:20:34.376522 0x1fa65e140 incremental_pipeline.cc:492] Registering initial image pair #3 and #4
I20260910 06:20:34.376678 0x1fa65e140 incremental_pipeline.cc:510] Global bundle adjustment
I20260910 06:20:34.377011 0x1fa65e140 incremental_pipeline.cc:791] Discarding reconstruction due to bad initial pair
I20260910 06:20:34.377764 0x1fa65e140 incremental_pipeline.cc:492] Registering initial image pair #3 and #4
I20260910 06:20:34.377920 0x1fa65e140 incremental_pipeline.cc:510] Global bundle adjustment
I20260910 06:20:34.378225 0x1fa65e140 incremental_pipeline.cc:791] Discarding reconstruction due to bad initial pair
I20260910 06:20:34.379287 0x1fa65e140 incremental_pipeline.cc:492] Registering initial image pair #3 and #4
I20260910 06:20:34.379462 0x1fa65e140 incremental_pipeline.cc:510] Global bundle adjustment
I20260910 06:20:34.379769 0x1fa65e140 incremental_pipeline.cc:791] Discarding reconstruction due to bad initial pair
I20260910 06:20:34.381443 0x1fa65e140 incremental_pipeline.cc:492] Registering initial image pair #3 and #4
I20260910 06:20:34.381476 0x1fa65e140 incremental_pipeline.cc:791] Discarding reconstruction due to bad initial pair
I20260910 06:20:34.382325 0x1fa65e140 incremental_pipeline.cc:492] Registering initial image pair #3 and #4
I20260910 06:20:34.382483 0x1fa65e140 incremental_pipeline.cc:510] Global bundle adjustment
I20260910 06:20:34.382785 0x1fa65e140 incremental_pipeline.cc:791] Discarding reconstruction due to bad initial pair
I20260910 06:20:34.383634 0x1fa65e140 incremental_pipeline.cc:492] Registering initial image pair #3 and #4
I20260910 06:20:34.383791 0x1fa65e140 incremental_pipeline.cc:510] Global bundle adjustment
I20260910 06:20:34.384128 0x1fa65e140 incremental_pipeline.cc:791] Discarding reconstruction due to bad initial pair
I20260910 06:20:34.385101 0x1fa65e140 incremental_pipeline.cc:492] Registering initial image pair #3 and #4
I20260910 06:20:34.385255 0x1fa65e140 incremental_pipeline.cc:510] Global bundle adjustment
I20260910 06:20:34.385588 0x1fa65e140 incremental_pipeline.cc:791] Discarding reconstruction due to bad initial pair
I20260910 06:20:34.386408 0x1fa65e140 incremental_pipeline.cc:492] Registering initial image pair #3 and #4
I20260910 06:20:34.386564 0x1fa65e140 incremental_pipeline.cc:510] Global bundle adjustment
I20260910 06:20:34.386906 0x1fa65e140 incremental_pipeline.cc:791] Discarding reconstruction due to bad initial pair
I20260910 06:20:34.387807 0x1fa65e140 incremental_pipeline.cc:492] Registering initial image pair #3 and #4
I20260910 06:20:34.387965 0x1fa65e140 incremental_pipeline.cc:510] Global bundle adjustment
I20260910 06:20:34.388297 0x1fa65e140 incremental_pipeline.cc:791] Discarding reconstruction due to bad initial pair
I20260910 06:20:34.389320 0x1fa65e140 incremental_pipeline.cc:492] Registering initial image pair #3 and #4
I20260910 06:20:34.389474 0x1fa65e140 incremental_pipeline.cc:510] Global bundle adjustment
I20260910 06:20:34.389808 0x1fa65e140 incremental_pipeline.cc:791] Discarding reconstruction due to bad initial pair
I20260910 06:20:34.390671 0x1fa65e140 incremental_pipeline.cc:492] Registering initial image pair #3 and #4
I20260910 06:20:34.390833 0x1fa65e140 incremental_pipeline.cc:510] Global bundle adjustment
I20260910 06:20:34.391167 0x1fa65e140 incremental_pipeline.cc:791] Discarding reconstruction due to bad initial pair
I20260910 06:20:34.392028 0x1fa65e140 incremental_pipeline.cc:492] Registering initial image pair #3 and #4
I20260910 06:20:34.392184 0x1fa65e140 incremental_pipeline.cc:510] Global bundle adjustment
I20260910 06:20:34.392514 0x1fa65e140 incremental_pipeline.cc:791] Discarding reconstruction due to bad initial pair
I20260910 06:20:34.393366 0x1fa65e140 incremental_pipeline.cc:492] Registering initial image pair #3 and #4
I20260910 06:20:34.393523 0x1fa65e140 incremental_pipeline.cc:510] Global bundle adjustment
I20260910 06:20:34.393856 0x1fa65e140 incremental_pipeline.cc:791] Discarding reconstruction due to bad initial pair
I20260910 06:20:34.394750 0x1fa65e140 incremental_pipeline.cc:492] Registering initial image pair #3 and #4
I20260910 06:20:34.394907 0x1fa65e140 incremental_pipeline.cc:510] Global bundle adjustment
I20260910 06:20:34.395241 0x1fa65e140 incremental_pipeline.cc:791] Discarding reconstruction due to bad initial pair
I20260910 06:20:34.396019 0x1fa65e140 incremental_pipeline.cc:492] Registering initial image pair #3 and #4
I20260910 06:20:34.396175 0x1fa65e140 incremental_pipeline.cc:510] Global bundle adjustment
I20260910 06:20:34.396507 0x1fa65e140 incremental_pipeline.cc:791] Discarding reconstruction due to bad initial pair
I20260910 06:20:34.397274 0x1fa65e140 incremental_pipeline.cc:492] Registering initial image pair #3 and #4
I20260910 06:20:34.397429 0x1fa65e140 incremental_pipeline.cc:510] Global bundle adjustment
I20260910 06:20:34.397732 0x1fa65e140 incremental_pipeline.cc:791] Discarding reconstruction due to bad initial pair
I20260910 06:20:34.398659 0x1fa65e140 incremental_pipeline.cc:492] Registering initial image pair #3 and #4
I20260910 06:20:34.398814 0x1fa65e140 incremental_pipeline.cc:510] Global bundle adjustment
I20260910 06:20:34.399117 0x1fa65e140 incremental_pipeline.cc:791] Discarding reconstruction due to bad initial pair
I20260910 06:20:34.400009 0x1fa65e140 incremental_pipeline.cc:492] Registering initial image pair #3 and #4
I20260910 06:20:34.400168 0x1fa65e140 incremental_pipeline.cc:510] Global bundle adjustment
I20260910 06:20:34.400507 0x1fa65e140 incremental_pipeline.cc:791] Discarding reconstruction due to bad initial pair
I20260910 06:20:34.402278 0x1fa65e140 incremental_pipeline.cc:487] => Provided pair is unsuitable for initialization.
I20260910 06:20:34.402281 0x1fa65e140 incremental_pipeline.cc:791] Discarding reconstruction due to bad initial pair
I20260910 06:20:34.403079 0x1fa65e140 incremental_pipeline.cc:492] Registering initial image pair #3 and #4
I20260910 06:20:34.403235 0x1fa65e140 incremental_pipeline.cc:510] Global bundle adjustment
I20260910 06:20:34.403570 0x1fa65e140 incremental_pipeline.cc:791] Discarding reconstruction due to bad initial pair
I20260910 06:20:34.404437 0x1fa65e140 incremental_pipeline.cc:492] Registering initial image pair #3 and #4
I20260910 06:20:34.404594 0x1fa65e140 incremental_pipeline.cc:510] Global bundle adjustment
I20260910 06:20:34.404926 0x1fa65e140 incremental_pipeline.cc:791] Discarding reconstruction due to bad initial pair
I20260910 06:20:34.405785 0x1fa65e140 incremental_pipeline.cc:492] Registering initial image pair #3 and #4
I20260910 06:20:34.405940 0x1fa65e140 incremental_pipeline.cc:510] Global bundle adjustment
I20260910 06:20:34.406274 0x1fa65e140 incremental_pipeline.cc:791] Discarding reconstruction due to bad initial pair
I20260910 06:20:34.407133 0x1fa65e140 incremental_pipeline.cc:492] Registering initial image pair #3 and #4
I20260910 06:20:34.407290 0x1fa65e140 incremental_pipeline.cc:510] Global bundle adjustment
I20260910 06:20:34.407624 0x1fa65e140 incremental_pipeline.cc:791] Discarding reconstruction due to bad initial pair
I20260910 06:20:34.409076 0x1fa65e140 incremental_pipeline.cc:492] Registering initial image pair #3 and #4
I20260910 06:20:34.409231 0x1fa65e140 incremental_pipeline.cc:510] Global bundle adjustment
I20260910 06:20:34.409564 0x1fa65e140 incremental_pipeline.cc:791] Discarding reconstruction due to bad initial pair
I20260910 06:20:34.410366 0x1fa65e140 incremental_pipeline.cc:492] Registering initial image pair #3 and #4
I20260910 06:20:34.410523 0x1fa65e140 incremental_pipeline.cc:510] Global bundle adjustment
I20260910 06:20:34.410826 0x1fa65e140 incremental_pipeline.cc:791] Discarding reconstruction due to bad initial pair
I20260910 06:20:34.411769 0x1fa65e140 incremental_pipeline.cc:492] Registering initial image pair #3 and #4
I20260910 06:20:34.411931 0x1fa65e140 incremental_pipeline.cc:510] Global bundle adjustment
I20260910 06:20:34.412266 0x1fa65e140 incremental_pipeline.cc:791] Discarding reconstruction due to bad initial pair
I20260910 06:20:34.413114 0x1fa65e140 incremental_pipeline.cc:492] Registering initial image pair #3 and #4
I20260910 06:20:34.413270 0x1fa65e140 incremental_pipeline.cc:510] Global bundle adjustment
I20260910 06:20:34.413606 0x1fa65e140 incremental_pipeline.cc:791] Discarding reconstruction due to bad initial pair
I20260910 06:20:34.415382 0x1fa65e140 incremental_pipeline.cc:487] => Provided pair is unsuitable for initialization.
I20260910 06:20:34.415385 0x1fa65e140 incremental_pipeline.cc:791] Discarding reconstruction due to bad initial pair
I20260910 06:20:34.416288 0x1fa65e140 incremental_pipeline.cc:492] Registering initial image pair #3 and #4
I20260910 06:20:34.416443 0x1fa65e140 incremental_pipeline.cc:510] Global bundle adjustment
I20260910 06:20:34.416778 0x1fa65e140 incremental_pipeline.cc:791] Discarding reconstruction due to bad initial pair
I20260910 06:20:34.417652 0x1fa65e140 incremental_pipeline.cc:492] Registering initial image pair #3 and #4
I20260910 06:20:34.417807 0x1fa65e140 incremental_pipeline.cc:510] Global bundle adjustment
I20260910 06:20:34.418143 0x1fa65e140 incremental_pipeline.cc:791] Discarding reconstruction due to bad initial pair
I20260910 06:20:34.419638 0x1fa65e140 incremental_pipeline.cc:492] Registering initial image pair #3 and #4
I20260910 06:20:34.419792 0x1fa65e140 incremental_pipeline.cc:510] Global bundle adjustment
I20260910 06:20:34.420130 0x1fa65e140 incremental_pipeline.cc:791] Discarding reconstruction due to bad initial pair
I20260910 06:20:34.420967 0x1fa65e140 incremental_pipeline.cc:492] Registering initial image pair #3 and #4
I20260910 06:20:34.421124 0x1fa65e140 incremental_pipeline.cc:510] Global bundle adjustment
I20260910 06:20:34.421433 0x1fa65e140 incremental_pipeline.cc:791] Discarding reconstruction due to bad initial pair
I20260910 06:20:34.423165 0x1fa65e140 incremental_pipeline.cc:487] => Provided pair is unsuitable for initialization.
I20260910 06:20:34.423168 0x1fa65e140 incremental_pipeline.cc:791] Discarding reconstruction due to bad initial pair
I20260910 06:20:34.423988 0x1fa65e140 incremental_pipeline.cc:492] Registering initial image pair #3 and #4
I20260910 06:20:34.424144 0x1fa65e140 incremental_pipeline.cc:510] Global bundle adjustment
I20260910 06:20:34.424482 0x1fa65e140 incremental_pipeline.cc:791] Discarding reconstruction due to bad initial pair
I20260910 06:20:34.426183 0x1fa65e140 incremental_pipeline.cc:487] => Provided pair is unsuitable for initialization.
I20260910 06:20:34.426186 0x1fa65e140 incremental_pipeline.cc:791] Discarding reconstruction due to bad initial pair
I20260910 06:20:34.427021 0x1fa65e140 incremental_pipeline.cc:492] Registering initial image pair #3 and #4
I20260910 06:20:34.427177 0x1fa65e140 incremental_pipeline.cc:510] Global bundle adjustment
I20260910 06:20:34.427513 0x1fa65e140 incremental_pipeline.cc:791] Discarding reconstruction due to bad initial pair
I20260910 06:20:34.428374 0x1fa65e140 incremental_pipeline.cc:492] Registering initial image pair #3 and #4
I20260910 06:20:34.428532 0x1fa65e140 incremental_pipeline.cc:510] Global bundle adjustment
I20260910 06:20:34.428868 0x1fa65e140 incremental_pipeline.cc:791] Discarding reconstruction due to bad initial pair
I20260910 06:20:34.429704 0x1fa65e140 incremental_pipeline.cc:492] Registering initial image pair #3 and #4
I20260910 06:20:34.429860 0x1fa65e140 incremental_pipeline.cc:510] Global bundle adjustment
I20260910 06:20:34.430194 0x1fa65e140 incremental_pipeline.cc:791] Discarding reconstruction due to bad initial pair
I20260910 06:20:34.430954 0x1fa65e140 incremental_pipeline.cc:492] Registering initial image pair #3 and #4
I20260910 06:20:34.431112 0x1fa65e140 incremental_pipeline.cc:510] Global bundle adjustment
I20260910 06:20:34.431415 0x1fa65e140 incremental_pipeline.cc:791] Discarding reconstruction due to bad initial pair
I20260910 06:20:34.433181 0x1fa65e140 incremental_pipeline.cc:492] Registering initial image pair #3 and #4
I20260910 06:20:34.433339 0x1fa65e140 incremental_pipeline.cc:510] Global bundle adjustment
I20260910 06:20:34.433674 0x1fa65e140 incremental_pipeline.cc:791] Discarding reconstruction due to bad initial pair
I20260910 06:20:34.434472 0x1fa65e140 incremental_pipeline.cc:492] Registering initial image pair #3 and #4
I20260910 06:20:34.434632 0x1fa65e140 incremental_pipeline.cc:510] Global bundle adjustment
I20260910 06:20:34.434936 0x1fa65e140 incremental_pipeline.cc:791] Discarding reconstruction due to bad initial pair
I20260910 06:20:34.435906 0x1fa65e140 incremental_pipeline.cc:492] Registering initial image pair #3 and #4
I20260910 06:20:34.436061 0x1fa65e140 incremental_pipeline.cc:510] Global bundle adjustment
I20260910 06:20:34.436401 0x1fa65e140 incremental_pipeline.cc:791] Discarding reconstruction due to bad initial pair
I20260910 06:20:34.438091 0x1fa65e140 incremental_pipeline.cc:492] Registering initial image pair #3 and #4
I20260910 06:20:34.438128 0x1fa65e140 incremental_pipeline.cc:791] Discarding reconstruction due to bad initial pair
I20260910 06:20:34.439026 0x1fa65e140 incremental_pipeline.cc:492] Registering initial image pair #3 and #4
I20260910 06:20:34.439186 0x1fa65e140 incremental_pipeline.cc:510] Global bundle adjustment
I20260910 06:20:34.439519 0x1fa65e140 incremental_pipeline.cc:791] Discarding reconstruction due to bad initial pair
I20260910 06:20:34.439566 0x1fa65e140 timer.cc:90] Elapsed time: 0.021 [minutes]
[0;31mE20260910 06:20:34.439569 0x1fa65e140 sfm.cc:310] Failed to create any sparse model
[m