
I20260910 06:20:31.317502 0x1fa65e140 incremental_pipeline.cc:353] Loading database
I20260910 06:20:31.317805 0x1fa65e140 database_cache.cc:73] Loading rigs...
I20260910 06:20:31.317820 0x1fa65e140 database_cache.cc:83]  1 in 0.000s
I20260910 06:20:31.317824 0x1fa65e140 database_cache.cc:91] Loading cameras...
I20260910 06:20:31.317830 0x1fa65e140 database_cache.cc:109]  1 in 0.000s
I20260910 06:20:31.317832 0x1fa65e140 database_cache.cc:117] Loading frames...
I20260910 06:20:31.317846 0x1fa65e140 database_cache.cc:127]  4 in 0.000s
I20260910 06:20:31.317849 0x1fa65e140 database_cache.cc:135] Loading matches...
I20260910 06:20:31.317870 0x1fa65e140 database_cache.cc:140]  4 in 0.000s
I20260910 06:20:31.317872 0x1fa65e140 database_cache.cc:148] Loading images...
I20260910 06:20:31.318089 0x1fa65e140 database_cache.cc:245]  4 in 0.000s (connected 4, loaded 4)
I20260910 06:20:31.318092 0x1fa65e140 database_cache.cc:259] Loading pose priors...
I20260910 06:20:31.318097 0x1fa65e140 database_cache.cc:267]  0 in 0.000s
I20260910 06:20:31.318099 0x1fa65e140 database_cache.cc:275] Building correspondence graph...
I20260910 06:20:31.318170 0x1fa65e140 database_cache.cc:304]  in 0.000s (ignored 0)
I20260910 06:20:31.318174 0x1fa65e140 timer.cc:90] Elapsed time: 0.000 [minutes]
I20260910 06:20:31.319502 0x1fa65e140 incremental_pipeline.cc:487] => Provided pair is unsuitable for initialization.
I20260910 06:20:31.319506 0x1fa65e140 incremental_pipeline.cc:791] Discarding reconstruction due to bad initial pair
I20260910 06:20:31.320565 0x1fa65e140 incremental_pipeline.cc:487] => Provided pair is unsuitable for initialization.
I20260910 06:20:31.320568 0x1fa65e140 incremental_pipeline.cc:791] Discarding reconstruction due to bad initial pair
I20260910 06:20:31.322371 0x1fa65e140 incremental_pipeline.cc:487] => Provided pair is unsuitable for initialization.
I20260910 06:20:31.322374 0x1fa65e140 incremental_pipeline.cc:791] Discarding reconstruction due to bad initial pair
I20260910 06:20:31.324264 0x1fa65e140 incremental_pipeline.cc:487] => Provided pair is unsuitable for initialization.
I20260910 06:20:31.324267 0x1fa65e140 incremental_pipeline.cc:791] Discarding reconstruction due to bad initial pair
I20260910 06:20:31.325745 0x1fa65e140 incremental_pipeline.cc:487] => Provided pair is unsuitable for initialization.
I20260910 06:20:31.325748 0x1fa65e140 incremental_pipeline.cc:791] Discarding reconstruction due to bad initial pair
I20260910 06:20:31.329293 0x1fa65e140 incremental_pipeline.cc:487] => Provided pair is unsuitable for initialization.
I20260910 06:20:31.329296 0x1fa65e140 incremental_pipeline.cc:791] Discarding reconstruction due to bad initial pair
I20260910 06:20:31.330202 0x1fa65e140 incremental_pipeline.cc:487] => Provided pair is unsuitable for initialization.
I20260910 06:20:31.330205 0x1fa65e140 incremental_pipeline.cc:791] Discarding reconstruction due to bad initial pair
I20260910 06:20:31.331647 0x1fa65e140 incremental_pipeline.cc:487] => Provided pair is unsuitable for initialization.
I20260910 06:20:31.331649 0x1fa65e140 incremental_pipeline.cc:791] Discarding reconstruction due to bad initial pair
I20260910 06:20:31.333981 0x1fa65e140 incremental_pipeline.cc:487] => Provided pair is unsuitable for initialization.
I20260910 06:20:31.333984 0x1fa65e140 incremental_pipeline.cc:791] Discarding reconstruction due to bad initial pair
I20260910 06:20:31.336399 0x1fa65e140 incremental_pipeline.cc:487] => Provided pair is unsuitable for initialization.
I20260910 06:20:31.336401 0x1fa65e140 incremental_pipeline.cc:791] Discarding reconstruction due to bad initial pair
I20260910 06:20:31.338028 0x1fa65e140 incremental_pipeline.cc:487] => Provided pair is unsuitable for initialization.
I20260910 06:20:31.338031 0x1fa65e140 incremental_pipeline.cc:791] Discarding reconstruction due to bad initial pair
I20260910 06:20:31.341455 0x1fa65e140 incremental_pipeline.cc:487] => Provided pair is unsuitable for initialization.
I20260910 06:20:31.341458 0x1fa65e140 incremental_pipeline.cc:791] Discarding reconstruction due to bad initial pair
I20260910 06:20:31.342650 0x1fa65e140 incremental_pipeline.cc:487] => Provided pair is unsuitable for initialization.
I20260910 06:20:31.342661 0x1fa65e140 incremental_pipeline.cc:791] Discarding reconstruction due to bad initial pair
I20260910 06:20:31.343718 0x1fa65e140 incremental_pipeline.cc:487] => Provided pair is unsuitable for initialization.
I20260910 06:20:31.343722 0x1fa65e140 incremental_pipeline.cc:791] Discarding reconstruction due to bad initial pair
I20260910 06:20:31.345400 0x1fa65e140 incremental_pipeline.cc:487] => Provided pair is unsuitable for initialization.
I20260910 06:20:31.345403 0x1fa65e140 incremental_pipeline.cc:791] Discarding reconstruction due to bad initial pair
I20260910 06:20:31.347558 0x1fa65e140 incremental_pipeline.cc:487] => Provided pair is unsuitable for initialization.
I20260910 06:20:31.347561 0x1fa65e140 incremental_pipeline.cc:791] Discarding reconstruction due to bad initial pair
I20260910 06:20:31.348681 0x1fa65e140 incremental_pipeline.cc:487] => Provided pair is unsuitable for initialization.
I20260910 06:20:31.348684 0x1fa65e140 incremental_pipeline.cc:791] Discarding reconstruction due to bad initial pair
I20260910 06:20:31.350220 0x1fa65e140 incremental_pipeline.cc:487] => Provided pair is unsuitable for initialization.
I20260910 06:20:31.350223 0x1fa65e140 incremental_pipeline.cc:791] Discarding reconstruction due to bad initial pair
I20260910 06:20:31.351686 0x1fa65e140 incremental_pipeline.cc:487] => Provided pair is unsuitable for initialization.
I20260910 06:20:31.351689 0x1fa65e140 incremental_pipeline.cc:791] Discarding reconstruction due to bad initial pair
I20260910 06:20:31.353605 0x1fa65e140 incremental_pipeline.cc:487] => Provided pair is unsuitable for initialization.
I20260910 06:20:31.353607 0x1fa65e140 incremental_pipeline.cc:791] Discarding reconstruction due to bad initial pair
I20260910 06:20:31.355429 0x1fa65e140 incremental_pipeline.cc:487] => Provided pair is unsuitable for initialization.
I20260910 06:20:31.355431 0x1fa65e140 incremental_pipeline.cc:791] Discarding reconstruction due to bad initial pair
I20260910 06:20:31.357522 0x1fa65e140 incremental_pipeline.cc:487] => Provided pair is unsuitable for initialization.
I20260910 06:20:31.357525 0x1fa65e140 incremental_pipeline.cc:791] Discarding reconstruction due to bad initial pair
I20260910 06:20:31.361037 0x1fa65e140 incremental_pipeline.cc:487] => Provided pair is unsuitable for initialization.
I20260910 06:20:31.361041 0x1fa65e140 incremental_pipeline.cc:791] Discarding reconstruction due to bad initial pair
I20260910 06:20:31.362060 0x1fa65e140 incremental_pipeline.cc:487] => Provided pair is unsuitable for initialization.
I20260910 06:20:31.362063 0x1fa65e140 incremental_pipeline.cc:791] Discarding reconstruction due to bad initial pair
I20260910 06:20:31.364237 0x1fa65e140 incremental_pipeline.cc:487] => Provided pair is unsuitable for initialization.
I20260910 06:20:31.364240 0x1fa65e140 incremental_pipeline.cc:791] Discarding reconstruction due to bad initial pair
I20260910 06:20:31.365239 0x1fa65e140 incremental_pipeline.cc:487] => Provided pair is unsuitable for initialization.
I20260910 06:20:31.365242 0x1fa65e140 incremental_pipeline.cc:791] Discarding reconstruction due to bad initial pair
I20260910 06:20:31.367287 0x1fa65e140 incremental_pipeline.cc:487] => Provided pair is unsuitable for initialization.
I20260910 06:20:31.367289 0x1fa65e140 incremental_pipeline.cc:791] Discarding reconstruction due to bad initial pair
I20260910 06:20:31.370225 0x1fa65e140 incremental_pipeline.cc:487] => Provided pair is unsuitable for initialization.
I20260910 06:20:31.370228 0x1fa65e140 incremental_pipeline.cc:791] Discarding reconstruction due to bad initial pair
I20260910 06:20:31.371498 0x1fa65e140 incremental_pipeline.cc:487] => Provided pair is unsuitable for initialization.
I20260910 06:20:31.371500 0x1fa65e140 incremental_pipeline.cc:791] Discarding reconstruction due to bad initial pair
I20260910 06:20:31.373771 0x1fa65e140 incremental_pipeline.cc:487] => Provided pair is unsuitable for initialization.
I20260910 06:20:31.373773 0x1fa65e140 incremental_pipeline.cc:791] Discarding reconstruction due to bad initial pair
I20260910 06:20:31.374816 0x1fa65e140 incremental_pipeline.cc:487] => Provided pair is unsuitable for initialization.
I20260910 06:20:31.374818 0x1fa65e140 incremental_pipeline.cc:791] Discarding reconstruction due to bad initial pair
I20260910 06:20:31.375762 0x1fa65e140 incremental_pipeline.cc:487] => Provided pair is unsuitable for initialization.
I20260910 06:20:31.375765 0x1fa65e140 incremental_pipeline.cc:791] Discarding reconstruction due to bad initial pair
I20260910 06:20:31.377613 0x1fa65e140 incremental_pipeline.cc:487] => Provided pair is unsuitable for initialization.
I20260910 06:20:31.377615 0x1fa65e140 incremental_pipeline.cc:791] Discarding reconstruction due to bad initial pair
I20260910 06:20:31.378626 0x1fa65e140 incremental_pipeline.cc:487] => Provided pair is unsuitable for initialization.
I20260910 06:20:31.378629 0x1fa65e140 incremental_pipeline.cc:791] Discarding reconstruction due to bad initial pair
I20260910 06:20:31.379840 0x1fa65e140 incremental_pipeline.cc:487] => Provided pair is unsuitable for initialization.
I20260910 06:20:31.379842 0x1fa65e140 incremental_pipeline.cc:791] Discarding reconstruction due to bad initial pair
I20260910 06:20:31.380991 0x1fa65e140 incremental_pipeline.cc:487] => Provided pair is unsuitable for initialization.
I20260910 06:20:31.380993 0x1fa65e140 incremental_pipeline.cc:791] Discarding reconstruction due to bad initial pair
I20260910 06:20:31.381870 0x1fa65e140 incremental_pipeline.cc:487] => Provided pair is unsuitable for initialization.
I20260910 06:20:31.381873 0x1fa65e140 incremental_pipeline.cc:791] Discarding reconstruction due to bad initial pair
I20260910 06:20:31.383375 0x1fa65e140 incremental_pipeline.cc:487] => Provided pair is unsuitable for initialization.
I20260910 06:20:31.383378 0x1fa65e140 incremental_pipeline.cc:791] Discarding reconstruction due to bad initial pair
I20260910 06:20:31.384419 0x1fa65e140 incremental_pipeline.cc:487] => Provided pair is unsuitable for initialization.
I20260910 06:20:31.384421 0x1fa65e140 incremental_pipeline.cc:791] Discarding reconstruction due to bad initial pair
I20260910 06:20:31.386455 0x1fa65e140 incremental_pipeline.cc:487] => Provided pair is unsuitable for initialization.
I20260910 06:20:31.386457 0x1fa65e140 incremental_pipeline.cc:791] Discarding reconstruction due to bad initial pair
I20260910 06:20:31.388697 0x1fa65e140 incremental_pipeline.cc:487] => Provided pair is unsuitable for initialization.
I20260910 06:20:31.388699 0x1fa65e140 incremental_pipeline.cc:791] Discarding reconstruction due to bad initial pair
I20260910 06:20:31.389722 0x1fa65e140 incremental_pipeline.cc:487] => Provided pair is unsuitable for initialization.
I20260910 06:20:31.389724 0x1fa65e140 incremental_pipeline.cc:791] Discarding reconstruction due to bad initial pair
I20260910 06:20:31.391628 0x1fa65e140 incremental_pipeline.cc:487] => Provided pair is unsuitable for initialization.
I20260910 06:20:31.391630 0x1fa65e140 incremental_pipeline.cc:791] Discarding reconstruction due to bad initial pair
I20260910 06:20:31.392558 0x1fa65e140 incremental_pipeline.cc:487] => Provided pair is unsuitable for initialization.
I20260910 06:20:31.392559 0x1fa65e140 incremental_pipeline.cc:791] Discarding reconstruction due to bad initial pair
I20260910 06:20:31.393597 0x1fa65e140 incremental_pipeline.cc:487] => Provided pair is unsuitable for initialization.
I20260910 06:20:31.393600 0x1fa65e140 incremental_pipeline.cc:791] Discarding reconstruction due to bad initial pair
I20260910 06:20:31.394706 0x1fa65e140 incremental_pipeline.cc:487] => Provided pair is unsuitable for initialization.
I20260910 06:20:31.394708 0x1fa65e140 incremental_pipeline.cc:791] Discarding reconstruction due to bad initial pair
I20260910 06:20:31.396744 0x1fa65e140 incremental_pipeline.cc:487] => Provided pair is unsuitable for initialization.
I20260910 06:20:31.396746 0x1fa65e140 incremental_pipeline.cc:791] Discarding reconstruction due to bad initial pair
I20260910 06:20:31.398788 0x1fa65e140 incremental_pipeline.cc:487] => Provided pair is unsuitable for initialization.
I20260910 06:20:31.398797 0x1fa65e140 incremental_pipeline.cc:791] Discarding reconstruction due to bad initial pair
I20260910 06:20:31.400794 0x1fa65e140 incremental_pipeline.cc:487] => Provided pair is unsuitable for initialization.
I20260910 06:20:31.400796 0x1fa65e140 incremental_pipeline.cc:791] Discarding reconstruction due to bad initial pair
I20260910 06:20:31.402980 0x1fa65e140 incremental_pipeline.cc:487] => Provided pair is unsuitable for initialization.
I20260910 06:20:31.402982 0x1fa65e140 incremental_pipeline.cc:791] Discarding reconstruction due to bad initial pair
I20260910 06:20:31.404715 0x1fa65e140 incremental_pipeline.cc:487] => Provided pair is unsuitable for initialization.
I20260910 06:20:31.404718 0x1fa65e140 incremental_pipeline.cc:791] Discarding reconstruction due to bad initial pair
I20260910 06:20:31.406685 0x1fa65e140 incremental_pipeline.cc:487] => Provided pair is unsuitable for initialization.
I20260910 06:20:31.406687 0x1fa65e140 incremental_pipeline.cc:791] Discarding reconstruction due to bad initial pair
I20260910 06:20:31.408830 0x1fa65e140 incremental_pipeline.cc:487] => Provided pair is unsuitable for initialization.
I20260910 06:20:31.408832 0x1fa65e140 incremental_pipeline.cc:791] Discarding reconstruction due to bad initial pair
I20260910 06:20:31.411624 0x1fa65e140 incremental_pipeline.cc:487] => Provided pair is unsuitable for initialization.
I20260910 06:20:31.411626 0x1fa65e140 incremental_pipeline.cc:791] Discarding reconstruction due to bad initial pair
I20260910 06:20:31.413972 0x1fa65e140 incremental_pipeline.cc:487] => Provided pair is unsuitable for initialization.
I20260910 06:20:31.413974 0x1fa65e140 incremental_pipeline.cc:791] Discarding reconstruction due to bad initial pair
I20260910 06:20:31.414810 0x1fa65e140 incremental_pipeline.cc:487] => Provided pair is unsuitable for initialization.
I20260910 06:20:31.414812 0x1fa65e140 incremental_pipeline.cc:791] Discarding reconstruction due to bad initial pair
I20260910 06:20:31.416364 0x1fa65e140 incremental_pipeline.cc:487] => Provided pair is unsuitable for initialization.
I20260910 06:20:31.416366 0x1fa65e140 incremental_pipeline.cc:791] Discarding reconstruction due to bad initial pair
I20260910 06:20:31.418154 0x1fa65e140 incremental_pipeline.cc:487] => Provided pair is unsuitable for initialization.
I20260910 06:20:31.418157 0x1fa65e140 incremental_pipeline.cc:791] Discarding reconstruction due to bad initial pair
I20260910 06:20:31.420479 0x1fa65e140 incremental_pipeline.cc:487] => Provided pair is unsuitable for initialization.
I20260910 06:20:31.420481 0x1fa65e140 incremental_pipeline.cc:791] Discarding reconstruction due to bad initial pair
I20260910 06:20:31.422213 0x1fa65e140 incremental_pipeline.cc:487] => Provided pair is unsuitable for initialization.
I20260910 06:20:31.422216 0x1fa65e140 incremental_pipeline.cc:791] Discarding reconstruction due to bad initial pair
I20260910 06:20:31.424121 0x1fa65e140 incremental_pipeline.cc:487] => Provided pair is unsuitable for initialization.
I20260910 06:20:31.424124 0x1fa65e140 incremental_pipeline.cc:791] Discarding reconstruction due to bad initial pair
I20260910 06:20:31.425129 0x1fa65e140 incremental_pipeline.cc:487] => Provided pair is unsuitable for initialization.
I20260910 06:20:31.425132 0x1fa65e140 incremental_pipeline.cc:791] Discarding reconstruction due to bad initial pair
I20260910 06:20:31.426585 0x1fa65e140 incremental_pipeline.cc:487] => Provided pair is unsuitable for initialization.
I20260910 06:20:31.426587 0x1fa65e140 incremental_pipeline.cc:791] Discarding reconstruction due to bad initial pair
I20260910 06:20:31.429145 0x1fa65e140 incremental_pipeline.cc:487] => Provided pair is unsuitable for initialization.
I20260910 06:20:31.429148 0x1fa65e140 incremental_pipeline.cc:791] Discarding reconstruction due to bad initial pair
I20260910 06:20:31.430817 0x1fa65e140 incremental_pipeline.cc:487] => Provided pair is unsuitable for initialization.
I20260910 06:20:31.430819 0x1fa65e140 incremental_pipeline.cc:791] Discarding reconstruction due to bad initial pair
I20260910 06:20:31.432493 0x1fa65e140 incremental_pipeline.cc:487] => Provided pair is unsuitable for initialization.
I20260910 06:20:31.432496 0x1fa65e140 incremental_pipeline.cc:791] Discarding reconstruction due to bad initial pair
I20260910 06:20:31.435143 0x1fa65e140 incremental_pipeline.cc:487] => Provided pair is unsuitable for initialization.
I20260910 06:20:31.435145 0x1fa65e140 incremental_pipeline.cc:791] Discarding reconstruction due to bad initial pair
I20260910 06:20:31.436866 0x1fa65e140 incremental_pipeline.cc:487] => Provided pair is unsuitable for initialization.
I20260910 06:20:31.436868 0x1fa65e140 incremental_pipeline.cc:791] Discarding reconstruction due to bad initial pair
I20260910 06:20:31.438682 0x1fa65e140 incremental_pipeline.cc:487] => Provided pair is unsuitable for initialization.
I20260910 06:20:31.438685 0x1fa65e140 incremental_pipeline.cc:791] Discarding reconstruction due to bad initial pair
I20260910 06:20:31.440439 0x1fa65e140 incremental_pipeline.cc:487] => Provided pair is unsuitable for initialization.
I20260910 06:20:31.440442 0x1fa65e140 incremental_pipeline.cc:791] Discarding reconstruction due to bad initial pair
I20260910 06:20:31.442631 0x1fa65e140 incremental_pipeline.cc:487] => Provided pair is unsuitable for initialization.
I20260910 06:20:31.442634 0x1fa65e140 incremental_pipeline.cc:791] Discarding reconstruction due to bad initial pair
I20260910 06:20:31.444909 0x1fa65e140 incremental_pipeline.cc:487] => Provided pair is unsuitable for initialization.
I20260910 06:20:31.444912 0x1fa65e140 incremental_pipeline.cc:791] Discarding reconstruction due to bad initial pair
I20260910 06:20:31.446660 0x1fa65e140 incremental_pipeline.cc:487] => Provided pair is unsuitable for initialization.
I20260910 06:20:31.446662 0x1fa65e140 incremental_pipeline.cc:791] Discarding reconstruction due to bad initial pair
I20260910 06:20:31.448476 0x1fa65e140 incremental_pipeline.cc:487] => Provided pair is unsuitable for initialization.
I20260910 06:20:31.448478 0x1fa65e140 incremental_pipeline.cc:791] Discarding reconstruction due to bad initial pair
I20260910 06:20:31.450426 0x1fa65e140 incremental_pipeline.cc:487] => Provided pair is unsuitable for initialization.
I20260910 06:20:31.450429 0x1fa65e140 incremental_pipeline.cc:791] Discarding reconstruction due to bad initial pair
I20260910 06:20:31.451433 0x1fa65e140 incremental_pipeline.cc:487] => Provided pair is unsuitable for initialization.
I20260910 06:20:31.451435 0x1fa65e140 incremental_pipeline.cc:791] Discarding reconstruction due to bad initial pair
I20260910 06:20:31.453383 0x1fa65e140 incremental_pipeline.cc:487] => Provided pair is unsuitable for initialization.
I20260910 06:20:31.453386 0x1fa65e140 incremental_pipeline.cc:791] Discarding reconstruction due to bad initial pair
I20260910 06:20:31.455550 0x1fa65e140 incremental_pipeline.cc:487] => Provided pair is unsuitable for initialization.
I20260910 06:20:31.455553 0x1fa65e140 incremental_pipeline.cc:791] Discarding reconstruction due to bad initial pair
I20260910 06:20:31.456648 0x1fa65e140 incremental_pipeline.cc:487] => Provided pair is unsuitable for initialization.
I20260910 06:20:31.456650 0x1fa65e140 incremental_pipeline.cc:791] Discarding reconstruction due to bad initial pair
I20260910 06:20:31.458907 0x1fa65e140 incremental_pipeline.cc:487] => Provided pair is unsuitable for initialization.
I20260910 06:20:31.458909 0x1fa65e140 incremental_pipeline.cc:791] Discarding reconstruction due to bad initial pair
I20260910 06:20:31.460857 0x1fa65e140 incremental_pipeline.cc:487] => Provided pair is unsuitable for initialization.
I20260910 06:20:31.460859 0x1fa65e140 incremental_pipeline.cc:791] Discarding reconstruction due to bad initial pair
I20260910 06:20:31.462975 0x1fa65e140 incremental_pipeline.cc:487] => Provided pair is unsuitable for initialization.
I20260910 06:20:31.462978 0x1fa65e140 incremental_pipeline.cc:791] Discarding reconstruction due to bad initial pair
I20260910 06:20:31.465349 0x1fa65e140 incremental_pipeline.cc:487] => Provided pair is unsuitable for initialization.
I20260910 06:20:31.465361 0x1fa65e140 incremental_pipeline.cc:791] Discarding reconstruction due to bad initial pair
I20260910 06:20:31.467237 0x1fa65e140 incremental_pipeline.cc:487] => Provided pair is unsuitable for initialization.
I20260910 06:20:31.467240 0x1fa65e140 incremental_pipeline.cc:791] Discarding reconstruction due to bad initial pair
I20260910 06:20:31.469200 0x1fa65e140 incremental_pipeline.cc:487] => Provided pair is unsuitable for initialization.
I20260910 06:20:31.469202 0x1fa65e140 incremental_pipeline.cc:791] Discarding reconstruction due to bad initial pair
I20260910 06:20:31.472511 0x1fa65e140 incremental_pipeline.cc:487] => Provided pair is unsuitable for initialization.
I20260910 06:20:31.472513 0x1fa65e140 incremental_pipeline.cc:791] Discarding reconstruction due to bad initial pair
I20260910 06:20:31.474570 0x1fa65e140 incremental_pipeline.cc:487] => Provided pair is unsuitable for initialization.
I20260910 06:20:31.474573 0x1fa65e140 incremental_pipeline.cc:791] Discarding reconstruction due to bad initial pair
I20260910 06:20:31.476243 0x1fa65e140 incremental_pipeline.cc:487] => Provided pair is unsuitable for initialization.
I20260910 06:20:31.476245 0x1fa65e140 incremental_pipeline.cc:791] Discarding reconstruction due to bad initial pair
I20260910 06:20:31.477252 0x1fa65e140 incremental_pipeline.cc:487] => Provided pair is unsuitable for initialization.
I20260910 06:20:31.477255 0x1fa65e140 incremental_pipeline.cc:791] Discarding reconstruction due to bad initial pair
I20260910 06:20:31.479428 0x1fa65e140 incremental_pipeline.cc:487] => Provided pair is unsuitable for initialization.
I20260910 06:20:31.479430 0x1fa65e140 incremental_pipeline.cc:791] Discarding reconstruction due to bad initial pair
I20260910 06:20:31.481592 0x1fa65e140 incremental_pipeline.cc:487] => Provided pair is unsuitable for initialization.
I20260910 06:20:31.481594 0x1fa65e140 incremental_pipeline.cc:791] Discarding reconstruction due to bad initial pair
I20260910 06:20:31.483574 0x1fa65e140 incremental_pipeline.cc:487] => Provided pair is unsuitable for initialization.
I20260910 06:20:31.483576 0x1fa65e140 incremental_pipeline.cc:791] Discarding reconstruction due to bad initial pair
I20260910 06:20:31.485708 0x1fa65e140 incremental_pipeline.cc:487] => Provided pair is unsuitable for initialization.
I20260910 06:20:31.485711 0x1fa65e140 incremental_pipeline.cc:791] Discarding reconstruction due to bad initial pair
I20260910 06:20:31.487400 0x1fa65e140 incremental_pipeline.cc:487] => Provided pair is unsuitable for initialization.
I20260910 06:20:31.487402 0x1fa65e140 incremental_pipeline.cc:791] Discarding reconstruction due to bad initial pair
I20260910 06:20:31.488871 0x1fa65e140 incremental_pipeline.cc:487] => Provided pair is unsuitable for initialization.
I20260910 06:20:31.488873 0x1fa65e140 incremental_pipeline.cc:791] Discarding reconstruction due to bad initial pair
I20260910 06:20:31.491025 0x1fa65e140 incremental_pipeline.cc:487] => Provided pair is unsuitable for initialization.
I20260910 06:20:31.491027 0x1fa65e140 incremental_pipeline.cc:791] Discarding reconstruction due to bad initial pair
I20260910 06:20:31.493388 0x1fa65e140 incremental_pipeline.cc:487] => Provided pair is unsuitable for initialization.
I20260910 06:20:31.493390 0x1fa65e140 incremental_pipeline.cc:791] Discarding reconstruction due to bad initial pair
I20260910 06:20:31.495364 0x1fa65e140 incremental_pipeline.cc:487] => Provided pair is unsuitable for initialization.
I20260910 06:20:31.495367 0x1fa65e140 incremental_pipeline.cc:791] Discarding reconstruction due to bad initial pair
I20260910 06:20:31.496719 0x1fa65e140 incremental_pipeline.cc:487] => Provided pair is unsuitable for initialization.
I20260910 06:20:31.496721 0x1fa65e140 incremental_pipeline.cc:791] Discarding reconstruction due to bad initial pair
I20260910 06:20:31.498846 0x1fa65e140 incremental_pipeline.cc:487] => Provided pair is unsuitable for initialization.
I20260910 06:20:31.498853 0x1fa65e140 incremental_pipeline.cc:791] Discarding reconstruction due to bad initial pair
I20260910 06:20:31.501256 0x1fa65e140 incremental_pipeline.cc:487] => Provided pair is unsuitable for initialization.
I20260910 06:20:31.501258 0x1fa65e140 incremental_pipeline.cc:791] Discarding reconstruction due to bad initial pair
I20260910 06:20:31.502965 0x1fa65e140 incremental_pipeline.cc:487] => Provided pair is unsuitable for initialization.
I20260910 06:20:31.502967 0x1fa65e140 incremental_pipeline.cc:791] Discarding reconstruction due to bad initial pair
I20260910 06:20:31.505033 0x1fa65e140 incremental_pipeline.cc:487] => Provided pair is unsuitable for initialization.
I20260910 06:20:31.505035 0x1fa65e140 incremental_pipeline.cc:791] Discarding reconstruction due to bad initial pair
I20260910 06:20:31.505994 0x1fa65e140 incremental_pipeline.cc:487] => Provided pair is unsuitable for initialization.
I20260910 06:20:31.505996 0x1fa65e140 incremental_pipeline.cc:791] Discarding reconstruction due to bad initial pair
I20260910 06:20:31.507990 0x1fa65e140 incremental_pipeline.cc:487] => Provided pair is unsuitable for initialization.
I20260910 06:20:31.507993 0x1fa65e140 incremental_pipeline.cc:791] Discarding reconstruction due to bad initial pair
I20260910 06:20:31.509419 0x1fa65e140 incremental_pipeline.cc:487] => Provided pair is unsuitable for initialization.
I20260910 06:20:31.509422 0x1fa65e140 incremental_pipeline.cc:791] Discarding reconstruction due to bad initial pair
I20260910 06:20:31.511641 0x1fa65e140 incremental_pipeline.cc:487] => Provided pair is unsuitable for initialization.
I20260910 06:20:31.511643 0x1fa65e140 incremental_pipeline.cc:791] Discarding reconstruction due to bad initial pair
I20260910 06:20:31.513055 0x1fa65e140 incremental_pipeline.cc:487] => Provided pair is unsuitable for initialization.
I20260910 06:20:31.513058 0x1fa65e140 incremental_pipeline.cc:791] Discarding reconstruction due to bad initial pair
I20260910 06:20:31.514072 0x1fa65e140 incremental_pipeline.cc:487] => Provided pair is unsuitable for initialization.
I20260910 06:20:31.514074 0x1fa65e140 incremental_pipeline.cc:791] Discarding reconstruction due to bad initial pair
I20260910 06:20:31.516104 0x1fa65e140 incremental_pipeline.cc:487] => Provided pair is unsuitable for initialization.
I20260910 06:20:31.516106 0x1fa65e140 incremental_pipeline.cc:791] Discarding reconstruction due to bad initial pair
I20260910 06:20:31.518014 0x1fa65e140 incremental_pipeline.cc:487] => Provided pair is unsuitable for initialization.
I20260910 06:20:31.518017 0x1fa65e140 incremental_pipeline.cc:791] Discarding reconstruction due to bad initial pair
I20260910 06:20:31.519449 0x1fa65e140 incremental_pipeline.cc:487] => Provided pair is unsuitable for initialization.
I20260910 06:20:31.519451 0x1fa65e140 incremental_pipeline.cc:791] Discarding reconstruction due to bad initial pair
I20260910 06:20:31.522948 0x1fa65e140 incremental_pipeline.cc:487] => Provided pair is unsuitable for initialization.
I20260910 06:20:31.522953 0x1fa65e140 incremental_pipeline.cc:791] Discarding reconstruction due to bad initial pair
I20260910 06:20:31.524958 0x1fa65e140 incremental_pipeline.cc:487] => Provided pair is unsuitable for initialization.
I20260910 06:20:31.524960 0x1fa65e140 incremental_pipeline.cc:791] Discarding reconstruction due to bad initial pair
I20260910 06:20:31.525845 0x1fa65e140 incremental_pipeline.cc:487] => Provided pair is unsuitable for initialization.
I20260910 06:20:31.525848 0x1fa65e140 incremental_pipeline.cc:791] Discarding reconstruction due to bad initial pair
I20260910 06:20:31.528025 0x1fa65e140 incremental_pipeline.cc:487] => Provided pair is unsuitable for initialization.
I20260910 06:20:31.528028 0x1fa65e140 incremental_pipeline.cc:791] Discarding reconstruction due to bad initial pair
I20260910 06:20:31.529088 0x1fa65e140 incremental_pipeline.cc:487] => Provided pair is unsuitable for initialization.
I20260910 06:20:31.529091 0x1fa65e140 incremental_pipeline.cc:791] Discarding reconstruction due to bad initial pair
I20260910 06:20:31.530425 0x1fa65e140 incremental_pipeline.cc:487] => Provided pair is unsuitable for initialization.
I20260910 06:20:31.530428 0x1fa65e140 incremental_pipeline.cc:791] Discarding reconstruction due to bad initial pair
I20260910 06:20:31.532362 0x1fa65e140 incremental_pipeline.cc:487] => Provided pair is unsuitable for initialization.
I20260910 06:20:31.532364 0x1fa65e140 incremental_pipeline.cc:791] Discarding reconstruction due to bad initial pair
I20260910 06:20:31.534232 0x1fa65e140 incremental_pipeline.cc:487] => Provided pair is unsuitable for initialization.
I20260910 06:20:31.534234 0x1fa65e140 incremental_pipeline.cc:791] Discarding reconstruction due to bad initial pair
I20260910 06:20:31.535628 0x1fa65e140 incremental_pipeline.cc:487] => Provided pair is unsuitable for initialization.
I20260910 06:20:31.535630 0x1fa65e140 incremental_pipeline.cc:791] Discarding reconstruction due to bad initial pair
I20260910 06:20:31.536662 0x1fa65e140 incremental_pipeline.cc:487] => Provided pair is unsuitable for initialization.
I20260910 06:20:31.536664 0x1fa65e140 incremental_pipeline.cc:791] Discarding reconstruction due to bad initial pair
I20260910 06:20:31.538467 0x1fa65e140 incremental_pipeline.cc:487] => Provided pair is unsuitable for initialization.
I20260910 06:20:31.538470 0x1fa65e140 incremental_pipeline.cc:791] Discarding reconstruction due to bad initial pair
I20260910 06:20:31.540722 0x1fa65e140 incremental_pipeline.cc:487] => Provided pair is unsuitable for initialization.
I20260910 06:20:31.540725 0x1fa65e140 incremental_pipeline.cc:791] Discarding reconstruction due to bad initial pair
I20260910 06:20:31.542811 0x1fa65e140 incremental_pipeline.cc:487] => Provided pair is unsuitable for initialization.
I20260910 06:20:31.542814 0x1fa65e140 incremental_pipeline.cc:791] Discarding reconstruction due to bad initial pair
I20260910 06:20:31.543757 0x1fa65e140 incremental_pipeline.cc:487] => Provided pair is unsuitable for initialization.
I20260910 06:20:31.543760 0x1fa65e140 incremental_pipeline.cc:791] Discarding reconstruction due to bad initial pair
I20260910 06:20:31.547425 0x1fa65e140 incremental_pipeline.cc:487] => Provided pair is unsuitable for initialization.
I20260910 06:20:31.547428 0x1fa65e140 incremental_pipeline.cc:791] Discarding reconstruction due to bad initial pair
I20260910 06:20:31.549733 0x1fa65e140 incremental_pipeline.cc:487] => Provided pair is unsuitable for initialization.
I20260910 06:20:31.549735 0x1fa65e140 incremental_pipeline.cc:791] Discarding reconstruction due to bad initial pair
I20260910 06:20:31.551752 0x1fa65e140 incremental_pipeline.cc:487] => Provided pair is unsuitable for initialization.
I20260910 06:20:31.551754 0x1fa65e140 incremental_pipeline.cc:791] Discarding reconstruction due to bad initial pair
I20260910 06:20:31.552680 0x1fa65e140 incremental_pipeline.cc:487] => Provided pair is unsuitable for initialization.
I20260910 06:20:31.552683 0x1fa65e140 incremental_pipeline.cc:791] Discarding reconstruction due to bad initial pair
I20260910 06:20:31.554848 0x1fa65e140 incremental_pipeline.cc:487] => Provided pair is unsuitable for initialization.
I20260910 06:20:31.554851 0x1fa65e140 incremental_pipeline.cc:791] Discarding reconstruction due to bad initial pair
I20260910 06:20:31.556819 0x1fa65e140 incremental_pipeline.cc:487] => Provided pair is unsuitable for initialization.
I20260910 06:20:31.556821 0x1fa65e140 incremental_pipeline.cc:791] Discarding reconstruction due to bad initial pair
I20260910 06:20:31.558939 0x1fa65e140 incremental_pipeline.cc:487] => Provided pair is unsuitable for initialization.
I20260910 06:20:31.558942 0x1fa65e140 incremental_pipeline.cc:791] Discarding reconstruction due to bad initial pair
I20260910 06:20:31.560881 0x1fa65e140 incremental_pipeline.cc:487] => Provided pair is unsuitable for initialization.
I20260910 06:20:31.560884 0x1fa65e140 incremental_pipeline.cc:791] Discarding reconstruction due to bad initial pair
I20260910 06:20:31.562300 0x1fa65e140 incremental_pipeline.cc:487] => Provided pair is unsuitable for initialization.
I20260910 06:20:31.562308 0x1fa65e140 incremental_pipeline.cc:791] Discarding reconstruction due to bad initial pair
I20260910 06:20:31.563714 0x1fa65e140 incremental_pipeline.cc:487] => Provided pair is unsuitable for initialization.
I20260910 06:20:31.563717 0x1fa65e140 incremental_pipeline.cc:791] Discarding reconstruction due to bad initial pair
I20260910 06:20:31.565686 0x1fa65e140 incremental_pipeline.cc:487] => Provided pair is unsuitable for initialization.
I20260910 06:20:31.565688 0x1fa65e140 incremental_pipeline.cc:791] Discarding reconstruction due to bad initial pair
I20260910 06:20:31.567705 0x1fa65e140 incremental_pipeline.cc:487] => Provided pair is unsuitable for initialization.
I20260910 06:20:31.567710 0x1fa65e140 incremental_pipeline.cc:791] Discarding reconstruction due to bad initial pair
I20260910 06:20:31.568497 0x1fa65e140 incremental_pipeline.cc:487] => Provided pair is unsuitable for initialization.
I20260910 06:20:31.568500 0x1fa65e140 incremental_pipeline.cc:791] Discarding reconstruction due to bad initial pair
I20260910 06:20:31.570348 0x1fa65e140 incremental_pipeline.cc:487] => Provided pair is unsuitable for initialization.
I20260910 06:20:31.570350 0x1fa65e140 incremental_pipeline.cc:791] Discarding reconstruction due to bad initial pair
I20260910 06:20:31.571268 0x1fa65e140 incremental_pipeline.cc:487] => Provided pair is unsuitable for initialization.
I20260910 06:20:31.571270 0x1fa65e140 incremental_pipeline.cc:791] Discarding reconstruction due to bad initial pair
I20260910 06:20:31.572673 0x1fa65e140 incremental_pipeline.cc:487] => Provided pair is unsuitable for initialization.
I20260910 06:20:31.572675 0x1fa65e140 incremental_pipeline.cc:791] Discarding reconstruction due to bad initial pair
I20260910 06:20:31.574464 0x1fa65e140 incremental_pipeline.cc:487] => Provided pair is unsuitable for initialization.
I20260910 06:20:31.574467 0x1fa65e140 incremental_pipeline.cc:791] Discarding reconstruction due to bad initial pair
I20260910 06:20:31.576329 0x1fa65e140 incremental_pipeline.cc:487] => Provided pair is unsuitable for initialization.
I20260910 06:20:31.576331 0x1fa65e140 incremental_pipeline.cc:791] Discarding reconstruction due to bad initial pair
I20260910 06:20:31.577211 0x1fa65e140 incremental_pipeline.cc:487] => Provided pair is unsuitable for initialization.
I20260910 06:20:31.577213 0x1fa65e140 incremental_pipeline.cc:791] Discarding reconstruction due to bad initial pair
I20260910 06:20:31.578169 0x1fa65e140 incremental_pipeline.cc:487] => Provided pair is unsuitable for initialization.
I20260910 06:20:31.578171 0x1fa65e140 incremental_pipeline.cc:791] Discarding reconstruction due to bad initial pair
I20260910 06:20:31.580410 0x1fa65e140 incremental_pipeline.cc:487] => Provided pair is unsuitable for initialization.
I20260910 06:20:31.580412 0x1fa65e140 incremental_pipeline.cc:791] Discarding reconstruction due to bad initial pair
I20260910 06:20:31.581264 0x1fa65e140 incremental_pipeline.cc:487] => Provided pair is unsuitable for initialization.
I20260910 06:20:31.581266 0x1fa65e140 incremental_pipeline.cc:791] Discarding reconstruction due to bad initial pair
I20260910 06:20:31.582779 0x1fa65e140 incremental_pipeline.cc:487] => Provided pair is unsuitable for initialization.
I20260910 06:20:31.582781 0x1fa65e140 incremental_pipeline.cc:791] Discarding reconstruction due to bad initial pair
I20260910 06:20:31.585055 0x1fa65e140 incremental_pipeline.cc:487] => Provided pair is unsuitable for initialization.
I20260910 06:20:31.585058 0x1fa65e140 incremental_pipeline.cc:791] Discarding reconstruction due to bad initial pair
I20260910 06:20:31.586057 0x1fa65e140 incremental_pipeline.cc:487] => Provided pair is unsuitable for initialization.
I20260910 06:20:31.586059 0x1fa65e140 incremental_pipeline.cc:791] Discarding reconstruction due to bad initial pair
I20260910 06:20:31.588187 0x1fa65e140 incremental_pipeline.cc:487] => Provided pair is unsuitable for initialization.
I20260910 06:20:31.588190 0x1fa65e140 incremental_pipeline.cc:791] Discarding reconstruction due to bad initial pair
I20260910 06:20:31.589086 0x1fa65e140 incremental_pipeline.cc:487] => Provided pair is unsuitable for initialization.
I20260910 06:20:31.589089 0x1fa65e140 incremental_pipeline.cc:791] Discarding reconstruction due to bad initial pair
I20260910 06:20:31.590884 0x1fa65e140 incremental_pipeline.cc:487] => Provided pair is unsuitable for initialization.
I20260910 06:20:31.590886 0x1fa65e140 incremental_pipeline.cc:791] Discarding reconstruction due to bad initial pair
I20260910 06:20:31.592834 0x1fa65e140 incremental_pipeline.cc:487] => Provided pair is unsuitable for initialization.
I20260910 06:20:31.592836 0x1fa65e140 incremental_pipeline.cc:791] Discarding reconstruction due to bad initial pair
I20260910 06:20:31.594797 0x1fa65e140 incremental_pipeline.cc:487] => Provided pair is unsuitable for initialization.
I20260910 06:20:31.594800 0x1fa65e140 incremental_pipeline.cc:791] Discarding reconstruction due to bad initial pair
I20260910 06:20:31.596757 0x1fa65e140 incremental_pipeline.cc:487] => Provided pair is unsuitable for initialization.
I20260910 06:20:31.596760 0x1fa65e140 incremental_pipeline.cc:791] Discarding reconstruction due to bad initial pair
I20260910 06:20:31.598826 0x1fa65e140 incremental_pipeline.cc:487] => Provided pair is unsuitable for initialization.
I20260910 06:20:31.598829 0x1fa65e140 incremental_pipeline.cc:791] Discarding reconstruction due to bad initial pair
I20260910 06:20:31.599848 0x1fa65e140 incremental_pipeline.cc:487] => Provided pair is unsuitable for initialization.
I20260910 06:20:31.599850 0x1fa65e140 incremental_pipeline.cc:791] Discarding reconstruction due to bad initial pair
I20260910 06:20:31.600891 0x1fa65e140 incremental_pipeline.cc:487] => Provided pair is unsuitable for initialization.
I20260910 06:20:31.600894 0x1fa65e140 incremental_pipeline.cc:791] Discarding reconstruction due to bad initial pair
I20260910 06:20:31.602998 0x1fa65e140 incremental_pipeline.cc:487] => Provided pair is unsuitable for initialization.
I20260910 06:20:31.603000 0x1fa65e140 incremental_pipeline.cc:791] Discarding reconstruction due to bad initial pair
I20260910 06:20:31.605240 0x1fa65e140 incremental_pipeline.cc:487] => Provided pair is unsuitable for initialization.
I20260910 06:20:31.605242 0x1fa65e140 incremental_pipeline.cc:791] Discarding reconstruction due to bad initial pair
I20260910 06:20:31.607178 0x1fa65e140 incremental_pipeline.cc:487] => Provided pair is unsuitable for initialization.
I20260910 06:20:31.607181 0x1fa65e140 incremental_pipeline.cc:791] Discarding reconstruction due to bad initial pair
I20260910 06:20:31.609043 0x1fa65e140 incremental_pipeline.cc:487] => Provided pair is unsuitable for initialization.
I20260910 06:20:31.609046 0x1fa65e140 incremental_pipeline.cc:791] Discarding reconstruction due to bad initial pair
I20260910 06:20:31.610685 0x1fa65e140 incremental_pipeline.cc:487] => Provided pair is unsuitable for initialization.
I20260910 06:20:31.610688 0x1fa65e140 incremental_pipeline.cc:791] Discarding reconstruction due to bad initial pair
I20260910 06:20:31.612876 0x1fa65e140 incremental_pipeline.cc:487] => Provided pair is unsuitable for initialization.
I20260910 06:20:31.612879 0x1fa65e140 incremental_pipeline.cc:791] Discarding reconstruction due to bad initial pair
I20260910 06:20:31.613948 0x1fa65e140 incremental_pipeline.cc:487] => Provided pair is unsuitable for initialization.
I20260910 06:20:31.613951 0x1fa65e140 incremental_pipeline.cc:791] Discarding reconstruction due to bad initial pair
I20260910 06:20:31.615967 0x1fa65e140 incremental_pipeline.cc:487] => Provided pair is unsuitable for initialization.
I20260910 06:20:31.615970 0x1fa65e140 incremental_pipeline.cc:791] Discarding reconstruction due to bad initial pair
I20260910 06:20:31.618490 0x1fa65e140 incremental_pipeline.cc:487] => Provided pair is unsuitable for initialization.
I20260910 06:20:31.618493 0x1fa65e140 incremental_pipeline.cc:791] Discarding reconstruction due to bad initial pair
I20260910 06:20:31.619514 0x1fa65e140 incremental_pipeline.cc:487] => Provided pair is unsuitable for initialization.
I20260910 06:20:31.619523 0x1fa65e140 incremental_pipeline.cc:791] Discarding reconstruction due to bad initial pair
I20260910 06:20:31.621378 0x1fa65e140 incremental_pipeline.cc:487] => Provided pair is unsuitable for initialization.
I20260910 06:20:31.621380 0x1fa65e140 incremental_pipeline.cc:791] Discarding reconstruction due to bad initial pair
I20260910 06:20:31.623290 0x1fa65e140 incremental_pipeline.cc:487] => Provided pair is unsuitable for initialization.
I20260910 06:20:31.623292 0x1fa65e140 incremental_pipeline.cc:791] Discarding reconstruction due to bad initial pair
I20260910 06:20:31.625796 0x1fa65e140 incremental_pipeline.cc:487] => Provided pair is unsuitable for initialization.
I20260910 06:20:31.625798 0x1fa65e140 incremental_pipeline.cc:791] Discarding reconstruction due to bad initial pair
I20260910 06:20:31.627945 0x1fa65e140 incremental_pipeline.cc:487] => Provided pair is unsuitable for initialization.
I20260910 06:20:31.627947 0x1fa65e140 incremental_pipeline.cc:791] Discarding reconstruction due to bad initial pair
I20260910 06:20:31.628825 0x1fa65e140 incremental_pipeline.cc:487] => Provided pair is unsuitable for initialization.
I20260910 06:20:31.628827 0x1fa65e140 incremental_pipeline.cc:791] Discarding reconstruction due to bad initial pair
I20260910 06:20:31.629755 0x1fa65e140 incremental_pipeline.cc:487] => Provided pair is unsuitable for initialization.
I20260910 06:20:31.629758 0x1fa65e140 incremental_pipeline.cc:791] Discarding reconstruction due to bad initial pair
I20260910 06:20:31.631788 0x1fa65e140 incremental_pipeline.cc:487] => Provided pair is unsuitable for initialization.
I20260910 06:20:31.631791 0x1fa65e140 incremental_pipeline.cc:791] Discarding reconstruction due to bad initial pair
I20260910 06:20:31.633964 0x1fa65e140 incremental_pipeline.cc:487] => Provided pair is unsuitable for initialization.
I20260910 06:20:31.633967 0x1fa65e140 incremental_pipeline.cc:791] Discarding reconstruction due to bad initial pair
I20260910 06:20:31.635534 0x1fa65e140 incremental_pipeline.cc:487] => Provided pair is unsuitable for initialization.
I20260910 06:20:31.635537 0x1fa65e140 incremental_pipeline.cc:791] Discarding reconstruction due to bad initial pair
I20260910 06:20:31.637359 0x1fa65e140 incremental_pipeline.cc:487] => Provided pair is unsuitable for initialization.
I20260910 06:20:31.637361 0x1fa65e140 incremental_pipeline.cc:791] Discarding reconstruction due to bad initial pair
I20260910 06:20:31.639482 0x1fa65e140 incremental_pipeline.cc:487] => Provided pair is unsuitable for initialization.
I20260910 06:20:31.639485 0x1fa65e140 incremental_pipeline.cc:791] Discarding reconstruction due to bad initial pair
I20260910 06:20:31.641003 0x1fa65e140 incremental_pipeline.cc:487] => Provided pair is unsuitable for initialization.
I20260910 06:20:31.641005 0x1fa65e140 incremental_pipeline.cc:791] Discarding reconstruction due to bad initial pair
I20260910 06:20:31.642197 0x1fa65e140 incremental_pipeline.cc:487] => Provided pair is unsuitable for initialization.
I20260910 06:20:31.642199 0x1fa65e140 incremental_pipeline.cc:791] Discarding reconstruction due to bad initial pair
I20260910 06:20:31.643044 0x1fa65e140 incremental_pipeline.cc:487] => Provided pair is unsuitable for initialization.
I20260910 06:20:31.643046 0x1fa65e140 incremental_pipeline.cc:791] Discarding reconstruction due to bad initial pair
I20260910 06:20:31.644043 0x1fa65e140 incremental_pipeline.cc:487] => Provided pair is unsuitable for initialization.
I20260910 06:20:31.644045 0x1fa65e140 incremental_pipeline.cc:791] Discarding reconstruction due to bad initial pair
I20260910 06:20:31.646139 0x1fa65e140 incremental_pipeline.cc:487] => Provided pair is unsuitable for initialization.
I20260910 06:20:31.646142 0x1fa65e140 incremental_pipeline.cc:791] Discarding reconstruction due to bad initial pair
I20260910 06:20:31.647435 0x1fa65e140 incremental_pipeline.cc:487] => Provided pair is unsuitable for initialization.
I20260910 06:20:31.647438 0x1fa65e140 incremental_pipeline.cc:791] Discarding reconstruction due to bad initial pair
I20260910 06:20:31.649104 0x1fa65e140 incremental_pipeline.cc:487] => Provided pair is unsuitable for initialization.
I20260910 06:20:31.649106 0x1fa65e140 incremental_pipeline.cc:791] Discarding reconstruction due to bad initial pair
I20260910 06:20:31.651325 0x1fa65e140 incremental_pipeline.cc:487] => Provided pair is unsuitable for initialization.
I20260910 06:20:31.651327 0x1fa65e140 incremental_pipeline.cc:791] Discarding reconstruction due to bad initial pair
I20260910 06:20:31.653432 0x1fa65e140 incremental_pipeline.cc:487] => Provided pair is unsuitable for initialization.
I20260910 06:20:31.653435 0x1fa65e140 incremental_pipeline.cc:791] Discarding reconstruction due to bad initial pair
I20260910 06:20:31.655464 0x1fa65e140 incremental_pipeline.cc:487] => Provided pair is unsuitable for initialization.
I20260910 06:20:31.655466 0x1fa65e140 incremental_pipeline.cc:791] Discarding reconstruction due to bad initial pair
I20260910 06:20:31.657571 0x1fa65e140 incremental_pipeline.cc:487] => Provided pair is unsuitable for initialization.
I20260910 06:20:31.657573 0x1fa65e140 incremental_pipeline.cc:791] Discarding reconstruction due to bad initial pair
I20260910 06:20:31.659508 0x1fa65e140 incremental_pipeline.cc:487] => Provided pair is unsuitable for initialization.
I20260910 06:20:31.659510 0x1fa65e140 incremental_pipeline.cc:791] Discarding reconstruction due to bad initial pair
I20260910 06:20:31.660407 0x1fa65e140 incremental_pipeline.cc:487] => Provided pair is unsuitable for initialization.
I20260910 06:20:31.660410 0x1fa65e140 incremental_pipeline.cc:791] Discarding reconstruction due to bad initial pair
I20260910 06:20:31.661391 0x1fa65e140 incremental_pipeline.cc:487] => Provided pair is unsuitable for initialization.
I20260910 06:20:31.661394 0x1fa65e140 incremental_pipeline.cc:791] Discarding reconstruction due to bad initial pair
I20260910 06:20:31.664076 0x1fa65e140 incremental_pipeline.cc:487] => Provided pair is unsuitable for initialization.
I20260910 06:20:31.664078 0x1fa65e140 incremental_pipeline.cc:791] Discarding reconstruction due to bad initial pair
I20260910 06:20:31.666291 0x1fa65e140 incremental_pipeline.cc:487] => Provided pair is unsuitable for initialization.
I20260910 06:20:31.666293 0x1fa65e140 incremental_pipeline.cc:791] Discarding reconstruction due to bad initial pair
I20260910 06:20:31.667252 0x1fa65e140 incremental_pipeline.cc:487] => Provided pair is unsuitable for initialization.
I20260910 06:20:31.667254 0x1fa65e140 incremental_pipeline.cc:791] Discarding reconstruction due to bad initial pair
I20260910 06:20:31.668441 0x1fa65e140 incremental_pipeline.cc:487] => Provided pair is unsuitable for initialization.
I20260910 06:20:31.668446 0x1fa65e140 incremental_pipeline.cc:791] Discarding reconstruction due to bad initial pair
I20260910 06:20:31.670440 0x1fa65e140 incremental_pipeline.cc:487] => Provided pair is unsuitable for initialization.
I20260910 06:20:31.670442 0x1fa65e140 incremental_pipeline.cc:791] Discarding reconstruction due to bad initial pair
I20260910 06:20:31.670445 0x1fa65e140 incremental_pipeline.cc:429] => Relaxing the initialization constraints.
I20260910 06:20:31.672665 0x1fa65e140 incremental_pipeline.cc:487] => Provided pair is unsuitable for initialization.
I20260910 06:20:31.672667 0x1fa65e140 incremental_pipeline.cc:791] Discarding reconstruction due to bad initial pair
I20260910 06:20:31.674494 0x1fa65e140 incremental_pipeline.cc:487] => Provided pair is unsuitable for initialization.
I20260910 06:20:31.674497 0x1fa65e140 incremental_pipeline.cc:791] Discarding reconstruction due to bad initial pair
I20260910 06:20:31.676173 0x1fa65e140 incremental_pipeline.cc:487] => Provided pair is unsuitable for initialization.
I20260910 06:20:31.676176 0x1fa65e140 incremental_pipeline.cc:791] Discarding reconstruction due to bad initial pair
I20260910 06:20:31.678620 0x1fa65e140 incremental_pipeline.cc:487] => Provided pair is unsuitable for initialization.
I20260910 06:20:31.678622 0x1fa65e140 incremental_pipeline.cc:791] Discarding reconstruction due to bad initial pair
I20260910 06:20:31.680159 0x1fa65e140 incremental_pipeline.cc:487] => Provided pair is unsuitable for initialization.
I20260910 06:20:31.680162 0x1fa65e140 incremental_pipeline.cc:791] Discarding reconstruction due to bad initial pair
I20260910 06:20:31.682424 0x1fa65e140 incremental_pipeline.cc:487] => Provided pair is unsuitable for initialization.
I20260910 06:20:31.682426 0x1fa65e140 incremental_pipeline.cc:791] Discarding reconstruction due to bad initial pair
I20260910 06:20:31.685513 0x1fa65e140 incremental_pipeline.cc:487] => Provided pair is unsuitable for initialization.
I20260910 06:20:31.685518 0x1fa65e140 incremental_pipeline.cc:791] Discarding reconstruction due to bad initial pair
I20260910 06:20:31.686486 0x1fa65e140 incremental_pipeline.cc:487] => Provided pair is unsuitable for initialization.
I20260910 06:20:31.686489 0x1fa65e140 incremental_pipeline.cc:791] Discarding reconstruction due to bad initial pair
I20260910 06:20:31.687680 0x1fa65e140 incremental_pipeline.cc:487] => Provided pair is unsuitable for initialization.
I20260910 06:20:31.687685 0x1fa65e140 incremental_pipeline.cc:791] Discarding reconstruction due to bad initial pair
I20260910 06:20:31.688943 0x1fa65e140 incremental_pipeline.cc:487] => Provided pair is unsuitable for initialization.
I20260910 06:20:31.688946 0x1fa65e140 incremental_pipeline.cc:791] Discarding reconstruction due to bad initial pair
I20260910 06:20:31.690467 0x1fa65e140 incremental_pipeline.cc:487] => Provided pair is unsuitable for initialization.
I20260910 06:20:31.690469 0x1fa65e140 incremental_pipeline.cc:791] Discarding reconstruction due to bad initial pair
I20260910 06:20:31.692652 0x1fa65e140 incremental_pipeline.cc:487] => Provided pair is unsuitable for initialization.
I20260910 06:20:31.692655 0x1fa65e140 incremental_pipeline.cc:791] Discarding reconstruction due to bad initial pair
I20260910 06:20:31.694193 0x1fa65e140 incremental_pipeline.cc:487] => Provided pair is unsuitable for initialization.
I20260910 06:20:31.694195 0x1fa65e140 incremental_pipeline.cc:791] Discarding reconstruction due to bad initial pair
I20260910 06:20:31.696293 0x1fa65e140 incremental_pipeline.cc:487] => Provided pair is unsuitable for initialization.
I20260910 06:20:31.696295 0x1fa65e140 incremental_pipeline.cc:791] Discarding reconstruction due to bad initial pair
I20260910 06:20:31.697355 0x1fa65e140 incremental_pipeline.cc:487] => Provided pair is unsuitable for initialization.
I20260910 06:20:31.697358 0x1fa65e140 incremental_pipeline.cc:791] Discarding reconstruction due to bad initial pair
I20260910 06:20:31.698374 0x1fa65e140 incremental_pipeline.cc:487] => Provided pair is unsuitable for initialization.
I20260910 06:20:31.698377 0x1fa65e140 incremental_pipeline.cc:791] Discarding reconstruction due to bad initial pair
I20260910 06:20:31.699965 0x1fa65e140 incremental_pipeline.cc:487] => Provided pair is unsuitable for initialization.
I20260910 06:20:31.699967 0x1fa65e140 incremental_pipeline.cc:791] Discarding reconstruction due to bad initial pair
I20260910 06:20:31.701693 0x1fa65e140 incremental_pipeline.cc:487] => Provided pair is unsuitable for initialization.
I20260910 06:20:31.701696 0x1fa65e140 incremental_pipeline.cc:791] Discarding reconstruction due to bad initial pair
I20260910 06:20:31.703533 0x1fa65e140 incremental_pipeline.cc:487] => Provided pair is unsuitable for initialization.
I20260910 06:20:31.703535 0x1fa65e140 incremental_pipeline.cc:791] Discarding reconstruction due to bad initial pair
I20260910 06:20:31.705789 0x1fa65e140 incremental_pipeline.cc:487] => Provided pair is unsuitable for initialization.
I20260910 06:20:31.705792 0x1fa65e140 incremental_pipeline.cc:791] Discarding reconstruction due to bad initial pair
I20260910 06:20:31.707051 0x1fa65e140 incremental_pipeline.cc:487] => Provided pair is unsuitable for initialization.
I20260910 06:20:31.707054 0x1fa65e140 incremental_pipeline.cc:791] Discarding reconstruction due to bad initial pair
I20260910 06:20:31.708109 0x1fa65e140 incremental_pipeline.cc:487] => Provided pair is unsuitable for initialization.
I20260910 06:20:31.708111 0x1fa65e140 incremental_pipeline.cc:791] Discarding reconstruction due to bad initial pair
I20260910 06:20:31.710123 0x1fa65e140 incremental_pipeline.cc:487] => Provided pair is unsuitable for initialization.
I20260910 06:20:31.710126 0x1fa65e140 incremental_pipeline.cc:791] Discarding reconstruction due to bad initial pair
I20260910 06:20:31.711246 0x1fa65e140 incremental_pipeline.cc:487] => Provided pair is unsuitable for initialization.
I20260910 06:20:31.711249 0x1fa65e140 incremental_pipeline.cc:791] Discarding reconstruction due to bad initial pair
I20260910 06:20:31.712438 0x1fa65e140 incremental_pipeline.cc:487] => Provided pair is unsuitable for initialization.
I20260910 06:20:31.712441 0x1fa65e140 incremental_pipeline.cc:791] Discarding reconstruction due to bad initial pair
I20260910 06:20:31.713524 0x1fa65e140 incremental_pipeline.cc:487] => Provided pair is unsuitable for initialization.
I20260910 06:20:31.713526 0x1fa65e140 incremental_pipeline.cc:791] Discarding reconstruction due to bad initial pair
I20260910 06:20:31.714869 0x1fa65e140 incremental_pipeline.cc:487] => Provided pair is unsuitable for initialization.
I20260910 06:20:31.714872 0x1fa65e140 incremental_pipeline.cc:791] Discarding reconstruction due to bad initial pair
I20260910 06:20:31.715883 0x1fa65e140 incremental_pipeline.cc:487] => Provided pair is unsuitable for initialization.
I20260910 06:20:31.715886 0x1fa65e140 incremental_pipeline.cc:791] Discarding reconstruction due to bad initial pair
I20260910 06:20:31.717012 0x1fa65e140 incremental_pipeline.cc:487] => Provided pair is unsuitable for initialization.
I20260910 06:20:31.717017 0x1fa65e140 incremental_pipeline.cc:791] Discarding reconstruction due to bad initial pair
I20260910 06:20:31.717904 0x1fa65e140 incremental_pipeline.cc:487] => Provided pair is unsuitable for initialization.
I20260910 06:20:31.717907 0x1fa65e140 incremental_pipeline.cc:791] Discarding reconstruction due to bad initial pair
I20260910 06:20:31.719941 0x1fa65e140 incremental_pipeline.cc:487] => Provided pair is unsuitable for initialization.
I20260910 06:20:31.719944 0x1fa65e140 incremental_pipeline.cc:791] Discarding reconstruction due to bad initial pair
I20260910 06:20:31.721655 0x1fa65e140 incremental_pipeline.cc:487] => Provided pair is unsuitable for initialization.
I20260910 06:20:31.721657 0x1fa65e140 incremental_pipeline.cc:791] Discarding reconstruction due to bad initial pair
I20260910 06:20:31.723111 0x1fa65e140 incremental_pipeline.cc:487] => Provided pair is unsuitable for initialization.
I20260910 06:20:31.723115 0x1fa65e140 incremental_pipeline.cc:791] Discarding reconstruction due to bad initial pair
I20260910 06:20:31.724704 0x1fa65e140 incremental_pipeline.cc:487] => Provided pair is unsuitable for initialization.
I20260910 06:20:31.724706 0x1fa65e140 incremental_pipeline.cc:791] Discarding reconstruction due to bad initial pair
I20260910 06:20:31.726772 0x1fa65e140 incremental_pipeline.cc:487] => Provided pair is unsuitable for initialization.
I20260910 06:20:31.726775 0x1fa65e140 incremental_pipeline.cc:791] Discarding reconstruction due to bad initial pair
I20260910 06:20:31.727875 0x1fa65e140 incremental_pipeline.cc:487] => Provided pair is unsuitable for initialization.
I20260910 06:20:31.727877 0x1fa65e140 incremental_pipeline.cc:791] Discarding reconstruction due to bad initial pair
I20260910 06:20:31.729949 0x1fa65e140 incremental_pipeline.cc:487] => Provided pair is unsuitable for initialization.
I20260910 06:20:31.729952 0x1fa65e140 incremental_pipeline.cc:791] Discarding reconstruction due to bad initial pair
I20260910 06:20:31.731873 0x1fa65e140 incremental_pipeline.cc:487] => Provided pair is unsuitable for initialization.
I20260910 06:20:31.731875 0x1fa65e140 incremental_pipeline.cc:791] Discarding reconstruction due to bad initial pair
I20260910 06:20:31.734109 0x1fa65e140 incremental_pipeline.cc:487] => Provided pair is unsuitable for initialization.
I20260910 06:20:31.734116 0x1fa65e140 incremental_pipeline.cc:791] Discarding reconstruction due to bad initial pair
I20260910 06:20:31.735166 0x1fa65e140 incremental_pipeline.cc:487] => Provided pair is unsuitable for initialization.
I20260910 06:20:31.735168 0x1fa65e140 incremental_pipeline.cc:791] Discarding reconstruction due to bad initial pair
I20260910 06:20:31.736291 0x1fa65e140 incremental_pipeline.cc:487] => Provided pair is unsuitable for initialization.
I20260910 06:20:31.736294 0x1fa65e140 incremental_pipeline.cc:791] Discarding reconstruction due to bad initial pair
I20260910 06:20:31.738686 0x1fa65e140 incremental_pipeline.cc:487] => Provided pair is unsuitable for initialization.
I20260910 06:20:31.738688 0x1fa65e140 incremental_pipeline.cc:791] Discarding reconstruction due to bad initial pair
I20260910 06:20:31.740832 0x1fa65e140 incremental_pipeline.cc:487] => Provided pair is unsuitable for initialization.
I20260910 06:20:31.740835 0x1fa65e140 incremental_pipeline.cc:791] Discarding reconstruction due to bad initial pair
I20260910 06:20:31.744044 0x1fa65e140 incremental_pipeline.cc:487] => Provided pair is unsuitable for initialization.
I20260910 06:20:31.744047 0x1fa65e140 incremental_pipeline.cc:791] Discarding reconstruction due to bad initial pair
I20260910 06:20:31.745785 0x1fa65e140 incremental_pipeline.cc:487] => Provided pair is unsuitable for initialization.
I20260910 06:20:31.745788 0x1fa65e140 incremental_pipeline.cc:791] Discarding reconstruction due to bad initial pair
I20260910 06:20:31.747743 0x1fa65e140 incremental_pipeline.cc:487] => Provided pair is unsuitable for initialization.
I20260910 06:20:31.747745 0x1fa65e140 incremental_pipeline.cc:791] Discarding reconstruction due to bad initial pair
I20260910 06:20:31.749008 0x1fa65e140 incremental_pipeline.cc:487] => Provided pair is unsuitable for initialization.
I20260910 06:20:31.749011 0x1fa65e140 incremental_pipeline.cc:791] Discarding reconstruction due to bad initial pair
I20260910 06:20:31.751082 0x1fa65e140 incremental_pipeline.cc:487] => Provided pair is unsuitable for initialization.
I20260910 06:20:31.751085 0x1fa65e140 incremental_pipeline.cc:791] Discarding reconstruction due to bad initial pair
I20260910 06:20:31.752964 0x1fa65e140 incremental_pipeline.cc:487] => Provided pair is unsuitable for initialization.
I20260910 06:20:31.752967 0x1fa65e140 incremental_pipeline.cc:791] Discarding reconstruction due to bad initial pair
I20260910 06:20:31.756021 0x1fa65e140 incremental_pipeline.cc:487] => Provided pair is unsuitable for initialization.
I20260910 06:20:31.756024 0x1fa65e140 incremental_pipeline.cc:791] Discarding reconstruction due to bad initial pair
I20260910 06:20:31.758209 0x1fa65e140 incremental_pipeline.cc:487] => Provided pair is unsuitable for initialization.
I20260910 06:20:31.758214 0x1fa65e140 incremental_pipeline.cc:791] Discarding reconstruction due to bad initial pair
I20260910 06:20:31.760105 0x1fa65e140 incremental_pipeline.cc:487] => Provided pair is unsuitable for initialization.
I20260910 06:20:31.760108 0x1fa65e140 incremental_pipeline.cc:791] Discarding reconstruction due to bad initial pair
I20260910 06:20:31.762088 0x1fa65e140 incremental_pipeline.cc:487] => Provided pair is unsuitable for initialization.
I20260910 06:20:31.762090 0x1fa65e140 incremental_pipeline.cc:791] Discarding reconstruction due to bad initial pair
I20260910 06:20:31.763810 0x1fa65e140 incremental_pipeline.cc:487] => Provided pair is unsuitable for initialization.
I20260910 06:20:31.763813 0x1fa65e140 incremental_pipeline.cc:791] Discarding reconstruction due to bad initial pair
I20260910 06:20:31.765829 0x1fa65e140 incremental_pipeline.cc:487] => Provided pair is unsuitable for initialization.
I20260910 06:20:31.765832 0x1fa65e140 incremental_pipeline.cc:791] Discarding reconstruction due to bad initial pair
I20260910 06:20:31.766922 0x1fa65e140 incremental_pipeline.cc:487] => Provided pair is unsuitable for initialization.
I20260910 06:20:31.766924 0x1fa65e140 incremental_pipeline.cc:791] Discarding reconstruction due to bad initial pair
I20260910 06:20:31.769757 0x1fa65e140 incremental_pipeline.cc:487] => Provided pair is unsuitable for initialization.
I20260910 06:20:31.769760 0x1fa65e140 incremental_pipeline.cc:791] Discarding reconstruction due to bad initial pair
I20260910 06:20:31.771884 0x1fa65e140 incremental_pipeline.cc:487] => Provided pair is unsuitable for initialization.
I20260910 06:20:31.771887 0x1fa65e140 incremental_pipeline.cc:791] Discarding reconstruction due to bad initial pair
I20260910 06:20:31.772893 0x1fa65e140 incremental_pipeline.cc:487] => Provided pair is unsuitable for initialization.
I20260910 06:20:31.772895 0x1fa65e140 incremental_pipeline.cc:791] Discarding reconstruction due to bad initial pair
I20260910 06:20:31.776120 0x1fa65e140 incremental_pipeline.cc:487] => Provided pair is unsuitable for initialization.
I20260910 06:20:31.776123 0x1fa65e140 incremental_pipeline.cc:791] Discarding reconstruction due to bad initial pair
I20260910 06:20:31.777394 0x1fa65e140 incremental_pipeline.cc:487] => Provided pair is unsuitable for initialization.
I20260910 06:20:31.777396 0x1fa65e140 incremental_pipeline.cc:791] Discarding reconstruction due to bad initial pair
I20260910 06:20:31.780423 0x1fa65e140 incremental_pipeline.cc:487] => Provided pair is unsuitable for initialization.
I20260910 06:20:31.780426 0x1fa65e140 incremental_pipeline.cc:791] Discarding reconstruction due to bad initial pair
I20260910 06:20:31.783917 0x1fa65e140 incremental_pipeline.cc:487] => Provided pair is unsuitable for initialization.
I20260910 06:20:31.783919 0x1fa65e140 incremental_pipeline.cc:791] Discarding reconstruction due to bad initial pair
I20260910 06:20:31.784917 0x1fa65e140 incremental_pipeline.cc:487] => Provided pair is unsuitable for initialization.
I20260910 06:20:31.784920 0x1fa65e140 incremental_pipeline.cc:791] Discarding reconstruction due to bad initial pair
I20260910 06:20:31.785933 0x1fa65e140 incremental_pipeline.cc:487] => Provided pair is unsuitable for initialization.
I20260910 06:20:31.785935 0x1fa65e140 incremental_pipeline.cc:791] Discarding reconstruction due to bad initial pair
I20260910 06:20:31.786955 0x1fa65e140 incremental_pipeline.cc:487] => Provided pair is unsuitable for initialization.
I20260910 06:20:31.786957 0x1fa65e140 incremental_pipeline.cc:791] Discarding reconstruction due to bad initial pair
I20260910 06:20:31.788317 0x1fa65e140 incremental_pipeline.cc:487] => Provided pair is unsuitable for initialization.
I20260910 06:20:31.788322 0x1fa65e140 incremental_pipeline.cc:791] Discarding reconstruction due to bad initial pair
I20260910 06:20:31.790330 0x1fa65e140 incremental_pipeline.cc:487] => Provided pair is unsuitable for initialization.
I20260910 06:20:31.790333 0x1fa65e140 incremental_pipeline.cc:791] Discarding reconstruction due to bad initial pair
I20260910 06:20:31.791488 0x1fa65e140 incremental_pipeline.cc:487] => Provided pair is unsuitable for initialization.
I20260910 06:20:31.791491 0x1fa65e140 incremental_pipeline.cc:791] Discarding reconstruction due to bad initial pair
I20260910 06:20:31.793334 0x1fa65e140 incremental_pipeline.cc:487] => Provided pair is unsuitable for initialization.
I20260910 06:20:31.793336 0x1fa65e140 incremental_pipeline.cc:791] Discarding reconstruction due to bad initial pair
I20260910 06:20:31.795286 0x1fa65e140 incremental_pipeline.cc:487] => Provided pair is unsuitable for initialization.
I20260910 06:20:31.795289 0x1fa65e140 incremental_pipeline.cc:791] Discarding reconstruction due to bad initial pair
I20260910 06:20:31.798042 0x1fa65e140 incremental_pipeline.cc:487] => Provided pair is unsuitable for initialization.
I20260910 06:20:31.798047 0x1fa65e140 incremental_pipeline.cc:791] Discarding reconstruction due to bad initial pair
I20260910 06:20:31.799148 0x1fa65e140 incremental_pipeline.cc:487] => Provided pair is unsuitable for initialization.
I20260910 06:20:31.799151 0x1fa65e140 incremental_pipeline.cc:791] Discarding reconstruction due to bad initial pair
I20260910 06:20:31.800828 0x1fa65e140 incremental_pipeline.cc:487] => Provided pair is unsuitable for initialization.
I20260910 06:20:31.800837 0x1fa65e140 incremental_pipeline.cc:791] Discarding reconstruction due to bad initial pair
I20260910 06:20:31.802824 0x1fa65e140 incremental_pipeline.cc:487] => Provided pair is unsuitable for initialization.
I20260910 06:20:31.802827 0x1fa65e140 incremental_pipeline.cc:791] Discarding reconstruction due to bad initial pair
I20260910 06:20:31.803901 0x1fa65e140 incremental_pipeline.cc:487] => Provided pair is unsuitable for initialization.
I20260910 06:20:31.803904 0x1fa65e140 incremental_pipeline.cc:791] Discarding reconstruction due to bad initial pair
I20260910 06:20:31.805306 0x1fa65e140 incremental_pipeline.cc:487] => Provided pair is unsuitable for initialization.
I20260910 06:20:31.805309 0x1fa65e140 incremental_pipeline.cc:791] Discarding reconstruction due to bad initial pair
I20260910 06:20:31.807377 0x1fa65e140 incremental_pipeline.cc:487] => Provided pair is unsuitable for initialization.
I20260910 06:20:31.807380 0x1fa65e140 incremental_pipeline.cc:791] Discarding reconstruction due to bad initial pair
I20260910 06:20:31.809522 0x1fa65e140 incremental_pipeline.cc:487] => Provided pair is unsuitable for initialization.
I20260910 06:20:31.809525 0x1fa65e140 incremental_pipeline.cc:791] Discarding reconstruction due to bad initial pair
I20260910 06:20:31.811621 0x1fa65e140 incremental_pipeline.cc:487] => Provided pair is unsuitable for initialization.
I20260910 06:20:31.811623 0x1fa65e140 incremental_pipeline.cc:791] Discarding reconstruction due to bad initial pair
I20260910 06:20:31.813311 0x1fa65e140 incremental_pipeline.cc:487] => Provided pair is unsuitable for initialization.
I20260910 06:20:31.813314 0x1fa65e140 incremental_pipeline.cc:791] Discarding reconstruction due to bad initial pair
I20260910 06:20:31.815411 0x1fa65e140 incremental_pipeline.cc:487] => Provided pair is unsuitable for initialization.
I20260910 06:20:31.815414 0x1fa65e140 incremental_pipeline.cc:791] Discarding reconstruction due to bad initial pair
I20260910 06:20:31.816836 0x1fa65e140 incremental_pipeline.cc:487] => Provided pair is unsuitable for initialization.
I20260910 06:20:31.816840 0x1fa65e140 incremental_pipeline.cc:791] Discarding reconstruction due to bad initial pair
I20260910 06:20:31.817872 0x1fa65e140 incremental_pipeline.cc:487] => Provided pair is unsuitable for initialization.
I20260910 06:20:31.817874 0x1fa65e140 incremental_pipeline.cc:791] Discarding reconstruction due to bad initial pair
I20260910 06:20:31.818917 0x1fa65e140 incremental_pipeline.cc:487] => Provided pair is unsuitable for initialization.
I20260910 06:20:31.818920 0x1fa65e140 incremental_pipeline.cc:791] Discarding reconstruction due to bad initial pair
I20260910 06:20:31.819873 0x1fa65e140 incremental_pipeline.cc:487] => Provided pair is unsuitable for initialization.
I20260910 06:20:31.819875 0x1fa65e140 incremental_pipeline.cc:791] Discarding reconstruction due to bad initial pair
I20260910 06:20:31.822048 0x1fa65e140 incremental_pipeline.cc:487] => Provided pair is unsuitable for initialization.
I20260910 06:20:31.822050 0x1fa65e140 incremental_pipeline.cc:791] Discarding reconstruction due to bad initial pair
I20260910 06:20:31.823890 0x1fa65e140 incremental_pipeline.cc:487] => Provided pair is unsuitable for initialization.
I20260910 06:20:31.823893 0x1fa65e140 incremental_pipeline.cc:791] Discarding reconstruction due to bad initial pair
I20260910 06:20:31.824879 0x1fa65e140 incremental_pipeline.cc:487] => Provided pair is unsuitable for initialization.
I20260910 06:20:31.824882 0x1fa65e140 incremental_pipeline.cc:791] Discarding reconstruction due to bad initial pair
I20260910 06:20:31.825906 0x1fa65e140 incremental_pipeline.cc:487] => Provided pair is unsuitable for initialization.
I20260910 06:20:31.825908 0x1fa65e140 incremental_pipeline.cc:791] Discarding reconstruction due to bad initial pair
I20260910 06:20:31.828289 0x1fa65e140 incremental_pipeline.cc:487] => Provided pair is unsuitable for initialization.
I20260910 06:20:31.828291 0x1fa65e140 incremental_pipeline.cc:791] Discarding reconstruction due to bad initial pair
I20260910 06:20:31.830298 0x1fa65e140 incremental_pipeline.cc:487] => Provided pair is unsuitable for initialization.
I20260910 06:20:31.830301 0x1fa65e140 incremental_pipeline.cc:791] Discarding reconstruction due to bad initial pair
I20260910 06:20:31.832258 0x1fa65e140 incremental_pipeline.cc:487] => Provided pair is unsuitable for initialization.
I20260910 06:20:31.832261 0x1fa65e140 incremental_pipeline.cc:791] Discarding reconstruction due to bad initial pair
I20260910 06:20:31.834222 0x1fa65e140 incremental_pipeline.cc:487] => Provided pair is unsuitable for initialization.
I20260910 06:20:31.834224 0x1fa65e140 incremental_pipeline.cc:791] Discarding reconstruction due to bad initial pair
I20260910 06:20:31.835409 0x1fa65e140 incremental_pipeline.cc:487] => Provided pair is unsuitable for initialization.
I20260910 06:20:31.835412 0x1fa65e140 incremental_pipeline.cc:791] Discarding reconstruction due to bad initial pair
I20260910 06:20:31.836559 0x1fa65e140 incremental_pipeline.cc:487] => Provided pair is unsuitable for initialization.
I20260910 06:20:31.836562 0x1fa65e140 incremental_pipeline.cc:791] Discarding reconstruction due to bad initial pair
I20260910 06:20:31.838385 0x1fa65e140 incremental_pipeline.cc:487] => Provided pair is unsuitable for initialization.
I20260910 06:20:31.838388 0x1fa65e140 incremental_pipeline.cc:791] Discarding reconstruction due to bad initial pair
I20260910 06:20:31.840601 0x1fa65e140 incremental_pipeline.cc:487] => Provided pair is unsuitable for initialization.
I20260910 06:20:31.840604 0x1fa65e140 incremental_pipeline.cc:791] Discarding reconstruction due to bad initial pair
I20260910 06:20:31.841608 0x1fa65e140 incremental_pipeline.cc:487] => Provided pair is unsuitable for initialization.
I20260910 06:20:31.841611 0x1fa65e140 incremental_pipeline.cc:791] Discarding reconstruction due to bad initial pair
I20260910 06:20:31.842712 0x1fa65e140 incremental_pipeline.cc:487] => Provided pair is unsuitable for initialization.
I20260910 06:20:31.842714 0x1fa65e140 incremental_pipeline.cc:791] Discarding reconstruction due to bad initial pair
I20260910 06:20:31.843881 0x1fa65e140 incremental_pipeline.cc:487] => Provided pair is unsuitable for initialization.
I20260910 06:20:31.843883 0x1fa65e140 incremental_pipeline.cc:791] Discarding reconstruction due to bad initial pair
I20260910 06:20:31.845774 0x1fa65e140 incremental_pipeline.cc:487] => Provided pair is unsuitable for initialization.
I20260910 06:20:31.845776 0x1fa65e140 incremental_pipeline.cc:791] Discarding reconstruction due to bad initial pair
I20260910 06:20:31.848169 0x1fa65e140 incremental_pipeline.cc:487] => Provided pair is unsuitable for initialization.
I20260910 06:20:31.848172 0x1fa65e140 incremental_pipeline.cc:791] Discarding reconstruction due to bad initial pair
I20260910 06:20:31.849285 0x1fa65e140 incremental_pipeline.cc:487] => Provided pair is unsuitable for initialization.
I20260910 06:20:31.849288 0x1fa65e140 incremental_pipeline.cc:791] Discarding reconstruction due to bad initial pair
I20260910 06:20:31.850217 0x1fa65e140 incremental_pipeline.cc:487] => Provided pair is unsuitable for initialization.
I20260910 06:20:31.850220 0x1fa65e140 incremental_pipeline.cc:791] Discarding reconstruction due to bad initial pair
I20260910 06:20:31.851761 0x1fa65e140 incremental_pipeline.cc:487] => Provided pair is unsuitable for initialization.
I20260910 06:20:31.851763 0x1fa65e140 incremental_pipeline.cc:791] Discarding reconstruction due to bad initial pair
I20260910 06:20:31.852815 0x1fa65e140 incremental_pipeline.cc:487] => Provided pair is unsuitable for initialization.
I20260910 06:20:31.852817 0x1fa65e140 incremental_pipeline.cc:791] Discarding reconstruction due to bad initial pair
I20260910 06:20:31.854274 0x1fa65e140 incremental_pipeline.cc:487] => Provided pair is unsuitable for initialization.
I20260910 06:20:31.854276 0x1fa65e140 incremental_pipeline.cc:791] Discarding reconstruction due to bad initial pair
I20260910 06:20:31.855269 0x1fa65e140 incremental_pipeline.cc:487] => Provided pair is unsuitable for initialization.
I20260910 06:20:31.855276 0x1fa65e140 incremental_pipeline.cc:791] Discarding reconstruction due to bad initial pair
I20260910 06:20:31.856975 0x1fa65e140 incremental_pipeline.cc:487] => Provided pair is unsuitable for initialization.
I20260910 06:20:31.856978 0x1fa65e140 incremental_pipeline.cc:791] Discarding reconstruction due to bad initial pair
I20260910 06:20:31.858430 0x1fa65e140 incremental_pipeline.cc:487] => Provided pair is unsuitable for initialization.
I20260910 06:20:31.858432 0x1fa65e140 incremental_pipeline.cc:791] Discarding reconstruction due to bad initial pair
I20260910 06:20:31.860093 0x1fa65e140 incremental_pipeline.cc:487] => Provided pair is unsuitable for initialization.
I20260910 06:20:31.860096 0x1fa65e140 incremental_pipeline.cc:791] Discarding reconstruction due to bad initial pair
I20260910 06:20:31.860910 0x1fa65e140 incremental_pipeline.cc:487] => Provided pair is unsuitable for initialization.
I20260910 06:20:31.860913 0x1fa65e140 incremental_pipeline.cc:791] Discarding reconstruction due to bad initial pair
I20260910 06:20:31.862546 0x1fa65e140 incremental_pipeline.cc:487] => Provided pair is unsuitable for initialization.
I20260910 06:20:31.862549 0x1fa65e140 incremental_pipeline.cc:791] Discarding reconstruction due to bad initial pair
I20260910 06:20:31.863717 0x1fa65e140 incremental_pipeline.cc:487] => Provided pair is unsuitable for initialization.
I20260910 06:20:31.863719 0x1fa65e140 incremental_pipeline.cc:791] Discarding reconstruction due to bad initial pair
I20260910 06:20:31.866376 0x1fa65e140 incremental_pipeline.cc:487] => Provided pair is unsuitable for initialization.
I20260910 06:20:31.866378 0x1fa65e140 incremental_pipeline.cc:791] Discarding reconstruction due to bad initial pair
I20260910 06:20:31.867381 0x1fa65e140 incremental_pipeline.cc:487] => Provided pair is unsuitable for initialization.
I20260910 06:20:31.867383 0x1fa65e140 incremental_pipeline.cc:791] Discarding reconstruction due to bad initial pair
I20260910 06:20:31.868437 0x1fa65e140 incremental_pipeline.cc:487] => Provided pair is unsuitable for initialization.
I20260910 06:20:31.868440 0x1fa65e140 incremental_pipeline.cc:791] Discarding reconstruction due to bad initial pair
I20260910 06:20:31.870594 0x1fa65e140 incremental_pipeline.cc:487] => Provided pair is unsuitable for initialization.
I20260910 06:20:31.870597 0x1fa65e140 incremental_pipeline.cc:791] Discarding reconstruction due to bad initial pair
I20260910 06:20:31.871529 0x1fa65e140 incremental_pipeline.cc:487] => Provided pair is unsuitable for initialization.
I20260910 06:20:31.871532 0x1fa65e140 incremental_pipeline.cc:791] Discarding reconstruction due to bad initial pair
I20260910 06:20:31.873013 0x1fa65e140 incremental_pipeline.cc:487] => Provided pair is unsuitable for initialization.
I20260910 06:20:31.873015 0x1fa65e140 incremental_pipeline.cc:791] Discarding reconstruction due to bad initial pair
I20260910 06:20:31.874544 0x1fa65e140 incremental_pipeline.cc:487] => Provided pair is unsuitable for initialization.
I20260910 06:20:31.874546 0x1fa65e140 incremental_pipeline.cc:791] Discarding reconstruction due to bad initial pair
I20260910 06:20:31.875562 0x1fa65e140 incremental_pipeline.cc:487] => Provided pair is unsuitable for initialization.
I20260910 06:20:31.875565 0x1fa65e140 incremental_pipeline.cc:791] Discarding reconstruction due to bad initial pair
I20260910 06:20:31.877868 0x1fa65e140 incremental_pipeline.cc:487] => Provided pair is unsuitable for initialization.
I20260910 06:20:31.877871 0x1fa65e140 incremental_pipeline.cc:791] Discarding reconstruction due to bad initial pair
I20260910 06:20:31.879719 0x1fa65e140 incremental_pipeline.cc:487] => Provided pair is unsuitable for initialization.
I20260910 06:20:31.879721 0x1fa65e140 incremental_pipeline.cc:791] Discarding reconstruction due to bad initial pair
I20260910 06:20:31.880684 0x1fa65e140 incremental_pipeline.cc:487] => Provided pair is unsuitable for initialization.
I20260910 06:20:31.880687 0x1fa65e140 incremental_pipeline.cc:791] Discarding reconstruction due to bad initial pair
I20260910 06:20:31.882624 0x1fa65e140 incremental_pipeline.cc:487] => Provided pair is unsuitable for initialization.
I20260910 06:20:31.882628 0x1fa65e140 incremental_pipeline.cc:791] Discarding reconstruction due to bad initial pair
I20260910 06:20:31.884554 0x1fa65e140 incremental_pipeline.cc:487] => Provided pair is unsuitable for initialization.
I20260910 06:20:31.884557 0x1fa65e140 incremental_pipeline.cc:791] Discarding reconstruction due to bad initial pair
I20260910 06:20:31.885848 0x1fa65e140 incremental_pipeline.cc:487] => Provided pair is unsuitable for initialization.
I20260910 06:20:31.885850 0x1fa65e140 incremental_pipeline.cc:791] Discarding reconstruction due to bad initial pair
I20260910 06:20:31.887490 0x1fa65e140 incremental_pipeline.cc:487] => Provided pair is unsuitable for initialization.
I20260910 06:20:31.887492 0x1fa65e140 incremental_pipeline.cc:791] Discarding reconstruction due to bad initial pair
I20260910 06:20:31.889549 0x1fa65e140 incremental_pipeline.cc:487] => Provided pair is unsuitable for initialization.
I20260910 06:20:31.889551 0x1fa65e140 incremental_pipeline.cc:791] Discarding reconstruction due to bad initial pair
I20260910 06:20:31.891375 0x1fa65e140 incremental_pipeline.cc:487] => Provided pair is unsuitable for initialization.
I20260910 06:20:31.891378 0x1fa65e140 incremental_pipeline.cc:791] Discarding reconstruction due to bad initial pair
I20260910 06:20:31.894404 0x1fa65e140 incremental_pipeline.cc:487] => Provided pair is unsuitable for initialization.
I20260910 06:20:31.894406 0x1fa65e140 incremental_pipeline.cc:791] Discarding reconstruction due to bad initial pair
I20260910 06:20:31.896251 0x1fa65e140 incremental_pipeline.cc:487] => Provided pair is unsuitable for initialization.
I20260910 06:20:31.896253 0x1fa65e140 incremental_pipeline.cc:791] Discarding reconstruction due to bad initial pair
I20260910 06:20:31.898151 0x1fa65e140 incremental_pipeline.cc:487] => Provided pair is unsuitable for initialization.
I20260910 06:20:31.898156 0x1fa65e140 incremental_pipeline.cc:791] Discarding reconstruction due to bad initial pair
I20260910 06:20:31.899938 0x1fa65e140 incremental_pipeline.cc:487] => Provided pair is unsuitable for initialization.
I20260910 06:20:31.899941 0x1fa65e140 incremental_pipeline.cc:791] Discarding reconstruction due to bad initial pair
I20260910 06:20:31.901058 0x1fa65e140 incremental_pipeline.cc:487] => Provided pair is unsuitable for initialization.
I20260910 06:20:31.901060 0x1fa65e140 incremental_pipeline.cc:791] Discarding reconstruction due to bad initial pair
I20260910 06:20:31.903567 0x1fa65e140 incremental_pipeline.cc:487] => Provided pair is unsuitable for initialization.
I20260910 06:20:31.903570 0x1fa65e140 incremental_pipeline.cc:791] Discarding reconstruction due to bad initial pair
I20260910 06:20:31.906068 0x1fa65e140 incremental_pipeline.cc:487] => Provided pair is unsuitable for initialization.
I20260910 06:20:31.906071 0x1fa65e140 incremental_pipeline.cc:791] Discarding reconstruction due to bad initial pair
I20260910 06:20:31.907706 0x1fa65e140 incremental_pipeline.cc:487] => Provided pair is unsuitable for initialization.
I20260910 06:20:31.907710 0x1fa65e140 incremental_pipeline.cc:791] Discarding reconstruction due to bad initial pair
I20260910 06:20:31.908587 0x1fa65e140 incremental_pipeline.cc:487] => Provided pair is unsuitable for initialization.
I20260910 06:20:31.908590 0x1fa65e140 incremental_pipeline.cc:791] Discarding reconstruction due to bad initial pair
I20260910 06:20:31.909619 0x1fa65e140 incremental_pipeline.cc:487] => Provided pair is unsuitable for initialization.
I20260910 06:20:31.909622 0x1fa65e140 incremental_pipeline.cc:791] Discarding reconstruction due to bad initial pair
I20260910 06:20:31.911909 0x1fa65e140 incremental_pipeline.cc:487] => Provided pair is unsuitable for initialization.
I20260910 06:20:31.911911 0x1fa65e140 incremental_pipeline.cc:791] Discarding reconstruction due to bad initial pair
I20260910 06:20:31.912972 0x1fa65e140 incremental_pipeline.cc:487] => Provided pair is unsuitable for initialization.
I20260910 06:20:31.912980 0x1fa65e140 incremental_pipeline.cc:791] Discarding reconstruction due to bad initial pair
I20260910 06:20:31.915488 0x1fa65e140 incremental_pipeline.cc:487] => Provided pair is unsuitable for initialization.
I20260910 06:20:31.915490 0x1fa65e140 incremental_pipeline.cc:791] Discarding reconstruction due to bad initial pair
I20260910 06:20:31.917718 0x1fa65e140 incremental_pipeline.cc:487] => Provided pair is unsuitable for initialization.
I20260910 06:20:31.917723 0x1fa65e140 incremental_pipeline.cc:791] Discarding reconstruction due to bad initial pair
I20260910 06:20:31.919807 0x1fa65e140 incremental_pipeline.cc:487] => Provided pair is unsuitable for initialization.
I20260910 06:20:31.919810 0x1fa65e140 incremental_pipeline.cc:791] Discarding reconstruction due to bad initial pair
I20260910 06:20:31.921702 0x1fa65e140 incremental_pipeline.cc:487] => Provided pair is unsuitable for initialization.
I20260910 06:20:31.921705 0x1fa65e140 incremental_pipeline.cc:791] Discarding reconstruction due to bad initial pair
I20260910 06:20:31.925115 0x1fa65e140 incremental_pipeline.cc:487] => Provided pair is unsuitable for initialization.
I20260910 06:20:31.925118 0x1fa65e140 incremental_pipeline.cc:791] Discarding reconstruction due to bad initial pair
I20260910 06:20:31.926904 0x1fa65e140 incremental_pipeline.cc:487] => Provided pair is unsuitable for initialization.
I20260910 06:20:31.926907 0x1fa65e140 incremental_pipeline.cc:791] Discarding reconstruction due to bad initial pair
I20260910 06:20:31.928586 0x1fa65e140 incremental_pipeline.cc:487] => Provided pair is unsuitable for initialization.
I20260910 06:20:31.928588 0x1fa65e140 incremental_pipeline.cc:791] Discarding reconstruction due to bad initial pair
I20260910 06:20:31.930786 0x1fa65e140 incremental_pipeline.cc:487] => Provided pair is unsuitable for initialization.
I20260910 06:20:31.930788 0x1fa65e140 incremental_pipeline.cc:791] Discarding reconstruction due to bad initial pair
I20260910 06:20:31.932867 0x1fa65e140 incremental_pipeline.cc:487] => Provided pair is unsuitable for initialization.
I20260910 06:20:31.932870 0x1fa65e140 incremental_pipeline.cc:791] Discarding reconstruction due to bad initial pair
I20260910 06:20:31.933775 0x1fa65e140 incremental_pipeline.cc:487] => Provided pair is unsuitable for initialization.
I20260910 06:20:31.933777 0x1fa65e140 incremental_pipeline.cc:791] Discarding reconstruction due to bad initial pair
I20260910 06:20:31.936051 0x1fa65e140 incremental_pipeline.cc:487] => Provided pair is unsuitable for initialization.
I20260910 06:20:31.936053 0x1fa65e140 incremental_pipeline.cc:791] Discarding reconstruction due to bad initial pair
I20260910 06:20:31.937077 0x1fa65e140 incremental_pipeline.cc:487] => Provided pair is unsuitable for initialization.
I20260910 06:20:31.937079 0x1fa65e140 incremental_pipeline.cc:791] Discarding reconstruction due to bad initial pair
I20260910 06:20:31.938094 0x1fa65e140 incremental_pipeline.cc:487] => Provided pair is unsuitable for initialization.
I20260910 06:20:31.938099 0x1fa65e140 incremental_pipeline.cc:791] Discarding reconstruction due to bad initial pair
I20260910 06:20:31.939109 0x1fa65e140 incremental_pipeline.cc:487] => Provided pair is unsuitable for initialization.
I20260910 06:20:31.939112 0x1fa65e140 incremental_pipeline.cc:791] Discarding reconstruction due to bad initial pair
I20260910 06:20:31.940112 0x1fa65e140 incremental_pipeline.cc:487] => Provided pair is unsuitable for initialization.
I20260910 06:20:31.940115 0x1fa65e140 incremental_pipeline.cc:791] Discarding reconstruction due to bad initial pair
I20260910 06:20:31.942422 0x1fa65e140 incremental_pipeline.cc:487] => Provided pair is unsuitable for initialization.
I20260910 06:20:31.942425 0x1fa65e140 incremental_pipeline.cc:791] Discarding reconstruction due to bad initial pair
I20260910 06:20:31.944127 0x1fa65e140 incremental_pipeline.cc:487] => Provided pair is unsuitable for initialization.
I20260910 06:20:31.944134 0x1fa65e140 incremental_pipeline.cc:791] Discarding reconstruction due to bad initial pair
I20260910 06:20:31.945191 0x1fa65e140 incremental_pipeline.cc:487] => Provided pair is unsuitable for initialization.
I20260910 06:20:31.945194 0x1fa65e140 incremental_pipeline.cc:791] Discarding reconstruction due to bad initial pair
I20260910 06:20:31.947167 0x1fa65e140 incremental_pipeline.cc:487] => Provided pair is unsuitable for initialization.
I20260910 06:20:31.947170 0x1fa65e140 incremental_pipeline.cc:791] Discarding reconstruction due to bad initial pair
I20260910 06:20:31.948098 0x1fa65e140 incremental_pipeline.cc:487] => Provided pair is unsuitable for initialization.
I20260910 06:20:31.948100 0x1fa65e140 incremental_pipeline.cc:791] Discarding reconstruction due to bad initial pair
I20260910 06:20:31.948969 0x1fa65e140 incremental_pipeline.cc:487] => Provided pair is unsuitable for initialization.
I20260910 06:20:31.948972 0x1fa65e140 incremental_pipeline.cc:791] Discarding reconstruction due to bad initial pair
I20260910 06:20:31.950201 0x1fa65e140 incremental_pipeline.cc:487] => Provided pair is unsuitable for initialization.
I20260910 06:20:31.950204 0x1fa65e140 incremental_pipeline.cc:791] Discarding reconstruction due to bad initial pair
I20260910 06:20:31.951738 0x1fa65e140 incremental_pipeline.cc:487] => Provided pair is unsuitable for initialization.
I20260910 06:20:31.951741 0x1fa65e140 incremental_pipeline.cc:791] Discarding reconstruction due to bad initial pair
I20260910 06:20:31.952758 0x1fa65e140 incremental_pipeline.cc:487] => Provided pair is unsuitable for initialization.
I20260910 06:20:31.952761 0x1fa65e140 incremental_pipeline.cc:791] Discarding reconstruction due to bad initial pair
I20260910 06:20:31.954143 0x1fa65e140 incremental_pipeline.cc:487] => Provided pair is unsuitable for initialization.
I20260910 06:20:31.954146 0x1fa65e140 incremental_pipeline.cc:791] Discarding reconstruction due to bad initial pair
I20260910 06:20:31.956277 0x1fa65e140 incremental_pipeline.cc:487] => Provided pair is unsuitable for initialization.
I20260910 06:20:31.956280 0x1fa65e140 incremental_pipeline.cc:791] Discarding reconstruction due to bad initial pair
I20260910 06:20:31.958623 0x1fa65e140 incremental_pipeline.cc:487] => Provided pair is unsuitable for initialization.
I20260910 06:20:31.958626 0x1fa65e140 incremental_pipeline.cc:791] Discarding reconstruction due to bad initial pair
I20260910 06:20:31.960159 0x1fa65e140 incremental_pipeline.cc:487] => Provided pair is unsuitable for initialization.
I20260910 06:20:31.960161 0x1fa65e140 incremental_pipeline.cc:791] Discarding reconstruction due to bad initial pair
I20260910 06:20:31.962470 0x1fa65e140 incremental_pipeline.cc:487] => Provided pair is unsuitable for initialization.
I20260910 06:20:31.962472 0x1fa65e140 incremental_pipeline.cc:791] Discarding reconstruction due to bad initial pair
I20260910 06:20:31.964565 0x1fa65e140 incremental_pipeline.cc:487] => Provided pair is unsuitable for initialization.
I20260910 06:20:31.964567 0x1fa65e140 incremental_pipeline.cc:791] Discarding reconstruction due to bad initial pair
I20260910 06:20:31.966335 0x1fa65e140 incremental_pipeline.cc:487] => Provided pair is unsuitable for initialization.
I20260910 06:20:31.966337 0x1fa65e140 incremental_pipeline.cc:791] Discarding reconstruction due to bad initial pair
I20260910 06:20:31.969543 0x1fa65e140 incremental_pipeline.cc:487] => Provided pair is unsuitable for initialization.
I20260910 06:20:31.969546 0x1fa65e140 incremental_pipeline.cc:791] Discarding reconstruction due to bad initial pair
I20260910 06:20:31.971370 0x1fa65e140 incremental_pipeline.cc:487] => Provided pair is unsuitable for initialization.
I20260910 06:20:31.971373 0x1fa65e140 incremental_pipeline.cc:791] Discarding reconstruction due to bad initial pair
I20260910 06:20:31.973339 0x1fa65e140 incremental_pipeline.cc:487] => Provided pair is unsuitable for initialization.
I20260910 06:20:31.973342 0x1fa65e140 incremental_pipeline.cc:791] Discarding reconstruction due to bad initial pair
I20260910 06:20:31.975444 0x1fa65e140 incremental_pipeline.cc:487] => Provided pair is unsuitable for initialization.
I20260910 06:20:31.975447 0x1fa65e140 incremental_pipeline.cc:791] Discarding reconstruction due to bad initial pair
I20260910 06:20:31.976542 0x1fa65e140 incremental_pipeline.cc:487] => Provided pair is unsuitable for initialization.
I20260910 06:20:31.976544 0x1fa65e140 incremental_pipeline.cc:791] Discarding reconstruction due to bad initial pair
I20260910 06:20:31.978490 0x1fa65e140 incremental_pipeline.cc:487] => Provided pair is unsuitable for initialization.
I20260910 06:20:31.978492 0x1fa65e140 incremental_pipeline.cc:791] Discarding reconstruction due to bad initial pair
I20260910 06:20:31.979573 0x1fa65e140 incremental_pipeline.cc:487] => Provided pair is unsuitable for initialization.
I20260910 06:20:31.979575 0x1fa65e140 incremental_pipeline.cc:791] Discarding reconstruction due to bad initial pair
I20260910 06:20:31.981515 0x1fa65e140 incremental_pipeline.cc:487] => Provided pair is unsuitable for initialization.
I20260910 06:20:31.981518 0x1fa65e140 incremental_pipeline.cc:791] Discarding reconstruction due to bad initial pair
I20260910 06:20:31.983214 0x1fa65e140 incremental_pipeline.cc:487] => Provided pair is unsuitable for initialization.
I20260910 06:20:31.983216 0x1fa65e140 incremental_pipeline.cc:791] Discarding reconstruction due to bad initial pair
I20260910 06:20:31.985413 0x1fa65e140 incremental_pipeline.cc:487] => Provided pair is unsuitable for initialization.
I20260910 06:20:31.985416 0x1fa65e140 incremental_pipeline.cc:791] Discarding reconstruction due to bad initial pair
I20260910 06:20:31.986273 0x1fa65e140 incremental_pipeline.cc:487] => Provided pair is unsuitable for initialization.
I20260910 06:20:31.986276 0x1fa65e140 incremental_pipeline.cc:791] Discarding reconstruction due to bad initial pair
I20260910 06:20:31.987471 0x1fa65e140 incremental_pipeline.cc:487] => Provided pair is unsuitable for initialization.
I20260910 06:20:31.987473 0x1fa65e140 incremental_pipeline.cc:791] Discarding reconstruction due to bad initial pair
I20260910 06:20:31.989264 0x1fa65e140 incremental_pipeline.cc:487] => Provided pair is unsuitable for initialization.
I20260910 06:20:31.989266 0x1fa65e140 incremental_pipeline.cc:791] Discarding reconstruction due to bad initial pair
I20260910 06:20:31.991414 0x1fa65e140 incremental_pipeline.cc:487] => Provided pair is unsuitable for initialization.
I20260910 06:20:31.991417 0x1fa65e140 incremental_pipeline.cc:791] Discarding reconstruction due to bad initial pair
I20260910 06:20:31.992469 0x1fa65e140 incremental_pipeline.cc:487] => Provided pair is unsuitable for initialization.
I20260910 06:20:31.992472 0x1fa65e140 incremental_pipeline.cc:791] Discarding reconstruction due to bad initial pair
I20260910 06:20:31.994135 0x1fa65e140 incremental_pipeline.cc:487] => Provided pair is unsuitable for initialization.
I20260910 06:20:31.994138 0x1fa65e140 incremental_pipeline.cc:791] Discarding reconstruction due to bad initial pair
I20260910 06:20:31.996276 0x1fa65e140 incremental_pipeline.cc:487] => Provided pair is unsuitable for initialization.
I20260910 06:20:31.996279 0x1fa65e140 incremental_pipeline.cc:791] Discarding reconstruction due to bad initial pair
I20260910 06:20:31.998152 0x1fa65e140 incremental_pipeline.cc:487] => Provided pair is unsuitable for initialization.
I20260910 06:20:31.998154 0x1fa65e140 incremental_pipeline.cc:791] Discarding reconstruction due to bad initial pair
I20260910 06:20:31.999462 0x1fa65e140 incremental_pipeline.cc:487] => Provided pair is unsuitable for initialization.
I20260910 06:20:31.999464 0x1fa65e140 incremental_pipeline.cc:791] Discarding reconstruction due to bad initial pair
I20260910 06:20:32.001008 0x1fa65e140 incremental_pipeline.cc:487] => Provided pair is unsuitable for initialization.
I20260910 06:20:32.001011 0x1fa65e140 incremental_pipeline.cc:791] Discarding reconstruction due to bad initial pair
I20260910 06:20:32.002707 0x1fa65e140 incremental_pipeline.cc:487] => Provided pair is unsuitable for initialization.
I20260910 06:20:32.002714 0x1fa65e140 incremental_pipeline.cc:791] Discarding reconstruction due to bad initial pair
I20260910 06:20:32.003852 0x1fa65e140 incremental_pipeline.cc:487] => Provided pair is unsuitable for initialization.
I20260910 06:20:32.003855 0x1fa65e140 incremental_pipeline.cc:791] Discarding reconstruction due to bad initial pair
I20260910 06:20:32.005465 0x1fa65e140 incremental_pipeline.cc:487] => Provided pair is unsuitable for initialization.
I20260910 06:20:32.005468 0x1fa65e140 incremental_pipeline.cc:791] Discarding reconstruction due to bad initial pair
I20260910 06:20:32.006711 0x1fa65e140 incremental_pipeline.cc:487] => Provided pair is unsuitable for initialization.
I20260910 06:20:32.006713 0x1fa65e140 incremental_pipeline.cc:791] Discarding reconstruction due to bad initial pair
I20260910 06:20:32.009532 0x1fa65e140 incremental_pipeline.cc:487] => Provided pair is unsuitable for initialization.
I20260910 06:20:32.009534 0x1fa65e140 incremental_pipeline.cc:791] Discarding reconstruction due to bad initial pair
I20260910 06:20:32.009537 0x1fa65e140 incremental_pipeline.cc:442] => Relaxing the initialization constraints.
I20260910 06:20:32.010964 0x1fa65e140 incremental_pipeline.cc:487] => Provided pair is unsuitable for initialization.
I20260910 06:20:32.010968 0x1fa65e140 incremental_pipeline.cc:791] Discarding reconstruction due to bad initial pair
I20260910 06:20:32.013071 0x1fa65e140 incremental_pipeline.cc:487] => Provided pair is unsuitable for initialization.
I20260910 06:20:32.013074 0x1fa65e140 incremental_pipeline.cc:791] Discarding reconstruction due to bad initial pair
I20260910 06:20:32.014945 0x1fa65e140 incremental_pipeline.cc:487] => Provided pair is unsuitable for initialization.
I20260910 06:20:32.014948 0x1fa65e140 incremental_pipeline.cc:791] Discarding reconstruction due to bad initial pair
I20260910 06:20:32.015948 0x1fa65e140 incremental_pipeline.cc:487] => Provided pair is unsuitable for initialization.
I20260910 06:20:32.015951 0x1fa65e140 incremental_pipeline.cc:791] Discarding reconstruction due to bad initial pair
I20260910 06:20:32.017919 0x1fa65e140 incremental_pipeline.cc:487] => Provided pair is unsuitable for initialization.
I20260910 06:20:32.017924 0x1fa65e140 incremental_pipeline.cc:791] Discarding reconstruction due to bad initial pair
I20260910 06:20:32.019850 0x1fa65e140 incremental_pipeline.cc:487] => Provided pair is unsuitable for initialization.
I20260910 06:20:32.019853 0x1fa65e140 incremental_pipeline.cc:791] Discarding reconstruction due to bad initial pair
I20260910 06:20:32.021587 0x1fa65e140 incremental_pipeline.cc:487] => Provided pair is unsuitable for initialization.
I20260910 06:20:32.021589 0x1fa65e140 incremental_pipeline.cc:791] Discarding reconstruction due to bad initial pair
I20260910 06:20:32.024092 0x1fa65e140 incremental_pipeline.cc:487] => Provided pair is unsuitable for initialization.
I20260910 06:20:32.024095 0x1fa65e140 incremental_pipeline.cc:791] Discarding reconstruction due to bad initial pair
I20260910 06:20:32.026277 0x1fa65e140 incremental_pipeline.cc:487] => Provided pair is unsuitable for initialization.
I20260910 06:20:32.026280 0x1fa65e140 incremental_pipeline.cc:791] Discarding reconstruction due to bad initial pair
I20260910 06:20:32.027218 0x1fa65e140 incremental_pipeline.cc:487] => Provided pair is unsuitable for initialization.
I20260910 06:20:32.027221 0x1fa65e140 incremental_pipeline.cc:791] Discarding reconstruction due to bad initial pair
I20260910 06:20:32.028604 0x1fa65e140 incremental_pipeline.cc:487] => Provided pair is unsuitable for initialization.
I20260910 06:20:32.028607 0x1fa65e140 incremental_pipeline.cc:791] Discarding reconstruction due to bad initial pair
I20260910 06:20:32.029726 0x1fa65e140 incremental_pipeline.cc:487] => Provided pair is unsuitable for initialization.
I20260910 06:20:32.029728 0x1fa65e140 incremental_pipeline.cc:791] Discarding reconstruction due to bad initial pair
I20260910 06:20:32.031855 0x1fa65e140 incremental_pipeline.cc:487] => Provided pair is unsuitable for initialization.
I20260910 06:20:32.031864 0x1fa65e140 incremental_pipeline.cc:791] Discarding reconstruction due to bad initial pair
I20260910 06:20:32.034118 0x1fa65e140 incremental_pipeline.cc:487] => Provided pair is unsuitable for initialization.
I20260910 06:20:32.034121 0x1fa65e140 incremental_pipeline.cc:791] Discarding reconstruction due to bad initial pair
I20260910 06:20:32.036370 0x1fa65e140 incremental_pipeline.cc:487] => Provided pair is unsuitable for initialization.
I20260910 06:20:32.036373 0x1fa65e140 incremental_pipeline.cc:791] Discarding reconstruction due to bad initial pair
I20260910 06:20:32.037763 0x1fa65e140 incremental_pipeline.cc:487] => Provided pair is unsuitable for initialization.
I20260910 06:20:32.037768 0x1fa65e140 incremental_pipeline.cc:791] Discarding reconstruction due to bad initial pair
I20260910 06:20:32.039579 0x1fa65e140 incremental_pipeline.cc:487] => Provided pair is unsuitable for initialization.
I20260910 06:20:32.039581 0x1fa65e140 incremental_pipeline.cc:791] Discarding reconstruction due to bad initial pair
I20260910 06:20:32.041882 0x1fa65e140 incremental_pipeline.cc:487] => Provided pair is unsuitable for initialization.
I20260910 06:20:32.041885 0x1fa65e140 incremental_pipeline.cc:791] Discarding reconstruction due to bad initial pair
I20260910 06:20:32.042956 0x1fa65e140 incremental_pipeline.cc:487] => Provided pair is unsuitable for initialization.
I20260910 06:20:32.042959 0x1fa65e140 incremental_pipeline.cc:791] Discarding reconstruction due to bad initial pair
I20260910 06:20:32.043949 0x1fa65e140 incremental_pipeline.cc:487] => Provided pair is unsuitable for initialization.
I20260910 06:20:32.043952 0x1fa65e140 incremental_pipeline.cc:791] Discarding reconstruction due to bad initial pair
I20260910 06:20:32.046005 0x1fa65e140 incremental_pipeline.cc:487] => Provided pair is unsuitable for initialization.
I20260910 06:20:32.046008 0x1fa65e140 incremental_pipeline.cc:791] Discarding reconstruction due to bad initial pair
I20260910 06:20:32.047957 0x1fa65e140 incremental_pipeline.cc:487] => Provided pair is unsuitable for initialization.
I20260910 06:20:32.047962 0x1fa65e140 incremental_pipeline.cc:791] Discarding reconstruction due to bad initial pair
I20260910 06:20:32.049303 0x1fa65e140 incremental_pipeline.cc:487] => Provided pair is unsuitable for initialization.
I20260910 06:20:32.049306 0x1fa65e140 incremental_pipeline.cc:791] Discarding reconstruction due to bad initial pair
I20260910 06:20:32.051412 0x1fa65e140 incremental_pipeline.cc:487] => Provided pair is unsuitable for initialization.
I20260910 06:20:32.051414 0x1fa65e140 incremental_pipeline.cc:791] Discarding reconstruction due to bad initial pair
I20260910 06:20:32.052511 0x1fa65e140 incremental_pipeline.cc:487] => Provided pair is unsuitable for initialization.
I20260910 06:20:32.052514 0x1fa65e140 incremental_pipeline.cc:791] Discarding reconstruction due to bad initial pair
I20260910 06:20:32.053591 0x1fa65e140 incremental_pipeline.cc:487] => Provided pair is unsuitable for initialization.
I20260910 06:20:32.053594 0x1fa65e140 incremental_pipeline.cc:791] Discarding reconstruction due to bad initial pair
I20260910 06:20:32.055605 0x1fa65e140 incremental_pipeline.cc:487] => Provided pair is unsuitable for initialization.
I20260910 06:20:32.055608 0x1fa65e140 incremental_pipeline.cc:791] Discarding reconstruction due to bad initial pair
I20260910 06:20:32.057599 0x1fa65e140 incremental_pipeline.cc:487] => Provided pair is unsuitable for initialization.
I20260910 06:20:32.057602 0x1fa65e140 incremental_pipeline.cc:791] Discarding reconstruction due to bad initial pair
I20260910 06:20:32.059140 0x1fa65e140 incremental_pipeline.cc:487] => Provided pair is unsuitable for initialization.
I20260910 06:20:32.059143 0x1fa65e140 incremental_pipeline.cc:791] Discarding reconstruction due to bad initial pair
I20260910 06:20:32.061245 0x1fa65e140 incremental_pipeline.cc:487] => Provided pair is unsuitable for initialization.
I20260910 06:20:32.061247 0x1fa65e140 incremental_pipeline.cc:791] Discarding reconstruction due to bad initial pair
I20260910 06:20:32.062353 0x1fa65e140 incremental_pipeline.cc:487] => Provided pair is unsuitable for initialization.
I20260910 06:20:32.062356 0x1fa65e140 incremental_pipeline.cc:791] Discarding reconstruction due to bad initial pair
I20260910 06:20:32.064586 0x1fa65e140 incremental_pipeline.cc:487] => Provided pair is unsuitable for initialization.
I20260910 06:20:32.064588 0x1fa65e140 incremental_pipeline.cc:791] Discarding reconstruction due to bad initial pair
I20260910 06:20:32.066793 0x1fa65e140 incremental_pipeline.cc:487] => Provided pair is unsuitable for initialization.
I20260910 06:20:32.066796 0x1fa65e140 incremental_pipeline.cc:791] Discarding reconstruction due to bad initial pair
I20260910 06:20:32.068829 0x1fa65e140 incremental_pipeline.cc:487] => Provided pair is unsuitable for initialization.
I20260910 06:20:32.068831 0x1fa65e140 incremental_pipeline.cc:791] Discarding reconstruction due to bad initial pair
I20260910 06:20:32.070065 0x1fa65e140 incremental_pipeline.cc:487] => Provided pair is unsuitable for initialization.
I20260910 06:20:32.070068 0x1fa65e140 incremental_pipeline.cc:791] Discarding reconstruction due to bad initial pair
I20260910 06:20:32.072432 0x1fa65e140 incremental_pipeline.cc:487] => Provided pair is unsuitable for initialization.
I20260910 06:20:32.072434 0x1fa65e140 incremental_pipeline.cc:791] Discarding reconstruction due to bad initial pair
I20260910 06:20:32.073918 0x1fa65e140 incremental_pipeline.cc:487] => Provided pair is unsuitable for initialization.
I20260910 06:20:32.073921 0x1fa65e140 incremental_pipeline.cc:791] Discarding reconstruction due to bad initial pair
I20260910 06:20:32.075957 0x1fa65e140 incremental_pipeline.cc:487] => Provided pair is unsuitable for initialization.
I20260910 06:20:32.075960 0x1fa65e140 incremental_pipeline.cc:791] Discarding reconstruction due to bad initial pair
I20260910 06:20:32.078146 0x1fa65e140 incremental_pipeline.cc:492] Registering initial image pair #2 and #4
I20260910 06:20:32.078344 0x1fa65e140 incremental_pipeline.cc:510] Global bundle adjustment
I20260910 06:20:32.079282 0x1fa65e140 incremental_pipeline.cc:791] Discarding reconstruction due to bad initial pair
I20260910 06:20:32.080406 0x1fa65e140 incremental_pipeline.cc:487] => Provided pair is unsuitable for initialization.
I20260910 06:20:32.080409 0x1fa65e140 incremental_pipeline.cc:791] Discarding reconstruction due to bad initial pair
I20260910 06:20:32.083918 0x1fa65e140 incremental_pipeline.cc:487] => Provided pair is unsuitable for initialization.
I20260910 06:20:32.083921 0x1fa65e140 incremental_pipeline.cc:791] Discarding reconstruction due to bad initial pair
I20260910 06:20:32.084842 0x1fa65e140 incremental_pipeline.cc:487] => Provided pair is unsuitable for initialization.
I20260910 06:20:32.084845 0x1fa65e140 incremental_pipeline.cc:791] Discarding reconstruction due to bad initial pair
I20260910 06:20:32.086248 0x1fa65e140 incremental_pipeline.cc:487] => Provided pair is unsuitable for initialization.
I20260910 06:20:32.086253 0x1fa65e140 incremental_pipeline.cc:791] Discarding reconstruction due to bad initial pair
I20260910 06:20:32.087289 0x1fa65e140 incremental_pipeline.cc:487] => Provided pair is unsuitable for initialization.
I20260910 06:20:32.087292 0x1fa65e140 incremental_pipeline.cc:791] Discarding reconstruction due to bad initial pair
I20260910 06:20:32.089180 0x1fa65e140 incremental_pipeline.cc:487] => Provided pair is unsuitable for initialization.
I20260910 06:20:32.089183 0x1fa65e140 incremental_pipeline.cc:791] Discarding reconstruction due to bad initial pair
I20260910 06:20:32.091136 0x1fa65e140 incremental_pipeline.cc:487] => Provided pair is unsuitable for initialization.
I20260910 06:20:32.091139 0x1fa65e140 incremental_pipeline.cc:791] Discarding reconstruction due to bad initial pair
I20260910 06:20:32.092464 0x1fa65e140 incremental_pipeline.cc:487] => Provided pair is unsuitable for initialization.
I20260910 06:20:32.092465 0x1fa65e140 incremental_pipeline.cc:791] Discarding reconstruction due to bad initial pair
I20260910 06:20:32.093465 0x1fa65e140 incremental_pipeline.cc:487] => Provided pair is unsuitable for initialization.
I20260910 06:20:32.093467 0x1fa65e140 incremental_pipeline.cc:791] Discarding reconstruction due to bad initial pair
I20260910 06:20:32.094882 0x1fa65e140 incremental_pipeline.cc:487] => Provided pair is unsuitable for initialization.
I20260910 06:20:32.094884 0x1fa65e140 incremental_pipeline.cc:791] Discarding reconstruction due to bad initial pair
I20260910 06:20:32.096740 0x1fa65e140 incremental_pipeline.cc:487] => Provided pair is unsuitable for initialization.
I20260910 06:20:32.096743 0x1fa65e140 incremental_pipeline.cc:791] Discarding reconstruction due to bad initial pair
I20260910 06:20:32.097640 0x1fa65e140 incremental_pipeline.cc:487] => Provided pair is unsuitable for initialization.
I20260910 06:20:32.097644 0x1fa65e140 incremental_pipeline.cc:791] Discarding reconstruction due to bad initial pair
I20260910 06:20:32.098665 0x1fa65e140 incremental_pipeline.cc:487] => Provided pair is unsuitable for initialization.
I20260910 06:20:32.098668 0x1fa65e140 incremental_pipeline.cc:791] Discarding reconstruction due to bad initial pair
I20260910 06:20:32.099839 0x1fa65e140 incremental_pipeline.cc:487] => Provided pair is unsuitable for initialization.
I20260910 06:20:32.099841 0x1fa65e140 incremental_pipeline.cc:791] Discarding reconstruction due to bad initial pair
I20260910 06:20:32.101963 0x1fa65e140 incremental_pipeline.cc:487] => Provided pair is unsuitable for initialization.
I20260910 06:20:32.101966 0x1fa65e140 incremental_pipeline.cc:791] Discarding reconstruction due to bad initial pair
I20260910 06:20:32.102972 0x1fa65e140 incremental_pipeline.cc:487] => Provided pair is unsuitable for initialization.
I20260910 06:20:32.102975 0x1fa65e140 incremental_pipeline.cc:791] Discarding reconstruction due to bad initial pair
I20260910 06:20:32.104982 0x1fa65e140 incremental_pipeline.cc:487] => Provided pair is unsuitable for initialization.
I20260910 06:20:32.104985 0x1fa65e140 incremental_pipeline.cc:791] Discarding reconstruction due to bad initial pair
I20260910 06:20:32.107378 0x1fa65e140 incremental_pipeline.cc:487] => Provided pair is unsuitable for initialization.
I20260910 06:20:32.107381 0x1fa65e140 incremental_pipeline.cc:791] Discarding reconstruction due to bad initial pair
I20260910 06:20:32.109590 0x1fa65e140 incremental_pipeline.cc:487] => Provided pair is unsuitable for initialization.
I20260910 06:20:32.109593 0x1fa65e140 incremental_pipeline.cc:791] Discarding reconstruction due to bad initial pair
I20260910 06:20:32.111757 0x1fa65e140 incremental_pipeline.cc:487] => Provided pair is unsuitable for initialization.
I20260910 06:20:32.111760 0x1fa65e140 incremental_pipeline.cc:791] Discarding reconstruction due to bad initial pair
I20260910 06:20:32.115382 0x1fa65e140 incremental_pipeline.cc:487] => Provided pair is unsuitable for initialization.
I20260910 06:20:32.115385 0x1fa65e140 incremental_pipeline.cc:791] Discarding reconstruction due to bad initial pair
I20260910 06:20:32.117173 0x1fa65e140 incremental_pipeline.cc:487] => Provided pair is unsuitable for initialization.
I20260910 06:20:32.117176 0x1fa65e140 incremental_pipeline.cc:791] Discarding reconstruction due to bad initial pair
I20260910 06:20:32.118194 0x1fa65e140 incremental_pipeline.cc:487] => Provided pair is unsuitable for initialization.
I20260910 06:20:32.118196 0x1fa65e140 incremental_pipeline.cc:791] Discarding reconstruction due to bad initial pair
I20260910 06:20:32.119514 0x1fa65e140 incremental_pipeline.cc:487] => Provided pair is unsuitable for initialization.
I20260910 06:20:32.119517 0x1fa65e140 incremental_pipeline.cc:791] Discarding reconstruction due to bad initial pair
I20260910 06:20:32.121215 0x1fa65e140 incremental_pipeline.cc:487] => Provided pair is unsuitable for initialization.
I20260910 06:20:32.121217 0x1fa65e140 incremental_pipeline.cc:791] Discarding reconstruction due to bad initial pair
I20260910 06:20:32.122774 0x1fa65e140 incremental_pipeline.cc:487] => Provided pair is unsuitable for initialization.
I20260910 06:20:32.122781 0x1fa65e140 incremental_pipeline.cc:791] Discarding reconstruction due to bad initial pair
I20260910 06:20:32.125350 0x1fa65e140 incremental_pipeline.cc:487] => Provided pair is unsuitable for initialization.
I20260910 06:20:32.125352 0x1fa65e140 incremental_pipeline.cc:791] Discarding reconstruction due to bad initial pair
I20260910 06:20:32.127718 0x1fa65e140 incremental_pipeline.cc:487] => Provided pair is unsuitable for initialization.
I20260910 06:20:32.127720 0x1fa65e140 incremental_pipeline.cc:791] Discarding reconstruction due to bad initial pair
I20260910 06:20:32.129175 0x1fa65e140 incremental_pipeline.cc:492] Registering initial image pair #2 and #4
I20260910 06:20:32.129336 0x1fa65e140 incremental_pipeline.cc:510] Global bundle adjustment
I20260910 06:20:32.129947 0x1fa65e140 incremental_pipeline.cc:791] Discarding reconstruction due to bad initial pair
I20260910 06:20:32.131283 0x1fa65e140 incremental_pipeline.cc:487] => Provided pair is unsuitable for initialization.
I20260910 06:20:32.131286 0x1fa65e140 incremental_pipeline.cc:791] Discarding reconstruction due to bad initial pair
I20260910 06:20:32.134245 0x1fa65e140 incremental_pipeline.cc:487] => Provided pair is unsuitable for initialization.
I20260910 06:20:32.134248 0x1fa65e140 incremental_pipeline.cc:791] Discarding reconstruction due to bad initial pair
I20260910 06:20:32.135377 0x1fa65e140 incremental_pipeline.cc:487] => Provided pair is unsuitable for initialization.
I20260910 06:20:32.135380 0x1fa65e140 incremental_pipeline.cc:791] Discarding reconstruction due to bad initial pair
I20260910 06:20:32.136251 0x1fa65e140 incremental_pipeline.cc:487] => Provided pair is unsuitable for initialization.
I20260910 06:20:32.136254 0x1fa65e140 incremental_pipeline.cc:791] Discarding reconstruction due to bad initial pair
I20260910 06:20:32.137367 0x1fa65e140 incremental_pipeline.cc:487] => Provided pair is unsuitable for initialization.
I20260910 06:20:32.137370 0x1fa65e140 incremental_pipeline.cc:791] Discarding reconstruction due to bad initial pair
I20260910 06:20:32.140623 0x1fa65e140 incremental_pipeline.cc:487] => Provided pair is unsuitable for initialization.
I20260910 06:20:32.140626 0x1fa65e140 incremental_pipeline.cc:791] Discarding reconstruction due to bad initial pair
I20260910 06:20:32.141633 0x1fa65e140 incremental_pipeline.cc:487] => Provided pair is unsuitable for initialization.
I20260910 06:20:32.141636 0x1fa65e140 incremental_pipeline.cc:791] Discarding reconstruction due to bad initial pair
I20260910 06:20:32.143567 0x1fa65e140 incremental_pipeline.cc:487] => Provided pair is unsuitable for initialization.
I20260910 06:20:32.143569 0x1fa65e140 incremental_pipeline.cc:791] Discarding reconstruction due to bad initial pair
I20260910 06:20:32.144576 0x1fa65e140 incremental_pipeline.cc:487] => Provided pair is unsuitable for initialization.
I20260910 06:20:32.144579 0x1fa65e140 incremental_pipeline.cc:791] Discarding reconstruction due to bad initial pair
I20260910 06:20:32.145858 0x1fa65e140 incremental_pipeline.cc:487] => Provided pair is unsuitable for initialization.
I20260910 06:20:32.145860 0x1fa65e140 incremental_pipeline.cc:791] Discarding reconstruction due to bad initial pair
I20260910 06:20:32.147671 0x1fa65e140 incremental_pipeline.cc:487] => Provided pair is unsuitable for initialization.
I20260910 06:20:32.147673 0x1fa65e140 incremental_pipeline.cc:791] Discarding reconstruction due to bad initial pair
I20260910 06:20:32.149383 0x1fa65e140 incremental_pipeline.cc:487] => Provided pair is unsuitable for initialization.
I20260910 06:20:32.149386 0x1fa65e140 incremental_pipeline.cc:791] Discarding reconstruction due to bad initial pair
I20260910 06:20:32.150426 0x1fa65e140 incremental_pipeline.cc:487] => Provided pair is unsuitable for initialization.
I20260910 06:20:32.150428 0x1fa65e140 incremental_pipeline.cc:791] Discarding reconstruction due to bad initial pair
I20260910 06:20:32.151775 0x1fa65e140 incremental_pipeline.cc:487] => Provided pair is unsuitable for initialization.
I20260910 06:20:32.151783 0x1fa65e140 incremental_pipeline.cc:791] Discarding reconstruction due to bad initial pair
I20260910 06:20:32.155263 0x1fa65e140 incremental_pipeline.cc:487] => Provided pair is unsuitable for initialization.
I20260910 06:20:32.155265 0x1fa65e140 incremental_pipeline.cc:791] Discarding reconstruction due to bad initial pair
I20260910 06:20:32.156493 0x1fa65e140 incremental_pipeline.cc:487] => Provided pair is unsuitable for initialization.
I20260910 06:20:32.156496 0x1fa65e140 incremental_pipeline.cc:791] Discarding reconstruction due to bad initial pair
I20260910 06:20:32.158164 0x1fa65e140 incremental_pipeline.cc:487] => Provided pair is unsuitable for initialization.
I20260910 06:20:32.158166 0x1fa65e140 incremental_pipeline.cc:791] Discarding reconstruction due to bad initial pair
I20260910 06:20:32.160095 0x1fa65e140 incremental_pipeline.cc:487] => Provided pair is unsuitable for initialization.
I20260910 06:20:32.160097 0x1fa65e140 incremental_pipeline.cc:791] Discarding reconstruction due to bad initial pair
I20260910 06:20:32.161128 0x1fa65e140 incremental_pipeline.cc:487] => Provided pair is unsuitable for initialization.
I20260910 06:20:32.161130 0x1fa65e140 incremental_pipeline.cc:791] Discarding reconstruction due to bad initial pair
I20260910 06:20:32.162784 0x1fa65e140 incremental_pipeline.cc:487] => Provided pair is unsuitable for initialization.
I20260910 06:20:32.162787 0x1fa65e140 incremental_pipeline.cc:791] Discarding reconstruction due to bad initial pair
I20260910 06:20:32.164640 0x1fa65e140 incremental_pipeline.cc:487] => Provided pair is unsuitable for initialization.
I20260910 06:20:32.164643 0x1fa65e140 incremental_pipeline.cc:791] Discarding reconstruction due to bad initial pair
I20260910 06:20:32.167005 0x1fa65e140 incremental_pipeline.cc:487] => Provided pair is unsuitable for initialization.
I20260910 06:20:32.167008 0x1fa65e140 incremental_pipeline.cc:791] Discarding reconstruction due to bad initial pair
I20260910 06:20:32.168600 0x1fa65e140 incremental_pipeline.cc:487] => Provided pair is unsuitable for initialization.
I20260910 06:20:32.168603 0x1fa65e140 incremental_pipeline.cc:791] Discarding reconstruction due to bad initial pair
I20260910 06:20:32.170594 0x1fa65e140 incremental_pipeline.cc:487] => Provided pair is unsuitable for initialization.
I20260910 06:20:32.170597 0x1fa65e140 incremental_pipeline.cc:791] Discarding reconstruction due to bad initial pair
I20260910 06:20:32.174129 0x1fa65e140 incremental_pipeline.cc:487] => Provided pair is unsuitable for initialization.
I20260910 06:20:32.174131 0x1fa65e140 incremental_pipeline.cc:791] Discarding reconstruction due to bad initial pair
I20260910 06:20:32.175170 0x1fa65e140 incremental_pipeline.cc:487] => Provided pair is unsuitable for initialization.
I20260910 06:20:32.175173 0x1fa65e140 incremental_pipeline.cc:791] Discarding reconstruction due to bad initial pair
I20260910 06:20:32.176713 0x1fa65e140 incremental_pipeline.cc:487] => Provided pair is unsuitable for initialization.
I20260910 06:20:32.176716 0x1fa65e140 incremental_pipeline.cc:791] Discarding reconstruction due to bad initial pair
I20260910 06:20:32.178644 0x1fa65e140 incremental_pipeline.cc:487] => Provided pair is unsuitable for initialization.
I20260910 06:20:32.178647 0x1fa65e140 incremental_pipeline.cc:791] Discarding reconstruction due to bad initial pair
I20260910 06:20:32.180612 0x1fa65e140 incremental_pipeline.cc:487] => Provided pair is unsuitable for initialization.
I20260910 06:20:32.180615 0x1fa65e140 incremental_pipeline.cc:791] Discarding reconstruction due to bad initial pair
I20260910 06:20:32.181603 0x1fa65e140 incremental_pipeline.cc:487] => Provided pair is unsuitable for initialization.
I20260910 06:20:32.181605 0x1fa65e140 incremental_pipeline.cc:791] Discarding reconstruction due to bad initial pair
I20260910 06:20:32.183670 0x1fa65e140 incremental_pipeline.cc:487] => Provided pair is unsuitable for initialization.
I20260910 06:20:32.183672 0x1fa65e140 incremental_pipeline.cc:791] Discarding reconstruction due to bad initial pair
I20260910 06:20:32.184881 0x1fa65e140 incremental_pipeline.cc:487] => Provided pair is unsuitable for initialization.
I20260910 06:20:32.184884 0x1fa65e140 incremental_pipeline.cc:791] Discarding reconstruction due to bad initial pair
I20260910 06:20:32.186317 0x1fa65e140 incremental_pipeline.cc:487] => Provided pair is unsuitable for initialization.
I20260910 06:20:32.186320 0x1fa65e140 incremental_pipeline.cc:791] Discarding reconstruction due to bad initial pair
I20260910 06:20:32.187354 0x1fa65e140 incremental_pipeline.cc:487] => Provided pair is unsuitable for initialization.
I20260910 06:20:32.187357 0x1fa65e140 incremental_pipeline.cc:791] Discarding reconstruction due to bad initial pair
I20260910 06:20:32.189283 0x1fa65e140 incremental_pipeline.cc:487] => Provided pair is unsuitable for initialization.
I20260910 06:20:32.189286 0x1fa65e140 incremental_pipeline.cc:791] Discarding reconstruction due to bad initial pair
I20260910 06:20:32.191341 0x1fa65e140 incremental_pipeline.cc:487] => Provided pair is unsuitable for initialization.
I20260910 06:20:32.191344 0x1fa65e140 incremental_pipeline.cc:791] Discarding reconstruction due to bad initial pair
I20260910 06:20:32.192361 0x1fa65e140 incremental_pipeline.cc:487] => Provided pair is unsuitable for initialization.
I20260910 06:20:32.192363 0x1fa65e140 incremental_pipeline.cc:791] Discarding reconstruction due to bad initial pair
I20260910 06:20:32.194649 0x1fa65e140 incremental_pipeline.cc:487] => Provided pair is unsuitable for initialization.
I20260910 06:20:32.194652 0x1fa65e140 incremental_pipeline.cc:791] Discarding reconstruction due to bad initial pair
I20260910 06:20:32.196497 0x1fa65e140 incremental_pipeline.cc:487] => Provided pair is unsuitable for initialization.
I20260910 06:20:32.196500 0x1fa65e140 incremental_pipeline.cc:791] Discarding reconstruction due to bad initial pair
I20260910 06:20:32.198536 0x1fa65e140 incremental_pipeline.cc:487] => Provided pair is unsuitable for initialization.
I20260910 06:20:32.198539 0x1fa65e140 incremental_pipeline.cc:791] Discarding reconstruction due to bad initial pair
I20260910 06:20:32.200487 0x1fa65e140 incremental_pipeline.cc:487] => Provided pair is unsuitable for initialization.
I20260910 06:20:32.200490 0x1fa65e140 incremental_pipeline.cc:791] Discarding reconstruction due to bad initial pair
I20260910 06:20:32.202054 0x1fa65e140 incremental_pipeline.cc:487] => Provided pair is unsuitable for initialization.
I20260910 06:20:32.202057 0x1fa65e140 incremental_pipeline.cc:791] Discarding reconstruction due to bad initial pair
I20260910 06:20:32.203279 0x1fa65e140 incremental_pipeline.cc:487] => Provided pair is unsuitable for initialization.
I20260910 06:20:32.203282 0x1fa65e140 incremental_pipeline.cc:791] Discarding reconstruction due to bad initial pair
I20260910 06:20:32.204252 0x1fa65e140 incremental_pipeline.cc:487] => Provided pair is unsuitable for initialization.
I20260910 06:20:32.204255 0x1fa65e140 incremental_pipeline.cc:791] Discarding reconstruction due to bad initial pair
I20260910 06:20:32.206222 0x1fa65e140 incremental_pipeline.cc:487] => Provided pair is unsuitable for initialization.
I20260910 06:20:32.206224 0x1fa65e140 incremental_pipeline.cc:791] Discarding reconstruction due to bad initial pair
I20260910 06:20:32.208288 0x1fa65e140 incremental_pipeline.cc:487] => Provided pair is unsuitable for initialization.
I20260910 06:20:32.208293 0x1fa65e140 incremental_pipeline.cc:791] Discarding reconstruction due to bad initial pair
I20260910 06:20:32.209365 0x1fa65e140 incremental_pipeline.cc:487] => Provided pair is unsuitable for initialization.
I20260910 06:20:32.209368 0x1fa65e140 incremental_pipeline.cc:791] Discarding reconstruction due to bad initial pair
I20260910 06:20:32.211189 0x1fa65e140 incremental_pipeline.cc:487] => Provided pair is unsuitable for initialization.
I20260910 06:20:32.211191 0x1fa65e140 incremental_pipeline.cc:791] Discarding reconstruction due to bad initial pair
I20260910 06:20:32.213008 0x1fa65e140 incremental_pipeline.cc:487] => Provided pair is unsuitable for initialization.
I20260910 06:20:32.213015 0x1fa65e140 incremental_pipeline.cc:791] Discarding reconstruction due to bad initial pair
I20260910 06:20:32.214973 0x1fa65e140 incremental_pipeline.cc:487] => Provided pair is unsuitable for initialization.
I20260910 06:20:32.214977 0x1fa65e140 incremental_pipeline.cc:791] Discarding reconstruction due to bad initial pair
I20260910 06:20:32.216887 0x1fa65e140 incremental_pipeline.cc:487] => Provided pair is unsuitable for initialization.
I20260910 06:20:32.216890 0x1fa65e140 incremental_pipeline.cc:791] Discarding reconstruction due to bad initial pair
I20260910 06:20:32.217864 0x1fa65e140 incremental_pipeline.cc:487] => Provided pair is unsuitable for initialization.
I20260910 06:20:32.217869 0x1fa65e140 incremental_pipeline.cc:791] Discarding reconstruction due to bad initial pair
I20260910 06:20:32.218937 0x1fa65e140 incremental_pipeline.cc:487] => Provided pair is unsuitable for initialization.
I20260910 06:20:32.218940 0x1fa65e140 incremental_pipeline.cc:791] Discarding reconstruction due to bad initial pair
I20260910 06:20:32.220779 0x1fa65e140 incremental_pipeline.cc:487] => Provided pair is unsuitable for initialization.
I20260910 06:20:32.220782 0x1fa65e140 incremental_pipeline.cc:791] Discarding reconstruction due to bad initial pair
I20260910 06:20:32.222878 0x1fa65e140 incremental_pipeline.cc:487] => Provided pair is unsuitable for initialization.
I20260910 06:20:32.222881 0x1fa65e140 incremental_pipeline.cc:791] Discarding reconstruction due to bad initial pair
I20260910 06:20:32.224562 0x1fa65e140 incremental_pipeline.cc:487] => Provided pair is unsuitable for initialization.
I20260910 06:20:32.224564 0x1fa65e140 incremental_pipeline.cc:791] Discarding reconstruction due to bad initial pair
I20260910 06:20:32.226702 0x1fa65e140 incremental_pipeline.cc:487] => Provided pair is unsuitable for initialization.
I20260910 06:20:32.226705 0x1fa65e140 incremental_pipeline.cc:791] Discarding reconstruction due to bad initial pair
I20260910 06:20:32.228838 0x1fa65e140 incremental_pipeline.cc:487] => Provided pair is unsuitable for initialization.
I20260910 06:20:32.228841 0x1fa65e140 incremental_pipeline.cc:791] Discarding reconstruction due to bad initial pair
I20260910 06:20:32.230416 0x1fa65e140 incremental_pipeline.cc:487] => Provided pair is unsuitable for initialization.
I20260910 06:20:32.230418 0x1fa65e140 incremental_pipeline.cc:791] Discarding reconstruction due to bad initial pair
I20260910 06:20:32.231487 0x1fa65e140 incremental_pipeline.cc:487] => Provided pair is unsuitable for initialization.
I20260910 06:20:32.231489 0x1fa65e140 incremental_pipeline.cc:791] Discarding reconstruction due to bad initial pair
I20260910 06:20:32.233219 0x1fa65e140 incremental_pipeline.cc:487] => Provided pair is unsuitable for initialization.
I20260910 06:20:32.233222 0x1fa65e140 incremental_pipeline.cc:791] Discarding reconstruction due to bad initial pair
I20260910 06:20:32.234427 0x1fa65e140 incremental_pipeline.cc:487] => Provided pair is unsuitable for initialization.
I20260910 06:20:32.234429 0x1fa65e140 incremental_pipeline.cc:791] Discarding reconstruction due to bad initial pair
I20260910 06:20:32.235365 0x1fa65e140 incremental_pipeline.cc:487] => Provided pair is unsuitable for initialization.
I20260910 06:20:32.235367 0x1fa65e140 incremental_pipeline.cc:791] Discarding reconstruction due to bad initial pair
I20260910 06:20:32.236313 0x1fa65e140 incremental_pipeline.cc:487] => Provided pair is unsuitable for initialization.
I20260910 06:20:32.236316 0x1fa65e140 incremental_pipeline.cc:791] Discarding reconstruction due to bad initial pair
I20260910 06:20:32.238622 0x1fa65e140 incremental_pipeline.cc:487] => Provided pair is unsuitable for initialization.
I20260910 06:20:32.238625 0x1fa65e140 incremental_pipeline.cc:791] Discarding reconstruction due to bad initial pair
I20260910 06:20:32.240828 0x1fa65e140 incremental_pipeline.cc:487] => Provided pair is unsuitable for initialization.
I20260910 06:20:32.240831 0x1fa65e140 incremental_pipeline.cc:791] Discarding reconstruction due to bad initial pair
I20260910 06:20:32.242105 0x1fa65e140 incremental_pipeline.cc:487] => Provided pair is unsuitable for initialization.
I20260910 06:20:32.242109 0x1fa65e140 incremental_pipeline.cc:791] Discarding reconstruction due to bad initial pair
I20260910 06:20:32.243175 0x1fa65e140 incremental_pipeline.cc:487] => Provided pair is unsuitable for initialization.
I20260910 06:20:32.243177 0x1fa65e140 incremental_pipeline.cc:791] Discarding reconstruction due to bad initial pair
I20260910 06:20:32.244331 0x1fa65e140 incremental_pipeline.cc:487] => Provided pair is unsuitable for initialization.
I20260910 06:20:32.244334 0x1fa65e140 incremental_pipeline.cc:791] Discarding reconstruction due to bad initial pair
I20260910 06:20:32.245648 0x1fa65e140 incremental_pipeline.cc:487] => Provided pair is unsuitable for initialization.
I20260910 06:20:32.245651 0x1fa65e140 incremental_pipeline.cc:791] Discarding reconstruction due to bad initial pair
I20260910 06:20:32.247502 0x1fa65e140 incremental_pipeline.cc:487] => Provided pair is unsuitable for initialization.
I20260910 06:20:32.247505 0x1fa65e140 incremental_pipeline.cc:791] Discarding reconstruction due to bad initial pair
I20260910 06:20:32.249521 0x1fa65e140 incremental_pipeline.cc:487] => Provided pair is unsuitable for initialization.
I20260910 06:20:32.249523 0x1fa65e140 incremental_pipeline.cc:791] Discarding reconstruction due to bad initial pair
I20260910 06:20:32.251590 0x1fa65e140 incremental_pipeline.cc:487] => Provided pair is unsuitable for initialization.
I20260910 06:20:32.251592 0x1fa65e140 incremental_pipeline.cc:791] Discarding reconstruction due to bad initial pair
I20260910 06:20:32.253664 0x1fa65e140 incremental_pipeline.cc:487] => Provided pair is unsuitable for initialization.
I20260910 06:20:32.253667 0x1fa65e140 incremental_pipeline.cc:791] Discarding reconstruction due to bad initial pair
I20260910 06:20:32.255823 0x1fa65e140 incremental_pipeline.cc:487] => Provided pair is unsuitable for initialization.
I20260910 06:20:32.255825 0x1fa65e140 incremental_pipeline.cc:791] Discarding reconstruction due to bad initial pair
I20260910 06:20:32.257679 0x1fa65e140 incremental_pipeline.cc:487] => Provided pair is unsuitable for initialization.
I20260910 06:20:32.257682 0x1fa65e140 incremental_pipeline.cc:791] Discarding reconstruction due to bad initial pair
I20260910 06:20:32.259479 0x1fa65e140 incremental_pipeline.cc:487] => Provided pair is unsuitable for initialization.
I20260910 06:20:32.259481 0x1fa65e140 incremental_pipeline.cc:791] Discarding reconstruction due to bad initial pair
I20260910 06:20:32.261171 0x1fa65e140 incremental_pipeline.cc:487] => Provided pair is unsuitable for initialization.
I20260910 06:20:32.261173 0x1fa65e140 incremental_pipeline.cc:791] Discarding reconstruction due to bad initial pair
I20260910 06:20:32.263450 0x1fa65e140 incremental_pipeline.cc:487] => Provided pair is unsuitable for initialization.
I20260910 06:20:32.263453 0x1fa65e140 incremental_pipeline.cc:791] Discarding reconstruction due to bad initial pair
I20260910 06:20:32.264439 0x1fa65e140 incremental_pipeline.cc:487] => Provided pair is unsuitable for initialization.
I20260910 06:20:32.264442 0x1fa65e140 incremental_pipeline.cc:791] Discarding reconstruction due to bad initial pair
I20260910 06:20:32.265314 0x1fa65e140 incremental_pipeline.cc:487] => Provided pair is unsuitable for initialization.
I20260910 06:20:32.265317 0x1fa65e140 incremental_pipeline.cc:791] Discarding reconstruction due to bad initial pair
I20260910 06:20:32.267295 0x1fa65e140 incremental_pipeline.cc:487] => Provided pair is unsuitable for initialization.
I20260910 06:20:32.267297 0x1fa65e140 incremental_pipeline.cc:791] Discarding reconstruction due to bad initial pair
I20260910 06:20:32.269376 0x1fa65e140 incremental_pipeline.cc:487] => Provided pair is unsuitable for initialization.
I20260910 06:20:32.269379 0x1fa65e140 incremental_pipeline.cc:791] Discarding reconstruction due to bad initial pair
I20260910 06:20:32.270332 0x1fa65e140 incremental_pipeline.cc:487] => Provided pair is unsuitable for initialization.
I20260910 06:20:32.270335 0x1fa65e140 incremental_pipeline.cc:791] Discarding reconstruction due to bad initial pair
I20260910 06:20:32.272026 0x1fa65e140 incremental_pipeline.cc:487] => Provided pair is unsuitable for initialization.
I20260910 06:20:32.272029 0x1fa65e140 incremental_pipeline.cc:791] Discarding reconstruction due to bad initial pair
I20260910 06:20:32.273684 0x1fa65e140 incremental_pipeline.cc:487] => Provided pair is unsuitable for initialization.
I20260910 06:20:32.273687 0x1fa65e140 incremental_pipeline.cc:791] Discarding reconstruction due to bad initial pair
I20260910 06:20:32.275632 0x1fa65e140 incremental_pipeline.cc:487] => Provided pair is unsuitable for initialization.
I20260910 06:20:32.275634 0x1fa65e140 incremental_pipeline.cc:791] Discarding reconstruction due to bad initial pair
I20260910 06:20:32.277840 0x1fa65e140 incremental_pipeline.cc:487] => Provided pair is unsuitable for initialization.
I20260910 06:20:32.277842 0x1fa65e140 incremental_pipeline.cc:791] Discarding reconstruction due to bad initial pair
I20260910 06:20:32.278839 0x1fa65e140 incremental_pipeline.cc:487] => Provided pair is unsuitable for initialization.
I20260910 06:20:32.278842 0x1fa65e140 incremental_pipeline.cc:791] Discarding reconstruction due to bad initial pair
I20260910 06:20:32.279757 0x1fa65e140 incremental_pipeline.cc:487] => Provided pair is unsuitable for initialization.
I20260910 06:20:32.279761 0x1fa65e140 incremental_pipeline.cc:791] Discarding reconstruction due to bad initial pair
I20260910 06:20:32.282115 0x1fa65e140 incremental_pipeline.cc:487] => Provided pair is unsuitable for initialization.
I20260910 06:20:32.282117 0x1fa65e140 incremental_pipeline.cc:791] Discarding reconstruction due to bad initial pair
I20260910 06:20:32.283931 0x1fa65e140 incremental_pipeline.cc:487] => Provided pair is unsuitable for initialization.
I20260910 06:20:32.283933 0x1fa65e140 incremental_pipeline.cc:791] Discarding reconstruction due to bad initial pair
I20260910 06:20:32.286138 0x1fa65e140 incremental_pipeline.cc:487] => Provided pair is unsuitable for initialization.
I20260910 06:20:32.286143 0x1fa65e140 incremental_pipeline.cc:791] Discarding reconstruction due to bad initial pair
I20260910 06:20:32.287808 0x1fa65e140 incremental_pipeline.cc:487] => Provided pair is unsuitable for initialization.
I20260910 06:20:32.287811 0x1fa65e140 incremental_pipeline.cc:791] Discarding reconstruction due to bad initial pair
I20260910 06:20:32.290320 0x1fa65e140 incremental_pipeline.cc:487] => Provided pair is unsuitable for initialization.
I20260910 06:20:32.290323 0x1fa65e140 incremental_pipeline.cc:791] Discarding reconstruction due to bad initial pair
I20260910 06:20:32.291320 0x1fa65e140 incremental_pipeline.cc:487] => Provided pair is unsuitable for initialization.
I20260910 06:20:32.291324 0x1fa65e140 incremental_pipeline.cc:791] Discarding reconstruction due to bad initial pair
I20260910 06:20:32.293586 0x1fa65e140 incremental_pipeline.cc:487] => Provided pair is unsuitable for initialization.
I20260910 06:20:32.293588 0x1fa65e140 incremental_pipeline.cc:791] Discarding reconstruction due to bad initial pair
I20260910 06:20:32.294579 0x1fa65e140 incremental_pipeline.cc:487] => Provided pair is unsuitable for initialization.
I20260910 06:20:32.294582 0x1fa65e140 incremental_pipeline.cc:791] Discarding reconstruction due to bad initial pair
I20260910 06:20:32.295739 0x1fa65e140 incremental_pipeline.cc:487] => Provided pair is unsuitable for initialization.
I20260910 06:20:32.295741 0x1fa65e140 incremental_pipeline.cc:791] Discarding reconstruction due to bad initial pair
I20260910 06:20:32.296772 0x1fa65e140 incremental_pipeline.cc:487] => Provided pair is unsuitable for initialization.
I20260910 06:20:32.296775 0x1fa65e140 incremental_pipeline.cc:791] Discarding reconstruction due to bad initial pair
I20260910 06:20:32.298140 0x1fa65e140 incremental_pipeline.cc:487] => Provided pair is unsuitable for initialization.
I20260910 06:20:32.298147 0x1fa65e140 incremental_pipeline.cc:791] Discarding reconstruction due to bad initial pair
I20260910 06:20:32.300539 0x1fa65e140 incremental_pipeline.cc:487] => Provided pair is unsuitable for initialization.
I20260910 06:20:32.300542 0x1fa65e140 incremental_pipeline.cc:791] Discarding reconstruction due to bad initial pair
I20260910 06:20:32.301672 0x1fa65e140 incremental_pipeline.cc:487] => Provided pair is unsuitable for initialization.
I20260910 06:20:32.301674 0x1fa65e140 incremental_pipeline.cc:791] Discarding reconstruction due to bad initial pair
I20260910 06:20:32.302675 0x1fa65e140 incremental_pipeline.cc:487] => Provided pair is unsuitable for initialization.
I20260910 06:20:32.302678 0x1fa65e140 incremental_pipeline.cc:791] Discarding reconstruction due to bad initial pair
I20260910 06:20:32.304125 0x1fa65e140 incremental_pipeline.cc:487] => Provided pair is unsuitable for initialization.
I20260910 06:20:32.304128 0x1fa65e140 incremental_pipeline.cc:791] Discarding reconstruction due to bad initial pair
I20260910 06:20:32.305348 0x1fa65e140 incremental_pipeline.cc:487] => Provided pair is unsuitable for initialization.
I20260910 06:20:32.305351 0x1fa65e140 incremental_pipeline.cc:791] Discarding reconstruction due to bad initial pair
I20260910 06:20:32.306347 0x1fa65e140 incremental_pipeline.cc:487] => Provided pair is unsuitable for initialization.
I20260910 06:20:32.306350 0x1fa65e140 incremental_pipeline.cc:791] Discarding reconstruction due to bad initial pair
I20260910 06:20:32.308509 0x1fa65e140 incremental_pipeline.cc:487] => Provided pair is unsuitable for initialization.
I20260910 06:20:32.308512 0x1fa65e140 incremental_pipeline.cc:791] Discarding reconstruction due to bad initial pair
I20260910 06:20:32.309922 0x1fa65e140 incremental_pipeline.cc:487] => Provided pair is unsuitable for initialization.
I20260910 06:20:32.309924 0x1fa65e140 incremental_pipeline.cc:791] Discarding reconstruction due to bad initial pair
I20260910 06:20:32.312948 0x1fa65e140 incremental_pipeline.cc:487] => Provided pair is unsuitable for initialization.
I20260910 06:20:32.312951 0x1fa65e140 incremental_pipeline.cc:791] Discarding reconstruction due to bad initial pair
I20260910 06:20:32.315194 0x1fa65e140 incremental_pipeline.cc:487] => Provided pair is unsuitable for initialization.
I20260910 06:20:32.315197 0x1fa65e140 incremental_pipeline.cc:791] Discarding reconstruction due to bad initial pair
I20260910 06:20:32.317303 0x1fa65e140 incremental_pipeline.cc:487] => Provided pair is unsuitable for initialization.
I20260910 06:20:32.317305 0x1fa65e140 incremental_pipeline.cc:791] Discarding reconstruction due to bad initial pair
I20260910 06:20:32.320036 0x1fa65e140 incremental_pipeline.cc:487] => Provided pair is unsuitable for initialization.
I20260910 06:20:32.320039 0x1fa65e140 incremental_pipeline.cc:791] Discarding reconstruction due to bad initial pair
I20260910 06:20:32.320955 0x1fa65e140 incremental_pipeline.cc:487] => Provided pair is unsuitable for initialization.
I20260910 06:20:32.320958 0x1fa65e140 incremental_pipeline.cc:791] Discarding reconstruction due to bad initial pair
I20260910 06:20:32.322861 0x1fa65e140 incremental_pipeline.cc:487] => Provided pair is unsuitable for initialization.
I20260910 06:20:32.322863 0x1fa65e140 incremental_pipeline.cc:791] Discarding reconstruction due to bad initial pair
I20260910 06:20:32.323907 0x1fa65e140 incremental_pipeline.cc:487] => Provided pair is unsuitable for initialization.
I20260910 06:20:32.323911 0x1fa65e140 incremental_pipeline.cc:791] Discarding reconstruction due to bad initial pair
I20260910 06:20:32.327454 0x1fa65e140 incremental_pipeline.cc:487] => Provided pair is unsuitable for initialization.
I20260910 06:20:32.327457 0x1fa65e140 incremental_pipeline.cc:791] Discarding reconstruction due to bad initial pair
I20260910 06:20:32.328835 0x1fa65e140 incremental_pipeline.cc:487] => Provided pair is unsuitable for initialization.
I20260910 06:20:32.328838 0x1fa65e140 incremental_pipeline.cc:791] Discarding reconstruction due to bad initial pair
I20260910 06:20:32.331126 0x1fa65e140 incremental_pipeline.cc:487] => Provided pair is unsuitable for initialization.
I20260910 06:20:32.331129 0x1fa65e140 incremental_pipeline.cc:791] Discarding reconstruction due to bad initial pair
I20260910 06:20:32.332017 0x1fa65e140 incremental_pipeline.cc:487] => Provided pair is unsuitable for initialization.
I20260910 06:20:32.332020 0x1fa65e140 incremental_pipeline.cc:791] Discarding reconstruction due to bad initial pair
I20260910 06:20:32.334235 0x1fa65e140 incremental_pipeline.cc:487] => Provided pair is unsuitable for initialization.
I20260910 06:20:32.334238 0x1fa65e140 incremental_pipeline.cc:791] Discarding reconstruction due to bad initial pair
I20260910 06:20:32.336133 0x1fa65e140 incremental_pipeline.cc:487] => Provided pair is unsuitable for initialization.
I20260910 06:20:32.336137 0x1fa65e140 incremental_pipeline.cc:791] Discarding reconstruction due to bad initial pair
I20260910 06:20:32.338356 0x1fa65e140 incremental_pipeline.cc:487] => Provided pair is unsuitable for initialization.
I20260910 06:20:32.338359 0x1fa65e140 incremental_pipeline.cc:791] Discarding reconstruction due to bad initial pair
I20260910 06:20:32.340199 0x1fa65e140 incremental_pipeline.cc:487] => Provided pair is unsuitable for initialization.
I20260910 06:20:32.340202 0x1fa65e140 incremental_pipeline.cc:791] Discarding reconstruction due to bad initial pair
I20260910 06:20:32.341905 0x1fa65e140 incremental_pipeline.cc:487] => Provided pair is unsuitable for initialization.
I20260910 06:20:32.341907 0x1fa65e140 incremental_pipeline.cc:791] Discarding reconstruction due to bad initial pair
I20260910 06:20:32.342769 0x1fa65e140 incremental_pipeline.cc:487] => Provided pair is unsuitable for initialization.
I20260910 06:20:32.342772 0x1fa65e140 incremental_pipeline.cc:791] Discarding reconstruction due to bad initial pair
I20260910 06:20:32.343833 0x1fa65e140 incremental_pipeline.cc:487] => Provided pair is unsuitable for initialization.
I20260910 06:20:32.343836 0x1fa65e140 incremental_pipeline.cc:791] Discarding reconstruction due to bad initial pair
I20260910 06:20:32.345934 0x1fa65e140 incremental_pipeline.cc:487] => Provided pair is unsuitable for initialization.
I20260910 06:20:32.345936 0x1fa65e140 incremental_pipeline.cc:791] Discarding reconstruction due to bad initial pair
I20260910 06:20:32.346856 0x1fa65e140 incremental_pipeline.cc:487] => Provided pair is unsuitable for initialization.
I20260910 06:20:32.346859 0x1fa65e140 incremental_pipeline.cc:791] Discarding reconstruction due to bad initial pair
I20260910 06:20:32.348412 0x1fa65e140 incremental_pipeline.cc:487] => Provided pair is unsuitable for initialization.
I20260910 06:20:32.348414 0x1fa65e140 incremental_pipeline.cc:791] Discarding reconstruction due to bad initial pair
I20260910 06:20:32.349386 0x1fa65e140 incremental_pipeline.cc:487] => Provided pair is unsuitable for initialization.
I20260910 06:20:32.349389 0x1fa65e140 incremental_pipeline.cc:791] Discarding reconstruction due to bad initial pair
I20260910 06:20:32.351229 0x1fa65e140 incremental_pipeline.cc:487] => Provided pair is unsuitable for initialization.
I20260910 06:20:32.351232 0x1fa65e140 incremental_pipeline.cc:791] Discarding reconstruction due to bad initial pair
I20260910 06:20:32.351235 0x1fa65e140 incremental_pipeline.cc:429] => Relaxing the initialization constraints.
I20260910 06:20:32.352607 0x1fa65e140 incremental_pipeline.cc:487] => Provided pair is unsuitable for initialization.
I20260910 06:20:32.352609 0x1fa65e140 incremental_pipeline.cc:791] Discarding reconstruction due to bad initial pair
I20260910 06:20:32.354328 0x1fa65e140 incremental_pipeline.cc:492] Registering initial image pair #2 and #4
I20260910 06:20:32.354491 0x1fa65e140 incremental_pipeline.cc:510] Global bundle adjustment
I20260910 06:20:32.355093 0x1fa65e140 incremental_pipeline.cc:791] Discarding reconstruction due to bad initial pair
I20260910 06:20:32.357298 0x1fa65e140 incremental_pipeline.cc:487] => Provided pair is unsuitable for initialization.
I20260910 06:20:32.357304 0x1fa65e140 incremental_pipeline.cc:791] Discarding reconstruction due to bad initial pair
I20260910 06:20:32.358218 0x1fa65e140 incremental_pipeline.cc:487] => Provided pair is unsuitable for initialization.
I20260910 06:20:32.358221 0x1fa65e140 incremental_pipeline.cc:791] Discarding reconstruction due to bad initial pair
I20260910 06:20:32.359133 0x1fa65e140 incremental_pipeline.cc:487] => Provided pair is unsuitable for initialization.
I20260910 06:20:32.359135 0x1fa65e140 incremental_pipeline.cc:791] Discarding reconstruction due to bad initial pair
I20260910 06:20:32.360061 0x1fa65e140 incremental_pipeline.cc:487] => Provided pair is unsuitable for initialization.
I20260910 06:20:32.360063 0x1fa65e140 incremental_pipeline.cc:791] Discarding reconstruction due to bad initial pair
I20260910 06:20:32.362432 0x1fa65e140 incremental_pipeline.cc:487] => Provided pair is unsuitable for initialization.
I20260910 06:20:32.362435 0x1fa65e140 incremental_pipeline.cc:791] Discarding reconstruction due to bad initial pair
I20260910 06:20:32.364628 0x1fa65e140 incremental_pipeline.cc:487] => Provided pair is unsuitable for initialization.
I20260910 06:20:32.364631 0x1fa65e140 incremental_pipeline.cc:791] Discarding reconstruction due to bad initial pair
I20260910 06:20:32.366963 0x1fa65e140 incremental_pipeline.cc:487] => Provided pair is unsuitable for initialization.
I20260910 06:20:32.366966 0x1fa65e140 incremental_pipeline.cc:791] Discarding reconstruction due to bad initial pair
I20260910 06:20:32.368037 0x1fa65e140 incremental_pipeline.cc:487] => Provided pair is unsuitable for initialization.
I20260910 06:20:32.368039 0x1fa65e140 incremental_pipeline.cc:791] Discarding reconstruction due to bad initial pair
I20260910 06:20:32.369135 0x1fa65e140 incremental_pipeline.cc:487] => Provided pair is unsuitable for initialization.
I20260910 06:20:32.369137 0x1fa65e140 incremental_pipeline.cc:791] Discarding reconstruction due to bad initial pair
I20260910 06:20:32.371099 0x1fa65e140 incremental_pipeline.cc:487] => Provided pair is unsuitable for initialization.
I20260910 06:20:32.371102 0x1fa65e140 incremental_pipeline.cc:791] Discarding reconstruction due to bad initial pair
I20260910 06:20:32.373332 0x1fa65e140 incremental_pipeline.cc:487] => Provided pair is unsuitable for initialization.
I20260910 06:20:32.373335 0x1fa65e140 incremental_pipeline.cc:791] Discarding reconstruction due to bad initial pair
I20260910 06:20:32.374723 0x1fa65e140 incremental_pipeline.cc:487] => Provided pair is unsuitable for initialization.
I20260910 06:20:32.374725 0x1fa65e140 incremental_pipeline.cc:791] Discarding reconstruction due to bad initial pair
I20260910 06:20:32.376369 0x1fa65e140 incremental_pipeline.cc:487] => Provided pair is unsuitable for initialization.
I20260910 06:20:32.376372 0x1fa65e140 incremental_pipeline.cc:791] Discarding reconstruction due to bad initial pair
I20260910 06:20:32.378276 0x1fa65e140 incremental_pipeline.cc:487] => Provided pair is unsuitable for initialization.
I20260910 06:20:32.378279 0x1fa65e140 incremental_pipeline.cc:791] Discarding reconstruction due to bad initial pair
I20260910 06:20:32.379323 0x1fa65e140 incremental_pipeline.cc:487] => Provided pair is unsuitable for initialization.
I20260910 06:20:32.379325 0x1fa65e140 incremental_pipeline.cc:791] Discarding reconstruction due to bad initial pair
I20260910 06:20:32.381440 0x1fa65e140 incremental_pipeline.cc:487] => Provided pair is unsuitable for initialization.
I20260910 06:20:32.381442 0x1fa65e140 incremental_pipeline.cc:791] Discarding reconstruction due to bad initial pair
I20260910 06:20:32.383412 0x1fa65e140 incremental_pipeline.cc:487] => Provided pair is unsuitable for initialization.
I20260910 06:20:32.383415 0x1fa65e140 incremental_pipeline.cc:791] Discarding reconstruction due to bad initial pair
I20260910 06:20:32.385148 0x1fa65e140 incremental_pipeline.cc:487] => Provided pair is unsuitable for initialization.
I20260910 06:20:32.385151 0x1fa65e140 incremental_pipeline.cc:791] Discarding reconstruction due to bad initial pair
I20260910 06:20:32.387095 0x1fa65e140 incremental_pipeline.cc:487] => Provided pair is unsuitable for initialization.
I20260910 06:20:32.387098 0x1fa65e140 incremental_pipeline.cc:791] Discarding reconstruction due to bad initial pair
I20260910 06:20:32.388220 0x1fa65e140 incremental_pipeline.cc:487] => Provided pair is unsuitable for initialization.
I20260910 06:20:32.388225 0x1fa65e140 incremental_pipeline.cc:791] Discarding reconstruction due to bad initial pair
I20260910 06:20:32.390190 0x1fa65e140 incremental_pipeline.cc:487] => Provided pair is unsuitable for initialization.
I20260910 06:20:32.390193 0x1fa65e140 incremental_pipeline.cc:791] Discarding reconstruction due to bad initial pair
I20260910 06:20:32.391188 0x1fa65e140 incremental_pipeline.cc:487] => Provided pair is unsuitable for initialization.
I20260910 06:20:32.391191 0x1fa65e140 incremental_pipeline.cc:791] Discarding reconstruction due to bad initial pair
I20260910 06:20:32.393107 0x1fa65e140 incremental_pipeline.cc:487] => Provided pair is unsuitable for initialization.
I20260910 06:20:32.393109 0x1fa65e140 incremental_pipeline.cc:791] Discarding reconstruction due to bad initial pair
I20260910 06:20:32.395046 0x1fa65e140 incremental_pipeline.cc:487] => Provided pair is unsuitable for initialization.
I20260910 06:20:32.395049 0x1fa65e140 incremental_pipeline.cc:791] Discarding reconstruction due to bad initial pair
I20260910 06:20:32.396099 0x1fa65e140 incremental_pipeline.cc:487] => Provided pair is unsuitable for initialization.
I20260910 06:20:32.396102 0x1fa65e140 incremental_pipeline.cc:791] Discarding reconstruction due to bad initial pair
I20260910 06:20:32.398168 0x1fa65e140 incremental_pipeline.cc:487] => Provided pair is unsuitable for initialization.
I20260910 06:20:32.398171 0x1fa65e140 incremental_pipeline.cc:791] Discarding reconstruction due to bad initial pair
I20260910 06:20:32.399280 0x1fa65e140 incremental_pipeline.cc:487] => Provided pair is unsuitable for initialization.
I20260910 06:20:32.399283 0x1fa65e140 incremental_pipeline.cc:791] Discarding reconstruction due to bad initial pair
I20260910 06:20:32.401093 0x1fa65e140 incremental_pipeline.cc:487] => Provided pair is unsuitable for initialization.
I20260910 06:20:32.401096 0x1fa65e140 incremental_pipeline.cc:791] Discarding reconstruction due to bad initial pair
I20260910 06:20:32.403084 0x1fa65e140 incremental_pipeline.cc:487] => Provided pair is unsuitable for initialization.
I20260910 06:20:32.403087 0x1fa65e140 incremental_pipeline.cc:791] Discarding reconstruction due to bad initial pair
I20260910 06:20:32.404076 0x1fa65e140 incremental_pipeline.cc:487] => Provided pair is unsuitable for initialization.
I20260910 06:20:32.404079 0x1fa65e140 incremental_pipeline.cc:791] Discarding reconstruction due to bad initial pair
I20260910 06:20:32.405153 0x1fa65e140 incremental_pipeline.cc:487] => Provided pair is unsuitable for initialization.
I20260910 06:20:32.405156 0x1fa65e140 incremental_pipeline.cc:791] Discarding reconstruction due to bad initial pair
I20260910 06:20:32.407164 0x1fa65e140 incremental_pipeline.cc:487] => Provided pair is unsuitable for initialization.
I20260910 06:20:32.407167 0x1fa65e140 incremental_pipeline.cc:791] Discarding reconstruction due to bad initial pair
I20260910 06:20:32.408328 0x1fa65e140 incremental_pipeline.cc:487] => Provided pair is unsuitable for initialization.
I20260910 06:20:32.408333 0x1fa65e140 incremental_pipeline.cc:791] Discarding reconstruction due to bad initial pair
I20260910 06:20:32.410390 0x1fa65e140 incremental_pipeline.cc:487] => Provided pair is unsuitable for initialization.
I20260910 06:20:32.410392 0x1fa65e140 incremental_pipeline.cc:791] Discarding reconstruction due to bad initial pair
I20260910 06:20:32.413048 0x1fa65e140 incremental_pipeline.cc:487] => Provided pair is unsuitable for initialization.
I20260910 06:20:32.413050 0x1fa65e140 incremental_pipeline.cc:791] Discarding reconstruction due to bad initial pair
I20260910 06:20:32.415183 0x1fa65e140 incremental_pipeline.cc:487] => Provided pair is unsuitable for initialization.
I20260910 06:20:32.415189 0x1fa65e140 incremental_pipeline.cc:791] Discarding reconstruction due to bad initial pair
I20260910 06:20:32.417833 0x1fa65e140 incremental_pipeline.cc:487] => Provided pair is unsuitable for initialization.
I20260910 06:20:32.417835 0x1fa65e140 incremental_pipeline.cc:791] Discarding reconstruction due to bad initial pair
I20260910 06:20:32.419193 0x1fa65e140 incremental_pipeline.cc:487] => Provided pair is unsuitable for initialization.
I20260910 06:20:32.419195 0x1fa65e140 incremental_pipeline.cc:791] Discarding reconstruction due to bad initial pair
I20260910 06:20:32.420980 0x1fa65e140 incremental_pipeline.cc:487] => Provided pair is unsuitable for initialization.
I20260910 06:20:32.420984 0x1fa65e140 incremental_pipeline.cc:791] Discarding reconstruction due to bad initial pair
I20260910 06:20:32.424003 0x1fa65e140 incremental_pipeline.cc:487] => Provided pair is unsuitable for initialization.
I20260910 06:20:32.424006 0x1fa65e140 incremental_pipeline.cc:791] Discarding reconstruction due to bad initial pair
I20260910 06:20:32.425813 0x1fa65e140 incremental_pipeline.cc:487] => Provided pair is unsuitable for initialization.
I20260910 06:20:32.425815 0x1fa65e140 incremental_pipeline.cc:791] Discarding reconstruction due to bad initial pair
I20260910 06:20:32.427413 0x1fa65e140 incremental_pipeline.cc:487] => Provided pair is unsuitable for initialization.
I20260910 06:20:32.427416 0x1fa65e140 incremental_pipeline.cc:791] Discarding reconstruction due to bad initial pair
I20260910 06:20:32.429251 0x1fa65e140 incremental_pipeline.cc:487] => Provided pair is unsuitable for initialization.
I20260910 06:20:32.429254 0x1fa65e140 incremental_pipeline.cc:791] Discarding reconstruction due to bad initial pair
I20260910 06:20:32.430255 0x1fa65e140 incremental_pipeline.cc:487] => Provided pair is unsuitable for initialization.
I20260910 06:20:32.430259 0x1fa65e140 incremental_pipeline.cc:791] Discarding reconstruction due to bad initial pair
I20260910 06:20:32.432395 0x1fa65e140 incremental_pipeline.cc:487] => Provided pair is unsuitable for initialization.
I20260910 06:20:32.432398 0x1fa65e140 incremental_pipeline.cc:791] Discarding reconstruction due to bad initial pair
I20260910 06:20:32.434261 0x1fa65e140 incremental_pipeline.cc:487] => Provided pair is unsuitable for initialization.
I20260910 06:20:32.434263 0x1fa65e140 incremental_pipeline.cc:791] Discarding reconstruction due to bad initial pair
I20260910 06:20:32.436524 0x1fa65e140 incremental_pipeline.cc:487] => Provided pair is unsuitable for initialization.
I20260910 06:20:32.436527 0x1fa65e140 incremental_pipeline.cc:791] Discarding reconstruction due to bad initial pair
I20260910 06:20:32.438777 0x1fa65e140 incremental_pipeline.cc:487] => Provided pair is unsuitable for initialization.
I20260910 06:20:32.438780 0x1fa65e140 incremental_pipeline.cc:791] Discarding reconstruction due to bad initial pair
I20260910 06:20:32.440586 0x1fa65e140 incremental_pipeline.cc:487] => Provided pair is unsuitable for initialization.
I20260910 06:20:32.440589 0x1fa65e140 incremental_pipeline.cc:791] Discarding reconstruction due to bad initial pair
I20260910 06:20:32.441695 0x1fa65e140 incremental_pipeline.cc:487] => Provided pair is unsuitable for initialization.
I20260910 06:20:32.441697 0x1fa65e140 incremental_pipeline.cc:791] Discarding reconstruction due to bad initial pair
I20260910 06:20:32.443886 0x1fa65e140 incremental_pipeline.cc:487] => Provided pair is unsuitable for initialization.
I20260910 06:20:32.443889 0x1fa65e140 incremental_pipeline.cc:791] Discarding reconstruction due to bad initial pair
I20260910 06:20:32.446096 0x1fa65e140 incremental_pipeline.cc:487] => Provided pair is unsuitable for initialization.
I20260910 06:20:32.446099 0x1fa65e140 incremental_pipeline.cc:791] Discarding reconstruction due to bad initial pair
I20260910 06:20:32.447821 0x1fa65e140 incremental_pipeline.cc:487] => Provided pair is unsuitable for initialization.
I20260910 06:20:32.447824 0x1fa65e140 incremental_pipeline.cc:791] Discarding reconstruction due to bad initial pair
I20260910 06:20:32.448747 0x1fa65e140 incremental_pipeline.cc:487] => Provided pair is unsuitable for initialization.
I20260910 06:20:32.448750 0x1fa65e140 incremental_pipeline.cc:791] Discarding reconstruction due to bad initial pair
I20260910 06:20:32.451773 0x1fa65e140 incremental_pipeline.cc:487] => Provided pair is unsuitable for initialization.
I20260910 06:20:32.451776 0x1fa65e140 incremental_pipeline.cc:791] Discarding reconstruction due to bad initial pair
I20260910 06:20:32.453929 0x1fa65e140 incremental_pipeline.cc:487] => Provided pair is unsuitable for initialization.
I20260910 06:20:32.453933 0x1fa65e140 incremental_pipeline.cc:791] Discarding reconstruction due to bad initial pair
I20260910 06:20:32.454946 0x1fa65e140 incremental_pipeline.cc:487] => Provided pair is unsuitable for initialization.
I20260910 06:20:32.454948 0x1fa65e140 incremental_pipeline.cc:791] Discarding reconstruction due to bad initial pair
I20260910 06:20:32.456269 0x1fa65e140 incremental_pipeline.cc:487] => Provided pair is unsuitable for initialization.
I20260910 06:20:32.456272 0x1fa65e140 incremental_pipeline.cc:791] Discarding reconstruction due to bad initial pair
I20260910 06:20:32.458398 0x1fa65e140 incremental_pipeline.cc:487] => Provided pair is unsuitable for initialization.
I20260910 06:20:32.458401 0x1fa65e140 incremental_pipeline.cc:791] Discarding reconstruction due to bad initial pair
I20260910 06:20:32.461068 0x1fa65e140 incremental_pipeline.cc:487] => Provided pair is unsuitable for initialization.
I20260910 06:20:32.461070 0x1fa65e140 incremental_pipeline.cc:791] Discarding reconstruction due to bad initial pair
I20260910 06:20:32.463008 0x1fa65e140 incremental_pipeline.cc:487] => Provided pair is unsuitable for initialization.
I20260910 06:20:32.463011 0x1fa65e140 incremental_pipeline.cc:791] Discarding reconstruction due to bad initial pair
I20260910 06:20:32.466267 0x1fa65e140 incremental_pipeline.cc:487] => Provided pair is unsuitable for initialization.
I20260910 06:20:32.466270 0x1fa65e140 incremental_pipeline.cc:791] Discarding reconstruction due to bad initial pair
I20260910 06:20:32.467485 0x1fa65e140 incremental_pipeline.cc:487] => Provided pair is unsuitable for initialization.
I20260910 06:20:32.467487 0x1fa65e140 incremental_pipeline.cc:791] Discarding reconstruction due to bad initial pair
I20260910 06:20:32.469404 0x1fa65e140 incremental_pipeline.cc:487] => Provided pair is unsuitable for initialization.
I20260910 06:20:32.469407 0x1fa65e140 incremental_pipeline.cc:791] Discarding reconstruction due to bad initial pair
I20260910 06:20:32.470909 0x1fa65e140 incremental_pipeline.cc:487] => Provided pair is unsuitable for initialization.
I20260910 06:20:32.470911 0x1fa65e140 incremental_pipeline.cc:791] Discarding reconstruction due to bad initial pair
I20260910 06:20:32.471819 0x1fa65e140 incremental_pipeline.cc:487] => Provided pair is unsuitable for initialization.
I20260910 06:20:32.471822 0x1fa65e140 incremental_pipeline.cc:791] Discarding reconstruction due to bad initial pair
I20260910 06:20:32.474275 0x1fa65e140 incremental_pipeline.cc:487] => Provided pair is unsuitable for initialization.
I20260910 06:20:32.474278 0x1fa65e140 incremental_pipeline.cc:791] Discarding reconstruction due to bad initial pair
I20260910 06:20:32.476812 0x1fa65e140 incremental_pipeline.cc:487] => Provided pair is unsuitable for initialization.
I20260910 06:20:32.476815 0x1fa65e140 incremental_pipeline.cc:791] Discarding reconstruction due to bad initial pair
I20260910 06:20:32.477833 0x1fa65e140 incremental_pipeline.cc:487] => Provided pair is unsuitable for initialization.
I20260910 06:20:32.477838 0x1fa65e140 incremental_pipeline.cc:791] Discarding reconstruction due to bad initial pair
I20260910 06:20:32.479770 0x1fa65e140 incremental_pipeline.cc:487] => Provided pair is unsuitable for initialization.
I20260910 06:20:32.479773 0x1fa65e140 incremental_pipeline.cc:791] Discarding reconstruction due to bad initial pair
I20260910 06:20:32.481760 0x1fa65e140 incremental_pipeline.cc:487] => Provided pair is unsuitable for initialization.
I20260910 06:20:32.481766 0x1fa65e140 incremental_pipeline.cc:791] Discarding reconstruction due to bad initial pair
I20260910 06:20:32.483590 0x1fa65e140 incremental_pipeline.cc:487] => Provided pair is unsuitable for initialization.
I20260910 06:20:32.483593 0x1fa65e140 incremental_pipeline.cc:791] Discarding reconstruction due to bad initial pair
I20260910 06:20:32.486007 0x1fa65e140 incremental_pipeline.cc:487] => Provided pair is unsuitable for initialization.
I20260910 06:20:32.486010 0x1fa65e140 incremental_pipeline.cc:791] Discarding reconstruction due to bad initial pair
I20260910 06:20:32.487095 0x1fa65e140 incremental_pipeline.cc:487] => Provided pair is unsuitable for initialization.
I20260910 06:20:32.487097 0x1fa65e140 incremental_pipeline.cc:791] Discarding reconstruction due to bad initial pair
I20260910 06:20:32.488846 0x1fa65e140 incremental_pipeline.cc:487] => Provided pair is unsuitable for initialization.
I20260910 06:20:32.488849 0x1fa65e140 incremental_pipeline.cc:791] Discarding reconstruction due to bad initial pair
I20260910 06:20:32.490737 0x1fa65e140 incremental_pipeline.cc:487] => Provided pair is unsuitable for initialization.
I20260910 06:20:32.490740 0x1fa65e140 incremental_pipeline.cc:791] Discarding reconstruction due to bad initial pair
I20260910 06:20:32.492378 0x1fa65e140 incremental_pipeline.cc:487] => Provided pair is unsuitable for initialization.
I20260910 06:20:32.492382 0x1fa65e140 incremental_pipeline.cc:791] Discarding reconstruction due to bad initial pair
I20260910 06:20:32.493953 0x1fa65e140 incremental_pipeline.cc:487] => Provided pair is unsuitable for initialization.
I20260910 06:20:32.493956 0x1fa65e140 incremental_pipeline.cc:791] Discarding reconstruction due to bad initial pair
I20260910 06:20:32.495889 0x1fa65e140 incremental_pipeline.cc:487] => Provided pair is unsuitable for initialization.
I20260910 06:20:32.495892 0x1fa65e140 incremental_pipeline.cc:791] Discarding reconstruction due to bad initial pair
I20260910 06:20:32.497893 0x1fa65e140 incremental_pipeline.cc:487] => Provided pair is unsuitable for initialization.
I20260910 06:20:32.497898 0x1fa65e140 incremental_pipeline.cc:791] Discarding reconstruction due to bad initial pair
I20260910 06:20:32.500320 0x1fa65e140 incremental_pipeline.cc:487] => Provided pair is unsuitable for initialization.
I20260910 06:20:32.500322 0x1fa65e140 incremental_pipeline.cc:791] Discarding reconstruction due to bad initial pair
I20260910 06:20:32.501391 0x1fa65e140 incremental_pipeline.cc:487] => Provided pair is unsuitable for initialization.
I20260910 06:20:32.501394 0x1fa65e140 incremental_pipeline.cc:791] Discarding reconstruction due to bad initial pair
I20260910 06:20:32.502424 0x1fa65e140 incremental_pipeline.cc:487] => Provided pair is unsuitable for initialization.
I20260910 06:20:32.502426 0x1fa65e140 incremental_pipeline.cc:791] Discarding reconstruction due to bad initial pair
I20260910 06:20:32.504024 0x1fa65e140 incremental_pipeline.cc:487] => Provided pair is unsuitable for initialization.
I20260910 06:20:32.504027 0x1fa65e140 incremental_pipeline.cc:791] Discarding reconstruction due to bad initial pair
I20260910 06:20:32.505011 0x1fa65e140 incremental_pipeline.cc:487] => Provided pair is unsuitable for initialization.
I20260910 06:20:32.505013 0x1fa65e140 incremental_pipeline.cc:791] Discarding reconstruction due to bad initial pair
I20260910 06:20:32.506842 0x1fa65e140 incremental_pipeline.cc:487] => Provided pair is unsuitable for initialization.
I20260910 06:20:32.506844 0x1fa65e140 incremental_pipeline.cc:791] Discarding reconstruction due to bad initial pair
I20260910 06:20:32.508542 0x1fa65e140 incremental_pipeline.cc:487] => Provided pair is unsuitable for initialization.
I20260910 06:20:32.508544 0x1fa65e140 incremental_pipeline.cc:791] Discarding reconstruction due to bad initial pair
I20260910 06:20:32.510603 0x1fa65e140 incremental_pipeline.cc:487] => Provided pair is unsuitable for initialization.
I20260910 06:20:32.510606 0x1fa65e140 incremental_pipeline.cc:791] Discarding reconstruction due to bad initial pair
I20260910 06:20:32.511571 0x1fa65e140 incremental_pipeline.cc:487] => Provided pair is unsuitable for initialization.
I20260910 06:20:32.511573 0x1fa65e140 incremental_pipeline.cc:791] Discarding reconstruction due to bad initial pair
I20260910 06:20:32.513525 0x1fa65e140 incremental_pipeline.cc:487] => Provided pair is unsuitable for initialization.
I20260910 06:20:32.513528 0x1fa65e140 incremental_pipeline.cc:791] Discarding reconstruction due to bad initial pair
I20260910 06:20:32.515367 0x1fa65e140 incremental_pipeline.cc:487] => Provided pair is unsuitable for initialization.
I20260910 06:20:32.515369 0x1fa65e140 incremental_pipeline.cc:791] Discarding reconstruction due to bad initial pair
I20260910 06:20:32.516442 0x1fa65e140 incremental_pipeline.cc:487] => Provided pair is unsuitable for initialization.
I20260910 06:20:32.516444 0x1fa65e140 incremental_pipeline.cc:791] Discarding reconstruction due to bad initial pair
I20260910 06:20:32.517992 0x1fa65e140 incremental_pipeline.cc:487] => Provided pair is unsuitable for initialization.
I20260910 06:20:32.517997 0x1fa65e140 incremental_pipeline.cc:791] Discarding reconstruction due to bad initial pair
I20260910 06:20:32.518933 0x1fa65e140 incremental_pipeline.cc:487] => Provided pair is unsuitable for initialization.
I20260910 06:20:32.518936 0x1fa65e140 incremental_pipeline.cc:791] Discarding reconstruction due to bad initial pair
I20260910 06:20:32.520900 0x1fa65e140 incremental_pipeline.cc:487] => Provided pair is unsuitable for initialization.
I20260910 06:20:32.520903 0x1fa65e140 incremental_pipeline.cc:791] Discarding reconstruction due to bad initial pair
I20260910 06:20:32.521886 0x1fa65e140 incremental_pipeline.cc:487] => Provided pair is unsuitable for initialization.
I20260910 06:20:32.521888 0x1fa65e140 incremental_pipeline.cc:791] Discarding reconstruction due to bad initial pair
I20260910 06:20:32.523583 0x1fa65e140 incremental_pipeline.cc:487] => Provided pair is unsuitable for initialization.
I20260910 06:20:32.523586 0x1fa65e140 incremental_pipeline.cc:791] Discarding reconstruction due to bad initial pair
I20260910 06:20:32.524413 0x1fa65e140 incremental_pipeline.cc:487] => Provided pair is unsuitable for initialization.
I20260910 06:20:32.524416 0x1fa65e140 incremental_pipeline.cc:791] Discarding reconstruction due to bad initial pair
I20260910 06:20:32.526507 0x1fa65e140 incremental_pipeline.cc:487] => Provided pair is unsuitable for initialization.
I20260910 06:20:32.526509 0x1fa65e140 incremental_pipeline.cc:791] Discarding reconstruction due to bad initial pair
I20260910 06:20:32.527332 0x1fa65e140 incremental_pipeline.cc:487] => Provided pair is unsuitable for initialization.
I20260910 06:20:32.527335 0x1fa65e140 incremental_pipeline.cc:791] Discarding reconstruction due to bad initial pair
I20260910 06:20:32.528906 0x1fa65e140 incremental_pipeline.cc:487] => Provided pair is unsuitable for initialization.
I20260910 06:20:32.528909 0x1fa65e140 incremental_pipeline.cc:791] Discarding reconstruction due to bad initial pair
I20260910 06:20:32.531169 0x1fa65e140 incremental_pipeline.cc:487] => Provided pair is unsuitable for initialization.
I20260910 06:20:32.531171 0x1fa65e140 incremental_pipeline.cc:791] Discarding reconstruction due to bad initial pair
I20260910 06:20:32.533503 0x1fa65e140 incremental_pipeline.cc:487] => Provided pair is unsuitable for initialization.
I20260910 06:20:32.533506 0x1fa65e140 incremental_pipeline.cc:791] Discarding reconstruction due to bad initial pair
I20260910 06:20:32.534758 0x1fa65e140 incremental_pipeline.cc:487] => Provided pair is unsuitable for initialization.
I20260910 06:20:32.534761 0x1fa65e140 incremental_pipeline.cc:791] Discarding reconstruction due to bad initial pair
I20260910 06:20:32.536732 0x1fa65e140 incremental_pipeline.cc:487] => Provided pair is unsuitable for initialization.
I20260910 06:20:32.536735 0x1fa65e140 incremental_pipeline.cc:791] Discarding reconstruction due to bad initial pair
I20260910 06:20:32.539159 0x1fa65e140 incremental_pipeline.cc:487] => Provided pair is unsuitable for initialization.
I20260910 06:20:32.539167 0x1fa65e140 incremental_pipeline.cc:791] Discarding reconstruction due to bad initial pair
I20260910 06:20:32.541317 0x1fa65e140 incremental_pipeline.cc:487] => Provided pair is unsuitable for initialization.
I20260910 06:20:32.541319 0x1fa65e140 incremental_pipeline.cc:791] Discarding reconstruction due to bad initial pair
I20260910 06:20:32.543533 0x1fa65e140 incremental_pipeline.cc:487] => Provided pair is unsuitable for initialization.
I20260910 06:20:32.543535 0x1fa65e140 incremental_pipeline.cc:791] Discarding reconstruction due to bad initial pair
I20260910 06:20:32.545521 0x1fa65e140 incremental_pipeline.cc:487] => Provided pair is unsuitable for initialization.
I20260910 06:20:32.545523 0x1fa65e140 incremental_pipeline.cc:791] Discarding reconstruction due to bad initial pair
I20260910 06:20:32.546427 0x1fa65e140 incremental_pipeline.cc:487] => Provided pair is unsuitable for initialization.
I20260910 06:20:32.546429 0x1fa65e140 incremental_pipeline.cc:791] Discarding reconstruction due to bad initial pair
I20260910 06:20:32.547731 0x1fa65e140 incremental_pipeline.cc:487] => Provided pair is unsuitable for initialization.
I20260910 06:20:32.547733 0x1fa65e140 incremental_pipeline.cc:791] Discarding reconstruction due to bad initial pair
I20260910 06:20:32.549854 0x1fa65e140 incremental_pipeline.cc:487] => Provided pair is unsuitable for initialization.
I20260910 06:20:32.549857 0x1fa65e140 incremental_pipeline.cc:791] Discarding reconstruction due to bad initial pair
I20260910 06:20:32.551863 0x1fa65e140 incremental_pipeline.cc:487] => Provided pair is unsuitable for initialization.
I20260910 06:20:32.551865 0x1fa65e140 incremental_pipeline.cc:791] Discarding reconstruction due to bad initial pair
I20260910 06:20:32.553900 0x1fa65e140 incremental_pipeline.cc:487] => Provided pair is unsuitable for initialization.
I20260910 06:20:32.553903 0x1fa65e140 incremental_pipeline.cc:791] Discarding reconstruction due to bad initial pair
I20260910 06:20:32.555703 0x1fa65e140 incremental_pipeline.cc:487] => Provided pair is unsuitable for initialization.
I20260910 06:20:32.555705 0x1fa65e140 incremental_pipeline.cc:791] Discarding reconstruction due to bad initial pair
I20260910 06:20:32.557496 0x1fa65e140 incremental_pipeline.cc:487] => Provided pair is unsuitable for initialization.
I20260910 06:20:32.557498 0x1fa65e140 incremental_pipeline.cc:791] Discarding reconstruction due to bad initial pair
I20260910 06:20:32.559413 0x1fa65e140 incremental_pipeline.cc:487] => Provided pair is unsuitable for initialization.
I20260910 06:20:32.559415 0x1fa65e140 incremental_pipeline.cc:791] Discarding reconstruction due to bad initial pair
I20260910 06:20:32.561455 0x1fa65e140 incremental_pipeline.cc:487] => Provided pair is unsuitable for initialization.
I20260910 06:20:32.561457 0x1fa65e140 incremental_pipeline.cc:791] Discarding reconstruction due to bad initial pair
I20260910 06:20:32.562610 0x1fa65e140 incremental_pipeline.cc:487] => Provided pair is unsuitable for initialization.
I20260910 06:20:32.562612 0x1fa65e140 incremental_pipeline.cc:791] Discarding reconstruction due to bad initial pair
I20260910 06:20:32.564345 0x1fa65e140 incremental_pipeline.cc:487] => Provided pair is unsuitable for initialization.
I20260910 06:20:32.564347 0x1fa65e140 incremental_pipeline.cc:791] Discarding reconstruction due to bad initial pair
I20260910 06:20:32.565708 0x1fa65e140 incremental_pipeline.cc:487] => Provided pair is unsuitable for initialization.
I20260910 06:20:32.565710 0x1fa65e140 incremental_pipeline.cc:791] Discarding reconstruction due to bad initial pair
I20260910 06:20:32.567049 0x1fa65e140 incremental_pipeline.cc:487] => Provided pair is unsuitable for initialization.
I20260910 06:20:32.567052 0x1fa65e140 incremental_pipeline.cc:791] Discarding reconstruction due to bad initial pair
I20260910 06:20:32.568145 0x1fa65e140 incremental_pipeline.cc:487] => Provided pair is unsuitable for initialization.
I20260910 06:20:32.568152 0x1fa65e140 incremental_pipeline.cc:791] Discarding reconstruction due to bad initial pair
I20260910 06:20:32.569963 0x1fa65e140 incremental_pipeline.cc:487] => Provided pair is unsuitable for initialization.
I20260910 06:20:32.569965 0x1fa65e140 incremental_pipeline.cc:791] Discarding reconstruction due to bad initial pair
I20260910 06:20:32.572472 0x1fa65e140 incremental_pipeline.cc:487] => Provided pair is unsuitable for initialization.
I20260910 06:20:32.572475 0x1fa65e140 incremental_pipeline.cc:791] Discarding reconstruction due to bad initial pair
I20260910 06:20:32.573561 0x1fa65e140 incremental_pipeline.cc:487] => Provided pair is unsuitable for initialization.
I20260910 06:20:32.573563 0x1fa65e140 incremental_pipeline.cc:791] Discarding reconstruction due to bad initial pair
I20260910 06:20:32.575565 0x1fa65e140 incremental_pipeline.cc:487] => Provided pair is unsuitable for initialization.
I20260910 06:20:32.575567 0x1fa65e140 incremental_pipeline.cc:791] Discarding reconstruction due to bad initial pair
I20260910 06:20:32.576692 0x1fa65e140 incremental_pipeline.cc:487] => Provided pair is unsuitable for initialization.
I20260910 06:20:32.576694 0x1fa65e140 incremental_pipeline.cc:791] Discarding reconstruction due to bad initial pair
I20260910 06:20:32.578837 0x1fa65e140 incremental_pipeline.cc:487] => Provided pair is unsuitable for initialization.
I20260910 06:20:32.578839 0x1fa65e140 incremental_pipeline.cc:791] Discarding reconstruction due to bad initial pair
I20260910 06:20:32.580438 0x1fa65e140 incremental_pipeline.cc:487] => Provided pair is unsuitable for initialization.
I20260910 06:20:32.580440 0x1fa65e140 incremental_pipeline.cc:791] Discarding reconstruction due to bad initial pair
I20260910 06:20:32.581277 0x1fa65e140 incremental_pipeline.cc:487] => Provided pair is unsuitable for initialization.
I20260910 06:20:32.581279 0x1fa65e140 incremental_pipeline.cc:791] Discarding reconstruction due to bad initial pair
I20260910 06:20:32.585268 0x1fa65e140 incremental_pipeline.cc:487] => Provided pair is unsuitable for initialization.
I20260910 06:20:32.585270 0x1fa65e140 incremental_pipeline.cc:791] Discarding reconstruction due to bad initial pair
I20260910 06:20:32.587771 0x1fa65e140 incremental_pipeline.cc:487] => Provided pair is unsuitable for initialization.
I20260910 06:20:32.587773 0x1fa65e140 incremental_pipeline.cc:791] Discarding reconstruction due to bad initial pair
I20260910 06:20:32.591082 0x1fa65e140 incremental_pipeline.cc:487] => Provided pair is unsuitable for initialization.
I20260910 06:20:32.591084 0x1fa65e140 incremental_pipeline.cc:791] Discarding reconstruction due to bad initial pair
I20260910 06:20:32.593467 0x1fa65e140 incremental_pipeline.cc:487] => Provided pair is unsuitable for initialization.
I20260910 06:20:32.593469 0x1fa65e140 incremental_pipeline.cc:791] Discarding reconstruction due to bad initial pair
I20260910 06:20:32.594433 0x1fa65e140 incremental_pipeline.cc:487] => Provided pair is unsuitable for initialization.
I20260910 06:20:32.594435 0x1fa65e140 incremental_pipeline.cc:791] Discarding reconstruction due to bad initial pair
I20260910 06:20:32.596483 0x1fa65e140 incremental_pipeline.cc:487] => Provided pair is unsuitable for initialization.
I20260910 06:20:32.596485 0x1fa65e140 incremental_pipeline.cc:791] Discarding reconstruction due to bad initial pair
I20260910 06:20:32.598525 0x1fa65e140 incremental_pipeline.cc:487] => Provided pair is unsuitable for initialization.
I20260910 06:20:32.598527 0x1fa65e140 incremental_pipeline.cc:791] Discarding reconstruction due to bad initial pair
I20260910 06:20:32.600189 0x1fa65e140 incremental_pipeline.cc:487] => Provided pair is unsuitable for initialization.
I20260910 06:20:32.600191 0x1fa65e140 incremental_pipeline.cc:791] Discarding reconstruction due to bad initial pair
I20260910 06:20:32.601191 0x1fa65e140 incremental_pipeline.cc:487] => Provided pair is unsuitable for initialization.
I20260910 06:20:32.601194 0x1fa65e140 incremental_pipeline.cc:791] Discarding reconstruction due to bad initial pair
I20260910 06:20:32.602104 0x1fa65e140 incremental_pipeline.cc:487] => Provided pair is unsuitable for initialization.
I20260910 06:20:32.602107 0x1fa65e140 incremental_pipeline.cc:791] Discarding reconstruction due to bad initial pair
I20260910 06:20:32.603606 0x1fa65e140 incremental_pipeline.cc:487] => Provided pair is unsuitable for initialization.
I20260910 06:20:32.603608 0x1fa65e140 incremental_pipeline.cc:791] Discarding reconstruction due to bad initial pair
I20260910 06:20:32.606296 0x1fa65e140 incremental_pipeline.cc:487] => Provided pair is unsuitable for initialization.
I20260910 06:20:32.606299 0x1fa65e140 incremental_pipeline.cc:791] Discarding reconstruction due to bad initial pair
I20260910 06:20:32.608451 0x1fa65e140 incremental_pipeline.cc:487] => Provided pair is unsuitable for initialization.
I20260910 06:20:32.608454 0x1fa65e140 incremental_pipeline.cc:791] Discarding reconstruction due to bad initial pair
I20260910 06:20:32.610366 0x1fa65e140 incremental_pipeline.cc:487] => Provided pair is unsuitable for initialization.
I20260910 06:20:32.610369 0x1fa65e140 incremental_pipeline.cc:791] Discarding reconstruction due to bad initial pair
I20260910 06:20:32.612400 0x1fa65e140 incremental_pipeline.cc:487] => Provided pair is unsuitable for initialization.
I20260910 06:20:32.612403 0x1fa65e140 incremental_pipeline.cc:791] Discarding reconstruction due to bad initial pair
I20260910 06:20:32.614872 0x1fa65e140 incremental_pipeline.cc:487] => Provided pair is unsuitable for initialization.
I20260910 06:20:32.614875 0x1fa65e140 incremental_pipeline.cc:791] Discarding reconstruction due to bad initial pair
I20260910 06:20:32.616474 0x1fa65e140 incremental_pipeline.cc:487] => Provided pair is unsuitable for initialization.
I20260910 06:20:32.616477 0x1fa65e140 incremental_pipeline.cc:791] Discarding reconstruction due to bad initial pair
I20260910 06:20:32.618684 0x1fa65e140 incremental_pipeline.cc:487] => Provided pair is unsuitable for initialization.
I20260910 06:20:32.618687 0x1fa65e140 incremental_pipeline.cc:791] Discarding reconstruction due to bad initial pair
I20260910 06:20:32.620614 0x1fa65e140 incremental_pipeline.cc:487] => Provided pair is unsuitable for initialization.
I20260910 06:20:32.620617 0x1fa65e140 incremental_pipeline.cc:791] Discarding reconstruction due to bad initial pair
I20260910 06:20:32.621609 0x1fa65e140 incremental_pipeline.cc:487] => Provided pair is unsuitable for initialization.
I20260910 06:20:32.621612 0x1fa65e140 incremental_pipeline.cc:791] Discarding reconstruction due to bad initial pair
I20260910 06:20:32.623471 0x1fa65e140 incremental_pipeline.cc:487] => Provided pair is unsuitable for initialization.
I20260910 06:20:32.623474 0x1fa65e140 incremental_pipeline.cc:791] Discarding reconstruction due to bad initial pair
I20260910 06:20:32.624613 0x1fa65e140 incremental_pipeline.cc:487] => Provided pair is unsuitable for initialization.
I20260910 06:20:32.624615 0x1fa65e140 incremental_pipeline.cc:791] Discarding reconstruction due to bad initial pair
I20260910 06:20:32.627254 0x1fa65e140 incremental_pipeline.cc:487] => Provided pair is unsuitable for initialization.
I20260910 06:20:32.627257 0x1fa65e140 incremental_pipeline.cc:791] Discarding reconstruction due to bad initial pair
I20260910 06:20:32.629529 0x1fa65e140 incremental_pipeline.cc:487] => Provided pair is unsuitable for initialization.
I20260910 06:20:32.629532 0x1fa65e140 incremental_pipeline.cc:791] Discarding reconstruction due to bad initial pair
I20260910 06:20:32.631353 0x1fa65e140 incremental_pipeline.cc:487] => Provided pair is unsuitable for initialization.
I20260910 06:20:32.631356 0x1fa65e140 incremental_pipeline.cc:791] Discarding reconstruction due to bad initial pair
I20260910 06:20:32.633318 0x1fa65e140 incremental_pipeline.cc:487] => Provided pair is unsuitable for initialization.
I20260910 06:20:32.633321 0x1fa65e140 incremental_pipeline.cc:791] Discarding reconstruction due to bad initial pair
I20260910 06:20:32.634893 0x1fa65e140 incremental_pipeline.cc:487] => Provided pair is unsuitable for initialization.
I20260910 06:20:32.634905 0x1fa65e140 incremental_pipeline.cc:791] Discarding reconstruction due to bad initial pair
I20260910 06:20:32.636696 0x1fa65e140 incremental_pipeline.cc:487] => Provided pair is unsuitable for initialization.
I20260910 06:20:32.636699 0x1fa65e140 incremental_pipeline.cc:791] Discarding reconstruction due to bad initial pair
I20260910 06:20:32.638842 0x1fa65e140 incremental_pipeline.cc:487] => Provided pair is unsuitable for initialization.
I20260910 06:20:32.638845 0x1fa65e140 incremental_pipeline.cc:791] Discarding reconstruction due to bad initial pair
I20260910 06:20:32.640559 0x1fa65e140 incremental_pipeline.cc:487] => Provided pair is unsuitable for initialization.
I20260910 06:20:32.640562 0x1fa65e140 incremental_pipeline.cc:791] Discarding reconstruction due to bad initial pair
I20260910 06:20:32.641501 0x1fa65e140 incremental_pipeline.cc:487] => Provided pair is unsuitable for initialization.
I20260910 06:20:32.641504 0x1fa65e140 incremental_pipeline.cc:791] Discarding reconstruction due to bad initial pair
I20260910 06:20:32.642351 0x1fa65e140 incremental_pipeline.cc:487] => Provided pair is unsuitable for initialization.
I20260910 06:20:32.642354 0x1fa65e140 incremental_pipeline.cc:791] Discarding reconstruction due to bad initial pair
I20260910 06:20:32.643454 0x1fa65e140 incremental_pipeline.cc:487] => Provided pair is unsuitable for initialization.
I20260910 06:20:32.643456 0x1fa65e140 incremental_pipeline.cc:791] Discarding reconstruction due to bad initial pair
I20260910 06:20:32.644391 0x1fa65e140 incremental_pipeline.cc:487] => Provided pair is unsuitable for initialization.
I20260910 06:20:32.644393 0x1fa65e140 incremental_pipeline.cc:791] Discarding reconstruction due to bad initial pair
I20260910 06:20:32.646063 0x1fa65e140 incremental_pipeline.cc:487] => Provided pair is unsuitable for initialization.
I20260910 06:20:32.646065 0x1fa65e140 incremental_pipeline.cc:791] Discarding reconstruction due to bad initial pair
I20260910 06:20:32.647912 0x1fa65e140 incremental_pipeline.cc:487] => Provided pair is unsuitable for initialization.
I20260910 06:20:32.647914 0x1fa65e140 incremental_pipeline.cc:791] Discarding reconstruction due to bad initial pair
I20260910 06:20:32.650216 0x1fa65e140 incremental_pipeline.cc:487] => Provided pair is unsuitable for initialization.
I20260910 06:20:32.650218 0x1fa65e140 incremental_pipeline.cc:791] Discarding reconstruction due to bad initial pair
I20260910 06:20:32.652678 0x1fa65e140 incremental_pipeline.cc:487] => Provided pair is unsuitable for initialization.
I20260910 06:20:32.652680 0x1fa65e140 incremental_pipeline.cc:791] Discarding reconstruction due to bad initial pair
I20260910 06:20:32.654991 0x1fa65e140 incremental_pipeline.cc:487] => Provided pair is unsuitable for initialization.
I20260910 06:20:32.654993 0x1fa65e140 incremental_pipeline.cc:791] Discarding reconstruction due to bad initial pair
I20260910 06:20:32.656005 0x1fa65e140 incremental_pipeline.cc:487] => Provided pair is unsuitable for initialization.
I20260910 06:20:32.656007 0x1fa65e140 incremental_pipeline.cc:791] Discarding reconstruction due to bad initial pair
I20260910 06:20:32.656992 0x1fa65e140 incremental_pipeline.cc:487] => Provided pair is unsuitable for initialization.
I20260910 06:20:32.656994 0x1fa65e140 incremental_pipeline.cc:791] Discarding reconstruction due to bad initial pair
I20260910 06:20:32.658044 0x1fa65e140 incremental_pipeline.cc:487] => Provided pair is unsuitable for initialization.
I20260910 06:20:32.658046 0x1fa65e140 incremental_pipeline.cc:791] Discarding reconstruction due to bad initial pair
I20260910 06:20:32.660277 0x1fa65e140 incremental_pipeline.cc:487] => Provided pair is unsuitable for initialization.
I20260910 06:20:32.660280 0x1fa65e140 incremental_pipeline.cc:791] Discarding reconstruction due to bad initial pair
I20260910 06:20:32.662113 0x1fa65e140 incremental_pipeline.cc:487] => Provided pair is unsuitable for initialization.
I20260910 06:20:32.662116 0x1fa65e140 incremental_pipeline.cc:791] Discarding reconstruction due to bad initial pair
I20260910 06:20:32.663761 0x1fa65e140 incremental_pipeline.cc:487] => Provided pair is unsuitable for initialization.
I20260910 06:20:32.663763 0x1fa65e140 incremental_pipeline.cc:791] Discarding reconstruction due to bad initial pair
I20260910 06:20:32.665740 0x1fa65e140 incremental_pipeline.cc:487] => Provided pair is unsuitable for initialization.
I20260910 06:20:32.665743 0x1fa65e140 incremental_pipeline.cc:791] Discarding reconstruction due to bad initial pair
I20260910 06:20:32.668006 0x1fa65e140 incremental_pipeline.cc:487] => Provided pair is unsuitable for initialization.
I20260910 06:20:32.668008 0x1fa65e140 incremental_pipeline.cc:791] Discarding reconstruction due to bad initial pair
I20260910 06:20:32.669213 0x1fa65e140 incremental_pipeline.cc:487] => Provided pair is unsuitable for initialization.
I20260910 06:20:32.669216 0x1fa65e140 incremental_pipeline.cc:791] Discarding reconstruction due to bad initial pair
I20260910 06:20:32.671274 0x1fa65e140 incremental_pipeline.cc:487] => Provided pair is unsuitable for initialization.
I20260910 06:20:32.671276 0x1fa65e140 incremental_pipeline.cc:791] Discarding reconstruction due to bad initial pair
I20260910 06:20:32.673131 0x1fa65e140 incremental_pipeline.cc:487] => Provided pair is unsuitable for initialization.
I20260910 06:20:32.673133 0x1fa65e140 incremental_pipeline.cc:791] Discarding reconstruction due to bad initial pair
I20260910 06:20:32.674699 0x1fa65e140 incremental_pipeline.cc:487] => Provided pair is unsuitable for initialization.
I20260910 06:20:32.674702 0x1fa65e140 incremental_pipeline.cc:791] Discarding reconstruction due to bad initial pair
I20260910 06:20:32.676664 0x1fa65e140 incremental_pipeline.cc:487] => Provided pair is unsuitable for initialization.
I20260910 06:20:32.676667 0x1fa65e140 incremental_pipeline.cc:791] Discarding reconstruction due to bad initial pair
I20260910 06:20:32.678261 0x1fa65e140 incremental_pipeline.cc:487] => Provided pair is unsuitable for initialization.
I20260910 06:20:32.678266 0x1fa65e140 incremental_pipeline.cc:791] Discarding reconstruction due to bad initial pair
I20260910 06:20:32.680150 0x1fa65e140 incremental_pipeline.cc:487] => Provided pair is unsuitable for initialization.
I20260910 06:20:32.680152 0x1fa65e140 incremental_pipeline.cc:791] Discarding reconstruction due to bad initial pair
I20260910 06:20:32.683377 0x1fa65e140 incremental_pipeline.cc:487] => Provided pair is unsuitable for initialization.
I20260910 06:20:32.683380 0x1fa65e140 incremental_pipeline.cc:791] Discarding reconstruction due to bad initial pair
I20260910 06:20:32.684676 0x1fa65e140 incremental_pipeline.cc:487] => Provided pair is unsuitable for initialization.
I20260910 06:20:32.684679 0x1fa65e140 incremental_pipeline.cc:791] Discarding reconstruction due to bad initial pair
I20260910 06:20:32.686492 0x1fa65e140 incremental_pipeline.cc:487] => Provided pair is unsuitable for initialization.
I20260910 06:20:32.686495 0x1fa65e140 incremental_pipeline.cc:791] Discarding reconstruction due to bad initial pair
I20260910 06:20:32.688698 0x1fa65e140 incremental_pipeline.cc:487] => Provided pair is unsuitable for initialization.
I20260910 06:20:32.688701 0x1fa65e140 incremental_pipeline.cc:791] Discarding reconstruction due to bad initial pair
I20260910 06:20:32.690227 0x1fa65e140 incremental_pipeline.cc:487] => Provided pair is unsuitable for initialization.
I20260910 06:20:32.690230 0x1fa65e140 incremental_pipeline.cc:791] Discarding reconstruction due to bad initial pair
I20260910 06:20:32.692433 0x1fa65e140 incremental_pipeline.cc:487] => Provided pair is unsuitable for initialization.
I20260910 06:20:32.692435 0x1fa65e140 incremental_pipeline.cc:791] Discarding reconstruction due to bad initial pair
I20260910 06:20:32.693270 0x1fa65e140 incremental_pipeline.cc:487] => Provided pair is unsuitable for initialization.
I20260910 06:20:32.693273 0x1fa65e140 incremental_pipeline.cc:791] Discarding reconstruction due to bad initial pair
I20260910 06:20:32.694953 0x1fa65e140 incremental_pipeline.cc:487] => Provided pair is unsuitable for initialization.
I20260910 06:20:32.694958 0x1fa65e140 incremental_pipeline.cc:791] Discarding reconstruction due to bad initial pair
I20260910 06:20:32.696927 0x1fa65e140 incremental_pipeline.cc:487] => Provided pair is unsuitable for initialization.
I20260910 06:20:32.696930 0x1fa65e140 incremental_pipeline.cc:791] Discarding reconstruction due to bad initial pair
I20260910 06:20:32.698241 0x1fa65e140 incremental_pipeline.cc:487] => Provided pair is unsuitable for initialization.
I20260910 06:20:32.698244 0x1fa65e140 incremental_pipeline.cc:791] Discarding reconstruction due to bad initial pair
I20260910 06:20:32.700614 0x1fa65e140 incremental_pipeline.cc:487] => Provided pair is unsuitable for initialization.
I20260910 06:20:32.700616 0x1fa65e140 incremental_pipeline.cc:791] Discarding reconstruction due to bad initial pair
I20260910 06:20:32.703183 0x1fa65e140 incremental_pipeline.cc:487] => Provided pair is unsuitable for initialization.
I20260910 06:20:32.703185 0x1fa65e140 incremental_pipeline.cc:791] Discarding reconstruction due to bad initial pair
I20260910 06:20:32.705499 0x1fa65e140 incremental_pipeline.cc:487] => Provided pair is unsuitable for initialization.
I20260910 06:20:32.705504 0x1fa65e140 incremental_pipeline.cc:791] Discarding reconstruction due to bad initial pair
I20260910 06:20:32.705507 0x1fa65e140 incremental_pipeline.cc:442] => Relaxing the initialization constraints.
I20260910 06:20:32.706363 0x1fa65e140 incremental_pipeline.cc:487] => Provided pair is unsuitable for initialization.
I20260910 06:20:32.706365 0x1fa65e140 incremental_pipeline.cc:791] Discarding reconstruction due to bad initial pair
I20260910 06:20:32.707375 0x1fa65e140 incremental_pipeline.cc:487] => Provided pair is unsuitable for initialization.
I20260910 06:20:32.707378 0x1fa65e140 incremental_pipeline.cc:791] Discarding reconstruction due to bad initial pair
I20260910 06:20:32.708523 0x1fa65e140 incremental_pipeline.cc:487] => Provided pair is unsuitable for initialization.
I20260910 06:20:32.708525 0x1fa65e140 incremental_pipeline.cc:791] Discarding reconstruction due to bad initial pair
I20260910 06:20:32.710776 0x1fa65e140 incremental_pipeline.cc:487] => Provided pair is unsuitable for initialization.
I20260910 06:20:32.710778 0x1fa65e140 incremental_pipeline.cc:791] Discarding reconstruction due to bad initial pair
I20260910 06:20:32.712396 0x1fa65e140 incremental_pipeline.cc:487] => Provided pair is unsuitable for initialization.
I20260910 06:20:32.712398 0x1fa65e140 incremental_pipeline.cc:791] Discarding reconstruction due to bad initial pair
I20260910 06:20:32.714649 0x1fa65e140 incremental_pipeline.cc:487] => Provided pair is unsuitable for initialization.
I20260910 06:20:32.714652 0x1fa65e140 incremental_pipeline.cc:791] Discarding reconstruction due to bad initial pair
I20260910 06:20:32.716549 0x1fa65e140 incremental_pipeline.cc:487] => Provided pair is unsuitable for initialization.
I20260910 06:20:32.716552 0x1fa65e140 incremental_pipeline.cc:791] Discarding reconstruction due to bad initial pair
I20260910 06:20:32.718297 0x1fa65e140 incremental_pipeline.cc:487] => Provided pair is unsuitable for initialization.
I20260910 06:20:32.718299 0x1fa65e140 incremental_pipeline.cc:791] Discarding reconstruction due to bad initial pair
I20260910 06:20:32.720128 0x1fa65e140 incremental_pipeline.cc:487] => Provided pair is unsuitable for initialization.
I20260910 06:20:32.720130 0x1fa65e140 incremental_pipeline.cc:791] Discarding reconstruction due to bad initial pair
I20260910 06:20:32.722431 0x1fa65e140 incremental_pipeline.cc:487] => Provided pair is unsuitable for initialization.
I20260910 06:20:32.722433 0x1fa65e140 incremental_pipeline.cc:791] Discarding reconstruction due to bad initial pair
I20260910 06:20:32.724105 0x1fa65e140 incremental_pipeline.cc:487] => Provided pair is unsuitable for initialization.
I20260910 06:20:32.724108 0x1fa65e140 incremental_pipeline.cc:791] Discarding reconstruction due to bad initial pair
I20260910 06:20:32.726572 0x1fa65e140 incremental_pipeline.cc:487] => Provided pair is unsuitable for initialization.
I20260910 06:20:32.726581 0x1fa65e140 incremental_pipeline.cc:791] Discarding reconstruction due to bad initial pair
I20260910 06:20:32.728611 0x1fa65e140 incremental_pipeline.cc:487] => Provided pair is unsuitable for initialization.
I20260910 06:20:32.728613 0x1fa65e140 incremental_pipeline.cc:791] Discarding reconstruction due to bad initial pair
I20260910 06:20:32.730660 0x1fa65e140 incremental_pipeline.cc:487] => Provided pair is unsuitable for initialization.
I20260910 06:20:32.730662 0x1fa65e140 incremental_pipeline.cc:791] Discarding reconstruction due to bad initial pair
I20260910 06:20:32.732389 0x1fa65e140 incremental_pipeline.cc:487] => Provided pair is unsuitable for initialization.
I20260910 06:20:32.732392 0x1fa65e140 incremental_pipeline.cc:791] Discarding reconstruction due to bad initial pair
I20260910 06:20:32.733398 0x1fa65e140 incremental_pipeline.cc:487] => Provided pair is unsuitable for initialization.
I20260910 06:20:32.733401 0x1fa65e140 incremental_pipeline.cc:791] Discarding reconstruction due to bad initial pair
I20260910 06:20:32.734574 0x1fa65e140 incremental_pipeline.cc:487] => Provided pair is unsuitable for initialization.
I20260910 06:20:32.734576 0x1fa65e140 incremental_pipeline.cc:791] Discarding reconstruction due to bad initial pair
I20260910 06:20:32.737345 0x1fa65e140 incremental_pipeline.cc:487] => Provided pair is unsuitable for initialization.
I20260910 06:20:32.737347 0x1fa65e140 incremental_pipeline.cc:791] Discarding reconstruction due to bad initial pair
I20260910 06:20:32.739271 0x1fa65e140 incremental_pipeline.cc:487] => Provided pair is unsuitable for initialization.
I20260910 06:20:32.739273 0x1fa65e140 incremental_pipeline.cc:791] Discarding reconstruction due to bad initial pair
I20260910 06:20:32.740085 0x1fa65e140 incremental_pipeline.cc:487] => Provided pair is unsuitable for initialization.
I20260910 06:20:32.740087 0x1fa65e140 incremental_pipeline.cc:791] Discarding reconstruction due to bad initial pair
I20260910 06:20:32.740981 0x1fa65e140 incremental_pipeline.cc:487] => Provided pair is unsuitable for initialization.
I20260910 06:20:32.740984 0x1fa65e140 incremental_pipeline.cc:791] Discarding reconstruction due to bad initial pair
I20260910 06:20:32.742011 0x1fa65e140 incremental_pipeline.cc:487] => Provided pair is unsuitable for initialization.
I20260910 06:20:32.742013 0x1fa65e140 incremental_pipeline.cc:791] Discarding reconstruction due to bad initial pair
I20260910 06:20:32.743036 0x1fa65e140 incremental_pipeline.cc:487] => Provided pair is unsuitable for initialization.
I20260910 06:20:32.743039 0x1fa65e140 incremental_pipeline.cc:791] Discarding reconstruction due to bad initial pair
I20260910 06:20:32.744132 0x1fa65e140 incremental_pipeline.cc:487] => Provided pair is unsuitable for initialization.
I20260910 06:20:32.744134 0x1fa65e140 incremental_pipeline.cc:791] Discarding reconstruction due to bad initial pair
I20260910 06:20:32.746039 0x1fa65e140 incremental_pipeline.cc:487] => Provided pair is unsuitable for initialization.
I20260910 06:20:32.746042 0x1fa65e140 incremental_pipeline.cc:791] Discarding reconstruction due to bad initial pair
I20260910 06:20:32.747072 0x1fa65e140 incremental_pipeline.cc:487] => Provided pair is unsuitable for initialization.
I20260910 06:20:32.747074 0x1fa65e140 incremental_pipeline.cc:791] Discarding reconstruction due to bad initial pair
I20260910 06:20:32.747989 0x1fa65e140 incremental_pipeline.cc:487] => Provided pair is unsuitable for initialization.
I20260910 06:20:32.747991 0x1fa65e140 incremental_pipeline.cc:791] Discarding reconstruction due to bad initial pair
I20260910 06:20:32.749803 0x1fa65e140 incremental_pipeline.cc:487] => Provided pair is unsuitable for initialization.
I20260910 06:20:32.749806 0x1fa65e140 incremental_pipeline.cc:791] Discarding reconstruction due to bad initial pair
I20260910 06:20:32.750674 0x1fa65e140 incremental_pipeline.cc:487] => Provided pair is unsuitable for initialization.
I20260910 06:20:32.750676 0x1fa65e140 incremental_pipeline.cc:791] Discarding reconstruction due to bad initial pair
I20260910 06:20:32.752404 0x1fa65e140 incremental_pipeline.cc:487] => Provided pair is unsuitable for initialization.
I20260910 06:20:32.752406 0x1fa65e140 incremental_pipeline.cc:791] Discarding reconstruction due to bad initial pair
I20260910 06:20:32.754602 0x1fa65e140 incremental_pipeline.cc:487] => Provided pair is unsuitable for initialization.
I20260910 06:20:32.754604 0x1fa65e140 incremental_pipeline.cc:791] Discarding reconstruction due to bad initial pair
I20260910 06:20:32.756285 0x1fa65e140 incremental_pipeline.cc:487] => Provided pair is unsuitable for initialization.
I20260910 06:20:32.756288 0x1fa65e140 incremental_pipeline.cc:791] Discarding reconstruction due to bad initial pair
I20260910 06:20:32.759060 0x1fa65e140 incremental_pipeline.cc:487] => Provided pair is unsuitable for initialization.
I20260910 06:20:32.759063 0x1fa65e140 incremental_pipeline.cc:791] Discarding reconstruction due to bad initial pair
I20260910 06:20:32.762441 0x1fa65e140 incremental_pipeline.cc:487] => Provided pair is unsuitable for initialization.
I20260910 06:20:32.762443 0x1fa65e140 incremental_pipeline.cc:791] Discarding reconstruction due to bad initial pair
I20260910 06:20:32.764397 0x1fa65e140 incremental_pipeline.cc:487] => Provided pair is unsuitable for initialization.
I20260910 06:20:32.764399 0x1fa65e140 incremental_pipeline.cc:791] Discarding reconstruction due to bad initial pair
I20260910 06:20:32.765313 0x1fa65e140 incremental_pipeline.cc:487] => Provided pair is unsuitable for initialization.
I20260910 06:20:32.765315 0x1fa65e140 incremental_pipeline.cc:791] Discarding reconstruction due to bad initial pair
I20260910 06:20:32.766432 0x1fa65e140 incremental_pipeline.cc:487] => Provided pair is unsuitable for initialization.
I20260910 06:20:32.766435 0x1fa65e140 incremental_pipeline.cc:791] Discarding reconstruction due to bad initial pair
I20260910 06:20:32.767344 0x1fa65e140 incremental_pipeline.cc:487] => Provided pair is unsuitable for initialization.
I20260910 06:20:32.767346 0x1fa65e140 incremental_pipeline.cc:791] Discarding reconstruction due to bad initial pair
I20260910 06:20:32.768995 0x1fa65e140 incremental_pipeline.cc:487] => Provided pair is unsuitable for initialization.
I20260910 06:20:32.768997 0x1fa65e140 incremental_pipeline.cc:791] Discarding reconstruction due to bad initial pair
I20260910 06:20:32.769951 0x1fa65e140 incremental_pipeline.cc:487] => Provided pair is unsuitable for initialization.
I20260910 06:20:32.769953 0x1fa65e140 incremental_pipeline.cc:791] Discarding reconstruction due to bad initial pair
I20260910 06:20:32.770834 0x1fa65e140 incremental_pipeline.cc:487] => Provided pair is unsuitable for initialization.
I20260910 06:20:32.770836 0x1fa65e140 incremental_pipeline.cc:791] Discarding reconstruction due to bad initial pair
I20260910 06:20:32.772756 0x1fa65e140 incremental_pipeline.cc:487] => Provided pair is unsuitable for initialization.
I20260910 06:20:32.772759 0x1fa65e140 incremental_pipeline.cc:791] Discarding reconstruction due to bad initial pair
I20260910 06:20:32.773755 0x1fa65e140 incremental_pipeline.cc:487] => Provided pair is unsuitable for initialization.
I20260910 06:20:32.773757 0x1fa65e140 incremental_pipeline.cc:791] Discarding reconstruction due to bad initial pair
I20260910 06:20:32.774684 0x1fa65e140 incremental_pipeline.cc:487] => Provided pair is unsuitable for initialization.
I20260910 06:20:32.774686 0x1fa65e140 incremental_pipeline.cc:791] Discarding reconstruction due to bad initial pair
I20260910 06:20:32.775709 0x1fa65e140 incremental_pipeline.cc:487] => Provided pair is unsuitable for initialization.
I20260910 06:20:32.775711 0x1fa65e140 incremental_pipeline.cc:791] Discarding reconstruction due to bad initial pair
I20260910 06:20:32.777182 0x1fa65e140 incremental_pipeline.cc:487] => Provided pair is unsuitable for initialization.
I20260910 06:20:32.777185 0x1fa65e140 incremental_pipeline.cc:791] Discarding reconstruction due to bad initial pair
I20260910 06:20:32.778754 0x1fa65e140 incremental_pipeline.cc:487] => Provided pair is unsuitable for initialization.
I20260910 06:20:32.778760 0x1fa65e140 incremental_pipeline.cc:791] Discarding reconstruction due to bad initial pair
I20260910 06:20:32.781279 0x1fa65e140 incremental_pipeline.cc:487] => Provided pair is unsuitable for initialization.
I20260910 06:20:32.781282 0x1fa65e140 incremental_pipeline.cc:791] Discarding reconstruction due to bad initial pair
I20260910 06:20:32.782154 0x1fa65e140 incremental_pipeline.cc:487] => Provided pair is unsuitable for initialization.
I20260910 06:20:32.782156 0x1fa65e140 incremental_pipeline.cc:791] Discarding reconstruction due to bad initial pair
I20260910 06:20:32.784371 0x1fa65e140 incremental_pipeline.cc:487] => Provided pair is unsuitable for initialization.
I20260910 06:20:32.784373 0x1fa65e140 incremental_pipeline.cc:791] Discarding reconstruction due to bad initial pair
I20260910 06:20:32.786197 0x1fa65e140 incremental_pipeline.cc:487] => Provided pair is unsuitable for initialization.
I20260910 06:20:32.786200 0x1fa65e140 incremental_pipeline.cc:791] Discarding reconstruction due to bad initial pair
I20260910 06:20:32.787233 0x1fa65e140 incremental_pipeline.cc:487] => Provided pair is unsuitable for initialization.
I20260910 06:20:32.787236 0x1fa65e140 incremental_pipeline.cc:791] Discarding reconstruction due to bad initial pair
I20260910 06:20:32.789031 0x1fa65e140 incremental_pipeline.cc:487] => Provided pair is unsuitable for initialization.
I20260910 06:20:32.789033 0x1fa65e140 incremental_pipeline.cc:791] Discarding reconstruction due to bad initial pair
I20260910 06:20:32.790881 0x1fa65e140 incremental_pipeline.cc:487] => Provided pair is unsuitable for initialization.
I20260910 06:20:32.790883 0x1fa65e140 incremental_pipeline.cc:791] Discarding reconstruction due to bad initial pair
I20260910 06:20:32.793084 0x1fa65e140 incremental_pipeline.cc:487] => Provided pair is unsuitable for initialization.
I20260910 06:20:32.793087 0x1fa65e140 incremental_pipeline.cc:791] Discarding reconstruction due to bad initial pair
I20260910 06:20:32.794264 0x1fa65e140 incremental_pipeline.cc:487] => Provided pair is unsuitable for initialization.
I20260910 06:20:32.794266 0x1fa65e140 incremental_pipeline.cc:791] Discarding reconstruction due to bad initial pair
I20260910 06:20:32.796510 0x1fa65e140 incremental_pipeline.cc:487] => Provided pair is unsuitable for initialization.
I20260910 06:20:32.796512 0x1fa65e140 incremental_pipeline.cc:791] Discarding reconstruction due to bad initial pair
I20260910 06:20:32.798842 0x1fa65e140 incremental_pipeline.cc:487] => Provided pair is unsuitable for initialization.
I20260910 06:20:32.798844 0x1fa65e140 incremental_pipeline.cc:791] Discarding reconstruction due to bad initial pair
I20260910 06:20:32.800173 0x1fa65e140 incremental_pipeline.cc:487] => Provided pair is unsuitable for initialization.
I20260910 06:20:32.800175 0x1fa65e140 incremental_pipeline.cc:791] Discarding reconstruction due to bad initial pair
I20260910 06:20:32.802261 0x1fa65e140 incremental_pipeline.cc:487] => Provided pair is unsuitable for initialization.
I20260910 06:20:32.802264 0x1fa65e140 incremental_pipeline.cc:791] Discarding reconstruction due to bad initial pair
I20260910 06:20:32.804458 0x1fa65e140 incremental_pipeline.cc:487] => Provided pair is unsuitable for initialization.
I20260910 06:20:32.804461 0x1fa65e140 incremental_pipeline.cc:791] Discarding reconstruction due to bad initial pair
I20260910 06:20:32.805719 0x1fa65e140 incremental_pipeline.cc:487] => Provided pair is unsuitable for initialization.
I20260910 06:20:32.805721 0x1fa65e140 incremental_pipeline.cc:791] Discarding reconstruction due to bad initial pair
I20260910 06:20:32.807477 0x1fa65e140 incremental_pipeline.cc:487] => Provided pair is unsuitable for initialization.
I20260910 06:20:32.807480 0x1fa65e140 incremental_pipeline.cc:791] Discarding reconstruction due to bad initial pair
I20260910 06:20:32.810267 0x1fa65e140 incremental_pipeline.cc:487] => Provided pair is unsuitable for initialization.
I20260910 06:20:32.810278 0x1fa65e140 incremental_pipeline.cc:791] Discarding reconstruction due to bad initial pair
I20260910 06:20:32.811858 0x1fa65e140 incremental_pipeline.cc:487] => Provided pair is unsuitable for initialization.
I20260910 06:20:32.811861 0x1fa65e140 incremental_pipeline.cc:791] Discarding reconstruction due to bad initial pair
I20260910 06:20:32.813093 0x1fa65e140 incremental_pipeline.cc:487] => Provided pair is unsuitable for initialization.
I20260910 06:20:32.813095 0x1fa65e140 incremental_pipeline.cc:791] Discarding reconstruction due to bad initial pair
I20260910 06:20:32.814886 0x1fa65e140 incremental_pipeline.cc:487] => Provided pair is unsuitable for initialization.
I20260910 06:20:32.814888 0x1fa65e140 incremental_pipeline.cc:791] Discarding reconstruction due to bad initial pair
I20260910 06:20:32.816542 0x1fa65e140 incremental_pipeline.cc:487] => Provided pair is unsuitable for initialization.
I20260910 06:20:32.816544 0x1fa65e140 incremental_pipeline.cc:791] Discarding reconstruction due to bad initial pair
I20260910 06:20:32.817936 0x1fa65e140 incremental_pipeline.cc:487] => Provided pair is unsuitable for initialization.
I20260910 06:20:32.817938 0x1fa65e140 incremental_pipeline.cc:791] Discarding reconstruction due to bad initial pair
I20260910 06:20:32.819493 0x1fa65e140 incremental_pipeline.cc:487] => Provided pair is unsuitable for initialization.
I20260910 06:20:32.819496 0x1fa65e140 incremental_pipeline.cc:791] Discarding reconstruction due to bad initial pair
I20260910 06:20:32.820451 0x1fa65e140 incremental_pipeline.cc:487] => Provided pair is unsuitable for initialization.
I20260910 06:20:32.820453 0x1fa65e140 incremental_pipeline.cc:791] Discarding reconstruction due to bad initial pair
I20260910 06:20:32.822166 0x1fa65e140 incremental_pipeline.cc:487] => Provided pair is unsuitable for initialization.
I20260910 06:20:32.822169 0x1fa65e140 incremental_pipeline.cc:791] Discarding reconstruction due to bad initial pair
I20260910 06:20:32.823843 0x1fa65e140 incremental_pipeline.cc:487] => Provided pair is unsuitable for initialization.
I20260910 06:20:32.823846 0x1fa65e140 incremental_pipeline.cc:791] Discarding reconstruction due to bad initial pair
I20260910 06:20:32.824892 0x1fa65e140 incremental_pipeline.cc:487] => Provided pair is unsuitable for initialization.
I20260910 06:20:32.824894 0x1fa65e140 incremental_pipeline.cc:791] Discarding reconstruction due to bad initial pair
I20260910 06:20:32.826746 0x1fa65e140 incremental_pipeline.cc:487] => Provided pair is unsuitable for initialization.
I20260910 06:20:32.826748 0x1fa65e140 incremental_pipeline.cc:791] Discarding reconstruction due to bad initial pair
I20260910 06:20:32.827749 0x1fa65e140 incremental_pipeline.cc:487] => Provided pair is unsuitable for initialization.
I20260910 06:20:32.827751 0x1fa65e140 incremental_pipeline.cc:791] Discarding reconstruction due to bad initial pair
I20260910 06:20:32.829906 0x1fa65e140 incremental_pipeline.cc:487] => Provided pair is unsuitable for initialization.
I20260910 06:20:32.829908 0x1fa65e140 incremental_pipeline.cc:791] Discarding reconstruction due to bad initial pair
I20260910 06:20:32.830771 0x1fa65e140 incremental_pipeline.cc:487] => Provided pair is unsuitable for initialization.
I20260910 06:20:32.830774 0x1fa65e140 incremental_pipeline.cc:791] Discarding reconstruction due to bad initial pair
I20260910 06:20:32.831760 0x1fa65e140 incremental_pipeline.cc:487] => Provided pair is unsuitable for initialization.
I20260910 06:20:32.831762 0x1fa65e140 incremental_pipeline.cc:791] Discarding reconstruction due to bad initial pair
I20260910 06:20:32.833377 0x1fa65e140 incremental_pipeline.cc:487] => Provided pair is unsuitable for initialization.
I20260910 06:20:32.833380 0x1fa65e140 incremental_pipeline.cc:791] Discarding reconstruction due to bad initial pair
I20260910 06:20:32.834294 0x1fa65e140 incremental_pipeline.cc:487] => Provided pair is unsuitable for initialization.
I20260910 06:20:32.834296 0x1fa65e140 incremental_pipeline.cc:791] Discarding reconstruction due to bad initial pair
I20260910 06:20:32.836713 0x1fa65e140 incremental_pipeline.cc:487] => Provided pair is unsuitable for initialization.
I20260910 06:20:32.836715 0x1fa65e140 incremental_pipeline.cc:791] Discarding reconstruction due to bad initial pair
I20260910 06:20:32.838720 0x1fa65e140 incremental_pipeline.cc:487] => Provided pair is unsuitable for initialization.
I20260910 06:20:32.838722 0x1fa65e140 incremental_pipeline.cc:791] Discarding reconstruction due to bad initial pair
I20260910 06:20:32.839742 0x1fa65e140 incremental_pipeline.cc:487] => Provided pair is unsuitable for initialization.
I20260910 06:20:32.839745 0x1fa65e140 incremental_pipeline.cc:791] Discarding reconstruction due to bad initial pair
I20260910 06:20:32.841063 0x1fa65e140 incremental_pipeline.cc:487] => Provided pair is unsuitable for initialization.
I20260910 06:20:32.841066 0x1fa65e140 incremental_pipeline.cc:791] Discarding reconstruction due to bad initial pair
I20260910 06:20:32.843448 0x1fa65e140 incremental_pipeline.cc:487] => Provided pair is unsuitable for initialization.
I20260910 06:20:32.843450 0x1fa65e140 incremental_pipeline.cc:791] Discarding reconstruction due to bad initial pair
I20260910 06:20:32.845549 0x1fa65e140 incremental_pipeline.cc:487] => Provided pair is unsuitable for initialization.
I20260910 06:20:32.845552 0x1fa65e140 incremental_pipeline.cc:791] Discarding reconstruction due to bad initial pair
I20260910 06:20:32.847003 0x1fa65e140 incremental_pipeline.cc:487] => Provided pair is unsuitable for initialization.
I20260910 06:20:32.847006 0x1fa65e140 incremental_pipeline.cc:791] Discarding reconstruction due to bad initial pair
I20260910 06:20:32.847884 0x1fa65e140 incremental_pipeline.cc:487] => Provided pair is unsuitable for initialization.
I20260910 06:20:32.847887 0x1fa65e140 incremental_pipeline.cc:791] Discarding reconstruction due to bad initial pair
I20260910 06:20:32.850306 0x1fa65e140 incremental_pipeline.cc:487] => Provided pair is unsuitable for initialization.
I20260910 06:20:32.850309 0x1fa65e140 incremental_pipeline.cc:791] Discarding reconstruction due to bad initial pair
I20260910 06:20:32.851263 0x1fa65e140 incremental_pipeline.cc:487] => Provided pair is unsuitable for initialization.
I20260910 06:20:32.851265 0x1fa65e140 incremental_pipeline.cc:791] Discarding reconstruction due to bad initial pair
I20260910 06:20:32.854173 0x1fa65e140 incremental_pipeline.cc:487] => Provided pair is unsuitable for initialization.
I20260910 06:20:32.854176 0x1fa65e140 incremental_pipeline.cc:791] Discarding reconstruction due to bad initial pair
I20260910 06:20:32.856407 0x1fa65e140 incremental_pipeline.cc:487] => Provided pair is unsuitable for initialization.
I20260910 06:20:32.856410 0x1fa65e140 incremental_pipeline.cc:791] Discarding reconstruction due to bad initial pair
I20260910 06:20:32.857267 0x1fa65e140 incremental_pipeline.cc:487] => Provided pair is unsuitable for initialization.
I20260910 06:20:32.857270 0x1fa65e140 incremental_pipeline.cc:791] Discarding reconstruction due to bad initial pair
I20260910 06:20:32.859134 0x1fa65e140 incremental_pipeline.cc:487] => Provided pair is unsuitable for initialization.
I20260910 06:20:32.859136 0x1fa65e140 incremental_pipeline.cc:791] Discarding reconstruction due to bad initial pair
I20260910 06:20:32.860240 0x1fa65e140 incremental_pipeline.cc:487] => Provided pair is unsuitable for initialization.
I20260910 06:20:32.860243 0x1fa65e140 incremental_pipeline.cc:791] Discarding reconstruction due to bad initial pair
I20260910 06:20:32.862297 0x1fa65e140 incremental_pipeline.cc:487] => Provided pair is unsuitable for initialization.
I20260910 06:20:32.862299 0x1fa65e140 incremental_pipeline.cc:791] Discarding reconstruction due to bad initial pair
I20260910 06:20:32.864752 0x1fa65e140 incremental_pipeline.cc:487] => Provided pair is unsuitable for initialization.
I20260910 06:20:32.864754 0x1fa65e140 incremental_pipeline.cc:791] Discarding reconstruction due to bad initial pair
I20260910 06:20:32.866939 0x1fa65e140 incremental_pipeline.cc:487] => Provided pair is unsuitable for initialization.
I20260910 06:20:32.866946 0x1fa65e140 incremental_pipeline.cc:791] Discarding reconstruction due to bad initial pair
I20260910 06:20:32.867960 0x1fa65e140 incremental_pipeline.cc:487] => Provided pair is unsuitable for initialization.
I20260910 06:20:32.867965 0x1fa65e140 incremental_pipeline.cc:791] Discarding reconstruction due to bad initial pair
I20260910 06:20:32.869890 0x1fa65e140 incremental_pipeline.cc:487] => Provided pair is unsuitable for initialization.
I20260910 06:20:32.869893 0x1fa65e140 incremental_pipeline.cc:791] Discarding reconstruction due to bad initial pair
I20260910 06:20:32.870849 0x1fa65e140 incremental_pipeline.cc:487] => Provided pair is unsuitable for initialization.
I20260910 06:20:32.870851 0x1fa65e140 incremental_pipeline.cc:791] Discarding reconstruction due to bad initial pair
I20260910 06:20:32.872319 0x1fa65e140 incremental_pipeline.cc:487] => Provided pair is unsuitable for initialization.
I20260910 06:20:32.872321 0x1fa65e140 incremental_pipeline.cc:791] Discarding reconstruction due to bad initial pair
I20260910 06:20:32.874791 0x1fa65e140 incremental_pipeline.cc:487] => Provided pair is unsuitable for initialization.
I20260910 06:20:32.874794 0x1fa65e140 incremental_pipeline.cc:791] Discarding reconstruction due to bad initial pair
I20260910 06:20:32.875813 0x1fa65e140 incremental_pipeline.cc:487] => Provided pair is unsuitable for initialization.
I20260910 06:20:32.875815 0x1fa65e140 incremental_pipeline.cc:791] Discarding reconstruction due to bad initial pair
I20260910 06:20:32.877098 0x1fa65e140 incremental_pipeline.cc:487] => Provided pair is unsuitable for initialization.
I20260910 06:20:32.877101 0x1fa65e140 incremental_pipeline.cc:791] Discarding reconstruction due to bad initial pair
I20260910 06:20:32.879364 0x1fa65e140 incremental_pipeline.cc:487] => Provided pair is unsuitable for initialization.
I20260910 06:20:32.879367 0x1fa65e140 incremental_pipeline.cc:791] Discarding reconstruction due to bad initial pair
I20260910 06:20:32.880761 0x1fa65e140 incremental_pipeline.cc:487] => Provided pair is unsuitable for initialization.
I20260910 06:20:32.880764 0x1fa65e140 incremental_pipeline.cc:791] Discarding reconstruction due to bad initial pair
I20260910 06:20:32.882630 0x1fa65e140 incremental_pipeline.cc:487] => Provided pair is unsuitable for initialization.
I20260910 06:20:32.882633 0x1fa65e140 incremental_pipeline.cc:791] Discarding reconstruction due to bad initial pair
I20260910 06:20:32.884755 0x1fa65e140 incremental_pipeline.cc:487] => Provided pair is unsuitable for initialization.
I20260910 06:20:32.884758 0x1fa65e140 incremental_pipeline.cc:791] Discarding reconstruction due to bad initial pair
I20260910 06:20:32.886910 0x1fa65e140 incremental_pipeline.cc:487] => Provided pair is unsuitable for initialization.
I20260910 06:20:32.886913 0x1fa65e140 incremental_pipeline.cc:791] Discarding reconstruction due to bad initial pair
I20260910 06:20:32.887845 0x1fa65e140 incremental_pipeline.cc:487] => Provided pair is unsuitable for initialization.
I20260910 06:20:32.887847 0x1fa65e140 incremental_pipeline.cc:791] Discarding reconstruction due to bad initial pair
I20260910 06:20:32.889840 0x1fa65e140 incremental_pipeline.cc:487] => Provided pair is unsuitable for initialization.
I20260910 06:20:32.889843 0x1fa65e140 incremental_pipeline.cc:791] Discarding reconstruction due to bad initial pair
I20260910 06:20:32.891798 0x1fa65e140 incremental_pipeline.cc:487] => Provided pair is unsuitable for initialization.
I20260910 06:20:32.891800 0x1fa65e140 incremental_pipeline.cc:791] Discarding reconstruction due to bad initial pair
I20260910 06:20:32.892688 0x1fa65e140 incremental_pipeline.cc:487] => Provided pair is unsuitable for initialization.
I20260910 06:20:32.892693 0x1fa65e140 incremental_pipeline.cc:791] Discarding reconstruction due to bad initial pair
I20260910 06:20:32.893718 0x1fa65e140 incremental_pipeline.cc:487] => Provided pair is unsuitable for initialization.
I20260910 06:20:32.893720 0x1fa65e140 incremental_pipeline.cc:791] Discarding reconstruction due to bad initial pair
I20260910 06:20:32.894542 0x1fa65e140 incremental_pipeline.cc:487] => Provided pair is unsuitable for initialization.
I20260910 06:20:32.894545 0x1fa65e140 incremental_pipeline.cc:791] Discarding reconstruction due to bad initial pair
I20260910 06:20:32.895618 0x1fa65e140 incremental_pipeline.cc:487] => Provided pair is unsuitable for initialization.
I20260910 06:20:32.895621 0x1fa65e140 incremental_pipeline.cc:791] Discarding reconstruction due to bad initial pair
I20260910 06:20:32.897095 0x1fa65e140 incremental_pipeline.cc:487] => Provided pair is unsuitable for initialization.
I20260910 06:20:32.897098 0x1fa65e140 incremental_pipeline.cc:791] Discarding reconstruction due to bad initial pair
I20260910 06:20:32.898824 0x1fa65e140 incremental_pipeline.cc:487] => Provided pair is unsuitable for initialization.
I20260910 06:20:32.898826 0x1fa65e140 incremental_pipeline.cc:791] Discarding reconstruction due to bad initial pair
I20260910 06:20:32.900677 0x1fa65e140 incremental_pipeline.cc:487] => Provided pair is unsuitable for initialization.
I20260910 06:20:32.900680 0x1fa65e140 incremental_pipeline.cc:791] Discarding reconstruction due to bad initial pair
I20260910 06:20:32.902499 0x1fa65e140 incremental_pipeline.cc:487] => Provided pair is unsuitable for initialization.
I20260910 06:20:32.902501 0x1fa65e140 incremental_pipeline.cc:791] Discarding reconstruction due to bad initial pair
I20260910 06:20:32.903539 0x1fa65e140 incremental_pipeline.cc:487] => Provided pair is unsuitable for initialization.
I20260910 06:20:32.903541 0x1fa65e140 incremental_pipeline.cc:791] Discarding reconstruction due to bad initial pair
I20260910 06:20:32.906645 0x1fa65e140 incremental_pipeline.cc:487] => Provided pair is unsuitable for initialization.
I20260910 06:20:32.906648 0x1fa65e140 incremental_pipeline.cc:791] Discarding reconstruction due to bad initial pair
I20260910 06:20:32.908772 0x1fa65e140 incremental_pipeline.cc:487] => Provided pair is unsuitable for initialization.
I20260910 06:20:32.908774 0x1fa65e140 incremental_pipeline.cc:791] Discarding reconstruction due to bad initial pair
I20260910 06:20:32.910846 0x1fa65e140 incremental_pipeline.cc:487] => Provided pair is unsuitable for initialization.
I20260910 06:20:32.910849 0x1fa65e140 incremental_pipeline.cc:791] Discarding reconstruction due to bad initial pair
I20260910 06:20:32.912701 0x1fa65e140 incremental_pipeline.cc:487] => Provided pair is unsuitable for initialization.
I20260910 06:20:32.912704 0x1fa65e140 incremental_pipeline.cc:791] Discarding reconstruction due to bad initial pair
I20260910 06:20:32.914563 0x1fa65e140 incremental_pipeline.cc:487] => Provided pair is unsuitable for initialization.
I20260910 06:20:32.914566 0x1fa65e140 incremental_pipeline.cc:791] Discarding reconstruction due to bad initial pair
I20260910 06:20:32.916802 0x1fa65e140 incremental_pipeline.cc:487] => Provided pair is unsuitable for initialization.
I20260910 06:20:32.916805 0x1fa65e140 incremental_pipeline.cc:791] Discarding reconstruction due to bad initial pair
I20260910 06:20:32.917862 0x1fa65e140 incremental_pipeline.cc:487] => Provided pair is unsuitable for initialization.
I20260910 06:20:32.917867 0x1fa65e140 incremental_pipeline.cc:791] Discarding reconstruction due to bad initial pair
I20260910 06:20:32.919838 0x1fa65e140 incremental_pipeline.cc:487] => Provided pair is unsuitable for initialization.
I20260910 06:20:32.919841 0x1fa65e140 incremental_pipeline.cc:791] Discarding reconstruction due to bad initial pair
I20260910 06:20:32.920877 0x1fa65e140 incremental_pipeline.cc:487] => Provided pair is unsuitable for initialization.
I20260910 06:20:32.920879 0x1fa65e140 incremental_pipeline.cc:791] Discarding reconstruction due to bad initial pair
I20260910 06:20:32.922895 0x1fa65e140 incremental_pipeline.cc:487] => Provided pair is unsuitable for initialization.
I20260910 06:20:32.922898 0x1fa65e140 incremental_pipeline.cc:791] Discarding reconstruction due to bad initial pair
I20260910 06:20:32.924939 0x1fa65e140 incremental_pipeline.cc:487] => Provided pair is unsuitable for initialization.
I20260910 06:20:32.924944 0x1fa65e140 incremental_pipeline.cc:791] Discarding reconstruction due to bad initial pair
I20260910 06:20:32.926996 0x1fa65e140 incremental_pipeline.cc:487] => Provided pair is unsuitable for initialization.
I20260910 06:20:32.926999 0x1fa65e140 incremental_pipeline.cc:791] Discarding reconstruction due to bad initial pair
I20260910 06:20:32.929184 0x1fa65e140 incremental_pipeline.cc:487] => Provided pair is unsuitable for initialization.
I20260910 06:20:32.929187 0x1fa65e140 incremental_pipeline.cc:791] Discarding reconstruction due to bad initial pair
I20260910 06:20:32.931018 0x1fa65e140 incremental_pipeline.cc:487] => Provided pair is unsuitable for initialization.
I20260910 06:20:32.931021 0x1fa65e140 incremental_pipeline.cc:791] Discarding reconstruction due to bad initial pair
I20260910 06:20:32.933078 0x1fa65e140 incremental_pipeline.cc:487] => Provided pair is unsuitable for initialization.
I20260910 06:20:32.933081 0x1fa65e140 incremental_pipeline.cc:791] Discarding reconstruction due to bad initial pair
I20260910 06:20:32.934104 0x1fa65e140 incremental_pipeline.cc:487] => Provided pair is unsuitable for initialization.
I20260910 06:20:32.934106 0x1fa65e140 incremental_pipeline.cc:791] Discarding reconstruction due to bad initial pair
I20260910 06:20:32.935935 0x1fa65e140 incremental_pipeline.cc:487] => Provided pair is unsuitable for initialization.
I20260910 06:20:32.935937 0x1fa65e140 incremental_pipeline.cc:791] Discarding reconstruction due to bad initial pair
I20260910 06:20:32.936924 0x1fa65e140 incremental_pipeline.cc:487] => Provided pair is unsuitable for initialization.
I20260910 06:20:32.936927 0x1fa65e140 incremental_pipeline.cc:791] Discarding reconstruction due to bad initial pair
I20260910 06:20:32.939769 0x1fa65e140 incremental_pipeline.cc:487] => Provided pair is unsuitable for initialization.
I20260910 06:20:32.939771 0x1fa65e140 incremental_pipeline.cc:791] Discarding reconstruction due to bad initial pair
I20260910 06:20:32.941691 0x1fa65e140 incremental_pipeline.cc:487] => Provided pair is unsuitable for initialization.
I20260910 06:20:32.941693 0x1fa65e140 incremental_pipeline.cc:791] Discarding reconstruction due to bad initial pair
I20260910 06:20:32.943466 0x1fa65e140 incremental_pipeline.cc:487] => Provided pair is unsuitable for initialization.
I20260910 06:20:32.943471 0x1fa65e140 incremental_pipeline.cc:791] Discarding reconstruction due to bad initial pair
I20260910 06:20:32.944744 0x1fa65e140 incremental_pipeline.cc:487] => Provided pair is unsuitable for initialization.
I20260910 06:20:32.944747 0x1fa65e140 incremental_pipeline.cc:791] Discarding reconstruction due to bad initial pair
I20260910 06:20:32.948158 0x1fa65e140 incremental_pipeline.cc:487] => Provided pair is unsuitable for initialization.
I20260910 06:20:32.948161 0x1fa65e140 incremental_pipeline.cc:791] Discarding reconstruction due to bad initial pair
I20260910 06:20:32.949801 0x1fa65e140 incremental_pipeline.cc:487] => Provided pair is unsuitable for initialization.
I20260910 06:20:32.949804 0x1fa65e140 incremental_pipeline.cc:791] Discarding reconstruction due to bad initial pair
I20260910 06:20:32.952055 0x1fa65e140 incremental_pipeline.cc:487] => Provided pair is unsuitable for initialization.
I20260910 06:20:32.952057 0x1fa65e140 incremental_pipeline.cc:791] Discarding reconstruction due to bad initial pair
I20260910 06:20:32.953004 0x1fa65e140 incremental_pipeline.cc:487] => Provided pair is unsuitable for initialization.
I20260910 06:20:32.953006 0x1fa65e140 incremental_pipeline.cc:791] Discarding reconstruction due to bad initial pair
I20260910 06:20:32.953994 0x1fa65e140 incremental_pipeline.cc:487] => Provided pair is unsuitable for initialization.
I20260910 06:20:32.953997 0x1fa65e140 incremental_pipeline.cc:791] Discarding reconstruction due to bad initial pair
I20260910 06:20:32.956253 0x1fa65e140 incremental_pipeline.cc:487] => Provided pair is unsuitable for initialization.
I20260910 06:20:32.956256 0x1fa65e140 incremental_pipeline.cc:791] Discarding reconstruction due to bad initial pair
I20260910 06:20:32.957247 0x1fa65e140 incremental_pipeline.cc:487] => Provided pair is unsuitable for initialization.
I20260910 06:20:32.957249 0x1fa65e140 incremental_pipeline.cc:791] Discarding reconstruction due to bad initial pair
I20260910 06:20:32.958786 0x1fa65e140 incremental_pipeline.cc:487] => Provided pair is unsuitable for initialization.
I20260910 06:20:32.958789 0x1fa65e140 incremental_pipeline.cc:791] Discarding reconstruction due to bad initial pair
I20260910 06:20:32.959795 0x1fa65e140 incremental_pipeline.cc:487] => Provided pair is unsuitable for initialization.
I20260910 06:20:32.959798 0x1fa65e140 incremental_pipeline.cc:791] Discarding reconstruction due to bad initial pair
I20260910 06:20:32.961658 0x1fa65e140 incremental_pipeline.cc:487] => Provided pair is unsuitable for initialization.
I20260910 06:20:32.961661 0x1fa65e140 incremental_pipeline.cc:791] Discarding reconstruction due to bad initial pair
I20260910 06:20:32.963691 0x1fa65e140 incremental_pipeline.cc:487] => Provided pair is unsuitable for initialization.
I20260910 06:20:32.963694 0x1fa65e140 incremental_pipeline.cc:791] Discarding reconstruction due to bad initial pair
I20260910 06:20:32.964619 0x1fa65e140 incremental_pipeline.cc:487] => Provided pair is unsuitable for initialization.
I20260910 06:20:32.964623 0x1fa65e140 incremental_pipeline.cc:791] Discarding reconstruction due to bad initial pair
I20260910 06:20:32.966683 0x1fa65e140 incremental_pipeline.cc:487] => Provided pair is unsuitable for initialization.
I20260910 06:20:32.966686 0x1fa65e140 incremental_pipeline.cc:791] Discarding reconstruction due to bad initial pair
I20260910 06:20:32.968978 0x1fa65e140 incremental_pipeline.cc:487] => Provided pair is unsuitable for initialization.
I20260910 06:20:32.968983 0x1fa65e140 incremental_pipeline.cc:791] Discarding reconstruction due to bad initial pair
I20260910 06:20:32.971467 0x1fa65e140 incremental_pipeline.cc:487] => Provided pair is unsuitable for initialization.
I20260910 06:20:32.971470 0x1fa65e140 incremental_pipeline.cc:791] Discarding reconstruction due to bad initial pair
I20260910 06:20:32.972395 0x1fa65e140 incremental_pipeline.cc:487] => Provided pair is unsuitable for initialization.
I20260910 06:20:32.972398 0x1fa65e140 incremental_pipeline.cc:791] Discarding reconstruction due to bad initial pair
I20260910 06:20:32.975036 0x1fa65e140 incremental_pipeline.cc:487] => Provided pair is unsuitable for initialization.
I20260910 06:20:32.975038 0x1fa65e140 incremental_pipeline.cc:791] Discarding reconstruction due to bad initial pair
I20260910 06:20:32.976866 0x1fa65e140 incremental_pipeline.cc:487] => Provided pair is unsuitable for initialization.
I20260910 06:20:32.976869 0x1fa65e140 incremental_pipeline.cc:791] Discarding reconstruction due to bad initial pair
I20260910 06:20:32.978231 0x1fa65e140 incremental_pipeline.cc:487] => Provided pair is unsuitable for initialization.
I20260910 06:20:32.978236 0x1fa65e140 incremental_pipeline.cc:791] Discarding reconstruction due to bad initial pair
I20260910 06:20:32.979231 0x1fa65e140 incremental_pipeline.cc:487] => Provided pair is unsuitable for initialization.
I20260910 06:20:32.979234 0x1fa65e140 incremental_pipeline.cc:791] Discarding reconstruction due to bad initial pair
I20260910 06:20:32.980193 0x1fa65e140 incremental_pipeline.cc:487] => Provided pair is unsuitable for initialization.
I20260910 06:20:32.980196 0x1fa65e140 incremental_pipeline.cc:791] Discarding reconstruction due to bad initial pair
I20260910 06:20:32.981873 0x1fa65e140 incremental_pipeline.cc:487] => Provided pair is unsuitable for initialization.
I20260910 06:20:32.981875 0x1fa65e140 incremental_pipeline.cc:791] Discarding reconstruction due to bad initial pair
I20260910 06:20:32.983504 0x1fa65e140 incremental_pipeline.cc:487] => Provided pair is unsuitable for initialization.
I20260910 06:20:32.983507 0x1fa65e140 incremental_pipeline.cc:791] Discarding reconstruction due to bad initial pair
I20260910 06:20:32.984403 0x1fa65e140 incremental_pipeline.cc:487] => Provided pair is unsuitable for initialization.
I20260910 06:20:32.984410 0x1fa65e140 incremental_pipeline.cc:791] Discarding reconstruction due to bad initial pair
I20260910 06:20:32.986367 0x1fa65e140 incremental_pipeline.cc:487] => Provided pair is unsuitable for initialization.
I20260910 06:20:32.986370 0x1fa65e140 incremental_pipeline.cc:791] Discarding reconstruction due to bad initial pair
I20260910 06:20:32.987935 0x1fa65e140 incremental_pipeline.cc:487] => Provided pair is unsuitable for initialization.
I20260910 06:20:32.987937 0x1fa65e140 incremental_pipeline.cc:791] Discarding reconstruction due to bad initial pair
I20260910 06:20:32.989354 0x1fa65e140 incremental_pipeline.cc:487] => Provided pair is unsuitable for initialization.
I20260910 06:20:32.989357 0x1fa65e140 incremental_pipeline.cc:791] Discarding reconstruction due to bad initial pair
I20260910 06:20:32.990221 0x1fa65e140 incremental_pipeline.cc:487] => Provided pair is unsuitable for initialization.
I20260910 06:20:32.990224 0x1fa65e140 incremental_pipeline.cc:791] Discarding reconstruction due to bad initial pair
I20260910 06:20:32.992441 0x1fa65e140 incremental_pipeline.cc:487] => Provided pair is unsuitable for initialization.
I20260910 06:20:32.992443 0x1fa65e140 incremental_pipeline.cc:791] Discarding reconstruction due to bad initial pair
I20260910 06:20:32.993460 0x1fa65e140 incremental_pipeline.cc:487] => Provided pair is unsuitable for initialization.
I20260910 06:20:32.993463 0x1fa65e140 incremental_pipeline.cc:791] Discarding reconstruction due to bad initial pair
I20260910 06:20:32.995168 0x1fa65e140 incremental_pipeline.cc:487] => Provided pair is unsuitable for initialization.
I20260910 06:20:32.995171 0x1fa65e140 incremental_pipeline.cc:791] Discarding reconstruction due to bad initial pair
I20260910 06:20:32.996062 0x1fa65e140 incremental_pipeline.cc:487] => Provided pair is unsuitable for initialization.
I20260910 06:20:32.996065 0x1fa65e140 incremental_pipeline.cc:791] Discarding reconstruction due to bad initial pair
I20260910 06:20:32.997071 0x1fa65e140 incremental_pipeline.cc:487] => Provided pair is unsuitable for initialization.
I20260910 06:20:32.997073 0x1fa65e140 incremental_pipeline.cc:791] Discarding reconstruction due to bad initial pair
I20260910 06:20:32.999194 0x1fa65e140 incremental_pipeline.cc:487] => Provided pair is unsuitable for initialization.
I20260910 06:20:32.999196 0x1fa65e140 incremental_pipeline.cc:791] Discarding reconstruction due to bad initial pair
I20260910 06:20:33.001523 0x1fa65e140 incremental_pipeline.cc:487] => Provided pair is unsuitable for initialization.
I20260910 06:20:33.001526 0x1fa65e140 incremental_pipeline.cc:791] Discarding reconstruction due to bad initial pair
I20260910 06:20:33.003813 0x1fa65e140 incremental_pipeline.cc:487] => Provided pair is unsuitable for initialization.
I20260910 06:20:33.003816 0x1fa65e140 incremental_pipeline.cc:791] Discarding reconstruction due to bad initial pair
I20260910 06:20:33.006616 0x1fa65e140 incremental_pipeline.cc:487] => Provided pair is unsuitable for initialization.
I20260910 06:20:33.006619 0x1fa65e140 incremental_pipeline.cc:791] Discarding reconstruction due to bad initial pair
I20260910 06:20:33.007584 0x1fa65e140 incremental_pipeline.cc:487] => Provided pair is unsuitable for initialization.
I20260910 06:20:33.007586 0x1fa65e140 incremental_pipeline.cc:791] Discarding reconstruction due to bad initial pair
I20260910 06:20:33.009258 0x1fa65e140 incremental_pipeline.cc:487] => Provided pair is unsuitable for initialization.
I20260910 06:20:33.009261 0x1fa65e140 incremental_pipeline.cc:791] Discarding reconstruction due to bad initial pair
I20260910 06:20:33.011526 0x1fa65e140 incremental_pipeline.cc:487] => Provided pair is unsuitable for initialization.
I20260910 06:20:33.011529 0x1fa65e140 incremental_pipeline.cc:791] Discarding reconstruction due to bad initial pair
I20260910 06:20:33.013057 0x1fa65e140 incremental_pipeline.cc:487] => Provided pair is unsuitable for initialization.
I20260910 06:20:33.013063 0x1fa65e140 incremental_pipeline.cc:791] Discarding reconstruction due to bad initial pair
I20260910 06:20:33.014249 0x1fa65e140 incremental_pipeline.cc:487] => Provided pair is unsuitable for initialization.
I20260910 06:20:33.014252 0x1fa65e140 incremental_pipeline.cc:791] Discarding reconstruction due to bad initial pair
I20260910 06:20:33.016222 0x1fa65e140 incremental_pipeline.cc:487] => Provided pair is unsuitable for initialization.
I20260910 06:20:33.016225 0x1fa65e140 incremental_pipeline.cc:791] Discarding reconstruction due to bad initial pair
I20260910 06:20:33.017502 0x1fa65e140 incremental_pipeline.cc:487] => Provided pair is unsuitable for initialization.
I20260910 06:20:33.017505 0x1fa65e140 incremental_pipeline.cc:791] Discarding reconstruction due to bad initial pair
I20260910 06:20:33.019558 0x1fa65e140 incremental_pipeline.cc:487] => Provided pair is unsuitable for initialization.
I20260910 06:20:33.019561 0x1fa65e140 incremental_pipeline.cc:791] Discarding reconstruction due to bad initial pair
I20260910 06:20:33.021057 0x1fa65e140 incremental_pipeline.cc:487] => Provided pair is unsuitable for initialization.
I20260910 06:20:33.021060 0x1fa65e140 incremental_pipeline.cc:791] Discarding reconstruction due to bad initial pair
I20260910 06:20:33.022902 0x1fa65e140 incremental_pipeline.cc:487] => Provided pair is unsuitable for initialization.
I20260910 06:20:33.022905 0x1fa65e140 incremental_pipeline.cc:791] Discarding reconstruction due to bad initial pair
I20260910 06:20:33.024508 0x1fa65e140 incremental_pipeline.cc:487] => Provided pair is unsuitable for initialization.
I20260910 06:20:33.024512 0x1fa65e140 incremental_pipeline.cc:791] Discarding reconstruction due to bad initial pair
I20260910 06:20:33.026331 0x1fa65e140 incremental_pipeline.cc:487] => Provided pair is unsuitable for initialization.
I20260910 06:20:33.026334 0x1fa65e140 incremental_pipeline.cc:791] Discarding reconstruction due to bad initial pair
I20260910 06:20:33.028436 0x1fa65e140 incremental_pipeline.cc:487] => Provided pair is unsuitable for initialization.
I20260910 06:20:33.028439 0x1fa65e140 incremental_pipeline.cc:791] Discarding reconstruction due to bad initial pair
I20260910 06:20:33.029654 0x1fa65e140 incremental_pipeline.cc:487] => Provided pair is unsuitable for initialization.
I20260910 06:20:33.029656 0x1fa65e140 incremental_pipeline.cc:791] Discarding reconstruction due to bad initial pair
I20260910 06:20:33.031033 0x1fa65e140 incremental_pipeline.cc:487] => Provided pair is unsuitable for initialization.
I20260910 06:20:33.031036 0x1fa65e140 incremental_pipeline.cc:791] Discarding reconstruction due to bad initial pair
I20260910 06:20:33.032874 0x1fa65e140 incremental_pipeline.cc:487] => Provided pair is unsuitable for initialization.
I20260910 06:20:33.032877 0x1fa65e140 incremental_pipeline.cc:791] Discarding reconstruction due to bad initial pair
I20260910 06:20:33.033888 0x1fa65e140 incremental_pipeline.cc:487] => Provided pair is unsuitable for initialization.
I20260910 06:20:33.033891 0x1fa65e140 incremental_pipeline.cc:791] Discarding reconstruction due to bad initial pair
I20260910 06:20:33.035657 0x1fa65e140 incremental_pipeline.cc:487] => Provided pair is unsuitable for initialization.
I20260910 06:20:33.035660 0x1fa65e140 incremental_pipeline.cc:791] Discarding reconstruction due to bad initial pair
I20260910 06:20:33.035663 0x1fa65e140 timer.cc:90] Elapsed time: 0.029 [minutes]
[0;31mE20260910 06:20:33.035669 0x1fa65e140 sfm.cc:310] Failed to create any sparse model
[m